# Equal-time spatial all-to-all average over all time slices.
# d m n corr err corr_conn err_conn
0 0 -31 6.0658320312500003e-01 5.2714015732832989e-04 6.0658100381282809e-01 5.2740457339053230e-04
1 0 -30 4.7302968750000002e-01 8.2254871967576092e-04 4.7302748818782808e-01 8.2280995452740176e-04
2 0 -29 4.0127382812500001e-01 1.0422361650507148e-03 4.0127162881282807e-01 1.0425010478687781e-03
3 0 -28 3.5387070312500002e-01 1.2231268670381183e-03 3.5386850381282808e-01 1.2234415940755969e-03
4 0 -27 3.1928046874999999e-01 1.3784243571683791e-03 3.1927826943782806e-01 1.3787616885073220e-03
5 0 -26 2.9296406250000001e-01 1.5151730955641613e-03 2.9296186318782808e-01 1.5155281032990754e-03
6 0 -25 2.7226523437500000e-01 1.6369440850208478e-03 2.7226303506282806e-01 1.6373113068150450e-03
7 0 -24 2.5618281250000002e-01 1.7406716991182818e-03 2.5618061318782809e-01 1.7410598790351750e-03
8 0 -23 2.4340624999999999e-01 1.8388333445007070e-03 2.4340405068782806e-01 1.8392306324954992e-03
9 0 -22 2.3312773437500001e-01 1.9244845198070387e-03 2.3312553506282807e-01 1.9248817881846337e-03
10 0 -21 2.2494843749999999e-01 1.9995748700382971e-03 2.2494623818782805e-01 1.9999688284415666e-03
11 0 -20 2.1865195312499999e-01 2.0693392722771326e-03 2.1864975381282806e-01 2.0697293989530687e-03
12 0 -19 2.1403710937500001e-01 2.1285915255288179e-03 2.1403491006282807e-01 2.1290008197233749e-03
13 0 -18 2.1064882812499999e-01 2.1820282566013698e-03 2.1064662881282806e-01 2.1824270825411122e-03
14 0 -17 2.0862500000000000e-01 2.2193455324228256e-03 2.0862280068782807e-01 2.2197599075993463e-03
15 0 -16 2.0766992187500000e-01 2.2402975374398722e-03 2.0766772256282806e-01 2.2407171221297552e-03
16 0 -15 2.0862500000000000e-01 2.2193455324228256e-03 2.0862280068782807e-01 2.2197599075993463e-03
17 0 -14 2.1064882812499999e-01 2.1820282566013698e-03 2.1064662881282806e-01 2.1824270825411122e-03
18 0 -13 2.1403710937500001e-01 2.1285915255288179e-03 2.1403491006282807e-01 2.1290008197233749e-03
19 0 -12 2.1865195312499999e-01 2.0693392722771326e-03 2.1864975381282806e-01 2.0697293989530687e-03
20 0 -11 2.2494843749999999e-01 1.9995748700382971e-03 2.2494623818782805e-01 1.9999688284415666e-03
21 0 -10 2.3312773437500001e-01 1.9244845198070387e-03 2.3312553506282807e-01 1.9248817881846337e-03
22 0 -9 2.4340624999999999e-01 1.8388333445007070e-03 2.4340405068782806e-01 1.8392306324954992e-03
23 0 -8 2.5618281250000002e-01 1.7406716991182818e-03 2.5618061318782809e-01 1.7410598790351750e-03
24 0 -7 2.7226523437500000e-01 1.6369440850208478e-03 2.7226303506282806e-01 1.6373113068150450e-03
25 0 -6 2.9296406250000001e-01 1.5151730955641613e-03 2.9296186318782808e-01 1.5155281032990754e-03
26 0 -5 3.1928046874999999e-01 1.3784243571683791e-03 3.1927826943782806e-01 1.3787616885073220e-03
27 0 -4 3.5387070312500002e-01 1.2231268670381183e-03 3.5386850381282808e-01 1.2234415940755969e-03
28 0 -3 4.0127382812500001e-01 1.0422361650507148e-03 4.0127162881282807e-01 1.0425010478687781e-03
29 0 -2 4.7302968750000002e-01 8.2254871967576092e-04 4.7302748818782808e-01 8.2280995452740176e-04
30 0 -1 6.0658320312500003e-01 5.2714015732832989e-04 6.0658100381282809e-01 5.2740457339053230e-04
31 0 0 1.0000000000000000e+00 0.0000000000000000e+00 9.9999780068782806e-01 1.4647144143442066e-05
32 1 -31 4.9858398437500001e-01 7.5560375376223740e-04 4.9858178506282808e-01 7.5587162471344664e-04
33 1 -30 4.2260312500000002e-01 9.7027259932051444e-04 4.2260092568782809e-01 9.7057025424849240e-04
34 1 -29 3.7035078124999998e-01 1.1540141653318752e-03 3.7034858193782805e-01 1.1543342135146809e-03
35 1 -28 3.3276718750000001e-01 1.3154990994353564e-03 3.3276498818782807e-01 1.3158408512615157e-03
36 1 -27 3.0381718749999997e-01 1.4577691455068592e-03 3.0381498818782804e-01 1.4581037268263199e-03
37 1 -26 2.8100351562499998e-01 1.5831221732432498e-03 2.8100131631282804e-01 1.5834751448956040e-03
38 1 -25 2.6320039062500000e-01 1.6936266781483790e-03 2.6319819131282807e-01 1.6939942138484566e-03
39 1 -24 2.4891250000000001e-01 1.7949075053151674e-03 2.4891030068782807e-01 1.7952813616008976e-03
40 1 -23 2.3780273437499999e-01 1.8854829406330720e-03 2.3780053506282806e-01 1.8858637175422329e-03
41 1 -22 2.2838085937499999e-01 1.9651111156894475e-03 2.2837866006282806e-01 1.9654845539170632e-03
42 1 -21 2.2124335937500000e-01 2.0362576018826731e-03 2.2124116006282807e-01 2.0366347566557492e-03
43 1 -20 2.1594882812499999e-01 2.1004123346840139e-03 2.1594662881282806e-01 2.1008047166100234e-03
44 1 -19 2.1202812500000001e-01 2.1558703269675609e-03 2.1202592568782808e-01 2.1562722236087195e-03
45 1 -18 2.0919335937500000e-01 2.1989554744131445e-03 2.0919116006282806e-01 2.1993624337274718e-03
46 1 -17 2.0796562499999999e-01 2.2249657046163095e-03 2.0796342568782805e-01 2.2253864600544409e-03
47 1 -16 2.0810429687500001e-01 2.2233733465049474e-03 2.0810209756282808e-01 2.2238045200428228e-03
48 1 -15 2.0929882812500000e-01 2.1979171324911723e-03 2.0929662881282807e-01 2.1983332347681808e-03
49 1 -14 2.1162187499999999e-01 2.1551967199899573e-03 2.1161967568782805e-01 2.1556205008395769e-03
50 1 -13 2.1559101562499999e-01 2.0992245302498516e-03 2.1558881631282806e-01 2.0996328488115147e-03
51 1 -12 2.2134101562500000e-01 2.0353803158766615e-03 2.2133881631282806e-01 2.0357897815479532e-03
52 1 -11 2.2836718750000001e-01 1.9675114516200048e-03 2.2836498818782808e-01 1.9679297074436967e-03
53 1 -10 2.3743242187499999e-01 1.8867446623762449e-03 2.3743022256282806e-01 1.8871693186619668e-03
54 1 -9 2.4885273437500000e-01 1.7951432043177443e-03 2.4885053506282806e-01 1.7955491956920201e-03
55 1 -8 2.6298593749999999e-01 1.6930024424860327e-03 2.6298373818782805e-01 1.6933882221674241e-03
56 1 -7 2.8095898437500000e-01 1.5821350032287928e-03 2.8095678506282806e-01 1.5824862461390294e-03
57 1 -6 3.0335351562500001e-01 1.4600554436124133e-03 3.0335131631282808e-01 1.4604010759057850e-03
58 1 -5 3.3251445312500000e-01 1.3186459748142870e-03 3.3251225381282806e-01 1.3189927737833789e-03
59 1 -4 3.7043359375000001e-01 1.1565533801473971e-03 3.7043139443782808e-01 1.1568661507661507e-03
60 1 -3 4.2246953124999997e-01 9.7241559770785708e-04 4.2246733193782804e-01 9.7274155122830405e-04
61 1 -2 4.9849414062500003e-01 7.5521854875342203e-04 4.9849194131282809e-01 7.5555248501332371e-04
62 1 -1 6.0676249999999998e-01 5.3078349600275683e-04 6.0676030068782805e-01 5.3111714284132026e-04
63 1 0 6.0652695312500005e-01 5.2793993092344201e-04 6.0652475381282811e-01 5.2828107188013381e-04
64 2 -31 4.2275507812500002e-01 9.6943110185284569e-04 4.2275287881282808e-01 9.6975383695582188e-04
65 2 -30 3.7699726562500002e-01 1.1279244435145940e-03 3.7699506631282809e-01 1.1282488558746343e-03
66 2 -29 3.4021328125000000e-01 1.2782954995681978e-03 3.4021108193782806e-01 1.2786643551741515e-03
67 2 -28 3.1134531250000003e-01 1.4176042385304890e-03 3.1134311318782809e-01 1.4179604834824923e-03
68 2 -27 2.8772265624999999e-01 1.5430237089697849e-03 2.8772045693782805e-01 1.5433712263547546e-03
69 2 -26 2.6879609375000002e-01 1.6541457283925367e-03 2.6879389443782808e-01 1.6544905887923794e-03
70 2 -25 2.5372929687500001e-01 1.7574506780006251e-03 2.5372709756282807e-01 1.7577969044684368e-03
71 2 -24 2.4164687500000001e-01 1.8505239396112167e-03 2.4164467568782808e-01 1.8508961821488959e-03
72 2 -23 2.3199648437500001e-01 1.9312513987870070e-03 2.3199428506282807e-01 1.9316419973543404e-03
73 2 -22 2.2392421874999999e-01 2.0040362389461119e-03 2.2392201943782805e-01 2.0044036476242247e-03
74 2 -21 2.1806757812499999e-01 2.0703682848874374e-03 2.1806537881282806e-01 2.0707546611481529e-03
75 2 -20 2.1334296875000000e-01 2.1244574324432068e-03 2.1334076943782807e-01 2.1248423209010367e-03
76 2 -19 2.0986210937499999e-01 2.1681875980158680e-03 2.0985991006282806e-01 2.1685885055143807e-03
77 2 -18 2.0800664062499999e-01 2.2005377198713360e-03 2.0800444131282805e-01 2.2009437996148673e-03
78 2 -17 2.0749296875000001e-01 2.2105339422857904e-03 2.0749076943782807e-01 2.2109596016466615e-03
79 2 -16 2.0830117187500000e-01 2.1986275327892271e-03 2.0829897256282806e-01 2.1990533989810165e-03
80 2 -15 2.1000507812499999e-01 2.1681670525544364e-03 2.1000287881282806e-01 2.1685844212915857e-03
81 2 -14 2.1280742187500001e-01 2.1247925228698281e-03 2.1280522256282808e-01 2.1252030995105686e-03
82 2 -13 2.1747109375000001e-01 2.0691287923692960e-03 2.1746889443782808e-01 2.0695290622803706e-03
83 2 -12 2.2381132812499999e-01 2.0010540517382100e-03 2.2380912881282805e-01 2.0014533631009927e-03
84 2 -11 2.3157968749999999e-01 1.9306255297906162e-03 2.3157748818782806e-01 1.9310466982555489e-03
85 2 -10 2.4137304687500000e-01 1.8487022292624244e-03 2.4137084756282806e-01 1.8491096693888534e-03
86 2 -9 2.5342773437499999e-01 1.7574533026014048e-03 2.5342553506282806e-01 1.7578595323230947e-03
87 2 -8 2.6861992187500000e-01 1.6579135914363300e-03 2.6861772256282807e-01 1.6583111485770198e-03
88 2 -7 2.8735351562500000e-01 1.5459719061969939e-03 2.8735131631282806e-01 1.5463485751573199e-03
89 2 -6 3.1091445312499999e-01 1.4221750977470159e-03 3.1091225381282805e-01 1.4225543672318219e-03
90 2 -5 3.3987382812500000e-01 1.2847019290456176e-03 3.3987162881282806e-01 1.2850773463205236e-03
91 2 -4 3.7692812500000000e-01 1.1297067873094183e-03 3.7692592568782807e-01 1.1300752776755647e-03
92 2 -3 4.2238046875000002e-01 9.6991287283755318e-04 4.2237826943782808e-01 9.7029736606397477e-04
93 2 -2 4.7310859374999997e-01 8.2190283932026813e-04 4.7310639443782804e-01 8.2225532251333606e-04
94 2 -1 4.9848320312500000e-01 7.5504116639333631e-04 4.9848100381282806e-01 7.5542526015072106e-04
95 2 0 4.7299374999999999e-01 8.2223707922540420e-04 4.7299155068782806e-01 8.2256981402334351e-04
96 3 -31 3.7064453125000002e-01 1.1531604461597707e-03 3.7064233193782808e-01 1.1535379359239710e-03
97 3 -30 3.4044804687500002e-01 1.2792575542084508e-03 3.4044584756282809e-01 1.2796157058075498e-03
98 3 -29 3.1407070312500002e-01 1.4012514328226996e-03 3.1406850381282808e-01 1.4016208393365594e-03
99 3 -28 2.9132773437499998e-01 1.5207971991947160e-03 2.9132553506282804e-01 1.5211574710520927e-03
100 3 -27 2.7289140625000002e-01 1.6282224921139253e-03 2.7288920693782809e-01 1.6285769285710127e-03
101 3 -26 2.5721406250000001e-01 1.7277569970822852e-03 2.5721186318782807e-01 1.7281071680408299e-03
102 3 -25 2.4455781250000000e-01 1.8206735801346685e-03 2.4455561318782806e-01 1.8210361207798864e-03
103 3 -24 2.3454492187500001e-01 1.9019220399132011e-03 2.3454272256282807e-01 1.9022854344195451e-03
104 3 -23 2.2618164062500001e-01 1.9753950641349109e-03 2.2617944131282808e-01 1.9757623791080538e-03
105 3 -22 2.1983359375000000e-01 2.0391339072596089e-03 2.1983139443782806e-01 2.0395100225133983e-03
106 3 -21 2.1471132812499999e-01 2.0969924282761340e-03 2.1470912881282805e-01 2.0973943988183866e-03
107 3 -20 2.1101132812500001e-01 2.1407343945837108e-03 2.1100912881282807e-01 2.1411272833779210e-03
108 3 -19 2.0827070312500001e-01 2.1715504692022144e-03 2.0826850381282808e-01 2.1719427270876206e-03
109 3 -18 2.0728632812500000e-01 2.1884942759595222e-03 2.0728412881282807e-01 2.1888857276174201e-03
110 3 -17 2.0719570312499999e-01 2.1891519040360594e-03 2.0719350381282806e-01 2.1895642396138650e-03
111 3 -16 2.0850117187500000e-01 2.1716952412366556e-03 2.0849897256282807e-01 2.1721045324880365e-03
112 3 -15 2.1072070312499999e-01 2.1363930209583135e-03 2.1071850381282806e-01 2.1367996040770579e-03
113 3 -14 2.1435703125000000e-01 2.0932537435299730e-03 2.1435483193782806e-01 2.0936576329226892e-03
114 3 -13 2.1927421875000000e-01 2.0356017050731654e-03 2.1927201943782806e-01 2.0360093907279557e-03
115 3 -12 2.2582421875000000e-01 1.9720820942749971e-03 2.2582201943782806e-01 1.9724922962133019e-03
116 3 -11 2.3398632812500000e-01 1.9014572176096363e-03 2.3398412881282807e-01 1.9018821372027820e-03
117 3 -10 2.4411367187499999e-01 1.8223345597516954e-03 2.4411147256282806e-01 1.8227680574180052e-03
118 3 -9 2.5688085937499999e-01 1.7338040206623178e-03 2.5687866006282806e-01 1.7342282973070076e-03
119 3 -8 2.7232617187500002e-01 1.6351338349841380e-03 2.7232397256282809e-01 1.6355497093618722e-03
120 3 -7 2.9098437500000002e-01 1.5264806024922670e-03 2.9098217568782808e-01 1.5268990831573813e-03
121 3 -6 3.1346562500000003e-01 1.4081865421180328e-03 3.1346342568782809e-01 1.4085803399605413e-03
122 3 -5 3.3991171874999998e-01 1.2820627288706585e-03 3.3990951943782804e-01 1.2824795108560478e-03
123 3 -4 3.7022109375000001e-01 1.1536308307638825e-03 3.7021889443782807e-01 1.1540318953562789e-03
124 3 -3 4.0095625000000001e-01 1.0415636258150974e-03 4.0095405068782808e-01 1.0419597645336608e-03
125 3 -2 4.2283203125000002e-01 9.7168718590071501e-04 4.2282983193782808e-01 9.7207132189227469e-04
126 3 -1 4.2263203124999998e-01 9.7188712182829393e-04 4.2262983193782805e-01 9.7227768146495512e-04
127 3 0 4.0112773437499999e-01 1.0446270702049862e-03 4.0112553506282805e-01 1.0450074349896430e-03
128 4 -31 3.3276250000000002e-01 1.3132776226898147e-03 3.3276030068782808e-01 1.3136672768082015e-03
129 4 -30 3.1144765624999998e-01 1.4153278090491518e-03 3.1144545693782805e-01 1.4157007167482003e-03
130 4 -29 2.9161250000000000e-01 1.5186322715108550e-03 2.9161030068782806e-01 1.5189908399123131e-03
131 4 -28 2.7428281249999997e-01 1.6194906281838718e-03 2.7428061318782804e-01 1.6198362269123653e-03
132 4 -27 2.5936562499999999e-01 1.7122705076896892e-03 2.5936342568782805e-01 1.7126207423565803e-03
133 4 -26 2.4650664062500000e-01 1.8003334277051225e-03 2.4650444131282806e-01 1.8006948349662539e-03
134 4 -25 2.3628320312500001e-01 1.8801424710081023e-03 2.3628100381282807e-01 1.8805198990997712e-03
135 4 -24 2.2780156250000000e-01 1.9548289380408590e-03 2.2779936318782806e-01 1.9551917274022237e-03
136 4 -23 2.2103203125000001e-01 2.0148704492311802e-03 2.2102983193782808e-01 2.0152355340709231e-03
137 4 -22 2.1582539062500000e-01 2.0690386515565947e-03 2.1582319131282807e-01 2.0694308900482124e-03
138 4 -21 2.1150351562500000e-01 2.1143348459515712e-03 2.1150131631282806e-01 2.1147366082959335e-03
139 4 -20 2.0854335937499999e-01 2.1497960383665559e-03 2.0854116006282805e-01 2.1501826321458474e-03
140 4 -19 2.0681757812500001e-01 2.1696778552845763e-03 2.0681537881282808e-01 2.1700719618939469e-03
141 4 -18 2.0626015624999999e-01 2.1764282564572099e-03 2.0625795693782806e-01 2.1768268838623802e-03
142 4 -17 2.0716054687499999e-01 2.1656431799064158e-03 2.0715834756282805e-01 2.1660500842608766e-03
143 4 -16 2.0856210937500000e-01 2.1439761613652143e-03 2.0855991006282806e-01 2.1443910522979432e-03
144 4 -15 2.1157187499999999e-01 2.1122864117476838e-03 2.1156967568782806e-01 2.1126873500197851e-03
145 4 -14 2.1522656250000000e-01 2.0656026157661028e-03 2.1522436318782806e-01 2.0659960538973298e-03
146 4 -13 2.2013984375000001e-01 2.0123827053448347e-03 2.2013764443782807e-01 2.0128013429173601e-03
147 4 -12 2.2717851562499999e-01 1.9535526214339107e-03 2.2717631631282806e-01 1.9539927707377283e-03
148 4 -11 2.3573789062500000e-01 1.8843301264957544e-03 2.3573569131282807e-01 1.8847848387991304e-03
149 4 -10 2.4637734375000001e-01 1.8079701312644614e-03 2.4637514443782807e-01 1.8084190024387245e-03
150 4 -9 2.5891289062500000e-01 1.7205246276556193e-03 2.5891069131282807e-01 1.7209789195172501e-03
151 4 -8 2.7354843750000002e-01 1.6273223683634936e-03 2.7354623818782808e-01 1.6277610545478354e-03
152 4 -7 2.9099218750000000e-01 1.5243020203259989e-03 2.9098998818782806e-01 1.5247336683372739e-03
153 4 -6 3.1093828125000000e-01 1.4200128173034753e-03 3.1093608193782807e-01 1.4204599801020304e-03
154 4 -5 3.3251562499999998e-01 1.3145776338690507e-03 3.3251342568782805e-01 1.3149868413501211e-03
155 4 -4 3.5389648437499999e-01 1.2215626934575414e-03 3.5389428506282805e-01 1.2220032696104394e-03
156 4 -3 3.7072812500000002e-01 1.1570978726176987e-03 3.7072592568782808e-01 1.1575295083161680e-03
157 4 -2 3.7708906250000002e-01 1.1320073842592973e-03 3.7708686318782808e-01 1.1324362678279084e-03
158 4 -1 3.7056796874999998e-01 1.1563879528926340e-03 3.7056576943782804e-01 1.1567932528685873e-03
159 4 0 3.5399882812500000e-01 1.2228865462460623e-03 3.5399662881282806e-01 1.2232599688963375e-03
160 5 -31 3.0419335937500003e-01 1.4543398912468327e-03 3.0419116006282809e-01 1.4547117026436913e-03
161 5 -30 2.8833867187500001e-01 1.5408137462377118e-03 2.8833647256282807e-01 1.5411839724723023e-03
162 5 -29 2.7342812500000002e-01 1.6256887035168161e-03 2.7342592568782809e-01 1.6260481538007371e-03
163 5 -28 2.5966992187499999e-01 1.7117230287513202e-03 2.5966772256282805e-01 1.7120689029023045e-03
164 5 -27 2.4747382812499999e-01 1.7916961200033161e-03 2.4747162881282805e-01 1.7920541352234145e-03
165 5 -26 2.3749570312500001e-01 1.8690718699761405e-03 2.3749350381282808e-01 1.8694346082894435e-03
166 5 -25 2.2890312500000001e-01 1.9387282520641105e-03 2.2890092568782808e-01 1.9390875328562534e-03
167 5 -24 2.2206914062499999e-01 2.0009722482376320e-03 2.2206694131282806e-01 2.0013383652606222e-03
168 5 -23 2.1645429687500001e-01 2.0532497452731445e-03 2.1645209756282807e-01 2.0536200068773892e-03
169 5 -22 2.1210898437500000e-01 2.0948403906244917e-03 2.1210678506282807e-01 2.0952322310947326e-03
170 5 -21 2.0883476562500000e-01 2.1292364039831842e-03 2.0883256631282807e-01 2.1296355524793322e-03
171 5 -20 2.0657968750000000e-01 2.1541620596982388e-03 2.0657748818782806e-01 2.1545657930174896e-03
172 5 -19 2.0553515624999999e-01 2.1624090137193630e-03 2.0553295693782805e-01 2.1628128881423644e-03
173 5 -18 2.0594335937500000e-01 2.1596835412337049e-03 2.0594116006282806e-01 2.1600778673176941e-03
174 5 -17 2.0709453124999999e-01 2.1453662485158556e-03 2.0709233193782806e-01 2.1457696744795231e-03
175 5 -16 2.0911171875000001e-01 2.1203983297010780e-03 2.0910951943782807e-01 2.1207956505938010e-03
176 5 -15 2.1219843750000000e-01 2.0870982258030862e-03 2.1219623818782807e-01 2.0874955426207226e-03
177 5 -14 2.1603085937500000e-01 2.0475993711659502e-03 2.1602866006282806e-01 2.0480002865779462e-03
178 5 -13 2.2149492187500000e-01 1.9966601571899849e-03 2.2149272256282806e-01 1.9970822408342881e-03
179 5 -12 2.2860039062500001e-01 1.9401157875940937e-03 2.2859819131282808e-01 1.9405506482796590e-03
180 5 -11 2.3723203125000000e-01 1.8737507451417953e-03 2.3722983193782807e-01 1.8741944391007723e-03
181 5 -10 2.4757773437500000e-01 1.8022197921407810e-03 2.4757553506282806e-01 1.8026725283193971e-03
182 5 -9 2.5900273437499999e-01 1.7218199934454508e-03 2.5900053506282805e-01 1.7222797479598904e-03
183 5 -8 2.7227851562499999e-01 1.6360608337536086e-03 2.7227631631282806e-01 1.6365230436658224e-03
184 5 -7 2.8769531250000002e-01 1.5455808092240907e-03 2.8769311318782809e-01 1.5460313920562703e-03
185 5 -6 3.0362265625000001e-01 1.4559083145743680e-03 3.0362045693782808e-01 1.4563436380116992e-03
186 5 -5 3.1939804687500001e-01 1.3760836113156135e-03 3.1939584756282807e-01 1.3765187948106676e-03
187 5 -4 3.3267070312500002e-01 1.3165252301051025e-03 3.3266850381282809e-01 1.3169731732742902e-03
188 5 -3 3.4050429687500000e-01 1.2821917420717120e-03 3.4050209756282807e-01 1.2826559835559508e-03
189 5 -2 3.4054843750000002e-01 1.2818484548423187e-03 3.4054623818782809e-01 1.2822964121122454e-03
190 5 -1 3.3279335937499999e-01 1.3186749251936022e-03 3.3279116006282805e-01 1.3190800579959787e-03
191 5 0 3.1973906250000000e-01 1.3791659689012740e-03 3.1973686318782807e-01 1.3795498902151877e-03
192 6 -31 2.8193828124999998e-01 1.5787685073939642e-03 2.8193608193782804e-01 1.5791471932446713e-03
193 6 -30 2.6967968749999999e-01 1.6523350491053424e-03 2.6967748818782805e-01 1.6527012045952627e-03
194 6 -29 2.5794570312499998e-01 1.7252103979929925e-03 2.5794350381282805e-01 1.7255586319487287e-03
195 6 -28 2.4735546875000000e-01 1.7983045735621187e-03 2.4735326943782807e-01 1.7986344738961603e-03
196 6 -27 2.3766093750000000e-01 1.8681121789221088e-03 2.3765873818782807e-01 1.8684635459447693e-03
197 6 -26 2.2930429687500001e-01 1.9316750409242901e-03 2.2930209756282807e-01 1.9320219593925078e-03
198 6 -25 2.2246835937500001e-01 1.9920601929260570e-03 2.2246616006282807e-01 1.9924290980844811e-03
199 6 -24 2.1676445312500001e-01 2.0419529961379843e-03 2.1676225381282807e-01 2.0423187257133297e-03
200 6 -23 2.1235507812500001e-01 2.0813361452492176e-03 2.1235287881282808e-01 2.0817100410679373e-03
201 6 -22 2.0889257812500001e-01 2.1147677188053872e-03 2.0889037881282807e-01 2.1151521115916035e-03
202 6 -21 2.0650781250000000e-01 2.1377018861964939e-03 2.0650561318782806e-01 2.1381013624779456e-03
203 6 -20 2.0513124999999999e-01 2.1498716147623645e-03 2.0512905068782805e-01 2.1502721239765217e-03
204 6 -19 2.0468359375000000e-01 2.1515094511519108e-03 2.0468139443782807e-01 2.1519185125363793e-03
205 6 -18 2.0539375000000001e-01 2.1464310486437785e-03 2.0539155068782808e-01 2.1468339518289641e-03
206 6 -17 2.0691289062500001e-01 2.1281883042242045e-03 2.0691069131282808e-01 2.1285829848090069e-03
207 6 -16 2.0930468750000000e-01 2.1053343373723665e-03 2.0930248818782807e-01 2.1057281673990146e-03
208 6 -15 2.1271992187500000e-01 2.0736521156612792e-03 2.1271772256282806e-01 2.0740543004954238e-03
209 6 -14 2.1686171874999999e-01 2.0354466580078229e-03 2.1685951943782805e-01 2.0358655648849912e-03
210 6 -13 2.2246523437499999e-01 1.9872125031560129e-03 2.2246303506282805e-01 1.9876292075051588e-03
211 6 -12 2.2940976562500001e-01 1.9340044563778617e-03 2.2940756631282808e-01 1.9344219389206634e-03
212 6 -11 2.3753437499999999e-01 1.8754176954018968e-03 2.3753217568782806e-01 1.8758729591696630e-03
213 6 -10 2.4713281249999999e-01 1.8069534965573142e-03 2.4713061318782806e-01 1.8074165448867040e-03
214 6 -9 2.5714687500000000e-01 1.7348251122006146e-03 2.5714467568782806e-01 1.7352923222462120e-03
215 6 -8 2.6848320312500001e-01 1.6592951420753980e-03 2.6848100381282808e-01 1.6597623517782092e-03
216 6 -7 2.8097734375000000e-01 1.5830266582777027e-03 2.8097514443782806e-01 1.5834753912667596e-03
217 6 -6 2.9362539062499998e-01 1.5114478330351649e-03 2.9362319131282805e-01 1.5118887088762618e-03
218 6 -5 3.0398085937500002e-01 1.4560449153920481e-03 3.0397866006282809e-01 1.4565119890781293e-03
219 6 -4 3.1126250000000000e-01 1.4172542738541353e-03 3.1126030068782806e-01 1.4177128241933238e-03
220 6 -3 3.1424570312500000e-01 1.4039426493818387e-03 3.1424350381282806e-01 1.4044002888168661e-03
221 6 -2 3.1150507812500000e-01 1.4206266132337183e-03 3.1150287881282807e-01 1.4210607766727665e-03
222 6 -1 3.0420273437500001e-01 1.4585335435433056e-03 3.0420053506282807e-01 1.4589513601304079e-03
223 6 0 2.9378554687500003e-01 1.5126911526482099e-03 2.9378334756282809e-01 1.5130817805645109e-03
224 7 -31 2.6420937500000002e-01 1.6912662625384511e-03 2.6420717568782809e-01 1.6916509246064206e-03
225 7 -30 2.5461210937500001e-01 1.7537762025100581e-03 2.5460991006282807e-01 1.7541340947792605e-03
226 7 -29 2.4550742187499999e-01 1.8188259966160005e-03 2.4550522256282806e-01 1.8191770822182669e-03
227 7 -28 2.3686835937500000e-01 1.8812844199079140e-03 2.3686616006282807e-01 1.8816019937007767e-03
228 7 -27 2.2907109375000001e-01 1.9400201679085941e-03 2.2906889443782807e-01 1.9403525385822652e-03
229 7 -26 2.2249570312500000e-01 1.9914648700079928e-03 2.2249350381282806e-01 1.9918043871631954e-03
230 7 -25 2.1703710937500001e-01 2.0374753677657844e-03 2.1703491006282807e-01 2.0378325315806960e-03
231 7 -24 2.1246953125000001e-01 2.0742732525648954e-03 2.1246733193782807e-01 2.0746296258118743e-03
232 7 -23 2.0892343750000000e-01 2.1059602556526731e-03 2.0892123818782807e-01 2.1063251850534457e-03
233 7 -22 2.0629960937500000e-01 2.1260334755351501e-03 2.0629741006282806e-01 2.1264113224719202e-03
234 7 -21 2.0484179687500001e-01 2.1423383382478903e-03 2.0483959756282807e-01 2.1427159671435921e-03
235 7 -20 2.0390898437499999e-01 2.1475542998229094e-03 2.0390678506282806e-01 2.1479500063815741e-03
236 7 -19 2.0425039062500000e-01 2.1435051686300470e-03 2.0424819131282806e-01 2.1438937695110109e-03
237 7 -18 2.0525273437500000e-01 2.1353420503188105e-03 2.0525053506282806e-01 2.1357358693086131e-03
238 7 -17 2.0688281250000001e-01 2.1154110527552656e-03 2.0688061318782808e-01 2.1158046682236858e-03
239 7 -16 2.0957226562500000e-01 2.0947848821827649e-03 2.0957006631282807e-01 2.0951848704837627e-03
240 7 -15 2.1267265625000001e-01 2.0687144799484383e-03 2.1267045693782807e-01 2.0691195976053119e-03
241 7 -14 2.1760937499999999e-01 2.0329444314893209e-03 2.1760717568782806e-01 2.0333614723742782e-03
242 7 -13 2.2301445312500001e-01 1.9856576083398625e-03 2.2301225381282808e-01 1.9860585818125111e-03
243 7 -12 2.2950039062499999e-01 1.9381018492486183e-03 2.2949819131282806e-01 1.9385132825264822e-03
244 7 -11 2.3661835937500000e-01 1.8859384221555262e-03 2.3661616006282807e-01 1.8863836693888978e-03
245 7 -10 2.4516523437500001e-01 1.8236805778651035e-03 2.4516303506282808e-01 1.8241634971472114e-03
246 7 -9 2.5358281249999998e-01 1.7607269867098978e-03 2.5358061318782804e-01 1.7611872785933502e-03
247 7 -8 2.6305312500000000e-01 1.6960032027592202e-03 2.6305092568782806e-01 1.6964452956661491e-03
248 7 -7 2.7295390624999999e-01 1.6331089338981731e-03 2.7295170693782805e-01 1.6335521187494681e-03
249 7 -6 2.8174843750000000e-01 1.5801820395372717e-03 2.8174623818782807e-01 1.5806445575036253e-03
250 7 -5 2.8820585937499998e-01 1.5429807196479951e-03 2.8820366006282805e-01 1.5434609721343866e-03
251 7 -4 2.9217812500000001e-01 1.5194415915065638e-03 2.9217592568782808e-01 1.5199187887772979e-03
252 7 -3 2.9226835937500001e-01 1.5231896590817474e-03 2.9226616006282807e-01 1.5236420776660836e-03
253 7 -2 2.8873906249999998e-01 1.5427202846624484e-03 2.8873686318782804e-01 1.5431690463910506e-03
254 7 -1 2.8185039062500000e-01 1.5825291829773549e-03 2.8184819131282807e-01 1.5829463429023027e-03
255 7 0 2.7369609374999998e-01 1.6323129364187198e-03 2.7369389443782804e-01 1.6327037977751026e-03
256 8 -31 2.5020703124999999e-01 1.7887091929901303e-03 2.5020483193782805e-01 1.7890809192867580e-03
257 8 -30 2.4272695312500001e-01 1.8446447562384849e-03 2.4272475381282807e-01 1.8450174545661517e-03
258 8 -29 2.3523242187499999e-01 1.8994016487182714e-03 2.3523022256282805e-01 1.8997532587735882e-03
259 8 -28 2.2836953125000001e-01 1.9509541065130709e-03 2.2836733193782807e-01 1.9512837522836033e-03
260 8 -27 2.2222617187499999e-01 1.9985922543456053e-03 2.2222397256282805e-01 1.9989062872543635e-03
261 8 -26 2.1684414062499999e-01 2.0408719124008099e-03 2.1684194131282805e-01 2.0411980406940481e-03
262 8 -25 2.1243476562499999e-01 2.0762351093931842e-03 2.1243256631282806e-01 2.0765850278854263e-03
263 8 -24 2.0888710937499999e-01 2.1036883633773684e-03 2.0888491006282806e-01 2.1040251368604984e-03
264 8 -23 2.0634218750000000e-01 2.1229392736071911e-03 2.0633998818782806e-01 2.1232953972391195e-03
265 8 -22 2.0429765624999999e-01 2.1360498267230690e-03 2.0429545693782805e-01 2.1363997131709951e-03
266 8 -21 2.0330117187499999e-01 2.1441830268533217e-03 2.0329897256282806e-01 2.1445397811454252e-03
267 8 -20 2.0332617187499999e-01 2.1419007260659061e-03 2.0332397256282805e-01 2.1422720250757451e-03
268 8 -19 2.0375898437500001e-01 2.1400358302993924e-03 2.0375678506282807e-01 2.1404177181743892e-03
269 8 -18 2.0477265624999999e-01 2.1284324604526443e-03 2.0477045693782805e-01 2.1288279039112577e-03
270 8 -17 2.0680429687499999e-01 2.1137082677077160e-03 2.0680209756282805e-01 2.1141025510609574e-03
271 8 -16 2.0979609375000000e-01 2.0934921494531042e-03 2.0979389443782806e-01 2.0938832553169867e-03
272 8 -15 2.1293554687499999e-01 2.0672261294953048e-03 2.1293334756282806e-01 2.0676123323848531e-03
273 8 -14 2.1757187500000000e-01 2.0344095909597612e-03 2.1756967568782806e-01 2.0348125574452744e-03
274 8 -13 2.2277929687500000e-01 1.9950655940274356e-03 2.2277709756282807e-01 1.9954742548759048e-03
275 8 -12 2.2851367187499999e-01 1.9516162921953387e-03 2.2851147256282806e-01 1.9520313956656093e-03
276 8 -11 2.3481132812500000e-01 1.9013779404348935e-03 2.3480912881282806e-01 1.9018451028809101e-03
277 8 -10 2.4181289062500000e-01 1.8483195753630614e-03 2.4181069131282806e-01 1.8487769747556483e-03
278 8 -9 2.4884648437500001e-01 1.7933862607531536e-03 2.4884428506282807e-01 1.7938449882071896e-03
279 8 -8 2.5664843749999999e-01 1.7403505923595315e-03 2.5664623818782806e-01 1.7407974058089041e-03
280 8 -7 2.6381953125000002e-01 1.6916959783430617e-03 2.6381733193782808e-01 1.6921414430106938e-03
281 8 -6 2.6969296874999998e-01 1.6547193537235860e-03 2.6969076943782805e-01 1.6551746059040248e-03
282 8 -5 2.7366289062499999e-01 1.6280712838230859e-03 2.7366069131282805e-01 1.6285218175249431e-03
283 8 -4 2.7518984375000000e-01 1.6195350931386807e-03 2.7518764443782806e-01 1.6199834222979416e-03
284 8 -3 2.7380664062499999e-01 1.6294462767105623e-03 2.7380444131282805e-01 1.6298916554946894e-03
285 8 -2 2.7018398437500002e-01 1.6545971159758735e-03 2.7018178506282808e-01 1.6550130734978349e-03
286 8 -1 2.6439531249999998e-01 1.6889903633560989e-03 2.6439311318782804e-01 1.6893773662788971e-03
287 8 0 2.5754687500000001e-01 1.7353030034180990e-03 2.5754467568782807e-01 1.7356725930407291e-03
288 9 -31 2.3854531250000000e-01 1.8777354030577590e-03 2.3854311318782806e-01 1.8780979529831241e-03
289 9 -30 2.3264648437499999e-01 1.9240417845148169e-03 2.3264428506282805e-01 1.9243970867162373e-03
290 9 -29 2.2726562500000000e-01 1.9695888125017443e-03 2.2726342568782806e-01 1.9699428676278204e-03
291 9 -28 2.2147812500000000e-01 2.0130553195892467e-03 2.2147592568782806e-01 2.0133952082544647e-03
292 9 -27 2.1666484375000000e-01 2.0512840371608317e-03 2.1666264443782807e-01 2.0516103366462479e-03
293 9 -26 2.1276015625000000e-01 2.0826712066285050e-03 2.1275795693782806e-01 2.0829893593885302e-03
294 9 -25 2.0920703125000001e-01 2.1041914576313278e-03 2.0920483193782807e-01 2.1045264688905161e-03
295 9 -24 2.0669531250000001e-01 2.1215423112831036e-03 2.0669311318782807e-01 2.1218876661367805e-03
296 9 -23 2.0487851562500001e-01 2.1358662707546185e-03 2.0487631631282807e-01 2.1362271732805450e-03
297 9 -22 2.0320937500000000e-01 2.1404204586356612e-03 2.0320717568782806e-01 2.1407794867694618e-03
298 9 -21 2.0280234375000000e-01 2.1434575726292371e-03 2.0280014443782807e-01 2.1438302251684136e-03
299 9 -20 2.0290195312500001e-01 2.1442641424864839e-03 2.0289975381282807e-01 2.1446525451938019e-03
300 9 -19 2.0328554687500000e-01 2.1388720335809119e-03 2.0328334756282807e-01 2.1392698288805229e-03
301 9 -18 2.0477343749999999e-01 2.1299017583550988e-03 2.0477123818782805e-01 2.1303030016831858e-03
302 9 -17 2.0719765625000000e-01 2.1154329190493275e-03 2.0719545693782807e-01 2.1158303382136112e-03
303 9 -16 2.0955195312500000e-01 2.0985109001169246e-03 2.0954975381282806e-01 2.0988950153792555e-03
304 9 -15 2.1322500000000000e-01 2.0763763909735122e-03 2.1322280068782806e-01 2.0767648886550706e-03
305 9 -14 2.1744062500000000e-01 2.0480952800998268e-03 2.1743842568782806e-01 2.0484956249927516e-03
306 9 -13 2.2213046875000000e-01 2.0127949498627206e-03 2.2212826943782807e-01 2.0131942331871478e-03
307 9 -12 2.2687968750000001e-01 1.9721768471304547e-03 2.2687748818782807e-01 1.9726012601209574e-03
308 9 -11 2.3215117187500001e-01 1.9275239316134960e-03 2.3214897256282807e-01 1.9279548003920341e-03
309 9 -10 2.3791953125000001e-01 1.8822482886314844e-03 2.3791733193782807e-01 1.8826735262251228e-03
310 9 -9 2.4362500000000001e-01 1.8356228852771271e-03 2.4362280068782807e-01 1.8360586493188177e-03
311 9 -8 2.4943554687500000e-01 1.7908515804397225e-03 2.4943334756282806e-01 1.7912745184458893e-03
312 9 -7 2.5446367187500002e-01 1.7554115272464242e-03 2.5446147256282808e-01 1.7558443812781736e-03
313 9 -6 2.5831289062500001e-01 1.7293896053137252e-03 2.5831069131282808e-01 1.7298115104020198e-03
314 9 -5 2.6022812499999998e-01 1.7138262132032236e-03 2.6022592568782804e-01 1.7142405746378292e-03
315 9 -4 2.6045546874999997e-01 1.7132787618077865e-03 2.6045326943782804e-01 1.7136866135495563e-03
316 9 -3 2.5851171875000001e-01 1.7279462599521763e-03 2.5850951943782807e-01 1.7283665865156161e-03
317 9 -2 2.5502304687499999e-01 1.7541838245998254e-03 2.5502084756282806e-01 1.7545817563597618e-03
318 9 -1 2.5019765625000001e-01 1.7880670844172665e-03 2.5019545693782808e-01 1.7884336801995558e-03
319 9 0 2.4451406249999999e-01 1.8326430967241557e-03 2.4451186318782805e-01 1.8330030829272459e-03
320 10 -31 2.2935703125000001e-01 1.9556011658466658e-03 2.2935483193782807e-01 1.9559525258513776e-03
321 10 -30 2.2481523437500001e-01 1.9955640131184694e-03 2.2481303506282807e-01 1.9959058970322571e-03
322 10 -29 2.2051992187500000e-01 2.0347774361001453e-03 2.2051772256282806e-01 2.0351389280795643e-03
323 10 -28 2.1620234375000000e-01 2.0662467577715555e-03 2.1620014443782806e-01 2.0665948834065651e-03
324 10 -27 2.1255312500000001e-01 2.0942806052241347e-03 2.1255092568782807e-01 2.0946230404852652e-03
325 10 -26 2.0975976562500001e-01 2.1100248556797387e-03 2.0975756631282808e-01 2.1103624087531691e-03
326 10 -25 2.0713203124999999e-01 2.1262115738273192e-03 2.0712983193782805e-01 2.1265540330240762e-03
327 10 -24 2.0509335937500001e-01 2.1357306704757771e-03 2.0509116006282807e-01 2.1360726567580209e-03
328 10 -23 2.0373437500000000e-01 2.1431107488043230e-03 2.0373217568782806e-01 2.1434520847945803e-03
329 10 -22 2.0292460937500001e-01 2.1460619211178065e-03 2.0292241006282807e-01 2.1464276455531420e-03
330 10 -21 2.0258828125000000e-01 2.1437484772310325e-03 2.0258608193782807e-01 2.1441317615918374e-03
331 10 -20 2.0268398437499999e-01 2.1417617710360460e-03 2.0268178506282805e-01 2.1421534893033352e-03
332 10 -19 2.0347148437500001e-01 2.1353148353987061e-03 2.0346928506282808e-01 2.1356888708043012e-03
333 10 -18 2.0507304687500000e-01 2.1294566369640705e-03 2.0507084756282806e-01 2.1298491590041936e-03
334 10 -17 2.0724687500000000e-01 2.1193642785780125e-03 2.0724467568782806e-01 2.1197566124611391e-03
335 10 -16 2.0982382812500000e-01 2.1066812291792845e-03 2.0982162881282806e-01 2.1070597898083685e-03
336 10 -15 2.1279179687499999e-01 2.0908102174959182e-03 2.1278959756282806e-01 2.0911862177429782e-03
337 10 -14 2.1661914062500001e-01 2.0673748799557010e-03 2.1661694131282808e-01 2.0677684785534826e-03
338 10 -13 2.2062343749999999e-01 2.0353301808474123e-03 2.2062123818782806e-01 2.0357290214814837e-03
339 10 -12 2.2493476562500000e-01 1.9965800460677342e-03 2.2493256631282807e-01 1.9969966571450623e-03
340 10 -11 2.2933437500000001e-01 1.9590880330875179e-03 2.2933217568782807e-01 1.9595219151325701e-03
341 10 -10 2.3366250000000000e-01 1.9223323937423650e-03 2.3366030068782806e-01 1.9227451082689689e-03
342 10 -9 2.3820937500000000e-01 1.8827938039787527e-03 2.3820717568782807e-01 1.8832121519046319e-03
343 10 -8 2.4222226562499999e-01 1.8449091053269633e-03 2.4222006631282805e-01 1.8453158339938255e-03
344 10 -7 2.4579960937500001e-01 1.8170171309415692e-03 2.4579741006282807e-01 1.8174106678370448e-03
345 10 -6 2.4796953125000001e-01 1.7981020809978961e-03 2.4796733193782808e-01 1.7984944993336884e-03
346 10 -5 2.4868632812499999e-01 1.7899626736760986e-03 2.4868412881282806e-01 1.7903458015530119e-03
347 10 -4 2.4797265625000001e-01 1.8002076936213054e-03 2.4797045693782807e-01 1.8005992772517009e-03
348 10 -3 2.4594570312500000e-01 1.8174982703577176e-03 2.4594350381282806e-01 1.8178805251836134e-03
349 10 -2 2.4254101562499999e-01 1.8451000212356095e-03 2.4253881631282806e-01 1.8454535977347659e-03
350 10 -1 2.3829882812500000e-01 1.8775734617081481e-03 2.3829662881282807e-01 1.8779261149612231e-03
351 10 0 2.3377695312499999e-01 1.9154988473855388e-03 2.3377475381282806e-01 1.9158442287714671e-03
352 11 -31 2.2210351562500000e-01 2.0265382844747277e-03 2.2210131631282806e-01 2.0268989201947863e-03
353 11 -30 2.1873281250000001e-01 2.0584454185767873e-03 2.1873061318782808e-01 2.0588154029194641e-03
354 11 -29 2.1555703125000000e-01 2.0876268386188605e-03 2.1555483193782807e-01 2.0879938185861206e-03
355 11 -28 2.1236406250000001e-01 2.1085463610250065e-03 2.1236186318782807e-01 2.1088988263792672e-03
356 11 -27 2.0987968750000000e-01 2.1221735091825483e-03 2.0987748818782806e-01 2.1225350898646262e-03
357 11 -26 2.0757851562499999e-01 2.1338086730327398e-03 2.0757631631282805e-01 2.1341572950409702e-03
358 11 -25 2.0586328125000000e-01 2.1385747334530920e-03 2.0586108193782807e-01 2.1389203379195702e-03
359 11 -24 2.0439609375000001e-01 2.1416397838586562e-03 2.0439389443782807e-01 2.1419856589159117e-03
360 11 -23 2.0329218750000000e-01 2.1461088829895104e-03 2.0328998818782806e-01 2.1464682974148643e-03
361 11 -22 2.0279882812500000e-01 2.1449015389810363e-03 2.0279662881282806e-01 2.1452873912479534e-03
362 11 -21 2.0275000000000001e-01 2.1433169746466790e-03 2.0274780068782808e-01 2.1436985252119654e-03
363 11 -20 2.0307812500000000e-01 2.1384431084839868e-03 2.0307592568782806e-01 2.1388130753211931e-03
364 11 -19 2.0397460937500000e-01 2.1365077141520519e-03 2.0397241006282807e-01 2.1368832377387146e-03
365 11 -18 2.0540078125000000e-01 2.1344692144830021e-03 2.0539858193782806e-01 2.1348465973246500e-03
366 11 -17 2.0741484374999999e-01 2.1276968169962923e-03 2.0741264443782806e-01 2.1280715172277299e-03
367 11 -16 2.0964570312500000e-01 2.1217276250963613e-03 2.0964350381282806e-01 2.1220949583808154e-03
368 11 -15 2.1238398437500000e-01 2.1108294240432166e-03 2.1238178506282807e-01 2.1111828185529070e-03
369 11 -14 2.1555781250000000e-01 2.0900849686138101e-03 2.1555561318782807e-01 2.0904442306288805e-03
370 11 -13 2.1907773437500000e-01 2.0645831915589051e-03 2.1907553506282806e-01 2.0649625340787587e-03
371 11 -12 2.2242382812500000e-01 2.0298891774825339e-03 2.2242162881282806e-01 2.0302913785440703e-03
372 11 -11 2.2579023437500001e-01 1.9956743438995263e-03 2.2578803506282807e-01 1.9960877944354923e-03
373 11 -10 2.2916562500000001e-01 1.9633334431482532e-03 2.2916342568782808e-01 1.9637343360766075e-03
374 11 -9 2.3253945312499999e-01 1.9278992433575083e-03 2.3253725381282805e-01 1.9283026367066063e-03
375 11 -8 2.3539882812499999e-01 1.8998996923330254e-03 2.3539662881282805e-01 1.9002954810974026e-03
376 11 -7 2.3769843750000000e-01 1.8791454578108977e-03 2.3769623818782806e-01 1.8795265884844008e-03
377 11 -6 2.3834374999999999e-01 1.8663785937413078e-03 2.3834155068782806e-01 1.8667533458325966e-03
378 11 -5 2.3821914062499999e-01 1.8688233416665656e-03 2.3821694131282806e-01 1.8691768673776705e-03
379 11 -4 2.3721679687500000e-01 1.8803051752597940e-03 2.3721459756282806e-01 1.8806729299665570e-03
380 11 -3 2.3544218750000001e-01 1.8983270454621889e-03 2.3543998818782808e-01 1.8986920745519096e-03
381 11 -2 2.3265976562499999e-01 1.9246283199378048e-03 2.3265756631282805e-01 1.9249920858370184e-03
382 11 -1 2.2920429687499999e-01 1.9562874078790041e-03 2.2920209756282806e-01 1.9566321269243511e-03
383 11 0 2.2587812500000001e-01 1.9898127332437354e-03 2.2587592568782808e-01 1.9901486425688807e-03
384 12 -31 2.1687656250000001e-01 2.0891757050829842e-03 2.1687436318782807e-01 2.0895450663003922e-03
385 12 -30 2.1451406249999999e-01 2.1145659062615733e-03 2.1451186318782806e-01 2.1149427280699696e-03
386 12 -29 2.1192109375000001e-01 2.1327035360071871e-03 2.1191889443782808e-01 2.1330647691897441e-03
387 12 -28 2.0957460937500000e-01 2.1434983598059040e-03 2.0957241006282806e-01 2.1438437404382726e-03
388 12 -27 2.0783476562500000e-01 2.1469047044625281e-03 2.0783256631282807e-01 2.1472491959411920e-03
389 12 -26 2.0630820312500001e-01 2.1510480013837911e-03 2.0630600381282807e-01 2.1513836470719800e-03
390 12 -25 2.0510468749999999e-01 2.1481021591130923e-03 2.0510248818782806e-01 2.1484576412760491e-03
391 12 -24 2.0392109375000000e-01 2.1464036060071206e-03 2.0391889443782807e-01 2.1467622668148866e-03
392 12 -23 2.0317304687500001e-01 2.1467394385783819e-03 2.0317084756282808e-01 2.1471273786203568e-03
393 12 -22 2.0320351562500000e-01 2.1430465375018816e-03 2.0320131631282806e-01 2.1434261665648933e-03
394 12 -21 2.0341210937500001e-01 2.1409854059590556e-03 2.0340991006282808e-01 2.1413506320563385e-03
395 12 -20 2.0389257812500000e-01 2.1384067999790533e-03 2.0389037881282807e-01 2.1387858215348304e-03
396 12 -19 2.0481562500000000e-01 2.1403130775249257e-03 2.0481342568782807e-01 2.1406877416962895e-03
397 12 -18 2.0608710937499999e-01 2.1439545135761556e-03 2.0608491006282806e-01 2.1443194735834854e-03
398 12 -17 2.0773242187499999e-01 2.1417124432472107e-03 2.0773022256282805e-01 2.1420653040482088e-03
399 12 -16 2.0950820312499999e-01 2.1409352026287155e-03 2.0950600381282805e-01 2.1412839475829252e-03
400 12 -15 2.1181601562499999e-01 2.1337428288004620e-03 2.1181381631282806e-01 2.1340779961545229e-03
401 12 -14 2.1447070312500000e-01 2.1173786885214600e-03 2.1446850381282806e-01 2.1177337787046720e-03
402 12 -13 2.1712226562500000e-01 2.0942340935199448e-03 2.1712006631282807e-01 2.0945954821122510e-03
403 12 -12 2.1970312500000000e-01 2.0614458065824968e-03 2.1970092568782806e-01 2.0618363171159321e-03
404 12 -11 2.2214414062499999e-01 2.0323917737498907e-03 2.2214194131282805e-01 2.0327906746683590e-03
405 12 -10 2.2473984375000000e-01 2.0012775477632164e-03 2.2473764443782807e-01 2.0016722884202091e-03
406 12 -9 2.2714960937500001e-01 1.9732974321171087e-03 2.2714741006282807e-01 1.9736692186234413e-03
407 12 -8 2.2917539062500000e-01 1.9513242764516376e-03 2.2917319131282807e-01 1.9516989517721480e-03
408 12 -7 2.3005234375000000e-01 1.9342369654752336e-03 2.3005014443782806e-01 1.9345840078523952e-03
409 12 -6 2.3011562499999999e-01 1.9304651250724770e-03 2.3011342568782805e-01 1.9308031258919020e-03
410 12 -5 2.2966484374999999e-01 1.9356246619554669e-03 2.2966264443782805e-01 1.9359744793743631e-03
411 12 -4 2.2846992187500001e-01 1.9458883368632445e-03 2.2846772256282807e-01 1.9462385039251233e-03
412 12 -3 2.2683359375000001e-01 1.9650277093151802e-03 2.2683139443782807e-01 1.9653884279289156e-03
413 12 -2 2.2461953125000000e-01 1.9979065403277194e-03 2.2461733193782807e-01 1.9982734221328266e-03
414 12 -1 2.2200429687500001e-01 2.0259573642014013e-03 2.2200209756282807e-01 2.0263010779784036e-03
415 12 0 2.1943632812500000e-01 2.0598189359589199e-03 2.1943412881282806e-01 2.0601643791033912e-03
416 13 -31 2.1309960937500000e-01 2.1421435997357966e-03 2.1309741006282806e-01 2.1425049929221862e-03
417 13 -30 2.1112695312499999e-01 2.1582669135617057e-03 2.1112475381282805e-01 2.1586413298782278e-03
418 13 -29 2.0949414062499999e-01 2.1662602959160921e-03 2.0949194131282806e-01 2.1666321759403902e-03
419 13 -28 2.0776601562499999e-01 2.1641677399916758e-03 2.0776381631282806e-01 2.1645168477849321e-03
420 13 -27 2.0685078125000000e-01 2.1612989552042749e-03 2.0684858193782807e-01 2.1616406552417448e-03
421 13 -26 2.0593906249999999e-01 2.1534888145664679e-03 2.0593686318782806e-01 2.1538279974366746e-03
422 13 -25 2.0530273437499999e-01 2.1475664760439222e-03 2.0530053506282805e-01 2.1479272302687390e-03
423 13 -24 2.0415703125000001e-01 2.1460199460456284e-03 2.0415483193782807e-01 2.1463947891732621e-03
424 13 -23 2.0407968750000000e-01 2.1406379264550402e-03 2.0407748818782806e-01 2.1410055370964160e-03
425 13 -22 2.0438398437499999e-01 2.1382511439432426e-03 2.0438178506282806e-01 2.1386183630886157e-03
426 13 -21 2.0470625000000001e-01 2.1400230595282144e-03 2.0470405068782807e-01 2.1403757649858684e-03
427 13 -20 2.0504648437500000e-01 2.1442670226531645e-03 2.0504428506282807e-01 2.1446215857901657e-03
428 13 -19 2.0578164062500001e-01 2.1491919712150268e-03 2.0577944131282808e-01 2.1495448557581225e-03
429 13 -18 2.0655429687499999e-01 2.1542563217192513e-03 2.0655209756282805e-01 2.1546294326058196e-03
430 13 -17 2.0781992187500001e-01 2.1627448804876549e-03 2.0781772256282807e-01 2.1630970564166193e-03
431 13 -16 2.0961953124999999e-01 2.1649840663966712e-03 2.0961733193782806e-01 2.1653204021679731e-03
432 13 -15 2.1126953125000000e-01 2.1586805449745144e-03 2.1126733193782807e-01 2.1590186567901071e-03
433 13 -14 2.1323710937500001e-01 2.1458512602434161e-03 2.1323491006282808e-01 2.1461963702420058e-03
434 13 -13 2.1502265625000000e-01 2.1215647146193470e-03 2.1502045693782806e-01 2.1219343474400882e-03
435 13 -12 2.1706875000000000e-01 2.0923030053534163e-03 2.1706655068782807e-01 2.0926892279810373e-03
436 13 -11 2.1859648437500001e-01 2.0632322754232063e-03 2.1859428506282808e-01 2.0636116625118899e-03
437 13 -10 2.2042812500000000e-01 2.0367285058022966e-03 2.2042592568782807e-01 2.0371034653301409e-03
438 13 -9 2.2219296875000000e-01 2.0130111648090769e-03 2.2219076943782806e-01 2.0133552724683440e-03
439 13 -8 2.2340585937499999e-01 1.9953823472344001e-03 2.2340366006282805e-01 1.9957351391263027e-03
440 13 -7 2.2355468749999999e-01 1.9820485331947485e-03 2.2355248818782805e-01 1.9823972519313884e-03
441 13 -6 2.2335312500000001e-01 1.9818143594376942e-03 2.2335092568782808e-01 1.9821422232381503e-03
442 13 -5 2.2283945312500000e-01 1.9903883958090353e-03 2.2283725381282807e-01 1.9907383590595487e-03
443 13 -4 2.2179843750000000e-01 2.0062942550731319e-03 2.2179623818782807e-01 2.0066472459739915e-03
444 13 -3 2.2042578125000001e-01 2.0300153094686864e-03 2.2042358193782807e-01 2.0303868785506041e-03
445 13 -2 2.1866679687500001e-01 2.0576464132765135e-03 2.1866459756282808e-01 2.0579991106473893e-03
446 13 -1 2.1659375000000000e-01 2.0881395270839335e-03 2.1659155068782807e-01 2.0884839580167917e-03
447 13 0 2.1510156250000001e-01 2.1193375282946062e-03 2.1509936318782807e-01 2.1197007840146310e-03
448 14 -31 2.1038046874999999e-01 2.1841528050970207e-03 2.1037826943782806e-01 2.1844902069924400e-03
449 14 -30 2.0936406250000000e-01 2.1874455043993202e-03 2.0936186318782807e-01 2.1878008547310170e-03
450 14 -29 2.0824960937500001e-01 2.1807740551742331e-03 2.0824741006282807e-01 2.1811281580850178e-03
451 14 -28 2.0759062500000000e-01 2.1737302713263364e-03 2.0758842568782807e-01 2.1740675884377959e-03
452 14 -27 2.0696249999999999e-01 2.1582839316885895e-03 2.0696030068782806e-01 2.1586241529122840e-03
453 14 -26 2.0659218750000000e-01 2.1482455050007344e-03 2.0658998818782806e-01 2.1485993092042908e-03
454 14 -25 2.0593945312500000e-01 2.1409710386046609e-03 2.0593725381282807e-01 2.1413375057476435e-03
455 14 -24 2.0571953125000000e-01 2.1356581714156121e-03 2.0571733193782807e-01 2.1360309961556967e-03
456 14 -23 2.0545429687500000e-01 2.1327752709340906e-03 2.0545209756282806e-01 2.1331425081457943e-03
457 14 -22 2.0579921875000001e-01 2.1335340765267106e-03 2.0579701943782808e-01 2.1338849823161403e-03
458 14 -21 2.0598867187500000e-01 2.1376994665724541e-03 2.0598647256282807e-01 2.1380531618810008e-03
459 14 -20 2.0617500000000000e-01 2.1449699827854889e-03 2.0617280068782806e-01 2.1453322548312440e-03
460 14 -19 2.0662539062499999e-01 2.1555877127678925e-03 2.0662319131282805e-01 2.1559424855767803e-03
461 14 -18 2.0730000000000001e-01 2.1703284830000029e-03 2.0729780068782808e-01 2.1706841003755963e-03
462 14 -17 2.0834218750000000e-01 2.1825940986055052e-03 2.0833998818782806e-01 2.1829358834835081e-03
463 14 -16 2.0959609374999999e-01 2.1879107721326217e-03 2.0959389443782805e-01 2.1882451230756102e-03
464 14 -15 2.1078789062500000e-01 2.1885057094883846e-03 2.1078569131282807e-01 2.1888498868200645e-03
465 14 -14 2.1199843750000000e-01 2.1695005967068384e-03 2.1199623818782806e-01 2.1698637991295297e-03
466 14 -13 2.1303867187500000e-01 2.1430242754174964e-03 2.1303647256282807e-01 2.1433919363719172e-03
467 14 -12 2.1395156250000000e-01 2.1163097932176992e-03 2.1394936318782806e-01 2.1166826965528540e-03
468 14 -11 2.1514179687500001e-01 2.0895435233785247e-03 2.1513959756282808e-01 2.0898989679278912e-03
469 14 -10 2.1632070312500001e-01 2.0653242309772793e-03 2.1631850381282808e-01 2.0656710945545944e-03
470 14 -9 2.1743554687500000e-01 2.0425861062211099e-03 2.1743334756282806e-01 2.0429229065376912e-03
471 14 -8 2.1815156250000001e-01 2.0308784702891469e-03 2.1814936318782807e-01 2.0312142819249165e-03
472 14 -7 2.1829765625000000e-01 2.0244908539463454e-03 2.1829545693782806e-01 2.0248081153965698e-03
473 14 -6 2.1809960937500000e-01 2.0267787995918488e-03 2.1809741006282807e-01 2.0271161663478676e-03
474 14 -5 2.1746054687499999e-01 2.0412195001308004e-03 2.1745834756282806e-01 2.0415753772893351e-03
475 14 -4 2.1638242187500001e-01 2.0610594159612273e-03 2.1638022256282807e-01 2.0614354949931874e-03
476 14 -3 2.1539101562499999e-01 2.0846337188302312e-03 2.1538881631282805e-01 2.0850007283581724e-03
477 14 -2 2.1427578124999999e-01 2.1126838410292243e-03 2.1427358193782806e-01 2.1130446871108896e-03
478 14 -1 2.1295429687500000e-01 2.1394326680164422e-03 2.1295209756282807e-01 2.1397800718208201e-03
479 14 0 2.1165624999999999e-01 2.1646522859440887e-03 2.1165405068782805e-01 2.1650107153874652e-03
480 15 -31 2.0936328125000001e-01 2.2077459403531908e-03 2.0936108193782807e-01 2.2080825322168011e-03
481 15 -30 2.0876367187500000e-01 2.1951330997892603e-03 2.0876147256282807e-01 2.1954937376018717e-03
482 15 -29 2.0850039062500000e-01 2.1785121749982490e-03 2.0849819131282807e-01 2.1788599820480219e-03
483 15 -28 2.0821054687500001e-01 2.1606750042483863e-03 2.0820834756282808e-01 2.1610303979181424e-03
484 15 -27 2.0810585937500001e-01 2.1433254593371822e-03 2.0810366006282807e-01 2.1436840297634667e-03
485 15 -26 2.0770664062499999e-01 2.1333384215894259e-03 2.0770444131282806e-01 2.1336915458520121e-03
486 15 -25 2.0744140624999999e-01 2.1251287354014129e-03 2.0743920693782805e-01 2.1254784971823327e-03
487 15 -24 2.0764960937499999e-01 2.1174298037624989e-03 2.0764741006282805e-01 2.1177889761315968e-03
488 15 -23 2.0765507812500000e-01 2.1154671126252470e-03 2.0765287881282807e-01 2.1158216426351386e-03
489 15 -22 2.0763789062499999e-01 2.1210495729134258e-03 2.0763569131282805e-01 2.1214020885033701e-03
490 15 -21 2.0741054687499999e-01 2.1315721809859727e-03 2.0740834756282805e-01 2.1319169735335283e-03
491 15 -20 2.0750664062499999e-01 2.1441078849487017e-03 2.0750444131282805e-01 2.1444546142042908e-03
492 15 -19 2.0786601562500001e-01 2.1619250755313662e-03 2.0786381631282808e-01 2.1622782183577435e-03
493 15 -18 2.0834687499999999e-01 2.1781406101485106e-03 2.0834467568782805e-01 2.1784801813248943e-03
494 15 -17 2.0905390625000000e-01 2.1992997470514043e-03 2.0905170693782807e-01 2.1996468181821956e-03
495 15 -16 2.0952929687499999e-01 2.2143962220615896e-03 2.0952709756282806e-01 2.2147467772330072e-03
496 15 -15 2.1024921874999999e-01 2.2082264302430857e-03 2.1024701943782806e-01 2.2085772933586757e-03
497 15 -14 2.1059960937500000e-01 2.1843950542790032e-03 2.1059741006282806e-01 2.1847613927086871e-03
498 15 -13 2.1102226562500001e-01 2.1566185957565295e-03 2.1102006631282808e-01 2.1569700978206052e-03
499 15 -12 2.1158281249999999e-01 2.1325260614088377e-03 2.1158061318782806e-01 2.1328840152544516e-03
500 15 -11 2.1226835937499999e-01 2.1098773358418717e-03 2.1226616006282806e-01 2.1102243707803365e-03
501 15 -10 2.1278828124999999e-01 2.0876615043104066e-03 2.1278608193782805e-01 2.0880058839736438e-03
502 15 -9 2.1343789062499999e-01 2.0722589508573898e-03 2.1343569131282805e-01 2.0726017209871028e-03
503 15 -8 2.1385585937500001e-01 2.0623454241873208e-03 2.1385366006282808e-01 2.0626685205456202e-03
504 15 -7 2.1384648437500001e-01 2.0646358355132567e-03 2.1384428506282807e-01 2.0649628960144658e-03
505 15 -6 2.1349062499999999e-01 2.0702002501409361e-03 2.1348842568782805e-01 2.0705336074799516e-03
506 15 -5 2.1300546875000001e-01 2.0865593845775521e-03 2.1300326943782807e-01 2.0868991226156573e-03
507 15 -4 2.1246445312500001e-01 2.1058810390300452e-03 2.1246225381282807e-01 2.1062506108054037e-03
508 15 -3 2.1185468750000000e-01 2.1273626388369099e-03 2.1185248818782806e-01 2.1277311639884781e-03
509 15 -2 2.1103671874999999e-01 2.1510700330413094e-03 2.1103451943782806e-01 2.1514378410643019e-03
510 15 -1 2.1040390624999999e-01 2.1804156141495700e-03 2.1040170693782806e-01 2.1807721150265851e-03
511 15 0 2.0999921874999999e-01 2.2013783745612292e-03 2.0999701943782806e-01 2.2017199009430476e-03
512 16 -31 2.0922031250000001e-01 2.2092260076729394e-03 2.0921811318782807e-01 2.2095703593292769e-03
513 16 -30 2.0937109374999999e-01 2.1866216843715708e-03 2.0936889443782805e-01 2.1869646615780636e-03
514 16 -29 2.0963085937500001e-01 2.1593191082976484e-03 2.0962866006282807e-01 2.1596784238429255e-03
515 16 -28 2.0979609375000000e-01 2.1393321323710385e-03 2.0979389443782806e-01 2.1397014173340644e-03
516 16 -27 2.1014492187500000e-01 2.1216408175975202e-03 2.1014272256282807e-01 2.1220068074423726e-03
517 16 -26 2.1009335937500001e-01 2.1079085617320818e-03 2.1009116006282808e-01 2.1082593895751203e-03
518 16 -25 2.1040820312500000e-01 2.0987054157803929e-03 2.1040600381282806e-01 2.0990341037678650e-03
519 16 -24 2.1059023437499999e-01 2.0927059827082414e-03 2.1058803506282806e-01 2.0930465977538554e-03
520 16 -23 2.1034414062500001e-01 2.0965050184106569e-03 2.1034194131282807e-01 2.0968517363315750e-03
521 16 -22 2.1005312500000001e-01 2.1076054292746100e-03 2.1005092568782807e-01 2.1079600961687881e-03
522 16 -21 2.0958554687500000e-01 2.1239727507565676e-03 2.0958334756282807e-01 2.1243246071915582e-03
523 16 -20 2.0958554687500000e-01 2.1413342499432123e-03 2.0958334756282807e-01 2.1416808235462780e-03
524 16 -19 2.0942734374999999e-01 2.1645112986649760e-03 2.0942514443782806e-01 2.1648659890516259e-03
525 16 -18 2.0951562500000001e-01 2.1848105341911229e-03 2.0951342568782808e-01 2.1851708254216409e-03
526 16 -17 2.0961601562500001e-01 2.2101259598234489e-03 2.0961381631282808e-01 2.2104771923172812e-03
527 16 -16 2.0977070312500001e-01 2.2315232834128019e-03 2.0976850381282808e-01 2.2318696698630665e-03
528 16 -15 2.0961601562500001e-01 2.2101259598234489e-03 2.0961381631282808e-01 2.2104771923172812e-03
529 16 -14 2.0951562500000001e-01 2.1848105341911229e-03 2.0951342568782808e-01 2.1851708254216409e-03
530 16 -13 2.0942734374999999e-01 2.1645112986649760e-03 2.0942514443782806e-01 2.1648659890516259e-03
531 16 -12 2.0958554687500000e-01 2.1413342499432123e-03 2.0958334756282807e-01 2.1416808235462780e-03
532 16 -11 2.0958554687500000e-01 2.1239727507565676e-03 2.0958334756282807e-01 2.1243246071915582e-03
533 16 -10 2.1005312500000001e-01 2.1076054292746100e-03 2.1005092568782807e-01 2.1079600961687881e-03
534 16 -9 2.1034414062500001e-01 2.0965050184106569e-03 2.1034194131282807e-01 2.0968517363315750e-03
535 16 -8 2.1059023437499999e-01 2.0927059827082414e-03 2.1058803506282806e-01 2.0930465977538554e-03
536 16 -7 2.1040820312500000e-01 2.0987054157803929e-03 2.1040600381282806e-01 2.0990341037678650e-03
537 16 -6 2.1009335937500001e-01 2.1079085617320818e-03 2.1009116006282808e-01 2.1082593895751203e-03
538 16 -5 2.1014492187500000e-01 2.1216408175975202e-03 2.1014272256282807e-01 2.1220068074423726e-03
539 16 -4 2.0979609375000000e-01 2.1393321323710385e-03 2.0979389443782806e-01 2.1397014173340644e-03
540 16 -3 2.0963085937500001e-01 2.1593191082976484e-03 2.0962866006282807e-01 2.1596784238429255e-03
541 16 -2 2.0937109374999999e-01 2.1866216843715708e-03 2.0936889443782805e-01 2.1869646615780636e-03
542 16 -1 2.0922031250000001e-01 2.2092260076729394e-03 2.0921811318782807e-01 2.2095703593292769e-03
543 16 0 2.0952695312500000e-01 2.2237009115443776e-03 2.0952475381282806e-01 2.2240250170200413e-03
544 17 -31 2.1040390624999999e-01 2.1804156141495700e-03 2.1040170693782806e-01 2.1807721150265851e-03
545 17 -30 2.1103671874999999e-01 2.1510700330413094e-03 2.1103451943782806e-01 2.1514378410643019e-03
546 17 -29 2.1185468750000000e-01 2.1273626388369099e-03 2.1185248818782806e-01 2.1277311639884781e-03
547 17 -28 2.1246445312500001e-01 2.1058810390300452e-03 2.1246225381282807e-01 2.1062506108054037e-03
548 17 -27 2.1300546875000001e-01 2.0865593845775521e-03 2.1300326943782807e-01 2.0868991226156573e-03
549 17 -26 2.1349062499999999e-01 2.0702002501409361e-03 2.1348842568782805e-01 2.0705336074799516e-03
550 17 -25 2.1384648437500001e-01 2.0646358355132567e-03 2.1384428506282807e-01 2.0649628960144658e-03
551 17 -24 2.1385585937500001e-01 2.0623454241873208e-03 2.1385366006282808e-01 2.0626685205456202e-03
552 17 -23 2.1343789062499999e-01 2.0722589508573898e-03 2.1343569131282805e-01 2.0726017209871028e-03
553 17 -22 2.1278828124999999e-01 2.0876615043104066e-03 2.1278608193782805e-01 2.0880058839736438e-03
554 17 -21 2.1226835937499999e-01 2.1098773358418717e-03 2.1226616006282806e-01 2.1102243707803365e-03
555 17 -20 2.1158281249999999e-01 2.1325260614088377e-03 2.1158061318782806e-01 2.1328840152544516e-03
556 17 -19 2.1102226562500001e-01 2.1566185957565295e-03 2.1102006631282808e-01 2.1569700978206052e-03
557 17 -18 2.1059960937500000e-01 2.1843950542790032e-03 2.1059741006282806e-01 2.1847613927086871e-03
558 17 -17 2.1024921874999999e-01 2.2082264302430857e-03 2.1024701943782806e-01 2.2085772933586757e-03
559 17 -16 2.0952929687499999e-01 2.2143962220615896e-03 2.0952709756282806e-01 2.2147467772330072e-03
560 17 -15 2.0905390625000000e-01 2.1992997470514043e-03 2.0905170693782807e-01 2.1996468181821956e-03
561 17 -14 2.0834687499999999e-01 2.1781406101485106e-03 2.0834467568782805e-01 2.1784801813248943e-03
562 17 -13 2.0786601562500001e-01 2.1619250755313662e-03 2.0786381631282808e-01 2.1622782183577435e-03
563 17 -12 2.0750664062499999e-01 2.1441078849487017e-03 2.0750444131282805e-01 2.1444546142042908e-03
564 17 -11 2.0741054687499999e-01 2.1315721809859727e-03 2.0740834756282805e-01 2.1319169735335283e-03
565 17 -10 2.0763789062499999e-01 2.1210495729134258e-03 2.0763569131282805e-01 2.1214020885033701e-03
566 17 -9 2.0765507812500000e-01 2.1154671126252470e-03 2.0765287881282807e-01 2.1158216426351386e-03
567 17 -8 2.0764960937499999e-01 2.1174298037624989e-03 2.0764741006282805e-01 2.1177889761315968e-03
568 17 -7 2.0744140624999999e-01 2.1251287354014129e-03 2.0743920693782805e-01 2.1254784971823327e-03
569 17 -6 2.0770664062499999e-01 2.1333384215894259e-03 2.0770444131282806e-01 2.1336915458520121e-03
570 17 -5 2.0810585937500001e-01 2.1433254593371822e-03 2.0810366006282807e-01 2.1436840297634667e-03
571 17 -4 2.0821054687500001e-01 2.1606750042483863e-03 2.0820834756282808e-01 2.1610303979181424e-03
572 17 -3 2.0850039062500000e-01 2.1785121749982490e-03 2.0849819131282807e-01 2.1788599820480219e-03
573 17 -2 2.0876367187500000e-01 2.1951330997892603e-03 2.0876147256282807e-01 2.1954937376018717e-03
574 17 -1 2.0936328125000001e-01 2.2077459403531908e-03 2.0936108193782807e-01 2.2080825322168011e-03
575 17 0 2.0999921874999999e-01 2.2013783745612292e-03 2.0999701943782806e-01 2.2017199009430476e-03
576 18 -31 2.1295429687500000e-01 2.1394326680164422e-03 2.1295209756282807e-01 2.1397800718208201e-03
577 18 -30 2.1427578124999999e-01 2.1126838410292243e-03 2.1427358193782806e-01 2.1130446871108896e-03
578 18 -29 2.1539101562499999e-01 2.0846337188302312e-03 2.1538881631282805e-01 2.0850007283581724e-03
579 18 -28 2.1638242187500001e-01 2.0610594159612273e-03 2.1638022256282807e-01 2.0614354949931874e-03
580 18 -27 2.1746054687499999e-01 2.0412195001308004e-03 2.1745834756282806e-01 2.0415753772893351e-03
581 18 -26 2.1809960937500000e-01 2.0267787995918488e-03 2.1809741006282807e-01 2.0271161663478676e-03
582 18 -25 2.1829765625000000e-01 2.0244908539463454e-03 2.1829545693782806e-01 2.0248081153965698e-03
583 18 -24 2.1815156250000001e-01 2.0308784702891469e-03 2.1814936318782807e-01 2.0312142819249165e-03
584 18 -23 2.1743554687500000e-01 2.0425861062211099e-03 2.1743334756282806e-01 2.0429229065376912e-03
585 18 -22 2.1632070312500001e-01 2.0653242309772793e-03 2.1631850381282808e-01 2.0656710945545944e-03
586 18 -21 2.1514179687500001e-01 2.0895435233785247e-03 2.1513959756282808e-01 2.0898989679278912e-03
587 18 -20 2.1395156250000000e-01 2.1163097932176992e-03 2.1394936318782806e-01 2.1166826965528540e-03
588 18 -19 2.1303867187500000e-01 2.1430242754174964e-03 2.1303647256282807e-01 2.1433919363719172e-03
589 18 -18 2.1199843750000000e-01 2.1695005967068384e-03 2.1199623818782806e-01 2.1698637991295297e-03
590 18 -17 2.1078789062500000e-01 2.1885057094883846e-03 2.1078569131282807e-01 2.1888498868200645e-03
591 18 -16 2.0959609374999999e-01 2.1879107721326217e-03 2.0959389443782805e-01 2.1882451230756102e-03
592 18 -15 2.0834218750000000e-01 2.1825940986055052e-03 2.0833998818782806e-01 2.1829358834835081e-03
593 18 -14 2.0730000000000001e-01 2.1703284830000029e-03 2.0729780068782808e-01 2.1706841003755963e-03
594 18 -13 2.0662539062499999e-01 2.1555877127678925e-03 2.0662319131282805e-01 2.1559424855767803e-03
595 18 -12 2.0617500000000000e-01 2.1449699827854889e-03 2.0617280068782806e-01 2.1453322548312440e-03
596 18 -11 2.0598867187500000e-01 2.1376994665724541e-03 2.0598647256282807e-01 2.1380531618810008e-03
597 18 -10 2.0579921875000001e-01 2.1335340765267106e-03 2.0579701943782808e-01 2.1338849823161403e-03
598 18 -9 2.0545429687500000e-01 2.1327752709340906e-03 2.0545209756282806e-01 2.1331425081457943e-03
599 18 -8 2.0571953125000000e-01 2.1356581714156121e-03 2.0571733193782807e-01 2.1360309961556967e-03
600 18 -7 2.0593945312500000e-01 2.1409710386046609e-03 2.0593725381282807e-01 2.1413375057476435e-03
601 18 -6 2.0659218750000000e-01 2.1482455050007344e-03 2.0658998818782806e-01 2.1485993092042908e-03
602 18 -5 2.0696249999999999e-01 2.1582839316885895e-03 2.0696030068782806e-01 2.1586241529122840e-03
603 18 -4 2.0759062500000000e-01 2.1737302713263364e-03 2.0758842568782807e-01 2.1740675884377959e-03
604 18 -3 2.0824960937500001e-01 2.1807740551742331e-03 2.0824741006282807e-01 2.1811281580850178e-03
605 18 -2 2.0936406250000000e-01 2.1874455043993202e-03 2.0936186318782807e-01 2.1878008547310170e-03
606 18 -1 2.1038046874999999e-01 2.1841528050970207e-03 2.1037826943782806e-01 2.1844902069924400e-03
607 18 0 2.1165624999999999e-01 2.1646522859440887e-03 2.1165405068782805e-01 2.1650107153874652e-03
608 19 -31 2.1659375000000000e-01 2.0881395270839335e-03 2.1659155068782807e-01 2.0884839580167917e-03
609 19 -30 2.1866679687500001e-01 2.0576464132765135e-03 2.1866459756282808e-01 2.0579991106473893e-03
610 19 -29 2.2042578125000001e-01 2.0300153094686864e-03 2.2042358193782807e-01 2.0303868785506041e-03
611 19 -28 2.2179843750000000e-01 2.0062942550731319e-03 2.2179623818782807e-01 2.0066472459739915e-03
612 19 -27 2.2283945312500000e-01 1.9903883958090353e-03 2.2283725381282807e-01 1.9907383590595487e-03
613 19 -26 2.2335312500000001e-01 1.9818143594376942e-03 2.2335092568782808e-01 1.9821422232381503e-03
614 19 -25 2.2355468749999999e-01 1.9820485331947485e-03 2.2355248818782805e-01 1.9823972519313884e-03
615 19 -24 2.2340585937499999e-01 1.9953823472344001e-03 2.2340366006282805e-01 1.9957351391263027e-03
616 19 -23 2.2219296875000000e-01 2.0130111648090769e-03 2.2219076943782806e-01 2.0133552724683440e-03
617 19 -22 2.2042812500000000e-01 2.0367285058022966e-03 2.2042592568782807e-01 2.0371034653301409e-03
618 19 -21 2.1859648437500001e-01 2.0632322754232063e-03 2.1859428506282808e-01 2.0636116625118899e-03
619 19 -20 2.1706875000000000e-01 2.0923030053534163e-03 2.1706655068782807e-01 2.0926892279810373e-03
620 19 -19 2.1502265625000000e-01 2.1215647146193470e-03 2.1502045693782806e-01 2.1219343474400882e-03
621 19 -18 2.1323710937500001e-01 2.1458512602434161e-03 2.1323491006282808e-01 2.1461963702420058e-03
622 19 -17 2.1126953125000000e-01 2.1586805449745144e-03 2.1126733193782807e-01 2.1590186567901071e-03
623 19 -16 2.0961953124999999e-01 2.1649840663966712e-03 2.0961733193782806e-01 2.1653204021679731e-03
624 19 -15 2.0781992187500001e-01 2.1627448804876549e-03 2.0781772256282807e-01 2.1630970564166193e-03
625 19 -14 2.0655429687499999e-01 2.1542563217192513e-03 2.0655209756282805e-01 2.1546294326058196e-03
626 19 -13 2.0578164062500001e-01 2.1491919712150268e-03 2.0577944131282808e-01 2.1495448557581225e-03
627 19 -12 2.0504648437500000e-01 2.1442670226531645e-03 2.0504428506282807e-01 2.1446215857901657e-03
628 19 -11 2.0470625000000001e-01 2.1400230595282144e-03 2.0470405068782807e-01 2.1403757649858684e-03
629 19 -10 2.0438398437499999e-01 2.1382511439432426e-03 2.0438178506282806e-01 2.1386183630886157e-03
630 19 -9 2.0407968750000000e-01 2.1406379264550402e-03 2.0407748818782806e-01 2.1410055370964160e-03
631 19 -8 2.0415703125000001e-01 2.1460199460456284e-03 2.0415483193782807e-01 2.1463947891732621e-03
632 19 -7 2.0530273437499999e-01 2.1475664760439222e-03 2.0530053506282805e-01 2.1479272302687390e-03
633 19 -6 2.0593906249999999e-01 2.1534888145664679e-03 2.0593686318782806e-01 2.1538279974366746e-03
634 19 -5 2.0685078125000000e-01 2.1612989552042749e-03 2.0684858193782807e-01 2.1616406552417448e-03
635 19 -4 2.0776601562499999e-01 2.1641677399916758e-03 2.0776381631282806e-01 2.1645168477849321e-03
636 19 -3 2.0949414062499999e-01 2.1662602959160921e-03 2.0949194131282806e-01 2.1666321759403902e-03
637 19 -2 2.1112695312499999e-01 2.1582669135617057e-03 2.1112475381282805e-01 2.1586413298782278e-03
638 19 -1 2.1309960937500000e-01 2.1421435997357966e-03 2.1309741006282806e-01 2.1425049929221862e-03
639 19 0 2.1510156250000001e-01 2.1193375282946062e-03 2.1509936318782807e-01 2.1197007840146310e-03
640 20 -31 2.2200429687500001e-01 2.0259573642014013e-03 2.2200209756282807e-01 2.0263010779784036e-03
641 20 -30 2.2461953125000000e-01 1.9979065403277194e-03 2.2461733193782807e-01 1.9982734221328266e-03
642 20 -29 2.2683359375000001e-01 1.9650277093151802e-03 2.2683139443782807e-01 1.9653884279289156e-03
643 20 -28 2.2846992187500001e-01 1.9458883368632445e-03 2.2846772256282807e-01 1.9462385039251233e-03
644 20 -27 2.2966484374999999e-01 1.9356246619554669e-03 2.2966264443782805e-01 1.9359744793743631e-03
645 20 -26 2.3011562499999999e-01 1.9304651250724770e-03 2.3011342568782805e-01 1.9308031258919020e-03
646 20 -25 2.3005234375000000e-01 1.9342369654752336e-03 2.3005014443782806e-01 1.9345840078523952e-03
647 20 -24 2.2917539062500000e-01 1.9513242764516376e-03 2.2917319131282807e-01 1.9516989517721480e-03
648 20 -23 2.2714960937500001e-01 1.9732974321171087e-03 2.2714741006282807e-01 1.9736692186234413e-03
649 20 -22 2.2473984375000000e-01 2.0012775477632164e-03 2.2473764443782807e-01 2.0016722884202091e-03
650 20 -21 2.2214414062499999e-01 2.0323917737498907e-03 2.2214194131282805e-01 2.0327906746683590e-03
651 20 -20 2.1970312500000000e-01 2.0614458065824968e-03 2.1970092568782806e-01 2.0618363171159321e-03
652 20 -19 2.1712226562500000e-01 2.0942340935199448e-03 2.1712006631282807e-01 2.0945954821122510e-03
653 20 -18 2.1447070312500000e-01 2.1173786885214600e-03 2.1446850381282806e-01 2.1177337787046720e-03
654 20 -17 2.1181601562499999e-01 2.1337428288004620e-03 2.1181381631282806e-01 2.1340779961545229e-03
655 20 -16 2.0950820312499999e-01 2.1409352026287155e-03 2.0950600381282805e-01 2.1412839475829252e-03
656 20 -15 2.0773242187499999e-01 2.1417124432472107e-03 2.0773022256282805e-01 2.1420653040482088e-03
657 20 -14 2.0608710937499999e-01 2.1439545135761556e-03 2.0608491006282806e-01 2.1443194735834854e-03
658 20 -13 2.0481562500000000e-01 2.1403130775249257e-03 2.0481342568782807e-01 2.1406877416962895e-03
659 20 -12 2.0389257812500000e-01 2.1384067999790533e-03 2.0389037881282807e-01 2.1387858215348304e-03
660 20 -11 2.0341210937500001e-01 2.1409854059590556e-03 2.0340991006282808e-01 2.1413506320563385e-03
661 20 -10 2.0320351562500000e-01 2.1430465375018816e-03 2.0320131631282806e-01 2.1434261665648933e-03
662 20 -9 2.0317304687500001e-01 2.1467394385783819e-03 2.0317084756282808e-01 2.1471273786203568e-03
663 20 -8 2.0392109375000000e-01 2.1464036060071206e-03 2.0391889443782807e-01 2.1467622668148866e-03
664 20 -7 2.0510468749999999e-01 2.1481021591130923e-03 2.0510248818782806e-01 2.1484576412760491e-03
665 20 -6 2.0630820312500001e-01 2.1510480013837911e-03 2.0630600381282807e-01 2.1513836470719800e-03
666 20 -5 2.0783476562500000e-01 2.1469047044625281e-03 2.0783256631282807e-01 2.1472491959411920e-03
667 20 -4 2.0957460937500000e-01 2.1434983598059040e-03 2.0957241006282806e-01 2.1438437404382726e-03
668 20 -3 2.1192109375000001e-01 2.1327035360071871e-03 2.1191889443782808e-01 2.1330647691897441e-03
669 20 -2 2.1451406249999999e-01 2.1145659062615733e-03 2.1451186318782806e-01 2.1149427280699696e-03
670 20 -1 2.1687656250000001e-01 2.0891757050829842e-03 2.1687436318782807e-01 2.0895450663003922e-03
671 20 0 2.1943632812500000e-01 2.0598189359589199e-03 2.1943412881282806e-01 2.0601643791033912e-03
672 21 -31 2.2920429687499999e-01 1.9562874078790041e-03 2.2920209756282806e-01 1.9566321269243511e-03
673 21 -30 2.3265976562499999e-01 1.9246283199378048e-03 2.3265756631282805e-01 1.9249920858370184e-03
674 21 -29 2.3544218750000001e-01 1.8983270454621889e-03 2.3543998818782808e-01 1.8986920745519096e-03
675 21 -28 2.3721679687500000e-01 1.8803051752597940e-03 2.3721459756282806e-01 1.8806729299665570e-03
676 21 -27 2.3821914062499999e-01 1.8688233416665656e-03 2.3821694131282806e-01 1.8691768673776705e-03
677 21 -26 2.3834374999999999e-01 1.8663785937413078e-03 2.3834155068782806e-01 1.8667533458325966e-03
678 21 -25 2.3769843750000000e-01 1.8791454578108977e-03 2.3769623818782806e-01 1.8795265884844008e-03
679 21 -24 2.3539882812499999e-01 1.8998996923330254e-03 2.3539662881282805e-01 1.9002954810974026e-03
680 21 -23 2.3253945312499999e-01 1.9278992433575083e-03 2.3253725381282805e-01 1.9283026367066063e-03
681 21 -22 2.2916562500000001e-01 1.9633334431482532e-03 2.2916342568782808e-01 1.9637343360766075e-03
682 21 -21 2.2579023437500001e-01 1.9956743438995263e-03 2.2578803506282807e-01 1.9960877944354923e-03
683 21 -20 2.2242382812500000e-01 2.0298891774825339e-03 2.2242162881282806e-01 2.0302913785440703e-03
684 21 -19 2.1907773437500000e-01 2.0645831915589051e-03 2.1907553506282806e-01 2.0649625340787587e-03
685 21 -18 2.1555781250000000e-01 2.0900849686138101e-03 2.1555561318782807e-01 2.0904442306288805e-03
686 21 -17 2.1238398437500000e-01 2.1108294240432166e-03 2.1238178506282807e-01 2.1111828185529070e-03
687 21 -16 2.0964570312500000e-01 2.1217276250963613e-03 2.0964350381282806e-01 2.1220949583808154e-03
688 21 -15 2.0741484374999999e-01 2.1276968169962923e-03 2.0741264443782806e-01 2.1280715172277299e-03
689 21 -14 2.0540078125000000e-01 2.1344692144830021e-03 2.0539858193782806e-01 2.1348465973246500e-03
690 21 -13 2.0397460937500000e-01 2.1365077141520519e-03 2.0397241006282807e-01 2.1368832377387146e-03
691 21 -12 2.0307812500000000e-01 2.1384431084839868e-03 2.0307592568782806e-01 2.1388130753211931e-03
692 21 -11 2.0275000000000001e-01 2.1433169746466790e-03 2.0274780068782808e-01 2.1436985252119654e-03
693 21 -10 2.0279882812500000e-01 2.1449015389810363e-03 2.0279662881282806e-01 2.1452873912479534e-03
694 21 -9 2.0329218750000000e-01 2.1461088829895104e-03 2.0328998818782806e-01 2.1464682974148643e-03
695 21 -8 2.0439609375000001e-01 2.1416397838586562e-03 2.0439389443782807e-01 2.1419856589159117e-03
696 21 -7 2.0586328125000000e-01 2.1385747334530920e-03 2.0586108193782807e-01 2.1389203379195702e-03
697 21 -6 2.0757851562499999e-01 2.1338086730327398e-03 2.0757631631282805e-01 2.1341572950409702e-03
698 21 -5 2.0987968750000000e-01 2.1221735091825483e-03 2.0987748818782806e-01 2.1225350898646262e-03
699 21 -4 2.1236406250000001e-01 2.1085463610250065e-03 2.1236186318782807e-01 2.1088988263792672e-03
700 21 -3 2.1555703125000000e-01 2.0876268386188605e-03 2.1555483193782807e-01 2.0879938185861206e-03
701 21 -2 2.1873281250000001e-01 2.0584454185767873e-03 2.1873061318782808e-01 2.0588154029194641e-03
702 21 -1 2.2210351562500000e-01 2.0265382844747277e-03 2.2210131631282806e-01 2.0268989201947863e-03
703 21 0 2.2587812500000001e-01 1.9898127332437354e-03 2.2587592568782808e-01 1.9901486425688807e-03
704 22 -31 2.3829882812500000e-01 1.8775734617081481e-03 2.3829662881282807e-01 1.8779261149612231e-03
705 22 -30 2.4254101562499999e-01 1.8451000212356095e-03 2.4253881631282806e-01 1.8454535977347659e-03
706 22 -29 2.4594570312500000e-01 1.8174982703577176e-03 2.4594350381282806e-01 1.8178805251836134e-03
707 22 -28 2.4797265625000001e-01 1.8002076936213054e-03 2.4797045693782807e-01 1.8005992772517009e-03
708 22 -27 2.4868632812499999e-01 1.7899626736760986e-03 2.4868412881282806e-01 1.7903458015530119e-03
709 22 -26 2.4796953125000001e-01 1.7981020809978961e-03 2.4796733193782808e-01 1.7984944993336884e-03
710 22 -25 2.4579960937500001e-01 1.8170171309415692e-03 2.4579741006282807e-01 1.8174106678370448e-03
711 22 -24 2.4222226562499999e-01 1.8449091053269633e-03 2.4222006631282805e-01 1.8453158339938255e-03
712 22 -23 2.3820937500000000e-01 1.8827938039787527e-03 2.3820717568782807e-01 1.8832121519046319e-03
713 22 -22 2.3366250000000000e-01 1.9223323937423650e-03 2.3366030068782806e-01 1.9227451082689689e-03
714 22 -21 2.2933437500000001e-01 1.9590880330875179e-03 2.2933217568782807e-01 1.9595219151325701e-03
715 22 -20 2.2493476562500000e-01 1.9965800460677342e-03 2.2493256631282807e-01 1.9969966571450623e-03
716 22 -19 2.2062343749999999e-01 2.0353301808474123e-03 2.2062123818782806e-01 2.0357290214814837e-03
717 22 -18 2.1661914062500001e-01 2.0673748799557010e-03 2.1661694131282808e-01 2.0677684785534826e-03
718 22 -17 2.1279179687499999e-01 2.0908102174959182e-03 2.1278959756282806e-01 2.0911862177429782e-03
719 22 -16 2.0982382812500000e-01 2.1066812291792845e-03 2.0982162881282806e-01 2.1070597898083685e-03
720 22 -15 2.0724687500000000e-01 2.1193642785780125e-03 2.0724467568782806e-01 2.1197566124611391e-03
721 22 -14 2.0507304687500000e-01 2.1294566369640705e-03 2.0507084756282806e-01 2.1298491590041936e-03
722 22 -13 2.0347148437500001e-01 2.1353148353987061e-03 2.0346928506282808e-01 2.1356888708043012e-03
723 22 -12 2.0268398437499999e-01 2.1417617710360460e-03 2.0268178506282805e-01 2.1421534893033352e-03
724 22 -11 2.0258828125000000e-01 2.1437484772310325e-03 2.0258608193782807e-01 2.1441317615918374e-03
725 22 -10 2.0292460937500001e-01 2.1460619211178065e-03 2.0292241006282807e-01 2.1464276455531420e-03
726 22 -9 2.0373437500000000e-01 2.1431107488043230e-03 2.0373217568782806e-01 2.1434520847945803e-03
727 22 -8 2.0509335937500001e-01 2.1357306704757771e-03 2.0509116006282807e-01 2.1360726567580209e-03
728 22 -7 2.0713203124999999e-01 2.1262115738273192e-03 2.0712983193782805e-01 2.1265540330240762e-03
729 22 -6 2.0975976562500001e-01 2.1100248556797387e-03 2.0975756631282808e-01 2.1103624087531691e-03
730 22 -5 2.1255312500000001e-01 2.0942806052241347e-03 2.1255092568782807e-01 2.0946230404852652e-03
731 22 -4 2.1620234375000000e-01 2.0662467577715555e-03 2.1620014443782806e-01 2.0665948834065651e-03
732 22 -3 2.2051992187500000e-01 2.0347774361001453e-03 2.2051772256282806e-01 2.0351389280795643e-03
733 22 -2 2.2481523437500001e-01 1.9955640131184694e-03 2.2481303506282807e-01 1.9959058970322571e-03
734 22 -1 2.2935703125000001e-01 1.9556011658466658e-03 2.2935483193782807e-01 1.9559525258513776e-03
735 22 0 2.3377695312499999e-01 1.9154988473855388e-03 2.3377475381282806e-01 1.9158442287714671e-03
736 23 -31 2.5019765625000001e-01 1.7880670844172665e-03 2.5019545693782808e-01 1.7884336801995558e-03
737 23 -30 2.5502304687499999e-01 1.7541838245998254e-03 2.5502084756282806e-01 1.7545817563597618e-03
738 23 -29 2.5851171875000001e-01 1.7279462599521763e-03 2.5850951943782807e-01 1.7283665865156161e-03
739 23 -28 2.6045546874999997e-01 1.7132787618077865e-03 2.6045326943782804e-01 1.7136866135495563e-03
740 23 -27 2.6022812499999998e-01 1.7138262132032236e-03 2.6022592568782804e-01 1.7142405746378292e-03
741 23 -26 2.5831289062500001e-01 1.7293896053137252e-03 2.5831069131282808e-01 1.7298115104020198e-03
742 23 -25 2.5446367187500002e-01 1.7554115272464242e-03 2.5446147256282808e-01 1.7558443812781736e-03
743 23 -24 2.4943554687500000e-01 1.7908515804397225e-03 2.4943334756282806e-01 1.7912745184458893e-03
744 23 -23 2.4362500000000001e-01 1.8356228852771271e-03 2.4362280068782807e-01 1.8360586493188177e-03
745 23 -22 2.3791953125000001e-01 1.8822482886314844e-03 2.3791733193782807e-01 1.8826735262251228e-03
746 23 -21 2.3215117187500001e-01 1.9275239316134960e-03 2.3214897256282807e-01 1.9279548003920341e-03
747 23 -20 2.2687968750000001e-01 1.9721768471304547e-03 2.2687748818782807e-01 1.9726012601209574e-03
748 23 -19 2.2213046875000000e-01 2.0127949498627206e-03 2.2212826943782807e-01 2.0131942331871478e-03
749 23 -18 2.1744062500000000e-01 2.0480952800998268e-03 2.1743842568782806e-01 2.0484956249927516e-03
750 23 -17 2.1322500000000000e-01 2.0763763909735122e-03 2.1322280068782806e-01 2.0767648886550706e-03
751 23 -16 2.0955195312500000e-01 2.0985109001169246e-03 2.0954975381282806e-01 2.0988950153792555e-03
752 23 -15 2.0719765625000000e-01 2.1154329190493275e-03 2.0719545693782807e-01 2.1158303382136112e-03
753 23 -14 2.0477343749999999e-01 2.1299017583550988e-03 2.0477123818782805e-01 2.1303030016831858e-03
754 23 -13 2.0328554687500000e-01 2.1388720335809119e-03 2.0328334756282807e-01 2.1392698288805229e-03
755 23 -12 2.0290195312500001e-01 2.1442641424864839e-03 2.0289975381282807e-01 2.1446525451938019e-03
756 23 -11 2.0280234375000000e-01 2.1434575726292371e-03 2.0280014443782807e-01 2.1438302251684136e-03
757 23 -10 2.0320937500000000e-01 2.1404204586356612e-03 2.0320717568782806e-01 2.1407794867694618e-03
758 23 -9 2.0487851562500001e-01 2.1358662707546185e-03 2.0487631631282807e-01 2.1362271732805450e-03
759 23 -8 2.0669531250000001e-01 2.1215423112831036e-03 2.0669311318782807e-01 2.1218876661367805e-03
760 23 -7 2.0920703125000001e-01 2.1041914576313278e-03 2.0920483193782807e-01 2.1045264688905161e-03
761 23 -6 2.1276015625000000e-01 2.0826712066285050e-03 2.1275795693782806e-01 2.0829893593885302e-03
762 23 -5 2.1666484375000000e-01 2.0512840371608317e-03 2.1666264443782807e-01 2.0516103366462479e-03
763 23 -4 2.2147812500000000e-01 2.0130553195892467e-03 2.2147592568782806e-01 2.0133952082544647e-03
764 23 -3 2.2726562500000000e-01 1.9695888125017443e-03 2.2726342568782806e-01 1.9699428676278204e-03
765 23 -2 2.3264648437499999e-01 1.9240417845148169e-03 2.3264428506282805e-01 1.9243970867162373e-03
766 23 -1 2.3854531250000000e-01 1.8777354030577590e-03 2.3854311318782806e-01 1.8780979529831241e-03
767 23 0 2.4451406249999999e-01 1.8326430967241557e-03 2.4451186318782805e-01 1.8330030829272459e-03
768 24 -31 2.6439531249999998e-01 1.6889903633560989e-03 2.6439311318782804e-01 1.6893773662788971e-03
769 24 -30 2.7018398437500002e-01 1.6545971159758735e-03 2.7018178506282808e-01 1.6550130734978349e-03
770 24 -29 2.7380664062499999e-01 1.6294462767105623e-03 2.7380444131282805e-01 1.6298916554946894e-03
771 24 -28 2.7518984375000000e-01 1.6195350931386807e-03 2.7518764443782806e-01 1.6199834222979416e-03
772 24 -27 2.7366289062499999e-01 1.6280712838230859e-03 2.7366069131282805e-01 1.6285218175249431e-03
773 24 -26 2.6969296874999998e-01 1.6547193537235860e-03 2.6969076943782805e-01 1.6551746059040248e-03
774 24 -25 2.6381953125000002e-01 1.6916959783430617e-03 2.6381733193782808e-01 1.6921414430106938e-03
775 24 -24 2.5664843749999999e-01 1.7403505923595315e-03 2.5664623818782806e-01 1.7407974058089041e-03
776 24 -23 2.4884648437500001e-01 1.7933862607531536e-03 2.4884428506282807e-01 1.7938449882071896e-03
777 24 -22 2.4181289062500000e-01 1.8483195753630614e-03 2.4181069131282806e-01 1.8487769747556483e-03
778 24 -21 2.3481132812500000e-01 1.9013779404348935e-03 2.3480912881282806e-01 1.9018451028809101e-03
779 24 -20 2.2851367187499999e-01 1.9516162921953387e-03 2.2851147256282806e-01 1.9520313956656093e-03
780 24 -19 2.2277929687500000e-01 1.9950655940274356e-03 2.2277709756282807e-01 1.9954742548759048e-03
781 24 -18 2.1757187500000000e-01 2.0344095909597612e-03 2.1756967568782806e-01 2.0348125574452744e-03
782 24 -17 2.1293554687499999e-01 2.0672261294953048e-03 2.1293334756282806e-01 2.0676123323848531e-03
783 24 -16 2.0979609375000000e-01 2.0934921494531042e-03 2.0979389443782806e-01 2.0938832553169867e-03
784 24 -15 2.0680429687499999e-01 2.1137082677077160e-03 2.0680209756282805e-01 2.1141025510609574e-03
785 24 -14 2.0477265624999999e-01 2.1284324604526443e-03 2.0477045693782805e-01 2.1288279039112577e-03
786 24 -13 2.0375898437500001e-01 2.1400358302993924e-03 2.0375678506282807e-01 2.1404177181743892e-03
787 24 -12 2.0332617187499999e-01 2.1419007260659061e-03 2.0332397256282805e-01 2.1422720250757451e-03
788 24 -11 2.0330117187499999e-01 2.1441830268533217e-03 2.0329897256282806e-01 2.1445397811454252e-03
789 24 -10 2.0429765624999999e-01 2.1360498267230690e-03 2.0429545693782805e-01 2.1363997131709951e-03
790 24 -9 2.0634218750000000e-01 2.1229392736071911e-03 2.0633998818782806e-01 2.1232953972391195e-03
791 24 -8 2.0888710937499999e-01 2.1036883633773684e-03 2.0888491006282806e-01 2.1040251368604984e-03
792 24 -7 2.1243476562499999e-01 2.0762351093931842e-03 2.1243256631282806e-01 2.0765850278854263e-03
793 24 -6 2.1684414062499999e-01 2.0408719124008099e-03 2.1684194131282805e-01 2.0411980406940481e-03
794 24 -5 2.2222617187499999e-01 1.9985922543456053e-03 2.2222397256282805e-01 1.9989062872543635e-03
795 24 -4 2.2836953125000001e-01 1.9509541065130709e-03 2.2836733193782807e-01 1.9512837522836033e-03
796 24 -3 2.3523242187499999e-01 1.8994016487182714e-03 2.3523022256282805e-01 1.8997532587735882e-03
797 24 -2 2.4272695312500001e-01 1.8446447562384849e-03 2.4272475381282807e-01 1.8450174545661517e-03
798 24 -1 2.5020703124999999e-01 1.7887091929901303e-03 2.5020483193782805e-01 1.7890809192867580e-03
799 24 0 2.5754687500000001e-01 1.7353030034180990e-03 2.5754467568782807e-01 1.7356725930407291e-03
800 25 -31 2.8185039062500000e-01 1.5825291829773549e-03 2.8184819131282807e-01 1.5829463429023027e-03
801 25 -30 2.8873906249999998e-01 1.5427202846624484e-03 2.8873686318782804e-01 1.5431690463910506e-03
802 25 -29 2.9226835937500001e-01 1.5231896590817474e-03 2.9226616006282807e-01 1.5236420776660836e-03
803 25 -28 2.9217812500000001e-01 1.5194415915065638e-03 2.9217592568782808e-01 1.5199187887772979e-03
804 25 -27 2.8820585937499998e-01 1.5429807196479951e-03 2.8820366006282805e-01 1.5434609721343866e-03
805 25 -26 2.8174843750000000e-01 1.5801820395372717e-03 2.8174623818782807e-01 1.5806445575036253e-03
806 25 -25 2.7295390624999999e-01 1.6331089338981731e-03 2.7295170693782805e-01 1.6335521187494681e-03
807 25 -24 2.6305312500000000e-01 1.6960032027592202e-03 2.6305092568782806e-01 1.6964452956661491e-03
808 25 -23 2.5358281249999998e-01 1.7607269867098978e-03 2.5358061318782804e-01 1.7611872785933502e-03
809 25 -22 2.4516523437500001e-01 1.8236805778651035e-03 2.4516303506282808e-01 1.8241634971472114e-03
810 25 -21 2.3661835937500000e-01 1.8859384221555262e-03 2.3661616006282807e-01 1.8863836693888978e-03
811 25 -20 2.2950039062499999e-01 1.9381018492486183e-03 2.2949819131282806e-01 1.9385132825264822e-03
812 25 -19 2.2301445312500001e-01 1.9856576083398625e-03 2.2301225381282808e-01 1.9860585818125111e-03
813 25 -18 2.1760937499999999e-01 2.0329444314893209e-03 2.1760717568782806e-01 2.0333614723742782e-03
814 25 -17 2.1267265625000001e-01 2.0687144799484383e-03 2.1267045693782807e-01 2.0691195976053119e-03
815 25 -16 2.0957226562500000e-01 2.0947848821827649e-03 2.0957006631282807e-01 2.0951848704837627e-03
816 25 -15 2.0688281250000001e-01 2.1154110527552656e-03 2.0688061318782808e-01 2.1158046682236858e-03
817 25 -14 2.0525273437500000e-01 2.1353420503188105e-03 2.0525053506282806e-01 2.1357358693086131e-03
818 25 -13 2.0425039062500000e-01 2.1435051686300470e-03 2.0424819131282806e-01 2.1438937695110109e-03
819 25 -12 2.0390898437499999e-01 2.1475542998229094e-03 2.0390678506282806e-01 2.1479500063815741e-03
820 25 -11 2.0484179687500001e-01 2.1423383382478903e-03 2.0483959756282807e-01 2.1427159671435921e-03
821 25 -10 2.0629960937500000e-01 2.1260334755351501e-03 2.0629741006282806e-01 2.1264113224719202e-03
822 25 -9 2.0892343750000000e-01 2.1059602556526731e-03 2.0892123818782807e-01 2.1063251850534457e-03
823 25 -8 2.1246953125000001e-01 2.0742732525648954e-03 2.1246733193782807e-01 2.0746296258118743e-03
824 25 -7 2.1703710937500001e-01 2.0374753677657844e-03 2.1703491006282807e-01 2.0378325315806960e-03
825 25 -6 2.2249570312500000e-01 1.9914648700079928e-03 2.2249350381282806e-01 1.9918043871631954e-03
826 25 -5 2.2907109375000001e-01 1.9400201679085941e-03 2.2906889443782807e-01 1.9403525385822652e-03
827 25 -4 2.3686835937500000e-01 1.8812844199079140e-03 2.3686616006282807e-01 1.8816019937007767e-03
828 25 -3 2.4550742187499999e-01 1.8188259966160005e-03 2.4550522256282806e-01 1.8191770822182669e-03
829 25 -2 2.5461210937500001e-01 1.7537762025100581e-03 2.5460991006282807e-01 1.7541340947792605e-03
830 25 -1 2.6420937500000002e-01 1.6912662625384511e-03 2.6420717568782809e-01 1.6916509246064206e-03
831 25 0 2.7369609374999998e-01 1.6323129364187198e-03 2.7369389443782804e-01 1.6327037977751026e-03
832 26 -31 3.0420273437500001e-01 1.4585335435433056e-03 3.0420053506282807e-01 1.4589513601304079e-03
833 26 -30 3.1150507812500000e-01 1.4206266132337183e-03 3.1150287881282807e-01 1.4210607766727665e-03
834 26 -29 3.1424570312500000e-01 1.4039426493818387e-03 3.1424350381282806e-01 1.4044002888168661e-03
835 26 -28 3.1126250000000000e-01 1.4172542738541353e-03 3.1126030068782806e-01 1.4177128241933238e-03
836 26 -27 3.0398085937500002e-01 1.4560449153920481e-03 3.0397866006282809e-01 1.4565119890781293e-03
837 26 -26 2.9362539062499998e-01 1.5114478330351649e-03 2.9362319131282805e-01 1.5118887088762618e-03
838 26 -25 2.8097734375000000e-01 1.5830266582777027e-03 2.8097514443782806e-01 1.5834753912667596e-03
839 26 -24 2.6848320312500001e-01 1.6592951420753980e-03 2.6848100381282808e-01 1.6597623517782092e-03
840 26 -23 2.5714687500000000e-01 1.7348251122006146e-03 2.5714467568782806e-01 1.7352923222462120e-03
841 26 -22 2.4713281249999999e-01 1.8069534965573142e-03 2.4713061318782806e-01 1.8074165448867040e-03
842 26 -21 2.3753437499999999e-01 1.8754176954018968e-03 2.3753217568782806e-01 1.8758729591696630e-03
843 26 -20 2.2940976562500001e-01 1.9340044563778617e-03 2.2940756631282808e-01 1.9344219389206634e-03
844 26 -19 2.2246523437499999e-01 1.9872125031560129e-03 2.2246303506282805e-01 1.9876292075051588e-03
845 26 -18 2.1686171874999999e-01 2.0354466580078229e-03 2.1685951943782805e-01 2.0358655648849912e-03
846 26 -17 2.1271992187500000e-01 2.0736521156612792e-03 2.1271772256282806e-01 2.0740543004954238e-03
847 26 -16 2.0930468750000000e-01 2.1053343373723665e-03 2.0930248818782807e-01 2.1057281673990146e-03
848 26 -15 2.0691289062500001e-01 2.1281883042242045e-03 2.0691069131282808e-01 2.1285829848090069e-03
849 26 -14 2.0539375000000001e-01 2.1464310486437785e-03 2.0539155068782808e-01 2.1468339518289641e-03
850 26 -13 2.0468359375000000e-01 2.1515094511519108e-03 2.0468139443782807e-01 2.1519185125363793e-03
851 26 -12 2.0513124999999999e-01 2.1498716147623645e-03 2.0512905068782805e-01 2.1502721239765217e-03
852 26 -11 2.0650781250000000e-01 2.1377018861964939e-03 2.0650561318782806e-01 2.1381013624779456e-03
853 26 -10 2.0889257812500001e-01 2.1147677188053872e-03 2.0889037881282807e-01 2.1151521115916035e-03
854 26 -9 2.1235507812500001e-01 2.0813361452492176e-03 2.1235287881282808e-01 2.0817100410679373e-03
855 26 -8 2.1676445312500001e-01 2.0419529961379843e-03 2.1676225381282807e-01 2.0423187257133297e-03
856 26 -7 2.2246835937500001e-01 1.9920601929260570e-03 2.2246616006282807e-01 1.9924290980844811e-03
857 26 -6 2.2930429687500001e-01 1.9316750409242901e-03 2.2930209756282807e-01 1.9320219593925078e-03
858 26 -5 2.3766093750000000e-01 1.8681121789221088e-03 2.3765873818782807e-01 1.8684635459447693e-03
859 26 -4 2.4735546875000000e-01 1.7983045735621187e-03 2.4735326943782807e-01 1.7986344738961603e-03
860 26 -3 2.5794570312499998e-01 1.7252103979929925e-03 2.5794350381282805e-01 1.7255586319487287e-03
861 26 -2 2.6967968749999999e-01 1.6523350491053424e-03 2.6967748818782805e-01 1.6527012045952627e-03
862 26 -1 2.8193828124999998e-01 1.5787685073939642e-03 2.8193608193782804e-01 1.5791471932446713e-03
863 26 0 2.9378554687500003e-01 1.5126911526482099e-03 2.9378334756282809e-01 1.5130817805645109e-03
864 27 -31 3.3279335937499999e-01 1.3186749251936022e-03 3.3279116006282805e-01 1.3190800579959787e-03
865 27 -30 3.4054843750000002e-01 1.2818484548423187e-03 3.4054623818782809e-01 1.2822964121122454e-03
866 27 -29 3.4050429687500000e-01 1.2821917420717120e-03 3.4050209756282807e-01 1.2826559835559508e-03
867 27 -28 3.3267070312500002e-01 1.3165252301051025e-03 3.3266850381282809e-01 1.3169731732742902e-03
868 27 -27 3.1939804687500001e-01 1.3760836113156135e-03 3.1939584756282807e-01 1.3765187948106676e-03
869 27 -26 3.0362265625000001e-01 1.4559083145743680e-03 3.0362045693782808e-01 1.4563436380116992e-03
870 27 -25 2.8769531250000002e-01 1.5455808092240907e-03 2.8769311318782809e-01 1.5460313920562703e-03
871 27 -24 2.7227851562499999e-01 1.6360608337536086e-03 2.7227631631282806e-01 1.6365230436658224e-03
872 27 -23 2.5900273437499999e-01 1.7218199934454508e-03 2.5900053506282805e-01 1.7222797479598904e-03
873 27 -22 2.4757773437500000e-01 1.8022197921407810e-03 2.4757553506282806e-01 1.8026725283193971e-03
874 27 -21 2.3723203125000000e-01 1.8737507451417953e-03 2.3722983193782807e-01 1.8741944391007723e-03
875 27 -20 2.2860039062500001e-01 1.9401157875940937e-03 2.2859819131282808e-01 1.9405506482796590e-03
876 27 -19 2.2149492187500000e-01 1.9966601571899849e-03 2.2149272256282806e-01 1.9970822408342881e-03
877 27 -18 2.1603085937500000e-01 2.0475993711659502e-03 2.1602866006282806e-01 2.0480002865779462e-03
878 27 -17 2.1219843750000000e-01 2.0870982258030862e-03 2.1219623818782807e-01 2.0874955426207226e-03
879 27 -16 2.0911171875000001e-01 2.1203983297010780e-03 2.0910951943782807e-01 2.1207956505938010e-03
880 27 -15 2.0709453124999999e-01 2.1453662485158556e-03 2.0709233193782806e-01 2.1457696744795231e-03
881 27 -14 2.0594335937500000e-01 2.1596835412337049e-03 2.0594116006282806e-01 2.1600778673176941e-03
882 27 -13 2.0553515624999999e-01 2.1624090137193630e-03 2.0553295693782805e-01 2.1628128881423644e-03
883 27 -12 2.0657968750000000e-01 2.1541620596982388e-03 2.0657748818782806e-01 2.1545657930174896e-03
884 27 -11 2.0883476562500000e-01 2.1292364039831842e-03 2.0883256631282807e-01 2.1296355524793322e-03
885 27 -10 2.1210898437500000e-01 2.0948403906244917e-03 2.1210678506282807e-01 2.0952322310947326e-03
886 27 -9 2.1645429687500001e-01 2.0532497452731445e-03 2.1645209756282807e-01 2.0536200068773892e-03
887 27 -8 2.2206914062499999e-01 2.0009722482376320e-03 2.2206694131282806e-01 2.0013383652606222e-03
888 27 -7 2.2890312500000001e-01 1.9387282520641105e-03 2.2890092568782808e-01 1.9390875328562534e-03
889 27 -6 2.3749570312500001e-01 1.8690718699761405e-03 2.3749350381282808e-01 1.8694346082894435e-03
890 27 -5 2.4747382812499999e-01 1.7916961200033161e-03 2.4747162881282805e-01 1.7920541352234145e-03
891 27 -4 2.5966992187499999e-01 1.7117230287513202e-03 2.5966772256282805e-01 1.7120689029023045e-03
892 27 -3 2.7342812500000002e-01 1.6256887035168161e-03 2.7342592568782809e-01 1.6260481538007371e-03
893 27 -2 2.8833867187500001e-01 1.5408137462377118e-03 2.8833647256282807e-01 1.5411839724723023e-03
894 27 -1 3.0419335937500003e-01 1.4543398912468327e-03 3.0419116006282809e-01 1.4547117026436913e-03
895 27 0 3.1973906250000000e-01 1.3791659689012740e-03 3.1973686318782807e-01 1.3795498902151877e-03
896 28 -31 3.7056796874999998e-01 1.1563879528926340e-03 3.7056576943782804e-01 1.1567932528685873e-03
897 28 -30 3.7708906250000002e-01 1.1320073842592973e-03 3.7708686318782808e-01 1.1324362678279084e-03
898 28 -29 3.7072812500000002e-01 1.1570978726176987e-03 3.7072592568782808e-01 1.1575295083161680e-03
899 28 -28 3.5389648437499999e-01 1.2215626934575414e-03 3.5389428506282805e-01 1.2220032696104394e-03
900 28 -27 3.3251562499999998e-01 1.3145776338690507e-03 3.3251342568782805e-01 1.3149868413501211e-03
901 28 -26 3.1093828125000000e-01 1.4200128173034753e-03 3.1093608193782807e-01 1.4204599801020304e-03
902 28 -25 2.9099218750000000e-01 1.5243020203259989e-03 2.9098998818782806e-01 1.5247336683372739e-03
903 28 -24 2.7354843750000002e-01 1.6273223683634936e-03 2.7354623818782808e-01 1.6277610545478354e-03
904 28 -23 2.5891289062500000e-01 1.7205246276556193e-03 2.5891069131282807e-01 1.7209789195172501e-03
905 28 -22 2.4637734375000001e-01 1.8079701312644614e-03 2.4637514443782807e-01 1.8084190024387245e-03
906 28 -21 2.3573789062500000e-01 1.8843301264957544e-03 2.3573569131282807e-01 1.8847848387991304e-03
907 28 -20 2.2717851562499999e-01 1.9535526214339107e-03 2.2717631631282806e-01 1.9539927707377283e-03
908 28 -19 2.2013984375000001e-01 2.0123827053448347e-03 2.2013764443782807e-01 2.0128013429173601e-03
909 28 -18 2.1522656250000000e-01 2.0656026157661028e-03 2.1522436318782806e-01 2.0659960538973298e-03
910 28 -17 2.1157187499999999e-01 2.1122864117476838e-03 2.1156967568782806e-01 2.1126873500197851e-03
911 28 -16 2.0856210937500000e-01 2.1439761613652143e-03 2.0855991006282806e-01 2.1443910522979432e-03
912 28 -15 2.0716054687499999e-01 2.1656431799064158e-03 2.0715834756282805e-01 2.1660500842608766e-03
913 28 -14 2.0626015624999999e-01 2.1764282564572099e-03 2.0625795693782806e-01 2.1768268838623802e-03
914 28 -13 2.0681757812500001e-01 2.1696778552845763e-03 2.0681537881282808e-01 2.1700719618939469e-03
915 28 -12 2.0854335937499999e-01 2.1497960383665559e-03 2.0854116006282805e-01 2.1501826321458474e-03
916 28 -11 2.1150351562500000e-01 2.1143348459515712e-03 2.1150131631282806e-01 2.1147366082959335e-03
917 28 -10 2.1582539062500000e-01 2.0690386515565947e-03 2.1582319131282807e-01 2.0694308900482124e-03
918 28 -9 2.2103203125000001e-01 2.0148704492311802e-03 2.2102983193782808e-01 2.0152355340709231e-03
919 28 -8 2.2780156250000000e-01 1.9548289380408590e-03 2.2779936318782806e-01 1.9551917274022237e-03
920 28 -7 2.3628320312500001e-01 1.8801424710081023e-03 2.3628100381282807e-01 1.8805198990997712e-03
921 28 -6 2.4650664062500000e-01 1.8003334277051225e-03 2.4650444131282806e-01 1.8006948349662539e-03
922 28 -5 2.5936562499999999e-01 1.7122705076896892e-03 2.5936342568782805e-01 1.7126207423565803e-03
923 28 -4 2.7428281249999997e-01 1.6194906281838718e-03 2.7428061318782804e-01 1.6198362269123653e-03
924 28 -3 2.9161250000000000e-01 1.5186322715108550e-03 2.9161030068782806e-01 1.5189908399123131e-03
925 28 -2 3.1144765624999998e-01 1.4153278090491518e-03 3.1144545693782805e-01 1.4157007167482003e-03
926 28 -1 3.3276250000000002e-01 1.3132776226898147e-03 3.3276030068782808e-01 1.3136672768082015e-03
927 28 0 3.5399882812500000e-01 1.2228865462460623e-03 3.5399662881282806e-01 1.2232599688963375e-03
928 29 -31 4.2263203124999998e-01 9.7188712182829393e-04 4.2262983193782805e-01 9.7227768146495512e-04
929 29 -30 4.2283203125000002e-01 9.7168718590071501e-04 4.2282983193782808e-01 9.7207132189227469e-04
930 29 -29 4.0095625000000001e-01 1.0415636258150974e-03 4.0095405068782808e-01 1.0419597645336608e-03
931 29 -28 3.7022109375000001e-01 1.1536308307638825e-03 3.7021889443782807e-01 1.1540318953562789e-03
932 29 -27 3.3991171874999998e-01 1.2820627288706585e-03 3.3990951943782804e-01 1.2824795108560478e-03
933 29 -26 3.1346562500000003e-01 1.4081865421180328e-03 3.1346342568782809e-01 1.4085803399605413e-03
934 29 -25 2.9098437500000002e-01 1.5264806024922670e-03 2.9098217568782808e-01 1.5268990831573813e-03
935 29 -24 2.7232617187500002e-01 1.6351338349841380e-03 2.7232397256282809e-01 1.6355497093618722e-03
936 29 -23 2.5688085937499999e-01 1.7338040206623178e-03 2.5687866006282806e-01 1.7342282973070076e-03
937 29 -22 2.4411367187499999e-01 1.8223345597516954e-03 2.4411147256282806e-01 1.8227680574180052e-03
938 29 -21 2.3398632812500000e-01 1.9014572176096363e-03 2.3398412881282807e-01 1.9018821372027820e-03
939 29 -20 2.2582421875000000e-01 1.9720820942749971e-03 2.2582201943782806e-01 1.9724922962133019e-03
940 29 -19 2.1927421875000000e-01 2.0356017050731654e-03 2.1927201943782806e-01 2.0360093907279557e-03
941 29 -18 2.1435703125000000e-01 2.0932537435299730e-03 2.1435483193782806e-01 2.0936576329226892e-03
942 29 -17 2.1072070312499999e-01 2.1363930209583135e-03 2.1071850381282806e-01 2.1367996040770579e-03
943 29 -16 2.0850117187500000e-01 2.1716952412366556e-03 2.0849897256282807e-01 2.1721045324880365e-03
944 29 -15 2.0719570312499999e-01 2.1891519040360594e-03 2.0719350381282806e-01 2.1895642396138650e-03
945 29 -14 2.0728632812500000e-01 2.1884942759595222e-03 2.0728412881282807e-01 2.1888857276174201e-03
946 29 -13 2.0827070312500001e-01 2.1715504692022144e-03 2.0826850381282808e-01 2.1719427270876206e-03
947 29 -12 2.1101132812500001e-01 2.1407343945837108e-03 2.1100912881282807e-01 2.1411272833779210e-03
948 29 -11 2.1471132812499999e-01 2.0969924282761340e-03 2.1470912881282805e-01 2.0973943988183866e-03
949 29 -10 2.1983359375000000e-01 2.0391339072596089e-03 2.1983139443782806e-01 2.0395100225133983e-03
950 29 -9 2.2618164062500001e-01 1.9753950641349109e-03 2.2617944131282808e-01 1.9757623791080538e-03
951 29 -8 2.3454492187500001e-01 1.9019220399132011e-03 2.3454272256282807e-01 1.9022854344195451e-03
952 29 -7 2.4455781250000000e-01 1.8206735801346685e-03 2.4455561318782806e-01 1.8210361207798864e-03
953 29 -6 2.5721406250000001e-01 1.7277569970822852e-03 2.5721186318782807e-01 1.7281071680408299e-03
954 29 -5 2.7289140625000002e-01 1.6282224921139253e-03 2.7288920693782809e-01 1.6285769285710127e-03
955 29 -4 2.9132773437499998e-01 1.5207971991947160e-03 2.9132553506282804e-01 1.5211574710520927e-03
956 29 -3 3.1407070312500002e-01 1.4012514328226996e-03 3.1406850381282808e-01 1.4016208393365594e-03
957 29 -2 3.4044804687500002e-01 1.2792575542084508e-03 3.4044584756282809e-01 1.2796157058075498e-03
958 29 -1 3.7064453125000002e-01 1.1531604461597707e-03 3.7064233193782808e-01 1.1535379359239710e-03
959 29 0 4.0112773437499999e-01 1.0446270702049862e-03 4.0112553506282805e-01 1.0450074349896430e-03
960 30 -31 4.9848320312500000e-01 7.5504116639333631e-04 4.9848100381282806e-01 7.5542526015072106e-04
961 30 -30 4.7310859374999997e-01 8.2190283932026813e-04 4.7310639443782804e-01 8.2225532251333606e-04
962 30 -29 4.2238046875000002e-01 9.6991287283755318e-04 4.2237826943782808e-01 9.7029736606397477e-04
963 30 -28 3.7692812500000000e-01 1.1297067873094183e-03 3.7692592568782807e-01 1.1300752776755647e-03
964 30 -27 3.3987382812500000e-01 1.2847019290456176e-03 3.3987162881282806e-01 1.2850773463205236e-03
965 30 -26 3.1091445312499999e-01 1.4221750977470159e-03 3.1091225381282805e-01 1.4225543672318219e-03
966 30 -25 2.8735351562500000e-01 1.5459719061969939e-03 2.8735131631282806e-01 1.5463485751573199e-03
967 30 -24 2.6861992187500000e-01 1.6579135914363300e-03 2.6861772256282807e-01 1.6583111485770198e-03
968 30 -23 2.5342773437499999e-01 1.7574533026014048e-03 2.5342553506282806e-01 1.7578595323230947e-03
969 30 -22 2.4137304687500000e-01 1.8487022292624244e-03 2.4137084756282806e-01 1.8491096693888534e-03
970 30 -21 2.3157968749999999e-01 1.9306255297906162e-03 2.3157748818782806e-01 1.9310466982555489e-03
971 30 -20 2.2381132812499999e-01 2.0010540517382100e-03 2.2380912881282805e-01 2.0014533631009927e-03
972 30 -19 2.1747109375000001e-01 2.0691287923692960e-03 2.1746889443782808e-01 2.0695290622803706e-03
973 30 -18 2.1280742187500001e-01 2.1247925228698281e-03 2.1280522256282808e-01 2.1252030995105686e-03
974 30 -17 2.1000507812499999e-01 2.1681670525544364e-03 2.1000287881282806e-01 2.1685844212915857e-03
975 30 -16 2.0830117187500000e-01 2.1986275327892271e-03 2.0829897256282806e-01 2.1990533989810165e-03
976 30 -15 2.0749296875000001e-01 2.2105339422857904e-03 2.0749076943782807e-01 2.2109596016466615e-03
977 30 -14 2.0800664062499999e-01 2.2005377198713360e-03 2.0800444131282805e-01 2.2009437996148673e-03
978 30 -13 2.0986210937499999e-01 2.1681875980158680e-03 2.0985991006282806e-01 2.1685885055143807e-03
979 30 -12 2.1334296875000000e-01 2.1244574324432068e-03 2.1334076943782807e-01 2.1248423209010367e-03
980 30 -11 2.1806757812499999e-01 2.0703682848874374e-03 2.1806537881282806e-01 2.0707546611481529e-03
981 30 -10 2.2392421874999999e-01 2.0040362389461119e-03 2.2392201943782805e-01 2.0044036476242247e-03
982 30 -9 2.3199648437500001e-01 1.9312513987870070e-03 2.3199428506282807e-01 1.9316419973543404e-03
983 30 -8 2.4164687500000001e-01 1.8505239396112167e-03 2.4164467568782808e-01 1.8508961821488959e-03
984 30 -7 2.5372929687500001e-01 1.7574506780006251e-03 2.5372709756282807e-01 1.7577969044684368e-03
985 30 -6 2.6879609375000002e-01 1.6541457283925367e-03 2.6879389443782808e-01 1.6544905887923794e-03
986 30 -5 2.8772265624999999e-01 1.5430237089697849e-03 2.8772045693782805e-01 1.5433712263547546e-03
987 30 -4 3.1134531250000003e-01 1.4176042385304890e-03 3.1134311318782809e-01 1.4179604834824923e-03
988 30 -3 3.4021328125000000e-01 1.2782954995681978e-03 3.4021108193782806e-01 1.2786643551741515e-03
989 30 -2 3.7699726562500002e-01 1.1279244435145940e-03 3.7699506631282809e-01 1.1282488558746343e-03
990 30 -1 4.2275507812500002e-01 9.6943110185284569e-04 4.2275287881282808e-01 9.6975383695582188e-04
991 30 0 4.7299374999999999e-01 8.2223707922540420e-04 4.7299155068782806e-01 8.2256981402334351e-04
992 31 -31 6.0676249999999998e-01 5.3078349600275683e-04 6.0676030068782805e-01 5.3111714284132026e-04
993 31 -30 4.9849414062500003e-01 7.5521854875342203e-04 4.9849194131282809e-01 7.5555248501332371e-04
994 31 -29 4.2246953124999997e-01 9.7241559770785708e-04 4.2246733193782804e-01 9.7274155122830405e-04
995 31 -28 3.7043359375000001e-01 1.1565533801473971e-03 3.7043139443782808e-01 1.1568661507661507e-03
996 31 -27 3.3251445312500000e-01 1.3186459748142870e-03 3.3251225381282806e-01 1.3189927737833789e-03
997 31 -26 3.0335351562500001e-01 1.4600554436124133e-03 3.0335131631282808e-01 1.4604010759057850e-03
998 31 -25 2.8095898437500000e-01 1.5821350032287928e-03 2.8095678506282806e-01 1.5824862461390294e-03
999 31 -24 2.6298593749999999e-01 1.6930024424860327e-03 2.6298373818782805e-01 1.6933882221674241e-03
1000 31 -23 2.4885273437500000e-01 1.7951432043177443e-03 2.4885053506282806e-01 1.7955491956920201e-03
1001 31 -22 2.3743242187499999e-01 1.8867446623762449e-03 2.3743022256282806e-01 1.8871693186619668e-03
1002 31 -21 2.2836718750000001e-01 1.9675114516200048e-03 2.2836498818782808e-01 1.9679297074436967e-03
1003 31 -20 2.2134101562500000e-01 2.0353803158766615e-03 2.2133881631282806e-01 2.0357897815479532e-03
1004 31 -19 2.1559101562499999e-01 2.0992245302498516e-03 2.1558881631282806e-01 2.0996328488115147e-03
1005 31 -18 2.1162187499999999e-01 2.1551967199899573e-03 2.1161967568782805e-01 2.1556205008395769e-03
1006 31 -17 2.0929882812500000e-01 2.1979171324911723e-03 2.0929662881282807e-01 2.1983332347681808e-03
1007 31 -16 2.0810429687500001e-01 2.2233733465049474e-03 2.0810209756282808e-01 2.2238045200428228e-03
1008 31 -15 2.0796562499999999e-01 2.2249657046163095e-03 2.0796342568782805e-01 2.2253864600544409e-03
1009 31 -14 2.0919335937500000e-01 2.1989554744131445e-03 2.0919116006282806e-01 2.1993624337274718e-03
1010 31 -13 2.1202812500000001e-01 2.1558703269675609e-03 2.1202592568782808e-01 2.1562722236087195e-03
1011 31 -12 2.1594882812499999e-01 2.1004123346840139e-03 2.1594662881282806e-01 2.1008047166100234e-03
1012 31 -11 2.2124335937500000e-01 2.0362576018826731e-03 2.2124116006282807e-01 2.0366347566557492e-03
1013 31 -10 2.2838085937499999e-01 1.9651111156894475e-03 2.2837866006282806e-01 1.9654845539170632e-03
1014 31 -9 2.3780273437499999e-01 1.8854829406330720e-03 2.3780053506282806e-01 1.8858637175422329e-03
1015 31 -8 2.4891250000000001e-01 1.7949075053151674e-03 2.4891030068782807e-01 1.7952813616008976e-03
1016 31 -7 2.6320039062500000e-01 1.6936266781483790e-03 2.6319819131282807e-01 1.6939942138484566e-03
1017 31 -6 2.8100351562499998e-01 1.5831221732432498e-03 2.8100131631282804e-01 1.5834751448956040e-03
1018 31 -5 3.0381718749999997e-01 1.4577691455068592e-03 3.0381498818782804e-01 1.4581037268263199e-03
1019 31 -4 3.3276718750000001e-01 1.3154990994353564e-03 3.3276498818782807e-01 1.3158408512615157e-03
1020 31 -3 3.7035078124999998e-01 1.1540141653318752e-03 3.7034858193782805e-01 1.1543342135146809e-03
1021 31 -2 4.2260312500000002e-01 9.7027259932051444e-04 4.2260092568782809e-01 9.7057025424849240e-04
1022 31 -1 4.9858398437500001e-01 7.5560375376223740e-04 4.9858178506282808e-01 7.5587162471344664e-04
1023 31 0 6.0652695312500005e-01 5.2793993092344201e-04 6.0652475381282811e-01 5.2828107188013381e-04
