tau_real	tau_imag	v4_value	u4_value	w4_value	v4_over_u4_value	w4_over_u4_value	v4_log_residual	u4_log_residual	w4_log_residual	v4_over_u4_log_residual	w4_over_u4_log_residual	v4_chi2	u4_chi2	w4_chi2	v4_over_u4_chi2	w4_over_u4_chi2	corr_score	ratio_score	total_score
0.0246511628	0.5854649011	0.7873404278	0.8801529800	0.7766659462	0.8945495222	0.8824215378	-0.0763957769	-0.0074158365	-0.0592208424	-0.0689799403	-0.0518050059	0.0058363147	0.0000549946	0.0035071082	0.0047582322	0.0026837586	0.0093984175	0.0074419908	0.0168404083
0.0246511628	0.5921315678	0.7899563146	0.8804106251	0.7789389002	0.8972589518	0.8847450020	-0.0730788497	-0.0071231518	-0.0562985635	-0.0659556979	-0.0491754116	0.0053405183	0.0000507393	0.0031695282	0.0043501541	0.0024182211	0.0085607858	0.0067683752	0.0153291610
0.0246511628	0.5987982344	0.7925156125	0.8806643729	0.7811511698	0.8999065216	0.8870021246	-0.0698442897	-0.0068349780	-0.0534624822	-0.0630093118	-0.0466275042	0.0048782248	0.0000467169	0.0028582370	0.0039701734	0.0021741242	0.0077831787	0.0061442975	0.0139274763
0.0246511628	0.6054649011	0.7950203918	0.8809142668	0.7833048756	0.9024946260	0.8891953566	-0.0666887312	-0.0065512621	-0.0507091838	-0.0601374691	-0.0441579217	0.0044473869	0.0000429190	0.0025714213	0.0036165152	0.0019499221	0.0070617272	0.0055664372	0.0126281645
0.0246511628	0.6121315678	0.7974726370	0.8811603498	0.7854020504	0.9050255577	0.8913270446	-0.0636089725	-0.0062719516	-0.0480354198	-0.0573370209	-0.0417634682	0.0040461014	0.0000393374	0.0023074016	0.0032875340	0.0017441873	0.0063928403	0.0050317212	0.0114245616
0.0246511628	0.6187982344	0.7998742507	0.8814026648	0.7874446432	0.9075015117	0.8933994356	-0.0606019670	-0.0059969941	-0.0454380987	-0.0546049729	-0.0394411046	0.0036725984	0.0000359639	0.0020646208	0.0029817031	0.0015556007	0.0057731831	0.0045373038	0.0103104869
0.0246511628	0.6254649011	0.8022270569	0.8816412542	0.7894345227	0.9099245901	0.8954146813	-0.0576648145	-0.0057263378	-0.0429142775	-0.0519384767	-0.0371879397	0.0033252308	0.0000327909	0.0018416352	0.0026976054	0.0013829429	0.0051996570	0.0040805482	0.0092802052
0.0246511628	0.6321315678	0.8045328049	0.8818761602	0.7913734806	0.9122968067	0.8973748428	-0.0547947533	-0.0054599316	-0.0404611537	-0.0493348217	-0.0350012221	0.0030024650	0.0000298109	0.0016371050	0.0024339246	0.0012250855	0.0046693808	0.0036590102	0.0083283910
0.0246511628	0.6387982344	0.8067931720	0.8821074243	0.7932632354	0.9146200902	0.8992818941	-0.0519891526	-0.0051977250	-0.0380760573	-0.0467914276	-0.0328783324	0.0027028720	0.0000270163	0.0014497861	0.0021894377	0.0010809847	0.0041796745	0.0032704224	0.0074500969
0.0246511628	0.6454649011	0.8090097674	0.8823350874	0.7951054350	0.9168962891	0.9011377269	-0.0492455052	-0.0049396683	-0.0357564441	-0.0443058369	-0.0308167758	0.0024251198	0.0000244003	0.0012785233	0.0019630072	0.0009496737	0.0037280434	0.0029126809	0.0066407243
0.0246511628	0.6521315678	0.8111841344	0.8825591897	0.7969016604	0.9191271746	0.9029441534	-0.0465614211	-0.0046857128	-0.0334998887	-0.0418757083	-0.0288141759	0.0021679659	0.0000219559	0.0011222425	0.0017535749	0.0008302567	0.0033121644	0.0025838317	0.0058959961
0.0246511628	0.6587982344	0.8133177540	0.8827797706	0.7986534281	0.9213144445	0.9047029108	-0.0439346211	-0.0044358108	-0.0313040781	-0.0394988104	-0.0268682673	0.0019302509	0.0000196764	0.0009799453	0.0015601560	0.0007219038	0.0029298727	0.0022820598	0.0052119325
0.0246511628	0.6654649011	0.8154120469	0.8829968688	0.8003621931	0.9234597265	0.9064156639	-0.0413629311	-0.0041899154	-0.0291668061	-0.0371730157	-0.0249768907	0.0017108921	0.0000175554	0.0008507026	0.0013818331	0.0006238451	0.0025791500	0.0020056782	0.0045848282
0.0246511628	0.6721315678	0.8174683771	0.8832105220	0.8020293516	0.9255645814	0.9080840090	-0.0388442761	-0.0039479809	-0.0270859674	-0.0348962951	-0.0231379865	0.0015088778	0.0000155866	0.0007336496	0.0012177514	0.0005353664	0.0022581140	0.0017531178	0.0040112318
0.0246511628	0.6787982344	0.8194880534	0.8834207670	0.8036562436	0.9276305063	0.9097094767	-0.0363766754	-0.0037099629	-0.0250595525	-0.0326667126	-0.0213495896	0.0013232625	0.0000137638	0.0006279812	0.0010671141	0.0004558050	0.0019650075	0.0015229191	0.0034879266
0.0246511628	0.6854649011	0.8214723325	0.8836276398	0.8052441553	0.9296589372	0.9112935347	-0.0339582379	-0.0034758178	-0.0230856427	-0.0304824201	-0.0196098249	0.0011531619	0.0000120813	0.0005329469	0.0009291779	0.0003845452	0.0016981901	0.0013137232	0.0030119133
0.0246511628	0.6921315678	0.8234224211	0.8838311754	0.8067943211	0.9316512520	0.9128375912	-0.0315871568	-0.0032455035	-0.0211624053	-0.0283416532	-0.0179169018	0.0009977485	0.0000105333	0.0004478474	0.0008032493	0.0003210154	0.0014561292	0.0011242647	0.0025803938
0.0246511628	0.6987982344	0.8253394778	0.8840314076	0.8083079266	0.9336087731	0.9143429969	-0.0292617057	-0.0030189789	-0.0192880894	-0.0262427268	-0.0162691106	0.0008562474	0.0000091142	0.0003720304	0.0006886807	0.0002646840	0.0012373920	0.0009533647	0.0021907567
0.0246511628	0.7054649011	0.8272246157	0.8842283694	0.8097861099	0.9355327699	0.9158110482	-0.0269802344	-0.0027962041	-0.0174610217	-0.0241840303	-0.0146648176	0.0007279330	0.0000078188	0.0003048873	0.0005848673	0.0002150569	0.0010406391	0.0007999242	0.0018405633
0.0246511628	0.7121315678	0.8290789040	0.8844220929	0.8112299642	0.9374244613	0.9172429892	-0.0247411653	-0.0025771405	-0.0156796023	-0.0221640247	-0.0131024618	0.0006121253	0.0000066417	0.0002458499	0.0004912440	0.0001716745	0.0008646168	0.0006629185	0.0015275353
0.0246511628	0.7187982344	0.8309033700	0.8846126088	0.8126405395	0.9392850178	0.9186400142	-0.0225429891	-0.0023617508	-0.0139423016	-0.0201812383	-0.0115805508	0.0005081864	0.0000055779	0.0001943878	0.0004072824	0.0001341092	0.0007081520	0.0005413915	0.0012495435
0.0246511628	0.7254649011	0.8326990010	0.8847999471	0.8140188446	0.9411155637	0.9200032700	-0.0203842621	-0.0021499988	-0.0122476563	-0.0182342633	-0.0100976574	0.0004155181	0.0000046225	0.0001500051	0.0003324884	0.0001019627	0.0005701457	0.0004344510	0.0010045968
0.0246511628	0.7321315678	0.8344667459	0.8849841367	0.8153658486	0.9429171793	0.9213338577	-0.0182636024	-0.0019418496	-0.0105942661	-0.0163217528	-0.0086524165	0.0003335592	0.0000037708	0.0001122385	0.0002663996	0.0000748643	0.0004495684	0.0003412639	0.0007908324
0.0246511628	0.7387982344	0.8362075171	0.8851652054	0.8166824830	0.9446909029	0.9226328351	-0.0161796871	-0.0017372695	-0.0089807910	-0.0144424176	-0.0072435215	0.0002617823	0.0000030181	0.0000806546	0.0002085834	0.0000524686	0.0003454550	0.0002610520	0.0006065070
0.0246511628	0.7454649011	0.8379221917	0.8853431801	0.8179696430	0.9464377324	0.9239012186	-0.0141312494	-0.0015362259	-0.0074059480	-0.0125950235	-0.0058697221	0.0001996922	0.0000023600	0.0000548481	0.0001586346	0.0000344536	0.0002569003	0.0001930883	0.0004499885
0.0246511628	0.7521315678	0.8396116134	0.8855180866	0.8192281890	0.9481586273	0.9251399847	-0.0121170757	-0.0013386875	-0.0058685085	-0.0107783881	-0.0045298209	0.0001468235	0.0000017921	0.0000344394	0.0001161737	0.0000205193	0.0001830550	0.0001366929	0.0003197479
0.0246511628	0.7587982344	0.8412765936	0.8856899497	0.8204589486	0.9498545104	0.9263500719	-0.0101360032	-0.0011446243	-0.0043672955	-0.0089913788	-0.0032226711	0.0001027386	0.0000013102	0.0000190733	0.0000808449	0.0000103856	0.0001231220	0.0000912305	0.0002143525
0.0246511628	0.7654649011	0.8429179129	0.8858587934	0.8216627173	0.9515262694	0.9275323826	-0.0081869173	-0.0009540073	-0.0029011813	-0.0072329100	-0.0019471740	0.0000670256	0.0000009101	0.0000084169	0.0000523150	0.0000037915	0.0000763526	0.0000561065	0.0001324591
0.0246511628	0.7721315678	0.8445363226	0.8860246405	0.8228402603	0.9531747584	0.9286877844	-0.0062687495	-0.0007668087	-0.0014690851	-0.0055019408	-0.0007022765	0.0000392972	0.0000005880	0.0000021582	0.0000302714	0.0000004932	0.0000420434	0.0000307645	0.0000728080
0.0246511628	0.7787982344	0.8461325457	0.8861875130	0.8239923138	0.9548007993	0.9298171117	-0.0043804749	-0.0005830017	-0.0000699707	-0.0037974732	0.0005130310	0.0000191886	0.0000003399	0.0000000049	0.0000144208	0.0000002632	0.0000195333	0.0000146840	0.0000342174
0.0246511628	0.7854649011	0.8477072782	0.8863474319	0.8251195857	0.9564051834	0.9309211671	-0.0025211103	-0.0004025608	0.0012971556	-0.0021185495	0.0016997164	0.0000063560	0.0000001621	0.0000016826	0.0000044883	0.0000028890	0.0000082007	0.0000073773	0.0000155780
0.0246511628	0.7921315678	0.8492611901	0.8865044174	0.8262227577	0.9579886726	0.9320007228	-0.0006897122	-0.0002254614	0.0026332470	-0.0004642508	0.0028587084	0.0000004757	0.0000000508	0.0000069340	0.0000002155	0.0000081722	0.0000074605	0.0000083877	0.0000158483
0.0246511628	0.7987982344	0.8507949267	0.8866584886	0.8273024856	0.9595520008	0.9330565220	0.0011146247	-0.0000516802	0.0039392180	0.0011663049	0.0039908981	0.0000012424	0.0000000027	0.0000155174	0.0000013603	0.0000159273	0.0000167625	0.0000172875	0.0000340500
0.0246511628	0.8054649011	0.8523091096	0.8868096640	0.8283594005	0.9610958746	0.9340892800	0.0028927701	0.0001188054	0.0052159462	0.0027739647	0.0050971408	0.0000083681	0.0000000141	0.0000272061	0.0000076949	0.0000259808	0.0000355883	0.0000336757	0.0000692641
0.0246511628	0.8121315678	0.8538043376	0.8869579610	0.8293941105	0.9626209754	0.9350996856	0.0046455590	0.0002860168	0.0064642742	0.0043595422	0.0061782574	0.0000215812	0.0000000818	0.0000417868	0.0000190056	0.0000381709	0.0000634499	0.0000571765	0.0001206263
0.0246511628	0.8187982344	0.8552811876	0.8871033965	0.8304072007	0.9641279596	0.9360884018	0.0063737936	0.0004499744	0.0076850111	0.0059238192	0.0072350366	0.0000406252	0.0000002025	0.0000590594	0.0000350916	0.0000523458	0.0000998871	0.0000874374	0.0001873245
0.0246511628	0.8254649011	0.8567402156	0.8872459862	0.8313992347	0.9656174600	0.9370560675	0.0080782447	0.0006106978	0.0088789337	0.0074675468	0.0082682359	0.0000652580	0.0000003730	0.0000788355	0.0000557643	0.0000683637	0.0001444665	0.0001241280	0.0002685944
0.0246511628	0.8321315678	0.8581819576	0.8873857454	0.8323707557	0.9670900869	0.9380032979	0.0097596532	0.0007682056	0.0100467887	0.0089914476	0.0092785831	0.0000952508	0.0000005901	0.0001009380	0.0000808461	0.0000860921	0.0001967789	0.0001669382	0.0003637172
0.0246511628	0.8387982344	0.8596069305	0.8875226883	0.8333222866	0.9685464290	0.9389306860	0.0114187316	0.0009225155	0.0111892934	0.0104962160	0.0102667779	0.0001303874	0.0000008510	0.0001252003	0.0001101706	0.0001054067	0.0002564388	0.0002155773	0.0004720160
0.0246511628	0.8454649011	0.8610156325	0.8876568288	0.8342543317	0.9699870542	0.9398388033	0.0130561648	0.0010736444	0.0123071373	0.0119825204	0.0112334929	0.0001704634	0.0000011527	0.0001514656	0.0001435808	0.0001261914	0.0003230818	0.0002697722	0.0005928539
0.0246511628	0.8521315678	0.8624085443	0.8877881797	0.8351673767	0.9714125104	0.9407282005	0.0146726121	0.0012216083	0.0134009833	0.0134510038	0.0121793750	0.0002152855	0.0000014923	0.0001795864	0.0001809295	0.0001483372	0.0003963642	0.0003292667	0.0007256309
0.0246511628	0.8587982344	0.8637861296	0.8879167533	0.8360618901	0.9728233265	0.9415994089	0.0162687074	0.0013664225	0.0144714689	0.0149022849	0.0131050464	0.0002646708	0.0000018671	0.0002094234	0.0002220781	0.0001717422	0.0004759614	0.0003938203	0.0008697817
0.0246511628	0.8654649011	0.8651488359	0.8880425613	0.8369383233	0.9742200133	0.9424529406	0.0178450612	0.0015081014	0.0155192074	0.0163369597	0.0140111059	0.0003184462	0.0000022744	0.0002408458	0.0002668963	0.0001963111	0.0005615664	0.0004632073	0.0010247737
0.0246511628	0.8721315678	0.8664970950	0.8881656147	0.8377971119	0.9756030639	0.9432892898	0.0194022610	0.0016466588	0.0165447887	0.0177556021	0.0148981299	0.0003764477	0.0000027115	0.0002737300	0.0003152614	0.0002219543	0.0006528892	0.0005372157	0.0011901049
0.0246511628	0.8787982344	0.8678313236	0.8882859239	0.8386386759	0.9769729547	0.9441089331	0.0209408726	0.0017821077	0.0175487806	0.0191587649	0.0157666730	0.0004385201	0.0000031759	0.0003079597	0.0003670583	0.0002485880	0.0007496558	0.0006156462	0.0013653020
0.0246511628	0.8854649011	0.8691519244	0.8884034986	0.8394634204	0.9783301458	0.9449123306	0.0224614410	0.0019144603	0.0185317299	0.0205469807	0.0166172696	0.0005045163	0.0000036652	0.0003434250	0.0004221784	0.0002761336	0.0008516065	0.0006983121	0.0015499186
0.0246511628	0.8921315678	0.8704592858	0.8885183483	0.8402717365	0.9796750821	0.9456999263	0.0239644915	0.0020437285	0.0194941627	0.0219207630	0.0174504343	0.0005742969	0.0000041768	0.0003800224	0.0004805199	0.0003045177	0.0009584961	0.0007850375	0.0017435336
0.0246511628	0.8987982344	0.8717537834	0.8886304816	0.8410640014	0.9810081934	0.9464721487	0.0254505299	0.0021699231	0.0204365860	0.0232806069	0.0182666629	0.0006477295	0.0000047086	0.0004176540	0.0005419867	0.0003336710	0.0010700921	0.0008756576	0.0019457497
0.0246511628	0.9054649011	0.8730357798	0.8887399068	0.8418405794	0.9823298955	0.9472294120	0.0269200442	0.0022930546	0.0213594880	0.0246269896	0.0190664334	0.0007246888	0.0000052581	0.0004562277	0.0006064886	0.0003635289	0.0011861746	0.0009700175	0.0021561921
0.0246511628	0.9121315678	0.8743056254	0.8888466317	0.8426018220	0.9836405902	0.9479721157	0.0283735047	0.0024131330	0.0222633392	0.0259603717	0.0198502062	0.0008050558	0.0000058232	0.0004956563	0.0006739409	0.0003940307	0.0013065353	0.0010679716	0.0023745068
0.0246511628	0.9187982344	0.8755636590	0.8889506634	0.8433480688	0.9849406666	0.9487006462	0.0298113650	0.0025301674	0.0231485932	0.0272811976	0.0206184257	0.0008887175	0.0000064017	0.0005358574	0.0007442637	0.0004251195	0.0014309766	0.0011693832	0.0026003598
0.0246511628	0.9254649011	0.8768102079	0.8890520090	0.8440796478	0.9862305007	0.9494153765	0.0312340628	0.0026441667	0.0240156869	0.0285898961	0.0213715202	0.0009755667	0.0000069916	0.0005767532	0.0008173822	0.0004567419	0.0015593115	0.0012741240	0.0028334355
0.0246511628	0.9321315678	0.8780455889	0.8891506747	0.8447968757	0.9875104568	0.9501166672	0.0326420202	0.0027551392	0.0248650420	0.0298868811	0.0221099029	0.0010655015	0.0000075908	0.0006182703	0.0008932257	0.0004888478	0.0016913626	0.0013820735	0.0030734361
0.0246511628	0.9387982344	0.8792701079	0.8892466666	0.8455000586	0.9887808872	0.9508048670	0.0340356449	0.0028630925	0.0256970651	0.0311725524	0.0228339726	0.0011584251	0.0000081973	0.0006603392	0.0009717280	0.0005213903	0.0018269616	0.0014931183	0.0033200799
0.0246511628	0.9454649011	0.8804840613	0.8893399905	0.8461894925	0.9900421332	0.9514803129	0.0354153303	0.0029680341	0.0265121483	0.0324472962	0.0235441142	0.0012542456	0.0000088092	0.0007028940	0.0010528270	0.0005543253	0.0019659489	0.0016071523	0.0035731012
0.0246511628	0.9521315678	0.8816877355	0.8894306516	0.8468654631	0.9912945253	0.9521433308	0.0367814563	0.0030699708	0.0273106701	0.0337114855	0.0242406992	0.0013528755	0.0000094247	0.0007458727	0.0011364643	0.0005876115	0.0021081729	0.0017240758	0.0038322487
0.0246511628	0.9587982344	0.8828814078	0.8895186548	0.8475282469	0.9925383836	0.9527942358	0.0381343899	0.0031689092	0.0280929958	0.0349654807	0.0249240865	0.0014542317	0.0000100420	0.0007892164	0.0012225848	0.0006212101	0.0022534901	0.0018437949	0.0040972850
0.0246511628	0.9654649011	0.8840653465	0.8896040048	0.8481781114	0.9937740183	0.9534333330	0.0394744857	0.0032648554	0.0288594781	0.0362096303	0.0255946227	0.0015582350	0.0000106593	0.0008328695	0.0013111373	0.0006550847	0.0024017638	0.0019662220	0.0043679858
0.0246511628	0.9721315678	0.8852398116	0.8896867059	0.8488153149	0.9950017300	0.9540609175	0.0408020862	0.0033578151	0.0296104576	0.0374442711	0.0262526425	0.0016648102	0.0000112749	0.0008767792	0.0014020734	0.0006892012	0.0025528644	0.0020912747	0.0046441390
0.0246511628	0.9787982344	0.8864050545	0.8897667622	0.8494401078	0.9962218101	0.9546772748	0.0421175226	0.0034477937	0.0303462631	0.0386697290	0.0268984695	0.0017738857	0.0000118873	0.0009208957	0.0014953479	0.0007235277	0.0027066687	0.0022188756	0.0049255443
0.0246511628	0.9854649011	0.8875613189	0.8898441776	0.8500527320	0.9974345411	0.9552826814	0.0434211151	0.0035347962	0.0310672126	0.0398863189	0.0275324164	0.0018853932	0.0000124948	0.0009651717	0.0015909184	0.0007580340	0.0028630597	0.0023489524	0.0052120121
0.0273178295	0.5854649011	0.7874187476	0.8801623150	0.7766427797	0.8946290181	0.8823858583	-0.0762963078	-0.0074052306	-0.0592506709	-0.0688910773	-0.0518454404	0.0058211266	0.0000548374	0.0035106420	0.0047459805	0.0026879497	0.0093866060	0.0074339302	0.0168205362
0.0273178295	0.5921315678	0.7900316667	0.8804197275	0.7789118629	0.8973352618	0.8847051453	-0.0729834666	-0.0071128130	-0.0563332745	-0.0658706536	-0.0492204615	0.0053265864	0.0000505921	0.0031734378	0.0043389430	0.0024226538	0.0085506163	0.0067615968	0.0153122131
0.0273178295	0.5987982344	0.7925881401	0.8806732503	0.7811204534	0.8999798050	0.8869583051	-0.0697527782	-0.0068248977	-0.0535018049	-0.0629278805	-0.0466769073	0.0048654501	0.0000465792	0.0028624431	0.0039599181	0.0021787337	0.0077744724	0.0061386518	0.0139131242
0.0273178295	0.6054649011	0.7950902305	0.8809229265	0.7832706632	0.9025650333	0.8891477786	-0.0666008900	-0.0065414319	-0.0507528618	-0.0600594581	-0.0442114299	0.0044356785	0.0000427903	0.0025758530	0.0036071385	0.0019546505	0.0070543219	0.0055617890	0.0126161109
0.0273178295	0.6121315678	0.7975399147	0.8811687987	0.7853645166	0.9050932305	0.8912759028	-0.0635246125	-0.0062623632	-0.0480832102	-0.0572622492	-0.0418208470	0.0040353764	0.0000392172	0.0023119951	0.0032789652	0.0017489832	0.0063865887	0.0050279484	0.0114145371
0.0273178295	0.6187982344	0.7999390883	0.8814109098	0.7874039549	0.9075665838	0.8933449156	-0.0605209104	-0.0059876397	-0.0454897714	-0.0545332707	-0.0395021318	0.0036627806	0.0000358518	0.0020693193	0.0029738776	0.0015604184	0.0057679517	0.0045342960	0.0103022478
0.0273178295	0.6254649011	0.8022895690	0.8816493020	0.7893908390	0.9099871878	0.8953569602	-0.0575868943	-0.0057172097	-0.0429696145	-0.0518696846	-0.0372524048	0.0033162504	0.0000326865	0.0018463878	0.0026904642	0.0013877417	0.0051953247	0.0040782058	0.0092735305
0.0273178295	0.6321315678	0.8045930996	0.8818840171	0.7913269538	0.9123570492	0.8973140894	-0.0547198123	-0.0054510223	-0.0405199479	-0.0492687900	-0.0350689256	0.0029942579	0.0000297136	0.0016418662	0.0024274137	0.0012298295	0.0046658377	0.0036572432	0.0083230809
0.0273178295	0.6387982344	0.8068513519	0.8821150966	0.7932140108	0.9146780902	0.8992182697	-0.0519170427	-0.0051890273	-0.0381381125	-0.0467280154	-0.0329490851	0.0026953793	0.0000269260	0.0014545156	0.0021835074	0.0010856422	0.0041768210	0.0032691496	0.0074459706
0.0273178295	0.6454649011	0.8090659293	0.8823425811	0.7950536518	0.9169521529	0.9010713852	-0.0491760871	-0.0049311753	-0.0358215738	-0.0442449118	-0.0308903985	0.0024182875	0.0000243165	0.0012831851	0.0019576122	0.0009542167	0.0037257892	0.0029118289	0.0066376181
0.0273178295	0.6521315678	0.8112383702	0.8825665106	0.7968474513	0.9191810027	0.9028752414	-0.0464945633	-0.0046774177	-0.0335679157	-0.0418171456	-0.0288904980	0.0021617444	0.0000218782	0.0011268050	0.0017486737	0.0008346609	0.0033104276	0.0025833345	0.0058937622
0.0273178295	0.6587982344	0.8133701506	0.8827869244	0.7985969204	0.9213663321	0.9046315688	-0.0438701998	-0.0044277070	-0.0313748343	-0.0394424928	-0.0269471273	0.0019245944	0.0000196046	0.0009843802	0.0015557102	0.0007261477	0.0029285793	0.0022818579	0.0052104372
0.0273178295	0.6654649011	0.8154626870	0.8830038610	0.8003035083	0.9235097636	0.9063420260	-0.0413008294	-0.0041819966	-0.0292401315	-0.0371188328	-0.0250581349	0.0017057585	0.0000174891	0.0008549853	0.0013778077	0.0006279101	0.0025782329	0.0020057179	0.0045839508
0.0273178295	0.6721315678	0.8175173386	0.8832173579	0.8019686062	0.9256128532	0.9080082033	-0.0387843838	-0.0039402411	-0.0271617099	-0.0348441426	-0.0232214688	0.0015042284	0.0000155255	0.0007377585	0.0012141143	0.0005392366	0.0022575124	0.0017533509	0.0040108633
0.0273178295	0.6787982344	0.8195354105	0.8834274517	0.8035935490	0.9276770933	0.9096316255	-0.0363188884	-0.0037023960	-0.0251375674	-0.0326164924	-0.0214351713	0.0013190617	0.0000137077	0.0006318973	0.0010638356	0.0004594666	0.0019646667	0.0015233021	0.0034879688
0.0273178295	0.6854649011	0.8215181556	0.8836341784	0.8051796180	0.9297039156	0.9112137553	-0.0339024578	-0.0034684182	-0.0231657921	-0.0304340396	-0.0196973739	0.0011493766	0.0000120299	0.0005366539	0.0009262308	0.0003879865	0.0016980605	0.0013142173	0.0030122778
0.0273178295	0.6921315678	0.8234667768	0.8838375725	0.8067280434	0.9316946942	0.9127559956	-0.0315332907	-0.0032382656	-0.0212445582	-0.0282950251	-0.0180062926	0.0009943484	0.0000104864	0.0004513313	0.0008006084	0.0003242266	0.0014561660	0.0011248350	0.0025810011
0.0273178295	0.6987982344	0.8253824295	0.8840376680	0.8082400062	0.9336507475	0.9142596922	-0.0292096657	-0.0030118973	-0.0193721208	-0.0261977684	-0.0163602235	0.0008532046	0.0000090715	0.0003752791	0.0006863231	0.0002676569	0.0012375552	0.0009539800	0.0021915351
0.0273178295	0.7054649011	0.8272662236	0.8842344976	0.8097166406	0.9355733415	0.9157261370	-0.0269299375	-0.0027892736	-0.0175468125	-0.0241406639	-0.0147575389	0.0007252215	0.0000077800	0.0003078906	0.0005827717	0.0002177850	0.0010408922	0.0008005566	0.0018414488
0.0273178295	0.7121315678	0.8291192251	0.8844280931	0.8111590358	0.9374636917	0.9171565695	-0.0246925328	-0.0025703562	-0.0157670393	-0.0221221766	-0.0131966831	0.0006097212	0.0000066067	0.0002485995	0.0004893907	0.0001741524	0.0008649274	0.0006635431	0.0015284706
0.0273178295	0.7187982344	0.8309424587	0.8846184853	0.8125682381	0.9393229652	0.9185521799	-0.0224959466	-0.0023551078	-0.0140312766	-0.0201408387	-0.0116761688	0.0005060676	0.0000055465	0.0001968767	0.0004056534	0.0001363329	0.0007084909	0.0005419863	0.0012504772
0.0273178295	0.7254649011	0.8327369089	0.8848057040	0.8139452526	0.9411522837	0.9199141110	-0.0203387390	-0.0021434924	-0.0123380662	-0.0181952465	-0.0101945738	0.0004136643	0.0000045946	0.0001522279	0.0003310670	0.0001039293	0.0005704867	0.0004349963	0.0010054831
0.0273178295	0.7321315678	0.8345035221	0.8849897779	0.8152910451	0.9429527244	0.9212434600	-0.0182195319	-0.0019354753	-0.0106860126	-0.0162840566	-0.0087505373	0.0003319513	0.0000037461	0.0001141909	0.0002651705	0.0000765719	0.0004498883	0.0003417424	0.0007916307
0.0273178295	0.7387982344	0.8362432083	0.8851707347	0.8166065438	0.9447253230	0.9225412813	-0.0161370059	-0.0017310229	-0.0090737804	-0.0144059830	-0.0073427575	0.0002604030	0.0000029964	0.0000823335	0.0002075323	0.0000539161	0.0003457329	0.0002614484	0.0006071813
0.0273178295	0.7454649011	0.8379568423	0.8853486012	0.8178926407	0.9464710750	0.9238085875	-0.0140898973	-0.0015301028	-0.0075000907	-0.0125597946	-0.0059699880	0.0001985252	0.0000023412	0.0000562514	0.0001577484	0.0000356408	0.0002571178	0.0001933892	0.0004505070
0.0273178295	0.7521315678	0.8396452655	0.8855234030	0.8191501935	0.9481909374	0.9250463520	-0.0120769959	-0.0013326838	-0.0059637192	-0.0107443120	-0.0046310353	0.0001458538	0.0000017760	0.0000355659	0.0001154402	0.0000214465	0.0001831958	0.0001368867	0.0003200826
0.0273178295	0.7587982344	0.8413092876	0.8856951649	0.8203800266	0.9498858309	0.9262555100	-0.0100971416	-0.0011387361	-0.0044634926	-0.0089584054	-0.0033247565	0.0001019523	0.0000012967	0.0000199228	0.0000802530	0.0000110540	0.0001231718	0.0000913070	0.0002144788
0.0273178295	0.7654649011	0.8429496871	0.8858639106	0.8215829330	0.9515566409	0.9274369609	-0.0081492225	-0.0009482308	-0.0029982871	-0.0072009917	-0.0020500563	0.0000664098	0.0000008991	0.0000089897	0.0000518543	0.0000042027	0.0000762987	0.0000560570	0.0001323557
0.0273178295	0.7721315678	0.8445672135	0.8860296630	0.8227596753	0.9532042197	0.9285915694	-0.0062321728	-0.0007611401	-0.0015670252	-0.0054710326	-0.0008058851	0.0000388400	0.0000005793	0.0000024556	0.0000299322	0.0000006495	0.0000418749	0.0000305816	0.0000724565
0.0273178295	0.7787982344	0.8461625882	0.8861924438	0.8239109869	0.9548293873	0.9297201671	-0.0043449699	-0.0005774376	-0.0001686741	-0.0037675323	0.0004087635	0.0000188788	0.0000003334	0.0000000285	0.0000141943	0.0000001671	0.0000192406	0.0000143614	0.0000336020
0.0273178295	0.7854649011	0.8477365053	0.8863522741	0.8250375738	0.9564329332	0.9308235539	-0.0024866330	-0.0003970977	0.0011977566	-0.0020895353	0.0015948544	0.0000061833	0.0000001577	0.0000014346	0.0000043662	0.0000025436	0.0000077757	0.0000069097	0.0000146854
0.0273178295	0.7921315678	0.8492896335	0.8865091737	0.8261401149	0.9580156175	0.9319024996	-0.0006562208	-0.0002200961	0.0025332172	-0.0004361247	0.0027533133	0.0000004306	0.0000000484	0.0000064172	0.0000001902	0.0000075807	0.0000068963	0.0000077709	0.0000146672
0.0273178295	0.7987982344	0.8508226166	0.8866631620	0.8272192641	0.9595781726	0.9329577449	0.0011471702	-0.0000464094	0.0038386192	0.0011935796	0.0038850286	0.0000013160	0.0000000022	0.0000147350	0.0000014246	0.0000150934	0.0000160532	0.0000165181	0.0000325712
0.0273178295	0.8054649011	0.8523360748	0.8868142570	0.8282756504	0.9611213036	0.9339900028	0.0029244074	0.0001239847	0.0051148374	0.0028004227	0.0049908527	0.0000085522	0.0000000154	0.0000261616	0.0000078424	0.0000249086	0.0000347291	0.0000327510	0.0000674801
0.0273178295	0.8121315678	0.8538306055	0.8869624764	0.8293098796	0.9626456905	0.9349999597	0.0046763243	0.0002911076	0.0063627120	0.0043852167	0.0060716044	0.0000218680	0.0000000847	0.0000404841	0.0000192301	0.0000368644	0.0000624369	0.0000560945	0.0001185314
0.0273178295	0.8187982344	0.8553067844	0.8871078366	0.8303225351	0.9641519882	0.9359882766	0.0064037212	0.0004549796	0.0075830492	0.0059487416	0.0071280696	0.0000410076	0.0000002070	0.0000575026	0.0000353875	0.0000508094	0.0000987173	0.0000861969	0.0001849142
0.0273178295	0.8254649011	0.8567651664	0.8872503535	0.8313141787	0.9656408285	0.9369555903	0.0081073672	0.0006156201	0.0087766238	0.0074917471	0.0081610037	0.0000657294	0.0000003790	0.0000770291	0.0000561263	0.0000666020	0.0001431375	0.0001227283	0.0002658658
0.0273178295	0.8321315678	0.8582062864	0.8873900422	0.8322853515	0.9671128203	0.9379025140	0.0097880020	0.0007730477	0.0099441799	0.0090149543	0.0091711322	0.0000958050	0.0000005976	0.0000988867	0.0000812694	0.0000841097	0.0001952893	0.0001653791	0.0003606684
0.0273178295	0.8387982344	0.8596306600	0.8875269169	0.8332365750	0.9685685511	0.9388296390	0.0114463362	0.0009272800	0.0110864328	0.0105190563	0.0101591528	0.0001310186	0.0000008598	0.0001229090	0.0001106505	0.0001032084	0.0002547875	0.0002138589	0.0004686464
0.0273178295	0.8454649011	0.8610387846	0.8876609913	0.8341683516	0.9700085878	0.9397375346	0.0130830538	0.0010783337	0.0122040697	0.0120047201	0.0111257360	0.0001711663	0.0000011628	0.0001489393	0.0001441133	0.0001237820	0.0003212684	0.0002678953	0.0005891637
0.0273178295	0.8521315678	0.8624311399	0.8877922782	0.8350811655	0.9714334772	0.9406267502	0.0146988123	0.0012262249	0.0132977517	0.0134725874	0.0120715269	0.0002160551	0.0000015036	0.0001768302	0.0001815106	0.0001457218	0.0003943889	0.0003272324	0.0007216213
0.0273178295	0.8587982344	0.8638081886	0.8879207899	0.8359754837	0.9728437474	0.9414978152	0.0162942447	0.0013709686	0.0143681143	0.0149232761	0.0129971457	0.0002655024	0.0000018796	0.0002064427	0.0002227042	0.0001689258	0.0004738247	0.0003916300	0.0008654546
0.0273178295	0.8654649011	0.8651703774	0.8880465378	0.8368517562	0.9742399081	0.9423512401	0.0178699601	0.0015125793	0.0154157689	0.0163573808	0.0139031896	0.0003193355	0.0000022879	0.0002376459	0.0002675639	0.0001932987	0.0005592693	0.0004608626	0.0010201319
0.0273178295	0.8721315678	0.8665181373	0.8881695331	0.8377104170	0.9756224516	0.9431875175	0.0194265450	0.0016510706	0.0164413037	0.0177754744	0.0147902331	0.0003773907	0.0000027260	0.0002703165	0.0003159675	0.0002187510	0.0006504332	0.0005347185	0.0011851516
0.0273178295	0.8787982344	0.8678518842	0.8882897859	0.8385518848	0.9769918534	0.9440071226	0.0209645642	0.0017864554	0.0174452849	0.0191781088	0.0156588295	0.0004395130	0.0000031914	0.0003043380	0.0003677999	0.0002451989	0.0007470423	0.0006129988	0.0013600411
0.0273178295	0.8854649011	0.8691720200	0.8884073061	0.8393765636	0.9783485728	0.9448105141	0.0224845617	0.0019187460	0.0184282574	0.0205658157	0.0165095114	0.0005055555	0.0000036816	0.0003396007	0.0004229528	0.0002725640	0.0008488378	0.0006955167	0.0015443545
0.0273178295	0.8921315678	0.8704789324	0.8885221028	0.8401848429	0.9796930540	0.9455981346	0.0239870616	0.0020479540	0.0193907461	0.0219391076	0.0173427921	0.0005753791	0.0000041941	0.0003760010	0.0004813244	0.0003007724	0.0009555743	0.0007820969	0.0017376712
0.0273178295	0.8987982344	0.8717729964	0.8886341848	0.8409770990	0.9810257261	0.9463704113	0.0254725692	0.0021740903	0.0203332563	0.0232984788	0.0181591659	0.0006488518	0.0000047267	0.0004134413	0.0005428191	0.0003297553	0.0010670198	0.0008725744	0.0019395942
0.0273178295	0.9054649011	0.8730545739	0.8887435603	0.8417536948	0.9823470041	0.9471277570	0.0269415713	0.0022971654	0.0212562748	0.0246444059	0.0189591094	0.0007258483	0.0000052770	0.0004518292	0.0006073467	0.0003594478	0.0011829545	0.0009667946	0.0021497490
0.0273178295	0.9121315678	0.8743240146	0.8888502368	0.8425149808	0.9836572894	0.9478705702	0.0283945375	0.0024171890	0.0221602709	0.0259773485	0.0197430819	0.0008062498	0.0000058428	0.0004910776	0.0006748226	0.0003897893	0.0013031702	0.0010646119	0.0023677821
0.0273178295	0.9187982344	0.8755816569	0.8889542218	0.8432612956	0.9849569701	0.9485992360	0.0298319206	0.0025341703	0.0230456966	0.0272977503	0.0205115262	0.0008899435	0.0000064220	0.0005311041	0.0007451672	0.0004207227	0.0014274696	0.0011658899	0.0025933595
0.0273178295	0.9254649011	0.8768278275	0.8890555219	0.8439929660	0.9862464220	0.9493141263	0.0312541576	0.0026481181	0.0239129878	0.0286060395	0.0212648697	0.0009768224	0.0000070125	0.0005718310	0.0008183055	0.0004521947	0.0015556659	0.0012705002	0.0028261661
0.0273178295	0.9321315678	0.8780628424	0.8891541436	0.8447103078	0.9875260086	0.9500156006	0.0326616700	0.0027590405	0.0247625649	0.0299026295	0.0220035244	0.0010667847	0.0000076123	0.0006131846	0.0008941672	0.0004841551	0.0016875816	0.0013783223	0.0030659039
0.0273178295	0.9387982344	0.8792870074	0.8892500928	0.8454136261	0.9887960817	0.9507040066	0.0340548646	0.0028669453	0.0255948333	0.0311879193	0.0227278880	0.0011597338	0.0000082194	0.0006550955	0.0009726863	0.0005165569	0.0018230487	0.0014892432	0.0033122919
0.0273178295	0.9454649011	0.8805006181	0.8893433751	0.8461032158	0.9900569822	0.9513796802	0.0354341343	0.0029718398	0.0264101840	0.0324622945	0.0234383442	0.0012555779	0.0000088318	0.0006974978	0.0010538006	0.0005493560	0.0019619075	0.0016031565	0.0035650641
0.0273178295	0.9521315678	0.8817039606	0.8894339958	0.8467793620	0.9913090401	0.9520429464	0.0367998585	0.0030737308	0.0272089946	0.0337261277	0.0241352638	0.0013542296	0.0000094478	0.0007403294	0.0011374517	0.0005825110	0.0021040068	0.0017199626	0.0038239694
0.0273178295	0.9587982344	0.8828973117	0.8895219599	0.8474423403	0.9925525749	0.9526941194	0.0381524035	0.0031726248	0.0279916292	0.0349797786	0.0248190044	0.0014556059	0.0000100655	0.0007835313	0.0012235849	0.0006159830	0.0022492027	0.0018395679	0.0040887706
0.0273178295	0.9654649011	0.8840809394	0.8896072718	0.8480924171	0.9937878966	0.9533335034	0.0394921233	0.0032685279	0.0287584397	0.0362235954	0.0254899118	0.0015596278	0.0000106833	0.0008270479	0.0013121489	0.0006497356	0.0023973589	0.0019618845	0.0043592434
0.0273178295	0.9721315678	0.8852551031	0.8896899360	0.8487298502	0.9950153051	0.9539613925	0.0408193600	0.0033614456	0.0295097654	0.0374579143	0.0261483198	0.0016662201	0.0000112993	0.0008708263	0.0014030953	0.0006837346	0.0025483457	0.0020868300	0.0046351757
0.0273178295	0.9787982344	0.8864200540	0.8897699563	0.8493548891	0.9962350916	0.9545780716	0.0421344442	0.0034513835	0.0302459347	0.0386830607	0.0267945512	0.0017753114	0.0000119120	0.0009148166	0.0014963792	0.0007179480	0.0027020400	0.0022143272	0.0049163672
0.0273178295	0.9854649011	0.8875760353	0.8898473367	0.8499677749	0.9974475381	0.9551838162	0.0434376956	0.0035383464	0.0309672642	0.0398993492	0.0274289178	0.0018868334	0.0000125199	0.0009589715	0.0015919581	0.0007523455	0.0028583248	0.0023443036	0.0052026284
0.0299844961	0.5854649011	0.7875050140	0.8801726021	0.7766281076	0.8947165728	0.8823588757	-0.0761867579	-0.0073935428	-0.0592695628	-0.0687932151	-0.0518760200	0.0058044221	0.0000546645	0.0035128811	0.0047325064	0.0026911214	0.0093719676	0.0074236279	0.0167955955
0.0299844961	0.5921315678	0.7901146660	0.8804297585	0.7788930119	0.8974193096	0.8846736544	-0.0728784139	-0.0071014197	-0.0563574765	-0.0657769942	-0.0492560568	0.0053112632	0.0000504302	0.0031761652	0.0043266130	0.0024261591	0.0085378585	0.0067527721	0.0152906306
0.0299844961	0.5987982344	0.7926680302	0.8806830334	0.7810976298	0.9000605213	0.8869225365	-0.0696519869	-0.0068137891	-0.0535310244	-0.0628381978	-0.0467172353	0.0048513993	0.0000464277	0.0028655706	0.0039486391	0.0021825001	0.0077633976	0.0061311392	0.0138945367
0.0299844961	0.6054649011	0.7951671602	0.8809324696	0.7832440637	0.9026425834	0.8891079517	-0.0665041387	-0.0065305988	-0.0507868219	-0.0599735398	-0.0442562231	0.0044228005	0.0000426487	0.0025793013	0.0035968255	0.0019586133	0.0070447505	0.0055554388	0.0126001892
0.0299844961	0.6121315678	0.7976140249	0.8811781097	0.7853343288	0.9051677705	0.8912322267	-0.0634316932	-0.0062517967	-0.0481216489	-0.0571798965	-0.0418698522	0.0040235797	0.0000390850	0.0023156931	0.0032695406	0.0017530845	0.0063783578	0.0050226251	0.0114009828
0.0299844961	0.6187982344	0.8000105123	0.8814199961	0.7873703578	0.9076382607	0.8932975894	-0.0604316277	-0.0059773309	-0.0455324405	-0.0544542968	-0.0395551096	0.0036519816	0.0000357285	0.0020732031	0.0029652704	0.0015646067	0.0057609132	0.0045298771	0.0102907904
0.0299844961	0.6254649011	0.8023584325	0.8816581710	0.7893540035	0.9100561407	0.8953061737	-0.0575010643	-0.0057071502	-0.0430162787	-0.0517939141	-0.0373091285	0.0033063724	0.0000325716	0.0018504002	0.0026826095	0.0013919711	0.0051893442	0.0040745806	0.0092639248
0.0299844961	0.6321315678	0.8046595218	0.8818926758	0.7912870431	0.9124234091	0.8972600235	-0.0546372620	-0.0054412039	-0.0405703844	-0.0491960580	-0.0351291805	0.0029852304	0.0000296067	0.0016459561	0.0024202521	0.0012340593	0.0046607932	0.0036543114	0.0083151046
0.0299844961	0.6387982344	0.8069154455	0.8821235519	0.7931711806	0.9147419811	0.8991610970	-0.0518376092	-0.0051794421	-0.0381921097	-0.0466581671	-0.0330126676	0.0026871377	0.0000268266	0.0014586372	0.0021769846	0.0010898362	0.0041726016	0.0032668208	0.0074394224
0.0299844961	0.6454649011	0.8091278010	0.8823508396	0.7950080509	0.9170136919	0.9010112704	-0.0490996170	-0.0049218156	-0.0358789311	-0.0441778014	-0.0309571155	0.0024107724	0.0000242243	0.0012872977	0.0019516781	0.0009583430	0.0037222943	0.0029100211	0.0066323155
0.0299844961	0.6521315678	0.8112981211	0.8825745788	0.7967992222	0.9192403006	0.9028123416	-0.0464209121	-0.0046682760	-0.0336284426	-0.0417526361	-0.0289601666	0.0021549011	0.0000217928	0.0011308722	0.0017432826	0.0008386912	0.0033075660	0.0025819739	0.0058895399
0.0299844961	0.6587982344	0.8134278765	0.8827948086	0.7985461988	0.9214234934	0.9045660339	-0.0437992312	-0.0044187761	-0.0314383497	-0.0393804551	-0.0270195736	0.0019183727	0.0000195256	0.0009883698	0.0015508202	0.0007300574	0.0029262681	0.0022808776	0.0052071457
0.0299844961	0.6654649011	0.8155184784	0.8830115671	0.8002504243	0.9235648873	0.9062739993	-0.0412324148	-0.0041732696	-0.0293064635	-0.0370591452	-0.0251331939	0.0017001120	0.0000174162	0.0008588688	0.0013733802	0.0006316774	0.0025763970	0.0020050577	0.0045814547
0.0299844961	0.6721315678	0.8175712818	0.8832248917	0.8019132842	0.9256660330	0.9079378216	-0.0387184018	-0.0039317112	-0.0272306951	-0.0347866907	-0.0232989839	0.0014991146	0.0000154584	0.0007415108	0.0012101138	0.0005428427	0.0022560837	0.0017529565	0.0040090402
0.0299844961	0.6787982344	0.8195875870	0.8834348190	0.8035361079	0.9277284179	0.9095590196	-0.0362552246	-0.0036940567	-0.0252090502	-0.0325611680	-0.0215149935	0.0013144413	0.0000136461	0.0006354962	0.0010602297	0.0004628949	0.0019635836	0.0015231246	0.0034867082
0.0299844961	0.6854649011	0.8215686427	0.8836413845	0.8051201717	0.9297534690	0.9111390500	-0.0338410039	-0.0034602631	-0.0232396248	-0.0303807408	-0.0197793617	0.0011452135	0.0000119734	0.0005400802	0.0009229894	0.0003912231	0.0016972671	0.0013142126	0.0030114797
0.0299844961	0.6921315678	0.8235156480	0.8838446229	0.8066667008	0.9317425559	0.9126793103	-0.0314739444	-0.0032302886	-0.0213205998	-0.0282436558	-0.0180903112	0.0009906092	0.0000104348	0.0004545680	0.0007977041	0.0003272594	0.0014556119	0.0011249635	0.0025805754
0.0299844961	0.6987982344	0.8254297545	0.8840445677	0.8081768716	0.9336969930	0.9141811411	-0.0291523304	-0.0030040925	-0.0194502375	-0.0261482378	-0.0164461450	0.0008498584	0.0000090246	0.0003783117	0.0006837303	0.0002704757	0.0012371947	0.0009542060	0.0021914007
0.0299844961	0.7054649011	0.8273120686	0.8842412516	0.8096518139	0.9356180421	0.9156458291	-0.0268745216	-0.0027816354	-0.0176268767	-0.0240928862	-0.0148452413	0.0007222399	0.0000077375	0.0003107068	0.0005804672	0.0002203812	0.0010406842	0.0008008484	0.0018415325
0.0299844961	0.7121315678	0.8291636531	0.8844347062	0.8110926126	0.9375069152	0.9170746093	-0.0246389497	-0.0025628790	-0.0158489294	-0.0220760707	-0.0132860504	0.0006070778	0.0000065683	0.0002511886	0.0004873529	0.0001765191	0.0008648348	0.0006638720	0.0015287068
0.0299844961	0.7187982344	0.8309855293	0.8846249621	0.8125003100	0.9393647760	0.9184686673	-0.0224441145	-0.0023477863	-0.0141148768	-0.0200963282	-0.0117670906	0.0005037383	0.0000055121	0.0001992297	0.0004038624	0.0001384644	0.0007084801	0.0005423268	0.0012508069
0.0299844961	0.7254649011	0.8327786790	0.8848120490	0.8138759075	0.9411927425	0.9198291416	-0.0202885802	-0.0021363214	-0.0124232661	-0.0181522588	-0.0102869447	0.0004116265	0.0000045639	0.0001543375	0.0003295045	0.0001058212	0.0005705279	0.0004353257	0.0010058536
0.0299844961	0.7321315678	0.8345440458	0.8849959954	0.8152203670	0.9429918894	0.9211571253	-0.0181709729	-0.0019284498	-0.0107727069	-0.0162425231	-0.0088442571	0.0003301843	0.0000037189	0.0001160512	0.0002638196	0.0000782209	0.0004499544	0.0003420404	0.0007919948
0.0299844961	0.7387982344	0.8362825368	0.8851768289	0.8165346134	0.9447632490	0.9224536688	-0.0160899769	-0.0017241381	-0.0091618687	-0.0143658388	-0.0074377306	0.0002588874	0.0000029727	0.0000839398	0.0002063773	0.0000553198	0.0003457998	0.0002616972	0.0006074970
0.0299844961	0.7454649011	0.8379950246	0.8853545762	0.8178195353	0.9465078142	0.9237197811	-0.0140443323	-0.0015233540	-0.0075894774	-0.0125209783	-0.0060661233	0.0001972433	0.0000023206	0.0000576002	0.0001567749	0.0000367979	0.0002571640	0.0001935727	0.0004507368
0.0299844961	0.7521315678	0.8396823483	0.8855292626	0.8190759871	0.9482265394	0.9249564318	-0.0120328321	-0.0013260667	-0.0060543128	-0.0107067654	-0.0047282461	0.0001447890	0.0000017585	0.0000366547	0.0001146348	0.0000223563	0.0001832022	0.0001369911	0.0003201933
0.0299844961	0.7587982344	0.8413453150	0.8857009130	0.8203047902	0.9499203429	0.9261645531	-0.0100543194	-0.0011322462	-0.0045552060	-0.0089220732	-0.0034229598	0.0001010893	0.0000012820	0.0000207499	0.0000796034	0.0000117167	0.0001231212	0.0000913200	0.0002144413
0.0299844961	0.7654649011	0.8429847014	0.8858695508	0.8215067347	0.9515901078	0.9273450408	-0.0081076856	-0.0009418639	-0.0030910371	-0.0071658217	-0.0021491732	0.0000657346	0.0000008871	0.0000095545	0.0000513490	0.0000046189	0.0000761762	0.0000559679	0.0001321441
0.0299844961	0.7721315678	0.8446012549	0.8860351988	0.8226825804	0.9532366841	0.9284987566	-0.0061918673	-0.0007548923	-0.0016607324	-0.0054369751	-0.0009058401	0.0000383392	0.0000005699	0.0000027580	0.0000295607	0.0000008205	0.0000416671	0.0000303812	0.0000720484
0.0299844961	0.7787982344	0.8461956949	0.8861978787	0.8238330581	0.9548608897	0.9296265291	-0.0043058449	-0.0005713048	-0.0002632627	-0.0037345401	0.0003080422	0.0000185403	0.0000003264	0.0000000693	0.0000139468	0.0000000949	0.0000189360	0.0000140417	0.0000329777
0.0299844961	0.7854649011	0.8477687139	0.8863576112	0.8249588710	0.9564635123	0.9307291555	-0.0024486400	-0.0003910763	0.0011023591	-0.0020575638	0.0014934354	0.0000059958	0.0000001529	0.0000012152	0.0000042336	0.0000022303	0.0000073640	0.0000064639	0.0000138279
0.0299844961	0.7921315678	0.8493209789	0.8865144164	0.8260606959	0.9580453100	0.9318074028	-0.0006193137	-0.0002141823	0.0024370799	-0.0004051314	0.0026512622	0.0000003835	0.0000000459	0.0000059394	0.0000001641	0.0000070292	0.0000063688	0.0000071933	0.0000135621
0.0299844961	0.7987982344	0.8508531320	0.8866683132	0.8271391839	0.9596070135	0.9328620090	0.0011830352	-0.0000405998	0.0037418080	0.0012236349	0.0037824078	0.0000013996	0.0000000016	0.0000140011	0.0000014973	0.0000143066	0.0000154023	0.0000158039	0.0000312062
0.0299844961	0.8054649011	0.8523657918	0.8868193197	0.8281949622	0.9611493264	0.9338936847	0.0029592721	0.0001296936	0.0050174156	0.0028295786	0.0048877221	0.0000087573	0.0000000168	0.0000251745	0.0000080065	0.0000238898	0.0000339486	0.0000318963	0.0000658449
0.0299844961	0.8121315678	0.8538595543	0.8869674534	0.8292286342	0.9626729268	0.9349031140	0.0047102284	0.0002967189	0.0062647397	0.0044135094	0.0059680207	0.0000221863	0.0000000880	0.0000392470	0.0000194791	0.0000356173	0.0000615213	0.0000550963	0.0001166176
0.0299844961	0.8187982344	0.8553349940	0.8871127308	0.8302407812	0.9641784684	0.9358909555	0.0064367024	0.0004604966	0.0074845840	0.0059762059	0.0070240874	0.0000414311	0.0000002121	0.0000560190	0.0000357150	0.0000493378	0.0000976622	0.0000850528	0.0001827150
0.0299844961	0.8254649011	0.8567926643	0.8872551674	0.8312319631	0.9656665814	0.9368578439	0.0081394618	0.0006210458	0.0086777206	0.0075184160	0.0080566748	0.0000662508	0.0000003857	0.0000753028	0.0000565266	0.0000649100	0.0001419394	0.0001214366	0.0002633760
0.0299844961	0.8321315678	0.8582330990	0.8873947785	0.8322027192	0.9671378735	0.9378043903	0.0098192441	0.0007783850	0.0098448914	0.0090408591	0.0090665064	0.0000964176	0.0000006059	0.0000969219	0.0000817371	0.0000822015	0.0001939453	0.0001639387	0.0003578840
0.0299844961	0.8387982344	0.8596568124	0.8875315780	0.8331535689	0.9685929309	0.9387311838	0.0114767586	0.0009325317	0.0109868090	0.0105442269	0.0100542772	0.0001317160	0.0000008696	0.0001207100	0.0001111807	0.0001010885	0.0002532956	0.0002122692	0.0004655648
0.0299844961	0.8454649011	0.8610643009	0.8876655796	0.8340850130	0.9700323192	0.9396387921	0.0131126877	0.0010835027	0.0121041586	0.0120291850	0.0110206559	0.0001719426	0.0000011740	0.0001465107	0.0001447013	0.0001214549	0.0003196272	0.0002661561	0.0005857834
0.0299844961	0.8521315678	0.8624560430	0.8877967960	0.8349975341	0.9714565844	0.9405277625	0.0147276874	0.0012313136	0.0131975991	0.0134963738	0.0119662854	0.0002169048	0.0000015161	0.0001741766	0.0001821521	0.0001431920	0.0003925975	0.0003253441	0.0007179416
0.0299844961	0.8587982344	0.8638325007	0.8879252394	0.8358915974	0.9728662531	0.9413986227	0.0163223894	0.0013759797	0.0142677639	0.0149464097	0.0128917841	0.0002664204	0.0000018933	0.0002035691	0.0002233952	0.0001661981	0.0004718828	0.0003895933	0.0008614761
0.0299844961	0.8654649011	0.8651941194	0.8880509212	0.8367676514	0.9742618342	0.9422518815	0.0178974016	0.0015175152	0.0153152624	0.0163798864	0.0137977472	0.0003203170	0.0000023029	0.0002345573	0.0002683007	0.0001903778	0.0005571771	0.0004586785	0.0010158556
0.0299844961	0.8721315678	0.8665413292	0.8881738524	0.8376261287	0.9756438190	0.9430880300	0.0194533091	0.0016559337	0.0163406812	0.0177973755	0.0146847475	0.0003784312	0.0000027421	0.0002670179	0.0003167466	0.0002156418	0.0006481912	0.0005323884	0.0011805796
0.0299844961	0.8787982344	0.8678745454	0.8882940431	0.8384674465	0.9770126820	0.9439075416	0.0209906757	0.0017912480	0.0173445844	0.0191994277	0.0155533364	0.0004406085	0.0000032086	0.0003008346	0.0003686180	0.0002419063	0.0007446516	0.0006105243	0.0013551759
0.0299844961	0.8854649011	0.8691941688	0.8884115031	0.8392920073	0.9783688818	0.9447108737	0.0225100441	0.0019234702	0.0183275153	0.0205865739	0.0164040451	0.0005067021	0.0000036997	0.0003358978	0.0004238070	0.0002690927	0.0008462996	0.0006928997	0.0015391994
0.0299844961	0.8921315678	0.8705005867	0.8885262415	0.8401001994	0.9797128616	0.9454984672	0.0240119375	0.0020526120	0.0192899971	0.0219593256	0.0172373852	0.0005765731	0.0000042132	0.0003721040	0.0004822120	0.0002971274	0.0009528903	0.0007793394	0.0017322298
0.0299844961	0.8987982344	0.8717941729	0.8886382670	0.8408923978	0.9810450497	0.9462707482	0.0254968601	0.0021786841	0.0202325336	0.0233181760	0.0180538495	0.0006500899	0.0000047467	0.0004093554	0.0005437373	0.0003259415	0.0010641920	0.0008696788	0.0019338708
0.0299844961	0.9054649011	0.8730752887	0.8887475876	0.8416689642	0.9823658606	0.9470281280	0.0269652979	0.0023016969	0.0211556101	0.0246636010	0.0188539132	0.0007271273	0.0000052978	0.0004475598	0.0006082932	0.0003554700	0.0011799849	0.0009637633	0.0021437482
0.0299844961	0.9121315678	0.8743442835	0.8888542110	0.8424302479	0.9836756946	0.9477710039	0.0284177195	0.0024216602	0.0220596943	0.0259960593	0.0196380342	0.0008075668	0.0000058644	0.0004866301	0.0006757951	0.0003856524	0.0013000613	0.0010614475	0.0023615088
0.0299844961	0.9187982344	0.8756014945	0.8889581444	0.8431765862	0.9849749395	0.9484997595	0.0298545769	0.0025385829	0.0229452370	0.0273159940	0.0204066541	0.0008912958	0.0000064444	0.0005264839	0.0007461635	0.0004164315	0.0014242241	0.0011625951	0.0025868191
0.0299844961	0.9254649011	0.8768472482	0.8890593945	0.8439083050	0.9862639702	0.9492147659	0.0312763062	0.0026524739	0.0238126727	0.0286238323	0.0211601988	0.0009782073	0.0000070356	0.0005670434	0.0008193238	0.0004477540	0.0015522863	0.0012670778	0.0028193641
0.0299844961	0.9321315678	0.8780818599	0.8891579676	0.8446257190	0.9875431497	0.9499163813	0.0326833282	0.0027633412	0.0246624205	0.0299199869	0.0218990793	0.0010681999	0.0000076361	0.0006082350	0.0008952056	0.0004795697	0.0016840710	0.0013747753	0.0030588463
0.0299844961	0.9387982344	0.8793056347	0.8892538697	0.8453291323	0.9888128292	0.9506049522	0.0340760490	0.0028711926	0.0254948846	0.0312048564	0.0226236920	0.0011611771	0.0000082437	0.0006499891	0.0009737431	0.0005118314	0.0018194100	0.0014855745	0.0033049845
0.0299844961	0.9454649011	0.8805188679	0.8893471062	0.8460188388	0.9900733490	0.9512808136	0.0354548607	0.0029760352	0.0263104548	0.0324788255	0.0233344196	0.0012570471	0.0000088568	0.0006922400	0.0010548741	0.0005444951	0.0019581440	0.0015993692	0.0035575132
0.0299844961	0.9521315678	0.8817218449	0.8894376825	0.8466951226	0.9913250385	0.9519442894	0.0368201421	0.0030778758	0.0271095076	0.0337422662	0.0240316317	0.0013557229	0.0000094733	0.0007349254	0.0011385405	0.0005775193	0.0021001216	0.0017160599	0.0038161814
0.0299844961	0.9587982344	0.8829148421	0.8895256034	0.8473582585	0.9925682170	0.9525956928	0.0381722588	0.0031767209	0.0278924060	0.0349955379	0.0247156851	0.0014571213	0.0000100916	0.0007779863	0.0012246877	0.0006108651	0.0022451992	0.0018355528	0.0040807520
0.0299844961	0.9654649011	0.8840981270	0.8896108734	0.8480085119	0.9938031936	0.9532353271	0.0395115643	0.0032725764	0.0286595007	0.0362389879	0.0253869243	0.0015611637	0.0000107098	0.0008213670	0.0013132642	0.0006444959	0.0023932405	0.0019577602	0.0043510006
0.0299844961	0.9721315678	0.8852719586	0.8896934968	0.8486461399	0.9950302681	0.9538634855	0.0408384001	0.0033654480	0.0294111304	0.0374729521	0.0260456824	0.0016677749	0.0000113262	0.0008650146	0.0014042221	0.0006783776	0.0025441158	0.0020825997	0.0046267155
0.0299844961	0.9787982344	0.8864365877	0.8897734776	0.8492713910	0.9962497310	0.9544804519	0.0421530963	0.0034553410	0.0301476222	0.0386977553	0.0266922812	0.0017768835	0.0000119394	0.0009088791	0.0014975163	0.0007124779	0.0026977020	0.0022099941	0.0049076962
0.0299844961	0.9854649011	0.8875922571	0.8898508195	0.8498845057	0.9974618640	0.9550865011	0.0434559720	0.0035422603	0.0308692920	0.0399137117	0.0273270317	0.0018884215	0.0000125476	0.0009529132	0.0015931044	0.0007467667	0.0028538823	0.0023398710	0.0051937533
0.0326511628	0.5854649011	0.7875992004	0.8801838398	0.7766218952	0.8948121571	0.8823405521	-0.0760671641	-0.0073807753	-0.0592775621	-0.0686863888	-0.0518967868	0.0057862135	0.0000544758	0.0035138294	0.0047178200	0.0026932765	0.0093545187	0.0074110965	0.0167656152
0.0326511628	0.5921315678	0.7902052876	0.8804407164	0.7788823143	0.8975110679	0.8846504935	-0.0727637262	-0.0070889736	-0.0563712110	-0.0656747525	-0.0492822374	0.0052945598	0.0000502535	0.0031777134	0.0043131731	0.0024287389	0.0085225268	0.0067419120	0.0152644389
0.0326511628	0.5987982344	0.7927552591	0.8806937206	0.7810826677	0.9001486448	0.8868947847	-0.0695419483	-0.0068016541	-0.0535501799	-0.0627402942	-0.0467485258	0.0048360826	0.0000462625	0.0028676218	0.0039363445	0.0021854247	0.0077499668	0.0061217692	0.0138717360
0.0326511628	0.6054649011	0.7952511588	0.8809428947	0.7832250473	0.9027272524	0.8890758436	-0.0663985078	-0.0065187647	-0.0508111012	-0.0598797431	-0.0442923365	0.0044087618	0.0000424943	0.0025817680	0.0035855836	0.0019618111	0.0070330241	0.0055473947	0.0125804188
0.0326511628	0.6121315678	0.7976949469	0.8811882813	0.7853114587	0.9052491549	0.8911959855	-0.0633302433	-0.0062402536	-0.0481507709	-0.0570899897	-0.0419105173	0.0040107197	0.0000389408	0.0023184967	0.0032592669	0.0017564915	0.0063681572	0.0050157584	0.0113839156
0.0326511628	0.6187982344	0.8000885028	0.8814299224	0.7873438250	0.9077165212	0.8932574276	-0.0603341456	-0.0059660693	-0.0455661390	-0.0543680762	-0.0396000697	0.0036402091	0.0000355940	0.0020762730	0.0029558877	0.0015681655	0.0057520761	0.0045240532	0.0102761294
0.0326511628	0.6254649011	0.8024336288	0.8816678598	0.7893239905	0.9101314286	0.8952622938	-0.0574073495	-0.0056961609	-0.0430543017	-0.0517111886	-0.0373581408	0.0032956038	0.0000324462	0.0018536729	0.0026740470	0.0013956307	0.0051817229	0.0040696777	0.0092514006
0.0326511628	0.6321315678	0.8047320539	0.8819021351	0.7912537239	0.9124958676	0.8972126185	-0.0545471259	-0.0054304779	-0.0406124929	-0.0491166480	-0.0351820149	0.0029753889	0.0000294901	0.0016493746	0.0024124451	0.0012377742	0.0046542536	0.0036502193	0.0083044729
0.0326511628	0.6387982344	0.8069854363	0.8821327890	0.7931347213	0.9148117453	0.8991103508	-0.0517508743	-0.0051689708	-0.0382380772	-0.0465819035	-0.0330691065	0.0026781530	0.0000267183	0.0014621506	0.0021698737	0.0010935658	0.0041670218	0.0032634395	0.0074304613
0.0326511628	0.6454649011	0.8091953669	0.8823598618	0.7949686102	0.9170808895	0.9009573583	-0.0490161159	-0.0049115904	-0.0359285428	-0.0441045254	-0.0310169523	0.0024025796	0.0000241237	0.0012908602	0.0019452092	0.0009620513	0.0037175635	0.0029072605	0.0066248240
0.0326511628	0.6521315678	0.8113633723	0.8825833931	0.7967569515	0.9193050522	0.9027554310	-0.0463404872	-0.0046582890	-0.0336814946	-0.0416821982	-0.0290232056	0.0021474408	0.0000216997	0.0011344431	0.0017374056	0.0008423465	0.0033035835	0.0025797521	0.0058833356
0.0326511628	0.6587982344	0.8134909174	0.8828034218	0.7985012429	0.9214859133	0.9045062844	-0.0437217338	-0.0044090194	-0.0314946484	-0.0393127145	-0.0270856290	0.0019115900	0.0000194395	0.0009919129	0.0015454895	0.0007336313	0.0029229423	0.0022791208	0.0052020632
0.0326511628	0.6654649011	0.8155794081	0.8830199858	0.8002029217	0.9236250834	0.9062115632	-0.0411577048	-0.0041637355	-0.0293658250	-0.0369939693	-0.0252020896	0.0016939567	0.0000173367	0.0008623517	0.0013685538	0.0006351453	0.0025736450	0.0020036991	0.0045773441
0.0326511628	0.6721315678	0.8176301940	0.8832331224	0.8018633670	0.9257241076	0.9078728443	-0.0386463468	-0.0039223923	-0.0272929446	-0.0347239545	-0.0233705523	0.0014935401	0.0000153852	0.0007449048	0.0012057530	0.0005461827	0.0022538301	0.0017519357	0.0040057658
0.0326511628	0.6787982344	0.8196445708	0.8834428678	0.8034839026	0.9277844676	0.9094916399	-0.0361856996	-0.0036849459	-0.0252740217	-0.0325007537	-0.0215890758	0.0013094049	0.0000135788	0.0006387762	0.0010562990	0.0004660882	0.0019617599	0.0015223872	0.0034841470
0.0326511628	0.6854649011	0.8216237825	0.8836492574	0.8050657993	0.9298075855	0.9110694006	-0.0337738909	-0.0034513536	-0.0233071603	-0.0303225373	-0.0198558067	0.0011406757	0.0000119118	0.0005432237	0.0009194563	0.0003942531	0.0016958113	0.0013137093	0.0030095206
0.0326511628	0.6921315678	0.8235690239	0.8838523256	0.8066102770	0.9317948259	0.9126075179	-0.0314091318	-0.0032215736	-0.0213905491	-0.0281875582	-0.0181689755	0.0009865336	0.0000103785	0.0004575556	0.0007945384	0.0003301117	0.0014544677	0.0011246501	0.0025791178
0.0326511628	0.6987982344	0.8254814426	0.8840521058	0.8081185073	0.9337474988	0.9141073268	-0.0290897127	-0.0029955657	-0.0195224575	-0.0260941470	-0.0165268918	0.0008462114	0.0000089734	0.0003811263	0.0006809045	0.0002731382	0.0012363111	0.0009540427	0.0021903538
0.0326511628	0.7054649011	0.8273621411	0.8842486306	0.8095916149	0.9356668617	0.9155701088	-0.0268139991	-0.0027732904	-0.0177012313	-0.0240407087	-0.0149279408	0.0007189905	0.0000076911	0.0003133336	0.0005779557	0.0002228434	0.0010400153	0.0008007991	0.0018408144
0.0326511628	0.7121315678	0.8292121786	0.8844419313	0.8110306804	0.9375541223	0.9169970936	-0.0245804279	-0.0025547098	-0.0159252888	-0.0220257181	-0.0133705790	0.0006041974	0.0000065265	0.0002536148	0.0004851323	0.0001787724	0.0008643388	0.0006639046	0.0015282434
0.0326511628	0.7187982344	0.8310325732	0.8846320384	0.8124367419	0.9394104409	0.9183894621	-0.0223875040	-0.0023397871	-0.0141931176	-0.0200477168	-0.0118533305	0.0005012003	0.0000054746	0.0002014446	0.0004019110	0.0001405014	0.0007081195	0.0005424124	0.0012505319
0.0326511628	0.7254649011	0.8328243031	0.8848189813	0.8138107963	0.9412369318	0.9197483480	-0.0202337963	-0.0021284866	-0.0125032706	-0.0181053097	-0.0103747839	0.0004094065	0.0000045305	0.0001563318	0.0003278022	0.0001076361	0.0005702687	0.0004354384	0.0010057071
0.0326511628	0.7321315678	0.8345883091	0.8850027885	0.8151538021	0.9430346660	0.9210748403	-0.0181179353	-0.0019207740	-0.0108543630	-0.0161971614	-0.0089335890	0.0003282596	0.0000036894	0.0001178172	0.0002623480	0.0000798090	0.0004497662	0.0003421570	0.0007919232
0.0326511628	0.7387982344	0.8363254954	0.8851834874	0.8164666800	0.9448046731	0.9223699850	-0.0160386097	-0.0017166159	-0.0092450694	-0.0143219938	-0.0075284535	0.0002572370	0.0000029468	0.0000854713	0.0002051195	0.0000566776	0.0003456551	0.0002617971	0.0006074522
0.0326511628	0.7454649011	0.8380367319	0.8853611044	0.8177503152	0.9465479427	0.9236347872	-0.0139945633	-0.0015159805	-0.0076741207	-0.0124785828	-0.0061581402	0.0001958478	0.0000022982	0.0000588921	0.0001557150	0.0000379227	0.0002570381	0.0001936377	0.0004506758
0.0326511628	0.7521315678	0.8397228550	0.8855356649	0.8190055588	0.9482654265	0.9248702128	-0.0119845928	-0.0013188369	-0.0061403015	-0.0106657559	-0.0048214646	0.0001436305	0.0000017393	0.0000377033	0.0001137583	0.0000232465	0.0001830731	0.0001370049	0.0003200780
0.0326511628	0.7587982344	0.8413846694	0.8857071934	0.8202332289	0.9499580400	0.9260771901	-0.0100075449	-0.0011251553	-0.0046424473	-0.0088823896	-0.0035172920	0.0001001510	0.0000012660	0.0000215523	0.0000788968	0.0000123713	0.0001229692	0.0000912682	0.0002142374
0.0326511628	0.7654649011	0.8430229497	0.8858757134	0.8214341124	0.9516266638	0.9272566117	-0.0080623142	-0.0009349074	-0.0031794424	-0.0071274067	-0.0022445350	0.0000650009	0.0000008741	0.0000101089	0.0000507999	0.0000050379	0.0000759838	0.0000558379	0.0001318217
0.0326511628	0.7721315678	0.8446384409	0.8860412474	0.8226089661	0.9532721455	0.9284093359	-0.0061478404	-0.0007480657	-0.0017502172	-0.0053997747	-0.0010021515	0.0000377959	0.0000005596	0.0000030633	0.0000291576	0.0000010043	0.0000414188	0.0000301619	0.0000715807
0.0326511628	0.7787982344	0.8462318604	0.8862038169	0.8237585180	0.9548953009	0.9295361882	-0.0042631069	-0.0005646040	-0.0003537464	-0.0036985029	0.0002108576	0.0000181741	0.0000003188	0.0000001251	0.0000136789	0.0000000445	0.0000186180	0.0000137234	0.0000323414
0.0326511628	0.7854649011	0.8478038988	0.8863634428	0.8248834686	0.9564969153	0.9306379626	-0.0024071379	-0.0003844970	0.0010109535	-0.0020226409	0.0013954505	0.0000057943	0.0000001478	0.0000010220	0.0000040911	0.0000019473	0.0000069642	0.0000060384	0.0000130025
0.0326511628	0.7921315678	0.8493552212	0.8865201447	0.8259844920	0.9580777450	0.9317154234	-0.0005789973	-0.0002077207	0.0023448259	-0.0003712766	0.0025525466	0.0000003352	0.0000000431	0.0000054982	0.0000001378	0.0000065155	0.0000058766	0.0000066533	0.0000125299
0.0326511628	0.7987982344	0.8508864679	0.8866739416	0.8270622370	0.9596385187	0.9327693058	0.0012222138	-0.0000342519	0.0036487759	0.0012564657	0.0036830278	0.0000014938	0.0000000012	0.0000133136	0.0000015787	0.0000135647	0.0000148085	0.0000151434	0.0000299519
0.0326511628	0.8054649011	0.8523982559	0.8868248516	0.8281173282	0.9611799381	0.9338003177	0.0029973586	0.0001359314	0.0049236724	0.0028614272	0.0047877410	0.0000089842	0.0000000185	0.0000242425	0.0000081878	0.0000229225	0.0000332452	0.0000311102	0.0000643554
0.0326511628	0.8121315678	0.8538911798	0.8869728917	0.8291503668	0.9627026798	0.9348091408	0.0047472659	0.0003028502	0.0061703494	0.0044444157	0.0058674991	0.0000225365	0.0000000917	0.0000380732	0.0000197528	0.0000344275	0.0000607015	0.0000541804	0.0001148818
0.0326511628	0.8187982344	0.8553658122	0.8871180785	0.8301619319	0.9642073957	0.9357964312	0.0064727324	0.0004665248	0.0073896078	0.0060062075	0.0069230830	0.0000418963	0.0000002176	0.0000546063	0.0000360745	0.0000479291	0.0000967202	0.0000840036	0.0001807238
0.0326511628	0.8254649011	0.8568227054	0.8872604276	0.8311525813	0.9656947146	0.9367628212	0.0081745234	0.0006269743	0.0085822170	0.0075475491	0.0079552427	0.0000668228	0.0000003931	0.0000736544	0.0000569655	0.0000632859	0.0001408704	0.0001202514	0.0002611218
0.0326511628	0.8321315678	0.8582623916	0.8873999538	0.8321228521	0.9671652426	0.9377089198	0.0098533749	0.0007842170	0.0097489161	0.0090691578	0.0089646990	0.0000970890	0.0000006150	0.0000950414	0.0000822496	0.0000803658	0.0001927454	0.0001626155	0.0003553608
0.0326511628	0.8387982344	0.8596853841	0.8875366712	0.8330732621	0.9686195647	0.9386353140	0.0115099943	0.0009382703	0.0108904154	0.0105717240	0.0099521450	0.0001324800	0.0000008804	0.0001186011	0.0001117613	0.0000990452	0.0002519615	0.0002108065	0.0004627680
0.0326511628	0.8454649011	0.8610921780	0.8876705933	0.8340043100	0.9700582451	0.9395425694	0.0131450623	0.0010891508	0.0120073976	0.0120559114	0.0109182468	0.0001727927	0.0000011862	0.0001441776	0.0001453450	0.0001192081	0.0003181565	0.0002645531	0.0005827096
0.0326511628	0.8521315678	0.8624832506	0.8878017327	0.8349164767	0.9714818284	0.9404312314	0.0147592335	0.0012368742	0.0131005193	0.0135223592	0.0118636451	0.0002178350	0.0000015299	0.0001716236	0.0001828542	0.0001407461	0.0003909884	0.0003236003	0.0007145887
0.0326511628	0.8587982344	0.8638590626	0.8879301015	0.8358102256	0.9728908403	0.9413018257	0.0163531379	0.0013814555	0.0141704119	0.0149716824	0.0127889563	0.0002674251	0.0000019084	0.0002008006	0.0002241513	0.0001635574	0.0004701341	0.0003877087	0.0008578428
0.0326511628	0.8654649011	0.8652200587	0.8880557111	0.8366860037	0.9742857885	0.9421548595	0.0179273821	0.0015229089	0.0152176826	0.0164044732	0.0136947737	0.0003213910	0.0000023193	0.0002315779	0.0002691067	0.0001875468	0.0005552881	0.0004566536	0.0010119417
0.0326511628	0.8721315678	0.8665666679	0.8881785723	0.8375442419	0.9756671631	0.9429908220	0.0194825499	0.0016612478	0.0162429158	0.0178213020	0.0145816680	0.0003795697	0.0000027597	0.0002638323	0.0003175988	0.0002126250	0.0006461618	0.0005302238	0.0011763857
0.0326511628	0.8787982344	0.8678993044	0.8882986952	0.8383853559	0.9770354377	0.9438101851	0.0210192036	0.0017964850	0.0172466741	0.0192227186	0.0154501891	0.0004418069	0.0000032274	0.0002974478	0.0003695129	0.0002387083	0.0007424820	0.0006082213	0.0013507033
0.0326511628	0.8854649011	0.8692183684	0.8884160895	0.8392097468	0.9783910700	0.9446134044	0.0225378850	0.0019286326	0.0182294988	0.0206092524	0.0163008662	0.0005079563	0.0000037196	0.0003323146	0.0004247413	0.0002657182	0.0008439905	0.0006904595	0.0015344500
0.0326511628	0.8921315678	0.8705242459	0.8885307642	0.8400178015	0.9797345022	0.9454009196	0.0240391161	0.0020577020	0.0191919113	0.0219814141	0.0171342092	0.0005778791	0.0000042341	0.0003683295	0.0004831826	0.0002935811	0.0009504427	0.0007767637	0.0017272064
0.0326511628	0.8987982344	0.8718173103	0.8886427279	0.8408098935	0.9810661619	0.9461731550	0.0255233999	0.0021837040	0.0201344137	0.0233396958	0.0179507096	0.0006514439	0.0000047686	0.0004053946	0.0005447414	0.0003222280	0.0010616071	0.0008669694	0.0019285765
0.0326511628	0.9054649011	0.8730979221	0.8887519887	0.8415863834	0.9823864624	0.9469305207	0.0269912213	0.0023066489	0.0210574898	0.0246845724	0.0187508409	0.0007285260	0.0000053206	0.0004434179	0.0006093281	0.0003515940	0.0011772645	0.0009609222	0.0021381867
0.0326511628	0.9121315678	0.8743664297	0.8888585540	0.8423476191	0.9836958037	0.9476734125	0.0284430481	0.0024265462	0.0219616057	0.0260165019	0.0195350596	0.0008090070	0.0000058881	0.0004823121	0.0006768584	0.0003816186	0.0012972072	0.0010584769	0.0023556842
0.0326511628	0.9187982344	0.8756231698	0.8889624310	0.8430939369	0.9849945726	0.9484022130	0.0298793313	0.0025434050	0.0228472108	0.0273359263	0.0203038058	0.0008927744	0.0000064689	0.0005219950	0.0007472529	0.0004122445	0.0014212384	0.0011594974	0.0025807358
0.0326511628	0.9254649011	0.8768684681	0.8890636265	0.8438256613	0.9862831432	0.9491172917	0.0313005061	0.0026572340	0.0237147382	0.0286432721	0.0210575042	0.0009797217	0.0000070609	0.0005623888	0.0008204370	0.0004434185	0.0015491714	0.0012638555	0.0028130269
0.0326511628	0.9321315678	0.8781026393	0.8891621465	0.8445431060	0.9875618780	0.9498190058	0.0327069925	0.0027680411	0.0245646056	0.0299389513	0.0217965644	0.0010697474	0.0000076621	0.0006034198	0.0008963408	0.0004750902	0.0016808293	0.0013714310	0.0030522603
0.0326511628	0.9387982344	0.8793259880	0.8892579971	0.8452465741	0.9888311276	0.9505077006	0.0340991957	0.0028758341	0.0253972158	0.0312233616	0.0225213817	0.0011627551	0.0000082704	0.0006450186	0.0009748983	0.0005072126	0.0018160441	0.0014821109	0.0032981551
0.0326511628	0.9454649011	0.8805388088	0.8893511837	0.8459363583	0.9900912316	0.9511837099	0.0354775072	0.0029806200	0.0262129576	0.0324968872	0.0232323376	0.0012586535	0.0000088841	0.0006871191	0.0010560477	0.0005397415	0.0019546568	0.0015957892	0.0035504460
0.0326511628	0.9521315678	0.8817413866	0.8894417115	0.8466127420	0.9913425188	0.9518473566	0.0368423050	0.0030824056	0.0270122061	0.0337598993	0.0239298005	0.0013573554	0.0000095012	0.0007296593	0.0011397308	0.0005726354	0.0020965159	0.0017123662	0.0038088821
0.0326511628	0.9587982344	0.8829339973	0.8895295852	0.8472759986	0.9925853080	0.9524989530	0.0381939539	0.0031811972	0.0277953233	0.0350127567	0.0246141260	0.0014587781	0.0000101200	0.0007725800	0.0012258931	0.0006058552	0.0022414781	0.0018317483	0.0040732265
0.0326511628	0.9654649011	0.8841169078	0.8896148094	0.8479263931	0.9938199077	0.9531388013	0.0395328069	0.0032770008	0.0285626588	0.0362558061	0.0252856579	0.0015628428	0.0000107387	0.0008158255	0.0013144835	0.0006393645	0.0023894070	0.0019538480	0.0043432550
0.0326511628	0.9721315678	0.8852903767	0.8896973883	0.8485641813	0.9950466173	0.9537671937	0.0408592048	0.0033698220	0.0293145501	0.0374893829	0.0259447281	0.0016694746	0.0000113557	0.0008593428	0.0014054538	0.0006731289	0.0025401732	0.0020785827	0.0046187559
0.0326511628	0.9787982344	0.8864546542	0.8897773258	0.8491896111	0.9962657268	0.9543844133	0.0421734771	0.0034596659	0.0300513233	0.0387138112	0.0265916574	0.0017786022	0.0000119693	0.0009030820	0.0014987592	0.0007071162	0.0026936535	0.0022058754	0.0048995289
0.0326511628	0.9854649011	0.8876099828	0.8898546256	0.8498029220	0.9974775174	0.9549907340	0.0434759424	0.0035465375	0.0307732935	0.0399294049	0.0272267560	0.0018901576	0.0000125779	0.0009469956	0.0015943574	0.0007412962	0.0028497311	0.0023356536	0.0051853847
0.0353178295	0.5854649011	0.7877012778	0.8801960262	0.7766241054	0.8949157397	0.8823308471	-0.0759375667	-0.0073669301	-0.0592747162	-0.0685706365	-0.0519077861	0.0057665140	0.0000542717	0.0035134920	0.0047019322	0.0026944183	0.0093342777	0.0073963504	0.0167306281
0.0353178295	0.5921315678	0.7903035043	0.8804525995	0.7788797349	0.8976105071	0.8846356241	-0.0726394413	-0.0070754770	-0.0563745227	-0.0655639643	-0.0492990457	0.0052764884	0.0000500624	0.0031780868	0.0042986334	0.0024303959	0.0085046376	0.0067290293	0.0152336669
0.0353178295	0.5987982344	0.7928498012	0.8807053101	0.7810755336	0.9002441476	0.8868750133	-0.0694226977	-0.0067884946	-0.0535593135	-0.0626342031	-0.0467708189	0.0048195110	0.0000460837	0.0028686001	0.0039230434	0.0021875095	0.0077341947	0.0061105529	0.0138447476
0.0353178295	0.6054649011	0.7953422023	0.8809542002	0.7832135822	0.9028190139	0.8890514196	-0.0662840305	-0.0065059314	-0.0508257396	-0.0597780991	-0.0443198081	0.0043935727	0.0000423271	0.0025832558	0.0035734211	0.0019642454	0.0070191556	0.0055376665	0.0125568222
0.0353178295	0.6121315678	0.7977826579	0.8811993118	0.7852958759	0.9053373592	0.8911671462	-0.0632202938	-0.0062277358	-0.0481706139	-0.0569925580	-0.0419428780	0.0039968055	0.0000387847	0.0023204080	0.0032481517	0.0017592050	0.0063559983	0.0050073567	0.0113633550
0.0353178295	0.6187982344	0.8001730384	0.8814406869	0.7873243278	0.9078013419	0.8932243989	-0.0602284933	-0.0059538568	-0.0455909026	-0.0542746366	-0.0396370459	0.0036274714	0.0000354484	0.0020785304	0.0029457362	0.0015710954	0.0057414502	0.0045168316	0.0102582818
0.0353178295	0.6254649011	0.8025151378	0.8816783671	0.7893007726	0.9102130298	0.8952252908	-0.0573057775	-0.0056842435	-0.0430837171	-0.0516215340	-0.0373994736	0.0032839521	0.0000323106	0.0018562067	0.0026647828	0.0013987206	0.0051724694	0.0040635034	0.0092359728
0.0353178295	0.6321315678	0.8048106768	0.8819123934	0.7912269700	0.9125744040	0.8971718461	-0.0544494300	-0.0054188460	-0.0406463054	-0.0490305840	-0.0352274594	0.0029647404	0.0000293639	0.0016521221	0.0024039982	0.0012409739	0.0046462265	0.0036449721	0.0082911985
0.0353178295	0.6387982344	0.8070613062	0.8821428064	0.7931046081	0.9148873632	0.8990660041	-0.0516568623	-0.0051576149	-0.0382760454	-0.0464992474	-0.0331184305	0.0026684314	0.0000266010	0.0014650556	0.0021621800	0.0010968304	0.0041600881	0.0032590104	0.0074190985
0.0353178295	0.6454649011	0.8092686098	0.8823696463	0.7949353058	0.9171537272	0.9009096234	-0.0489256067	-0.0049005015	-0.0359704377	-0.0440251052	-0.0310699361	0.0023937150	0.0000240149	0.0012938724	0.0019382099	0.0009653409	0.0037116023	0.0029035508	0.0066151531
0.0353178295	0.6521315678	0.8114341076	0.8825929523	0.7967206167	0.9193752404	0.9027044853	-0.0462533102	-0.0046474582	-0.0337270990	-0.0416058520	-0.0290796408	0.0021393687	0.0000215989	0.0011375172	0.0017310469	0.0008456255	0.0032984848	0.0025766724	0.0058751572
0.0353178295	0.6587982344	0.8135592582	0.8828127630	0.7984620312	0.9215535755	0.9044522969	-0.0436377281	-0.0043984382	-0.0315437562	-0.0392392899	-0.0271453181	0.0019042513	0.0000193463	0.0009950086	0.0015397219	0.0007368683	0.0029186061	0.0022765902	0.0051951963
0.0353178295	0.6654649011	0.8156454615	0.8830291162	0.8001609797	0.9236903366	0.9061546953	-0.0410767185	-0.0041533956	-0.0294182405	-0.0369233229	-0.0252648449	0.0016872968	0.0000172507	0.0008654329	0.0013633318	0.0006383124	0.0025699804	0.0020016442	0.0045716245
0.0353178295	0.6721315678	0.8176940617	0.8832420488	0.8018188349	0.9257870623	0.9078132500	-0.0385682367	-0.0039122858	-0.0273484819	-0.0346559509	-0.0234361961	0.0014875089	0.0000153060	0.0007479395	0.0012010349	0.0005492553	0.0022507543	0.0017502902	0.0040010445
0.0353178295	0.6787982344	0.8197063490	0.8834515970	0.8034369143	0.9278452286	0.9094294663	-0.0361103305	-0.0036750651	-0.0253325041	-0.0324352654	-0.0216574390	0.0013039560	0.0000135061	0.0006417358	0.0010520464	0.0004690447	0.0019591978	0.0015210911	0.0034802889
0.0353178295	0.6854649011	0.8216835627	0.8836577959	0.8050164829	0.9298662520	0.9110047879	-0.0337011349	-0.0034416909	-0.0233684198	-0.0302594440	-0.0199267289	0.0011357665	0.0000118452	0.0005460830	0.0009156340	0.0003970745	0.0016936948	0.0013127085	0.0030064032
0.0353178295	0.6921315678	0.8236268929	0.8838606796	0.8065587550	0.9318514919	0.9125406001	-0.0313388681	-0.0032121219	-0.0214544259	-0.0281267462	-0.0182423041	0.0009821247	0.0000103177	0.0004602924	0.0007911139	0.0003327817	0.0014527348	0.0011238955	0.0025766303
0.0353178295	0.6987982344	0.8255374828	0.8840602814	0.8080648967	0.9338022532	0.9140382320	-0.0290218271	-0.0029863178	-0.0195887997	-0.0260355093	-0.0166024819	0.0008422664	0.0000089181	0.0003837211	0.0006778477	0.0002756424	0.0012349056	0.0009534901	0.0021883958
0.0353178295	0.7054649011	0.8274164307	0.8842566337	0.8095360278	0.9357197890	0.9154989593	-0.0267483836	-0.0027642398	-0.0177698942	-0.0239841438	-0.0150056544	0.0007154760	0.0000076410	0.0003157691	0.0005752392	0.0002251697	0.0010388862	0.0008004088	0.0018392950
0.0353178295	0.7121315678	0.8292647919	0.8844497675	0.8109732242	0.9376053027	0.9169240063	-0.0245169802	-0.0025458498	-0.0159961348	-0.0219711304	-0.0134502850	0.0006010823	0.0000064814	0.0002558763	0.0004827306	0.0001809102	0.0008634400	0.0006636407	0.0015270807
0.0353178295	0.7187982344	0.8310835808	0.8846397132	0.8123775191	0.9394599501	0.9183145488	-0.0223261272	-0.0023311114	-0.0142660155	-0.0199950158	-0.0119349041	0.0004984560	0.0000054341	0.0002035192	0.0003998007	0.0001424419	0.0007074092	0.0005422426	0.0012496518
0.0353178295	0.7254649011	0.8328737723	0.8848265001	0.8137499053	0.9412848419	0.9196717156	-0.0201743988	-0.0021199892	-0.0125780954	-0.0180544097	-0.0104581063	0.0004070064	0.0000044944	0.0001582085	0.0003259617	0.0001093720	0.0005697092	0.0004353337	0.0010050429
0.0353178295	0.7321315678	0.8346363036	0.8850101563	0.8150913370	0.9430810456	0.9209965910	-0.0180604302	-0.0019124488	-0.0109309958	-0.0161479814	-0.0090185469	0.0003261791	0.0000036575	0.0001194867	0.0002607573	0.0000813342	0.0004493233	0.0003420915	0.0007914148
0.0353178295	0.7387982344	0.8363720760	0.8851907092	0.8164027309	0.9448495869	0.9222902166	-0.0159829146	-0.0017084574	-0.0093233966	-0.0142744572	-0.0076149392	0.0002554536	0.0000029188	0.0000869257	0.0002037601	0.0000579873	0.0003452981	0.0002617474	0.0006070455
0.0353178295	0.7454649011	0.8380819563	0.8853681850	0.8176849685	0.9465914525	0.9235535931	-0.0139406000	-0.0015079831	-0.0077540342	-0.0124326170	-0.0062460512	0.0001943403	0.0000022740	0.0000601250	0.0001545700	0.0000390132	0.0002567394	0.0001935831	0.0004503225
0.0353178295	0.7521315678	0.8397667782	0.8855426090	0.8189388972	0.9483075910	0.9247876826	-0.0119322873	-0.0013109952	-0.0062216982	-0.0106212921	-0.0049107030	0.0001423795	0.0000017187	0.0000387095	0.0001128118	0.0000241150	0.0001828077	0.0001369268	0.0003197346
0.0353178295	0.7587982344	0.8414273440	0.8857140054	0.8201653316	0.9499989148	0.9259934094	-0.0099568268	-0.0011174643	-0.0047252288	-0.0088393625	-0.0036077644	0.0000991384	0.0000012487	0.0000223278	0.0000781343	0.0000130160	0.0001227149	0.0000911503	0.0002138652
0.0353178295	0.7654649011	0.8430644254	0.8858823976	0.8213650554	0.9516663020	0.9271716625	-0.0080131166	-0.0009273621	-0.0032635148	-0.0070857545	-0.0023361527	0.0000642100	0.0000008600	0.0000106505	0.0000502079	0.0000054576	0.0000757206	0.0000556655	0.0001313861
0.0353178295	0.7721315678	0.8446787652	0.8860478080	0.8225388221	0.9533105975	0.9283232966	-0.0061001000	-0.0007406613	-0.0018354910	-0.0053594387	-0.0010948297	0.0000372112	0.0000005486	0.0000033690	0.0000287236	0.0000011987	0.0000411288	0.0000299222	0.0000710511
0.0353178295	0.7787982344	0.8462710787	0.8862102580	0.8236873568	0.9549326146	0.9294491340	-0.0042167633	-0.0005573358	-0.0004401361	-0.0036594274	0.0001171998	0.0000177811	0.0000003106	0.0000001937	0.0000133914	0.0000000137	0.0000182854	0.0000134051	0.0000316906
0.0353178295	0.7854649011	0.8478420543	0.8863697682	0.8248113571	0.9565331363	0.9305499654	-0.0023621339	-0.0003773607	0.0009235296	-0.0019847732	0.0013008902	0.0000055797	0.0000001424	0.0000008529	0.0000039393	0.0000016923	0.0000065750	0.0000056316	0.0000122066
0.0353178295	0.7921315678	0.8493923550	0.8865263582	0.8259114944	0.9581129169	0.9316265520	-0.0005352783	-0.0002007119	0.0022564455	-0.0003345664	0.0024571574	0.0000002865	0.0000000403	0.0000050915	0.0000001119	0.0000060376	0.0000054184	0.0000061496	0.0000115679
0.0353178295	0.7987982344	0.8509226193	0.8866800468	0.8269884147	0.9596726827	0.9326796263	0.0012646997	-0.0000273664	0.0035595135	0.0012920661	0.0035868799	0.0000015995	0.0000000007	0.0000126701	0.0000016694	0.0000128657	0.0000142704	0.0000145351	0.0000288055
0.0353178295	0.8054649011	0.8524334624	0.8868308520	0.8280427401	0.9612131338	0.9337098932	0.0030386605	0.0001426975	0.0048335989	0.0028959630	0.0046909014	0.0000092335	0.0000000204	0.0000233637	0.0000083866	0.0000220046	0.0000326175	0.0000303912	0.0000630087
0.0353178295	0.8121315678	0.8539254771	0.8869787907	0.8290750695	0.9627349447	0.9347180317	0.0047874310	0.0003095009	0.0060795326	0.0044779300	0.0057700317	0.0000229195	0.0000000958	0.0000369607	0.0000200519	0.0000332933	0.0000599760	0.0000533451	0.0001133211
0.0353178295	0.8187982344	0.8553992345	0.8871238794	0.8300859795	0.9642387657	0.9357046956	0.0065118053	0.0004730638	0.0072981126	0.0060387415	0.0068250488	0.0000424036	0.0000002238	0.0000532624	0.0000364664	0.0000465813	0.0000958898	0.0000830477	0.0001789375
0.0353178295	0.8254649011	0.8568552853	0.8872661334	0.8310760258	0.9657252238	0.9366705146	0.0082125467	0.0006334052	0.0084901052	0.0075791416	0.0078567000	0.0000674459	0.0000004012	0.0000720819	0.0000574434	0.0000617277	0.0001399290	0.0001191711	0.0002591001
0.0353178295	0.8321315678	0.8582941602	0.8874055677	0.8320457434	0.9671949236	0.9376160954	0.0098903892	0.0007905432	0.0096562467	0.0090998460	0.0088657035	0.0000978198	0.0000006250	0.0000932431	0.0000828072	0.0000786007	0.0001916879	0.0001614079	0.0003530958
0.0353178295	0.8387982344	0.8597163713	0.8875421961	0.8329956479	0.9686484486	0.9385420227	0.0115460384	0.0009444952	0.0107972449	0.0106015432	0.0098527497	0.0001333110	0.0000008921	0.0001165805	0.0001123927	0.0000970767	0.0002507836	0.0002094694	0.0004602530
0.0353178295	0.8454649011	0.8611224121	0.8876760319	0.8339262362	0.9700863616	0.9394488599	0.0131801730	0.0010952777	0.0119137800	0.0120848953	0.0108185023	0.0001737170	0.0000011996	0.0001419382	0.0001460447	0.0001170400	0.0003168547	0.0002630847	0.0005799394
0.0353178295	0.8521315678	0.8625127588	0.8878070879	0.8348379872	0.9715092058	0.9403371505	0.0147934460	0.0012429061	0.0130065061	0.0135505398	0.0117635999	0.0002188460	0.0000015448	0.0001691692	0.0001836171	0.0001383823	0.0003895601	0.0003219994	0.0007115595
0.0353178295	0.8587982344	0.8638878710	0.8879353758	0.8357313626	0.9729175057	0.9412074182	0.0163864858	0.0013873955	0.0140760522	0.0149990903	0.0126886567	0.0002685169	0.0000019249	0.0001981352	0.0002249727	0.0001610020	0.0004685770	0.0003859747	0.0008545517
0.0353178295	0.8654649011	0.8652481921	0.8880609071	0.8366068075	0.9743117676	0.9420601682	0.0179598975	0.0015287599	0.0151230234	0.0164311376	0.0135942636	0.0003225579	0.0000023371	0.0002287058	0.0002699823	0.0001848040	0.0005536009	0.0004547863	0.0010083871
0.0353178295	0.8721315678	0.8665941502	0.8881836924	0.8374647513	0.9756924807	0.9428958880	0.0195142633	0.0016670125	0.0161480022	0.0178472508	0.0144809896	0.0003808065	0.0000027789	0.0002607580	0.0003185244	0.0002096991	0.0006443434	0.0005282234	0.0011725668
0.0353178295	0.8787982344	0.8679261583	0.8883037417	0.8383056080	0.9770601175	0.9437150477	0.0210501444	0.0018021662	0.0171515488	0.0192479782	0.0153493826	0.0004431086	0.0000032478	0.0002941756	0.0003704847	0.0002356035	0.0007405320	0.0006060882	0.0013466202
0.0353178295	0.8854649011	0.8692446157	0.8884210648	0.8391297773	0.9784151346	0.9445181013	0.0225680810	0.0019342328	0.0181342028	0.0206338482	0.0161999699	0.0005093183	0.0000037413	0.0003288493	0.0004257557	0.0002624390	0.0008419088	0.0006881947	0.0015301036
0.0353178295	0.8921315678	0.8705499075	0.8885356705	0.8399376445	0.9797579731	0.9453054868	0.0240685940	0.0020632238	0.0190964837	0.0220053702	0.0170332599	0.0005792972	0.0000042569	0.0003646757	0.0004842363	0.0002901319	0.0009482298	0.0007743683	0.0017225981
0.0353178295	0.8987982344	0.8718424062	0.8886475672	0.8407295817	0.9810890598	0.9460776271	0.0255521851	0.0021891498	0.0200388919	0.0233630354	0.0178497421	0.0006529142	0.0000047924	0.0004015572	0.0005458314	0.0003186133	0.0010592637	0.0008644447	0.0019237084
0.0353178295	0.9054649011	0.8731224714	0.8887567630	0.8415059481	0.9824088072	0.9468349307	0.0270193384	0.0023120209	0.0209619095	0.0247073175	0.0186498886	0.0007300446	0.0000053454	0.0004394016	0.0006104515	0.0003478183	0.0011747917	0.0009582699	0.0021330616
0.0353178295	0.9121315678	0.8743904508	0.8888632654	0.8422670905	0.9837176142	0.9475777920	0.0284705203	0.0024318467	0.0218660009	0.0260386737	0.0194341542	0.0008105705	0.0000059139	0.0004781220	0.0006780125	0.0003776864	0.0012946064	0.0010556989	0.0023503053
0.0353178295	0.9187982344	0.8756466803	0.8889670814	0.8430133436	0.9850158669	0.9483065923	0.0299061810	0.0025486362	0.0227516140	0.0273575448	0.0202029778	0.0008943797	0.0000064955	0.0005176359	0.0007484353	0.0004081603	0.0014185111	0.0011565956	0.0025751067
0.0353178295	0.9254649011	0.8768914849	0.8890682176	0.8437450310	0.9863039388	0.9490216998	0.0313267546	0.0026623979	0.0236191804	0.0286643567	0.0209567825	0.0009813656	0.0000070884	0.0005578657	0.0008216453	0.0004391867	0.0015463196	0.0012608321	0.0028071517
0.0353178295	0.9321315678	0.8781251786	0.8891666801	0.8444624651	0.9875821915	0.9497234703	0.0327326603	0.0027731398	0.0244691164	0.0299595205	0.0216959766	0.0010714270	0.0000076903	0.0005987377	0.0008975729	0.0004707154	0.0016778550	0.0013682883	0.0030461433
0.0353178295	0.9387982344	0.8793480653	0.8892624749	0.8451659479	0.9888509749	0.9504122481	0.0341243024	0.0028808695	0.0253018235	0.0312434329	0.0224209540	0.0011644680	0.0000082994	0.0006401823	0.0009761521	0.0005026992	0.0018129497	0.0014788513	0.0032918010
0.0353178295	0.9454649011	0.8805604389	0.8893556073	0.8458557711	0.9901106280	0.9510883657	0.0355020715	0.0029855939	0.0261176891	0.0325164776	0.0231320952	0.0012603971	0.0000089138	0.0006821337	0.0010573213	0.0005350938	0.0019514445	0.0015924151	0.0035438597
0.0353178295	0.9521315678	0.8817625839	0.8894460824	0.8465322168	0.9913614791	0.9517521449	0.0368663449	0.0030873199	0.0269170870	0.0337790250	0.0238297672	0.0013591274	0.0000095315	0.0007245296	0.0011410225	0.0005678578	0.0020931885	0.0017088803	0.0038020688
0.0353178295	0.9587982344	0.8829547754	0.8895339051	0.8471955577	0.9926038461	0.9524038970	0.0382174867	0.0031860535	0.0277003782	0.0350314332	0.0245143246	0.0014605763	0.0000101509	0.0007673109	0.0012272013	0.0006009521	0.0022380382	0.0018281534	0.0040661916
0.0353178295	0.9654649011	0.8841372800	0.8896190796	0.8478460576	0.9938380373	0.9530439231	0.0395558491	0.0032818008	0.0284679109	0.0362740482	0.0251861101	0.0015646652	0.0000107702	0.0008104220	0.0013158066	0.0006343401	0.0023858574	0.0019501467	0.0043360041
0.0353178295	0.9721315678	0.8853103555	0.8897016102	0.8484839717	0.9950643512	0.9536725144	0.0408817721	0.0033745673	0.0292200217	0.0375072049	0.0258454544	0.0016713193	0.0000113877	0.0008538097	0.0014067904	0.0006679875	0.0025365167	0.0020747779	0.0046112946
0.0353178295	0.9787982344	0.8864742519	0.8897815008	0.8491095466	0.9962830775	0.9542899531	0.0421955848	0.0034643580	0.0299570356	0.0387312268	0.0264926775	0.0017804674	0.0000120018	0.0008974240	0.0015001079	0.0007018620	0.0026898931	0.0022019699	0.0048918630
0.0353178295	0.9854649011	0.8876292110	0.8898587550	0.8497230214	0.9974944968	0.9548965121	0.0434976050	0.0035511780	0.0306792665	0.0399464270	0.0271280885	0.0018920416	0.0000126109	0.0009412174	0.0015957170	0.0007359332	0.0028458699	0.0023316502	0.0051775201
0.0379844961	0.5854649011	0.7878112151	0.8802091593	0.7766346989	0.8950272862	0.8823297175	-0.0757980092	-0.0073520096	-0.0592610758	-0.0684459996	-0.0519090662	0.0057453382	0.0000540520	0.0035118751	0.0046848549	0.0026945512	0.0093112654	0.0073794060	0.0166906714
0.0379844961	0.5921315678	0.7904092866	0.8804654058	0.7788852363	0.8977175951	0.8846290055	-0.0725056000	-0.0070609319	-0.0563674595	-0.0654446680	-0.0493065275	0.0052570620	0.0000498568	0.0031772905	0.0042830046	0.0024311337	0.0084842093	0.0067141382	0.0151983475
0.0379844961	0.5987982344	0.7929516288	0.8807178001	0.7810761920	0.9003469995	0.8868631835	-0.0692942736	-0.0067743129	-0.0535584706	-0.0625199607	-0.0467841577	0.0048016964	0.0000458913	0.0028685098	0.0039087455	0.0021887574	0.0077160974	0.0060975029	0.0138136003
0.0379844961	0.6054649011	0.7954402643	0.8809663842	0.7832096347	0.9029178395	0.8890346429	-0.0661607427	-0.0064921011	-0.0508307797	-0.0596686416	-0.0443386786	0.0043772439	0.0000421474	0.0025837682	0.0035603468	0.0019659184	0.0070031594	0.0055262652	0.0125294246
0.0379844961	0.6121315678	0.7978771331	0.8812111997	0.7852875484	0.9054323565	0.8911456739	-0.0631018786	-0.0062142454	-0.0481812182	-0.0568876332	-0.0419669728	0.0039818471	0.0000386168	0.0023214298	0.0032362028	0.0017612268	0.0063418937	0.0049974296	0.0113393233
0.0379844961	0.6187982344	0.8002640958	0.8814522882	0.7873118354	0.9078926977	0.8931984702	-0.0601147026	-0.0059406951	-0.0456067696	-0.0541740075	-0.0396660745	0.0036137775	0.0000352919	0.0020799774	0.0029348231	0.0015733975	0.0057290468	0.0045082206	0.0102372673
0.0379844961	0.6254649011	0.8026029373	0.8816896911	0.7892843206	0.9103009204	0.8951951333	-0.0571963780	-0.0056713999	-0.0431045611	-0.0515249782	-0.0374331613	0.0032714257	0.0000321648	0.0018580032	0.0026548234	0.0014012416	0.0051615936	0.0040560649	0.0092176586
0.0379844961	0.6321315678	0.8048953696	0.8819234492	0.7912067539	0.9126589960	0.8971376763	-0.0543442022	-0.0054063099	-0.0406718561	-0.0489378923	-0.0352655462	0.0029532923	0.0000292282	0.0016541999	0.0023949173	0.0012436587	0.0046367204	0.0036385761	0.0082752964
0.0379844961	0.6387982344	0.8071430356	0.8821536028	0.7930808144	0.9149688138	0.8990280285	-0.0515555995	-0.0051453762	-0.0383060465	-0.0464102233	-0.0331606703	0.0026579798	0.0000264749	0.0014673532	0.0021539088	0.0010996301	0.0041518079	0.0032535389	0.0074053468
0.0379844961	0.6454649011	0.8093475113	0.8823801916	0.7949081125	0.9172321852	0.9008680386	-0.0488281141	-0.0048885504	-0.0360046464	-0.0439395637	-0.0311160959	0.0023841847	0.0000238979	0.0012963346	0.0019306853	0.0009682114	0.0037044172	0.0028988967	0.0066033139
0.0379844961	0.6521315678	0.8115103096	0.8826032548	0.7966901937	0.9194508463	0.9026594785	-0.0461594043	-0.0046357852	-0.0337652849	-0.0415236191	-0.0291294997	0.0021306906	0.0000214905	0.0011400945	0.0017242109	0.0008485278	0.0032922756	0.0025727387	0.0058650143
0.0379844961	0.6587982344	0.8136328823	0.8828228307	0.7984285408	0.9216264623	0.9044040469	-0.0435472359	-0.0043870341	-0.0315857008	-0.0391602018	-0.0271986667	0.0018963618	0.0000192461	0.0009976565	0.0015335214	0.0007397675	0.0029132643	0.0022732889	0.0051865532
0.0379844961	0.6654649011	0.8157166230	0.8830389567	0.8001245766	0.9237606300	0.9061033723	-0.0409894767	-0.0041422516	-0.0294637363	-0.0368472251	-0.0253214847	0.0016801372	0.0000171582	0.0008681118	0.0013577180	0.0006411776	0.0025654072	0.0019988956	0.0045643028
0.0379844961	0.6721315678	0.8177628699	0.8832516697	0.8017796671	0.9258548814	0.9077590166	-0.0384840911	-0.0039013932	-0.0273973318	-0.0345826980	-0.0234959387	0.0014810253	0.0000152209	0.0007506138	0.0011959630	0.0005520591	0.0022468599	0.0017480221	0.0039948821
0.0379844961	0.6787982344	0.8197729076	0.8834610054	0.8033951232	0.9279106861	0.9093724774	-0.0360291356	-0.0036644155	-0.0253845210	-0.0323647201	-0.0217201055	0.0012980986	0.0000134279	0.0006443739	0.0010474751	0.0004717630	0.0019559005	0.0015192381	0.0034751385
0.0379844961	0.6854649011	0.8217479701	0.8836669988	0.8049722034	0.9299294545	0.9109451915	-0.0336227532	-0.0034312764	-0.0234234257	-0.0301914769	-0.0199921493	0.0011304895	0.0000117737	0.0005486569	0.0009115253	0.0003996860	0.0016909201	0.0013112113	0.0030021314
0.0379844961	0.6921315678	0.8236892425	0.8838696838	0.8065121164	0.9319125405	0.9124785375	-0.0312631697	-0.0032019346	-0.0215122517	-0.0280612351	-0.0183103171	0.0009773858	0.0000102524	0.0004627770	0.0007874329	0.0003352677	0.0014504151	0.0011227006	0.0025731158
0.0379844961	0.6987982344	0.8255978632	0.8840690934	0.8080160225	0.9338612438	0.9139738381	-0.0289486891	-0.0029763503	-0.0196492845	-0.0259723388	-0.0166729342	0.0008380266	0.0000088587	0.0003860944	0.0006745624	0.0002779867	0.0012329796	0.0009525491	0.0021855288
0.0379844961	0.7054649011	0.8274749260	0.8842652597	0.8094850362	0.9357768124	0.9154323630	-0.0266776897	-0.0027544846	-0.0178328849	-0.0239232050	-0.0150784003	0.0007116991	0.0000075872	0.0003180118	0.0005723197	0.0002273582	0.0010372981	0.0007996779	0.0018369760
0.0379844961	0.7121315678	0.8293214822	0.8844582138	0.8109202281	0.9376604449	0.9168553307	-0.0244486204	-0.0025363001	-0.0160614858	-0.0219123203	-0.0135251857	0.0005977350	0.0000064328	0.0002579713	0.0004801498	0.0001829306	0.0008621392	0.0006630804	0.0015252196
0.0379844961	0.7187982344	0.8311385421	0.8846479856	0.8123226266	0.9395132929	0.9182439115	-0.0222599973	-0.0023217603	-0.0143335879	-0.0199382371	-0.0120118277	0.0004955075	0.0000053906	0.0002054517	0.0003975333	0.0001442840	0.0007063498	0.0005418173	0.0012481671
0.0379844961	0.7254649011	0.8329270767	0.8848346044	0.8136932200	0.9413364629	0.9195992291	-0.0201104002	-0.0021108300	-0.0126477572	-0.0179995702	-0.0105369272	0.0004044282	0.0000044556	0.0001599658	0.0003239845	0.0001110268	0.0005688496	0.0004350114	0.0010038609
0.0379844961	0.7321315678	0.8346880200	0.8850180980	0.8150329579	0.9431310183	0.9209223627	-0.0179984693	-0.0019034753	-0.0110026211	-0.0160949940	-0.0090991458	0.0003239449	0.0000036232	0.0001210577	0.0002590488	0.0000827945	0.0004486258	0.0003418433	0.0007904691
0.0379844961	0.7387982344	0.8364222697	0.8851984936	0.8163427529	0.9448979814	0.9222143494	-0.0159229027	-0.0016996634	-0.0093968656	-0.0142232393	-0.0076972022	0.0002535388	0.0000028889	0.0000883011	0.0002023005	0.0000592469	0.0003447288	0.0002615475	0.0006062762
0.0379844961	0.7454649011	0.8381306895	0.8853758173	0.8176234824	0.9466383350	0.9234761854	-0.0138824532	-0.0014993627	-0.0078292324	-0.0123830905	-0.0063298698	0.0001927225	0.0000022481	0.0000612969	0.0001533409	0.0000400673	0.0002562675	0.0001934082	0.0004496757
0.0379844961	0.7521315678	0.8398141102	0.8855500941	0.8188759900	0.9483530246	0.9247088283	-0.0118759256	-0.0013025427	-0.0062985166	-0.0105733830	-0.0049959740	0.0001410376	0.0000016966	0.0000396713	0.0001117964	0.0000249598	0.0001824055	0.0001367562	0.0003191617
0.0379844961	0.7587982344	0.8414733311	0.8857213482	0.8201010866	0.9500429596	0.9259131986	-0.0099021746	-0.0011091741	-0.0048035636	-0.0087930005	-0.0036943895	0.0000980531	0.0000012303	0.0000230742	0.0000773169	0.0000136485	0.0001223576	0.0000909654	0.0002133229
0.0379844961	0.7654649011	0.8431091213	0.8858896028	0.8212995525	0.9517090150	0.9270901813	-0.0079601020	-0.0009192288	-0.0033432668	-0.0070408732	-0.0024240379	0.0000633632	0.0000008450	0.0000111774	0.0000495739	0.0000058760	0.0000753856	0.0000554499	0.0001308355
0.0379844961	0.7721315678	0.8447222211	0.8860548800	0.8224721378	0.9533520329	0.9282406275	-0.0060486547	-0.0007326798	-0.0019165656	-0.0053159749	-0.0011838857	0.0000365862	0.0000005368	0.0000036732	0.0000282596	0.0000014016	0.0000407963	0.0000296612	0.0000704574
0.0379844961	0.7787982344	0.8463133433	0.8862172012	0.8236195644	0.9549728240	0.9293653557	-0.0041668224	-0.0005495012	-0.0005224430	-0.0036173212	0.0000270582	0.0000173624	0.0000003020	0.0000002729	0.0000130850	0.0000000007	0.0000179373	0.0000130857	0.0000310231
0.0379844961	0.7854649011	0.8478831741	0.8863765867	0.8247425269	0.9565721690	0.9304651536	-0.0023136357	-0.0003696681	0.0008400764	-0.0019439676	0.0012097444	0.0000053529	0.0000001367	0.0000007057	0.0000037790	0.0000014635	0.0000061953	0.0000052425	0.0000114378
0.0379844961	0.7921315678	0.8494323743	0.8865330562	0.8258416936	0.9581508195	0.9315407789	-0.0004881641	-0.0001931566	0.0021719283	-0.0002950075	0.0023650849	0.0000002383	0.0000000373	0.0000047173	0.0000000870	0.0000055936	0.0000049929	0.0000056807	0.0000106735
0.0379844961	0.7987982344	0.8509615805	0.8866866281	0.8269177080	0.9597094999	0.9325929610	0.0013104856	-0.0000199441	0.0034740108	0.0013304297	0.0034939549	0.0000017174	0.0000000004	0.0000120688	0.0000017700	0.0000122077	0.0000137865	0.0000139778	0.0000277643
0.0379844961	0.8054649011	0.8524714058	0.8868373203	0.8279711893	0.9612489080	0.9336224021	0.0030831713	0.0001499913	0.0047471857	0.0029331800	0.0045971943	0.0000095059	0.0000000225	0.0000225358	0.0000086035	0.0000211342	0.0000320642	0.0000297377	0.0000618020
0.0379844961	0.8121315678	0.8539624411	0.8869851498	0.8290027340	0.9627697163	0.9346297783	0.0048307172	0.0003166703	0.0059922804	0.0045140469	0.0056756101	0.0000233358	0.0000001003	0.0000359074	0.0000203766	0.0000322125	0.0000593435	0.0000525892	0.0001119327
0.0379844961	0.8187982344	0.8554352560	0.8871301327	0.8300129162	0.9642725733	0.9356157406	0.0065539151	0.0004801128	0.0072100897	0.0060738023	0.0067299769	0.0000429538	0.0000002305	0.0000519854	0.0000368911	0.0000452926	0.0000951697	0.0000821837	0.0001773534
0.0379844961	0.8254649011	0.8568903993	0.8872722845	0.8310022891	0.9657581042	0.9365809162	0.0082535260	0.0006403377	0.0084013769	0.0076131883	0.0077610392	0.0000681207	0.0000004100	0.0000705831	0.0000579606	0.0000602337	0.0001391139	0.0001181944	0.0002573082
0.0379844961	0.8321315678	0.8583284004	0.8874116196	0.8319713857	0.9672269119	0.9375259094	0.0099302817	0.0007973630	0.0095668754	0.0091329187	0.0087695124	0.0000986105	0.0000006358	0.0000915251	0.0000834102	0.0000769043	0.0001907714	0.0001603146	0.0003510859
0.0379844961	0.8387982344	0.8597497696	0.8875481521	0.8329207193	0.9686795782	0.9384513025	0.0115848857	0.0009512059	0.0107072901	0.0106336798	0.0097560843	0.0001342096	0.0000009048	0.0001146461	0.0001130751	0.0000951812	0.0002497604	0.0002082563	0.0004580168
0.0379844961	0.8454649011	0.8611549991	0.8876818950	0.8338507848	0.9701166644	0.9393576567	0.0132180148	0.0011018827	0.0118232987	0.0121161321	0.0107214160	0.0001747159	0.0000012141	0.0001397904	0.0001468007	0.0001149488	0.0003157205	0.0002617494	0.0005774699
0.0379844961	0.8521315678	0.8625445639	0.8878128610	0.8347620591	0.9715387125	0.9402455132	0.0148303202	0.0012494089	0.0129155525	0.0135809114	0.0116661436	0.0002199384	0.0000015610	0.0001668115	0.0001844412	0.0001360989	0.0003883109	0.0003205401	0.0007088510
0.0379844961	0.8587982344	0.8639189222	0.8879410618	0.8356550020	0.9729462453	0.9411153937	0.0164224287	0.0013937992	0.0139846783	0.0150286295	0.0125908791	0.0002696962	0.0000019427	0.0001955712	0.0002258597	0.0001585302	0.0004672101	0.0003843899	0.0008516000
0.0379844961	0.8654649011	0.8652785161	0.8880665087	0.8365300568	0.9743397680	0.9419678015	0.0179949434	0.0015350676	0.0150312788	0.0164598759	0.0134962113	0.0003238180	0.0000023564	0.0002259393	0.0002709275	0.0001821477	0.0005521138	0.0004530752	0.0010051890
0.0379844961	0.8721315678	0.8666237726	0.8881892123	0.8373876512	0.9757197686	0.9428032221	0.0195484454	0.0016732273	0.0160559342	0.0178752180	0.0143827069	0.0003821417	0.0000027997	0.0002577930	0.0003195234	0.0002068623	0.0006427344	0.0005263857	0.0011691201
0.0379844961	0.8787982344	0.8679551038	0.8883091824	0.8382281974	0.9770867182	0.9436221239	0.0210834940	0.0018082910	0.0170592027	0.0192752030	0.0152509118	0.0004445137	0.0000032699	0.0002910164	0.0003715335	0.0002325903	0.0007388000	0.0006041238	0.0013429238
0.0379844961	0.8854649011	0.8692729076	0.8884264287	0.8390520935	0.9784410723	0.9444249590	0.0226006282	0.0019402704	0.0180416219	0.0206603578	0.0161013515	0.0005107884	0.0000037646	0.0003255001	0.0004268504	0.0002592535	0.0008400532	0.0006861039	0.0015261571
0.0379844961	0.8921315678	0.8705775684	0.8885409599	0.8398597233	0.9797832713	0.9452121638	0.0241003675	0.0020691768	0.0190037092	0.0220311907	0.0169345324	0.0005808277	0.0000042815	0.0003611410	0.0004853734	0.0002867784	0.0009462502	0.0007721518	0.0017184019
0.0379844961	0.8987982344	0.8718694576	0.8886527846	0.8406514575	0.9811137407	0.9459841596	0.0255832125	0.0021950208	0.0199459633	0.0233881917	0.0177509425	0.0006545008	0.0000048181	0.0003978415	0.0005470075	0.0003150960	0.0010571603	0.0008621035	0.0019192638
0.0379844961	0.9054649011	0.8731489340	0.8887619104	0.8414276538	0.9824328920	0.9467413533	0.0270496459	0.0023178125	0.0208688644	0.0247318333	0.0185510519	0.0007316833	0.0000053723	0.0004355095	0.0006116636	0.0003441415	0.0011725651	0.0009558051	0.0021283702
0.0379844961	0.9121315678	0.8744163442	0.8888683450	0.8421886576	0.9837411234	0.9474841379	0.0285001330	0.0024375613	0.0217728754	0.0260625717	0.0193353140	0.0008122576	0.0000059417	0.0004740581	0.0006792576	0.0003738544	0.0012922574	0.0010531120	0.0023453694
0.0379844961	0.9187982344	0.8756720236	0.8889720951	0.8429348023	0.9850388200	0.9482128932	0.0299351230	0.0025542761	0.0226584423	0.0273808468	0.0201041661	0.0008961116	0.0000065243	0.0005134050	0.0007497108	0.0004041775	0.0014160409	0.0011538883	0.0025699292
0.0379844961	0.9254649011	0.8769162962	0.8890731675	0.8436664102	0.9863263546	0.9489279860	0.0313550489	0.0026679654	0.0235259953	0.0286870835	0.0208580299	0.0009831391	0.0000071180	0.0005534725	0.0008229488	0.0004350574	0.0015437296	0.0012580062	0.0028017358
0.0379844961	0.9321315678	0.8781494754	0.8891715681	0.8443837926	0.9876040878	0.9496297710	0.0327603288	0.0027786370	0.0243759492	0.0299816918	0.0215973121	0.0010732391	0.0000077208	0.0005941869	0.0008989018	0.0004664439	0.0016751469	0.0013653457	0.0030404926
0.0379844961	0.9387982344	0.8793718642	0.8892673027	0.8450872501	0.9888723689	0.9503185910	0.0341513663	0.0028862984	0.0252087040	0.0312650679	0.0223224055	0.0011663158	0.0000083307	0.0006354788	0.0009775045	0.0004982898	0.0018101253	0.0014757943	0.0032859196
0.0379844961	0.9454649011	0.8805837560	0.8893603767	0.8457770735	0.9901315362	0.9509947775	0.0355285511	0.0029909567	0.0260246458	0.0325375944	0.0230336891	0.0012622779	0.0000089458	0.0006772822	0.0010586951	0.0005305508	0.0019485060	0.0015892459	0.0035377518
0.0379844961	0.9521315678	0.8817854346	0.8894507951	0.8464535438	0.9913819173	0.9516586509	0.0368922594	0.0030926183	0.0268241471	0.0337996411	0.0237315288	0.0013610388	0.0000095643	0.0007195349	0.0011424157	0.0005631855	0.0020901380	0.0017056012	0.0037957392
0.0379844961	0.9587982344	0.8829771745	0.8895385627	0.8471169326	0.9926238294	0.9523105216	0.0382428547	0.0031912895	0.0276075675	0.0350515652	0.0244162779	0.0014625159	0.0000101843	0.0007621778	0.0012286122	0.0005961546	0.0022348780	0.0018247669	0.0040596449
0.0379844961	0.9654649011	0.8841592416	0.8896236837	0.8477675026	0.9938575803	0.9529506894	0.0395806884	0.0032869762	0.0283752542	0.0362937122	0.0250882780	0.0015666309	0.0000108042	0.0008051550	0.0013172335	0.0006294217	0.0023825902	0.0019466552	0.0043292454
0.0379844961	0.9721315678	0.8853318934	0.8897061623	0.8484055082	0.9950834679	0.9535794447	0.0409060998	0.0033796837	0.0291275424	0.0375264162	0.0257478588	0.0016733090	0.0000114223	0.0008484137	0.0014082319	0.0006629522	0.0025331450	0.0020711841	0.0046043291
0.0379844961	0.9787982344	0.8864953790	0.8897860023	0.8490311950	0.9963017812	0.9541970685	0.0422194172	0.0034694172	0.0298647562	0.0387500001	0.0263953391	0.0017824792	0.0000120369	0.0008919037	0.0015015625	0.0006967139	0.0026864197	0.0021982764	0.0048846961
0.0379844961	0.9854649011	0.8876499400	0.8898632073	0.8496448011	0.9975128004	0.9548038329	0.0435209579	0.0035561814	0.0305872085	0.0399647765	0.0270310270	0.0018940738	0.0000126464	0.0009355773	0.0015971834	0.0007306764	0.0028422975	0.0023278598	0.0051701573
0.0406511628	0.5854649011	0.7879289785	0.8802232369	0.7766536339	0.8951467599	0.8823371179	-0.0756485386	-0.0073360162	-0.0592366952	-0.0683125224	-0.0519006790	0.0057227014	0.0000538171	0.0035089861	0.0046666007	0.0026936805	0.0092855046	0.0073602812	0.0166457858
0.0406511628	0.5921315678	0.7905226029	0.8804791332	0.7788987789	0.8978322973	0.8846305943	-0.0723622462	-0.0070453409	-0.0563500724	-0.0653169052	-0.0493047315	0.0052362947	0.0000496368	0.0031753307	0.0042662981	0.0024309565	0.0084612622	0.0066972547	0.0151585168
0.0406511628	0.5987982344	0.7930607120	0.8807311887	0.7810846052	0.9004571681	0.8868592543	-0.0691567170	-0.0067591111	-0.0535476993	-0.0623976059	-0.0467885881	0.0047826515	0.0000456856	0.0028673561	0.0038934612	0.0021891720	0.0076956932	0.0060826332	0.0137783264
0.0406511628	0.6054649011	0.7955453168	0.8809794448	0.7832131690	0.9030236988	0.8890254747	-0.0660286831	-0.0064772759	-0.0508262672	-0.0595514072	-0.0443489913	0.0043597870	0.0000419551	0.0025833094	0.0035463701	0.0019668330	0.0069850515	0.0055132031	0.0124982546
0.0406511628	0.6121315678	0.7979783460	0.8812239429	0.7852864421	0.9055341182	0.8911315318	-0.0629750338	-0.0061997845	-0.0481826270	-0.0567752493	-0.0419828425	0.0039658549	0.0000384373	0.0023215655	0.0032234289	0.0017625591	0.0063258578	0.0049859880	0.0113118458
0.0406511628	0.6187982344	0.8003616501	0.8814647244	0.7873063157	0.9079905615	0.8931796065	-0.0599928075	-0.0059265865	-0.0456137805	-0.0540662210	-0.0396871940	0.0035991370	0.0000351244	0.0020806170	0.0029231563	0.0015750734	0.0057148784	0.0044982296	0.0102131080
0.0406511628	0.6254649011	0.8026970038	0.8817018302	0.7892746037	0.9103950750	0.8951717878	-0.0570791831	-0.0056576320	-0.0431168722	-0.0514215511	-0.0374592402	0.0032580331	0.0000320088	0.0018590647	0.0026441759	0.0014031947	0.0051491066	0.0040473706	0.0091964772
0.0406511628	0.6321315678	0.8049861103	0.8819353008	0.7911930462	0.9127496195	0.8971100776	-0.0542314727	-0.0053928716	-0.0406891813	-0.0488386011	-0.0352963098	0.0029410526	0.0000290831	0.0016556095	0.0023852090	0.0012458295	0.0046257452	0.0036310384	0.0082567836
0.0406511628	0.6387982344	0.8072306034	0.8821651764	0.7930633124	0.9150560746	0.8989963939	-0.0514471142	-0.0051322565	-0.0383281151	-0.0463148577	-0.0331958586	0.0026468056	0.0000263401	0.0014690444	0.0021450660	0.0011019650	0.0041421900	0.0032470311	0.0073892211
0.0406511628	0.6454649011	0.8094320515	0.8823914963	0.7948870039	0.9173162422	0.9008325752	-0.0487236649	-0.0048757390	-0.0360312015	-0.0438479259	-0.0311554626	0.0023739955	0.0000237728	0.0012982475	0.0019226406	0.0009706628	0.0036960158	0.0028933035	0.0065893193
0.0406511628	0.6521315678	0.8115919594	0.8826142993	0.7966656573	0.9195318499	0.9026203835	-0.0460587948	-0.0046232718	-0.0337960833	-0.0414355230	-0.0291728115	0.0021214126	0.0000213746	0.0011421752	0.0017169026	0.0008510529	0.0032849625	0.0025679555	0.0058529180
0.0406511628	0.6587982344	0.8137117719	0.8828336235	0.7984007474	0.9217045547	0.9043615084	-0.0434502809	-0.0043748088	-0.0316205115	-0.0390754721	-0.0272457027	0.0018879269	0.0000191390	0.0009998567	0.0015268925	0.0007423283	0.0029069226	0.0022692208	0.0051761434
0.0406511628	0.6654649011	0.8157928758	0.8830495062	0.8000936893	0.9238359459	0.9060575695	-0.0408960016	-0.0041303049	-0.0295023402	-0.0367656966	-0.0253720352	0.0016724829	0.0000170594	0.0008703881	0.0013517164	0.0006437402	0.0025599304	0.0019954566	0.0045553871
0.0406511628	0.6721315678	0.8178366028	0.8832619837	0.8017458415	0.9259275479	0.9077101204	-0.0383939311	-0.0038897159	-0.0274395208	-0.0345042151	-0.0235498048	0.0014740939	0.0000151299	0.0007529273	0.0011905409	0.0005545933	0.0022421511	0.0017451342	0.0039872853
0.0406511628	0.6787982344	0.8198442316	0.8834710917	0.8033585081	0.9279808239	0.9093206508	-0.0359421349	-0.0036529988	-0.0254300974	-0.0322891361	-0.0217770987	0.0012918371	0.0000133444	0.0006466899	0.0010425883	0.0004742420	0.0019518713	0.0015168303	0.0034687017
0.0406511628	0.6854649011	0.8218169904	0.8836768649	0.8049329409	0.9299971778	0.9108905901	-0.0335387647	-0.0034201115	-0.0234722019	-0.0301186532	-0.0200520904	0.0011248487	0.0000116972	0.0005509443	0.0009071333	0.0004020863	0.0016874902	0.0013092196	0.0029967098
0.0406511628	0.6921315678	0.8237560590	0.8838793369	0.8064703422	0.9319779575	0.9124213098	-0.0311820544	-0.0031910132	-0.0215640492	-0.0279910412	-0.0183730359	0.0009723205	0.0000101826	0.0004650082	0.0007834984	0.0003375684	0.0014475113	0.0011210668	0.0025685781
0.0406511628	0.6987982344	0.8256625708	0.8840785405	0.8079718665	0.9339244569	0.9139141257	-0.0288703154	-0.0029656644	-0.0197039334	-0.0259046511	-0.0167382691	0.0008334951	0.0000087952	0.0003882450	0.0006710509	0.0002801697	0.0012305353	0.0009512206	0.0021817559
0.0406511628	0.7054649011	0.8275376149	0.8842745077	0.8094386225	0.9358379188	0.9153703012	-0.0266019333	-0.0027440264	-0.0178902239	-0.0238579070	-0.0151461976	0.0007076629	0.0000075297	0.0003200601	0.0005691997	0.0002294073	0.0010352526	0.0007986070	0.0018338597
0.0406511628	0.7121315678	0.8293822379	0.8844672691	0.8108716754	0.9377195369	0.9167910489	-0.0243753636	-0.0025260619	-0.0161213612	-0.0218493017	-0.0135952993	0.0005941583	0.0000063810	0.0002598983	0.0004773920	0.0001848322	0.0008604376	0.0006622241	0.0015226618
0.0406511628	0.7187982344	0.8311974460	0.8846568546	0.8122720485	0.9395704579	0.9181775331	-0.0221891286	-0.0023117349	-0.0143958535	-0.0198773937	-0.0120841186	0.0004923574	0.0000053441	0.0002072406	0.0003951108	0.0001460259	0.0007049421	0.0005411367	0.0012460788
0.0406511628	0.7254649011	0.8329842061	0.8848432932	0.8136407251	0.9413917838	0.9195308722	-0.0200418138	-0.0021010104	-0.0127122737	-0.0179408035	-0.0106112634	0.0004016743	0.0000044142	0.0001616019	0.0003218724	0.0001125989	0.0005676904	0.0004344713	0.0010021618
0.0406511628	0.7321315678	0.8347434485	0.8850266125	0.8149786502	0.9431845739	0.9208521401	-0.0179320653	-0.0018938546	-0.0110692559	-0.0160382107	-0.0091754012	0.0003215590	0.0000035867	0.0001225284	0.0002572242	0.0000841880	0.0004476741	0.0003414122	0.0007890863
0.0406511628	0.7387982344	0.8364760672	0.8852068396	0.8162867319	0.9449498465	0.9221423688	-0.0158585862	-0.0016902351	-0.0094654922	-0.0141683511	-0.0077752571	0.0002514948	0.0000028569	0.0000895955	0.0002007422	0.0000604546	0.0003439472	0.0002611968	0.0006051440
0.0406511628	0.7454649011	0.8381829227	0.8853840003	0.8175658435	0.9466885808	0.9234025500	-0.0138201341	-0.0014901203	-0.0078997306	-0.0123300138	-0.0064096102	0.0001909961	0.0000022205	0.0000624057	0.0001520292	0.0000410831	0.0002556223	0.0001931123	0.0004487347
0.0406511628	0.7521315678	0.8398648424	0.8855581194	0.8188168244	0.9484017186	0.9246336366	-0.0118155186	-0.0012934802	-0.0063707714	-0.0105220384	-0.0050772912	0.0001396065	0.0000016731	0.0000405867	0.0001107133	0.0000257789	0.0001818663	0.0001364922	0.0003183585
0.0406511628	0.7587982344	0.8415226226	0.8857292210	0.8200404818	0.9500901660	0.9258365450	-0.0098435987	-0.0011002856	-0.0048774656	-0.0087433131	-0.0037771800	0.0000968964	0.0000012106	0.0000237897	0.0000764455	0.0000142671	0.0001218967	0.0000907126	0.0002126093
0.0406511628	0.7654649011	0.8431570297	0.8858973280	0.8212375920	0.9517547948	0.9270121559	-0.0079032801	-0.0009105085	-0.0034187116	-0.0069927716	-0.0025082031	0.0000624618	0.0000008290	0.0000116876	0.0000488989	0.0000062911	0.0000749785	0.0000551899	0.0001301684
0.0406511628	0.7721315678	0.8447688012	0.8860624626	0.8224089019	0.9533964442	0.9281613167	-0.0059935138	-0.0007241222	-0.0019934537	-0.0052693916	-0.0012693314	0.0000359222	0.0000005244	0.0000039739	0.0000277665	0.0000016112	0.0000404204	0.0000293777	0.0000697981
0.0406511628	0.7787982344	0.8463586472	0.8862246457	0.8235551300	0.9550159221	0.9292848422	-0.0041132929	-0.0005411009	-0.0006006793	-0.0035721920	-0.0000595784	0.0000169192	0.0000002928	0.0000003608	0.0000127606	0.0000000035	0.0000175728	0.0000127641	0.0000303369
0.0406511628	0.7854649011	0.8479272516	0.8863838977	0.8246769675	0.9566140065	0.9303835163	-0.0022616517	-0.0003614200	0.0007605825	-0.0019002317	0.0011220025	0.0000051151	0.0000001306	0.0000005785	0.0000036109	0.0000012589	0.0000058242	0.0000048698	0.0000106939
0.0406511628	0.7921315678	0.8494752729	0.8865402379	0.8257750799	0.9581914465	0.9314580936	-0.0004376627	-0.0001850557	0.0020912634	-0.0002526070	0.0022763191	0.0000001915	0.0000000342	0.0000043734	0.0000000638	0.0000051816	0.0000045992	0.0000052454	0.0000098446
0.0406511628	0.7987982344	0.8510033454	0.8866936848	0.8268501075	0.9597489640	0.9325093001	0.0013595641	-0.0000119856	0.0033922574	0.0013715497	0.0034042430	0.0000018484	0.0000000001	0.0000115074	0.0000018811	0.0000115889	0.0000133560	0.0000134700	0.0000268260
0.0406511628	0.8054649011	0.8525120802	0.8868442561	0.8279026668	0.9612872547	0.9335378350	0.0031308838	0.0001578120	0.0046644227	0.0029730718	0.0045066107	0.0000098024	0.0000000249	0.0000217568	0.0000088392	0.0000203095	0.0000315842	0.0000291487	0.0000607329
0.0406511628	0.8121315678	0.8540020664	0.8869919685	0.8289333516	0.9628069890	0.9345443714	0.0048771178	0.0003243577	0.0059085831	0.0045527601	0.0055842254	0.0000237863	0.0000001052	0.0000349114	0.0000207276	0.0000311836	0.0000588028	0.0000519112	0.0001107140
0.0406511628	0.8187982344	0.8554738714	0.8871368380	0.8299427335	0.9643088132	0.9355295575	0.0065990554	0.0004876712	0.0071255300	0.0061113842	0.0066378589	0.0000435475	0.0000002378	0.0000507732	0.0000373490	0.0000440612	0.0000945585	0.0000814102	0.0001759687
0.0406511628	0.8254649011	0.8569280425	0.8872788801	0.8309313633	0.9657933506	0.9364940178	0.0082974550	0.0006477712	0.0083160235	0.0076496838	0.0076682523	0.0000688478	0.0000004196	0.0000691562	0.0000585177	0.0000588021	0.0001384236	0.0001173198	0.0002557434
0.0406511628	0.8321315678	0.8583651072	0.8874181090	0.8318997714	0.9672612025	0.9374383540	0.0099730463	0.0008046757	0.0094807939	0.0091683705	0.0086761182	0.0000994617	0.0000006475	0.0000898855	0.0000840590	0.0000752750	0.0001899946	0.0001593340	0.0003493287
0.0406511628	0.8387982344	0.8597855744	0.8875545387	0.8328484691	0.9687129488	0.9383631459	0.0116265304	0.0009584017	0.0106205431	0.0106681288	0.0096621415	0.0001351762	0.0000009185	0.0001127959	0.0001138090	0.0000933570	0.0002488907	0.0002071659	0.0004560566
0.0406511628	0.8454649011	0.8611899347	0.8876881821	0.8337779489	0.9701491493	0.9392689525	0.0132585823	0.0011089652	0.0117359460	0.0121496171	0.0106269808	0.0001757900	0.0000012298	0.0001377324	0.0001476132	0.0001129327	0.0003147522	0.0002605459	0.0005752982
0.0406511628	0.8521315678	0.8625786617	0.8878190517	0.8346886858	0.9715703442	0.9401563125	0.0148698511	0.0012563818	0.0128276514	0.0136134693	0.0115712696	0.0002211125	0.0000015785	0.0001645486	0.0001853265	0.0001338943	0.0003872396	0.0003192208	0.0007064604
0.0406511628	0.8587982344	0.8639522121	0.8879471592	0.8355811376	0.9729770552	0.9410257457	0.0164609615	0.0014006659	0.0138962833	0.0150602956	0.0124956174	0.0002709633	0.0000019619	0.0001931067	0.0002268125	0.0001561405	0.0004660318	0.0003829530	0.0008489848
0.0406511628	0.8654649011	0.8653110268	0.8880725156	0.8364557456	0.9743697858	0.9418777531	0.0180325153	0.0015418315	0.0149424422	0.0164906838	0.0134006106	0.0003251716	0.0000023772	0.0002232766	0.0002719427	0.0001795764	0.0005508254	0.0004515190	0.0010023444
0.0406511628	0.8721315678	0.8666555316	0.8881951315	0.8373129357	0.9757490228	0.9427128183	0.0195850915	0.0016798917	0.0159667057	0.0179051998	0.0142868140	0.0003835758	0.0000028220	0.0002549357	0.0003205962	0.0002041131	0.0006413335	0.0005247092	0.0011660428
0.0406511628	0.8787982344	0.8679861373	0.8883150168	0.8381531184	0.9771152361	0.9435314078	0.0211192481	0.0018148589	0.0169696300	0.0193043892	0.0151547711	0.0004460226	0.0000032937	0.0002879683	0.0003726594	0.0002296671	0.0007372847	0.0006023265	0.0013396112
0.0406511628	0.8854649011	0.8693032408	0.8884321808	0.8389766900	0.9784688799	0.9443339719	0.0226355226	0.0019467448	0.0179517504	0.0206887777	0.0160050056	0.0005123669	0.0000037898	0.0003222653	0.0004280255	0.0002561602	0.0008384220	0.0006841857	0.0015226078
0.0406511628	0.8921315678	0.8706072254	0.8885466323	0.8397840329	0.9798103935	0.9451209452	0.0241344328	0.0020755606	0.0189135825	0.0220588722	0.0168380218	0.0005824708	0.0000043080	0.0003577236	0.0004865938	0.0002835190	0.0009445024	0.0007701128	0.0017146152
0.0406511628	0.8987982344	0.8718984615	0.8886583796	0.8405755161	0.9811402014	0.9458927473	0.0256164783	0.0022013169	0.0198556228	0.0234151614	0.0176543059	0.0006562040	0.0000048458	0.0003942458	0.0005482698	0.0003116745	0.0010552955	0.0008599443	0.0019152398
0.0406511628	0.9054649011	0.8731773068	0.8887674305	0.8413514957	0.9824587140	0.9466497836	0.0270821401	0.0023240234	0.0207783497	0.0247581167	0.0184543263	0.0007334423	0.0000054011	0.0004317398	0.0006129643	0.0003405622	0.0011705832	0.0009535265	0.0021241097
0.0406511628	0.9121315678	0.8744441072	0.8888737923	0.8421123158	0.9837663285	0.9473924455	0.0285318828	0.0024436897	0.0216822244	0.0260881931	0.0192385347	0.0008140683	0.0000059716	0.0004701189	0.0006805938	0.0003701212	0.0012901588	0.0010507150	0.0023408738
0.0406511628	0.9187982344	0.8756991970	0.8889774719	0.8428583085	0.9850634292	0.9481211112	0.0299661539	0.0025603245	0.0225676912	0.0274058294	0.0200073667	0.0008979704	0.0000065553	0.0005093007	0.0007510795	0.0004002947	0.0014138263	0.0011513742	0.0025652005
0.0406511628	0.9254649011	0.8769428994	0.8890784758	0.8435897947	0.9863503878	0.9488361462	0.0313853857	0.0026739361	0.0234351786	0.0287114496	0.0207612425	0.0009850424	0.0000071499	0.0005492076	0.0008243473	0.0004310292	0.0015414000	0.0012553765	0.0027967765
0.0406511628	0.9321315678	0.8781755271	0.8891768100	0.8443070843	0.9876275643	0.9495379038	0.0327899951	0.0027845323	0.0242850998	0.0300054627	0.0215005675	0.0010751838	0.0000077536	0.0005897661	0.0009003278	0.0004622744	0.0016727035	0.0013626022	0.0030353057
0.0406511628	0.9387982344	0.8793973825	0.8892724802	0.8450104769	0.9888953072	0.9502267255	0.0341803846	0.0028921206	0.0251178534	0.0312882640	0.0222257328	0.0011682987	0.0000083644	0.0006309066	0.0009789555	0.0004939832	0.0018075696	0.0014729387	0.0032805083
0.0406511628	0.9454649011	0.8806087579	0.8893654916	0.8457002620	0.9901539538	0.9509029415	0.0355569431	0.0029967079	0.0259338240	0.0325602352	0.0229371161	0.0012642962	0.0000089803	0.0006725632	0.0010601689	0.0005261113	0.0019458397	0.0015862802	0.0035321199
0.0406511628	0.9521315678	0.8818099366	0.8894558493	0.8463767195	0.9914038311	0.9515668711	0.0369200458	0.0030983006	0.0267333827	0.0338217452	0.0236350821	0.0013630898	0.0000095995	0.0007146738	0.0011439104	0.0005586171	0.0020873630	0.0017025276	0.0037898906
0.0406511628	0.9587982344	0.8830011925	0.8895435578	0.8470401198	0.9926452558	0.9522188233	0.0382700555	0.0031969049	0.0275168879	0.0350731506	0.0243199830	0.0014645971	0.0000102202	0.0007571791	0.0012301259	0.0005914616	0.0022319965	0.0018215875	0.0040535839
0.0406511628	0.9654649011	0.8841827907	0.8896286214	0.8476907249	0.9938785347	0.9528590970	0.0396073225	0.0032925265	0.0282846854	0.0363147960	0.0249921589	0.0015687400	0.0000108407	0.0008000234	0.0013187644	0.0006246080	0.0023796042	0.0019433724	0.0043229766
0.0406511628	0.9721315678	0.8853549882	0.8897110443	0.8483287877	0.9951039653	0.9534879814	0.0409321856	0.0033851709	0.0290371093	0.0375470147	0.0256519385	0.0016754438	0.0000114594	0.0008431537	0.0014097783	0.0006580219	0.0025300569	0.0020678003	0.0045978572
0.0406511628	0.9787982344	0.8865180336	0.8897908301	0.8489545532	0.9963218361	0.9541057566	0.0422449722	0.0034748430	0.0297744824	0.0387701292	0.0262996395	0.0017846377	0.0000120745	0.0008865198	0.0015031229	0.0006916710	0.0026832320	0.0021947940	0.0048780260
0.0406511628	0.9854649011	0.8876721678	0.8898679824	0.8495682584	0.9975324265	0.9547126936	0.0435459988	0.0035615476	0.0304971166	0.0399844513	0.0269355690	0.0018962540	0.0000126846	0.0009300741	0.0015987563	0.0007255249	0.0028390128	0.0023242812	0.0051632940
0.0433178295	0.5854649011	0.7880545321	0.8802382567	0.7766808665	0.8952741217	0.8823529999	-0.0754892049	-0.0073189527	-0.0592016319	-0.0681702522	-0.0518826792	0.0056986201	0.0000535671	0.0035048332	0.0046471833	0.0026918124	0.0092570203	0.0073389957	0.0165960160
0.0433178295	0.5921315678	0.7906434193	0.8804937796	0.7789203209	0.8979545768	0.8846403450	-0.0722094269	-0.0070287066	-0.0563224158	-0.0651807203	-0.0492937092	0.0052142013	0.0000494027	0.0031722145	0.0042485263	0.0024298698	0.0084358186	0.0066783961	0.0151142146
0.0433178295	0.5987982344	0.7931770190	0.8807454736	0.7811007337	0.9005746186	0.8868631825	-0.0690100720	-0.0067428919	-0.0535270507	-0.0622671801	-0.0467841588	0.0047623900	0.0000454666	0.0028651452	0.0038772017	0.0021887575	0.0076730018	0.0060659592	0.0137389610
0.0433178295	0.6054649011	0.7956573297	0.8809933799	0.7832241474	0.9031365591	0.8890238739	-0.0658878928	-0.0064614583	-0.0508122501	-0.0594264346	-0.0443507919	0.0043412144	0.0000417504	0.0025818848	0.0035315011	0.0019669927	0.0069648496	0.0054984939	0.0124633435
0.0433178295	0.6121315678	0.7980862684	0.8812375395	0.7852925213	0.9056426135	0.8911246810	-0.0628397982	-0.0061843553	-0.0481748857	-0.0566554429	-0.0419905304	0.0039488402	0.0000382463	0.0023208196	0.0032098392	0.0017632046	0.0063079061	0.0049730438	0.0112809500
0.0433178295	0.6187982344	0.8004656744	0.8814779935	0.7873077344	0.9080949045	0.8931677708	-0.0598628443	-0.0059115331	-0.0456119785	-0.0539513112	-0.0397004454	0.0035835601	0.0000349462	0.0020804526	0.0029107440	0.0015761254	0.0056989589	0.0044868693	0.0101858283
0.0433178295	0.6254649011	0.8027973121	0.8817147824	0.7892715896	0.9104954664	0.8951552195	-0.0569542269	-0.0056429420	-0.0431206910	-0.0513112848	-0.0374777490	0.0032437840	0.0000318428	0.0018593940	0.0026328480	0.0014045817	0.0051350207	0.0040374296	0.0091724504
0.0433178295	0.6321315678	0.8050828748	0.8819479465	0.7911858160	0.9128462490	0.8970890165	-0.0541112735	-0.0053785331	-0.0406983197	-0.0487327404	-0.0353197866	0.0029280299	0.0000289286	0.0016563532	0.0023748800	0.0012474873	0.0046133118	0.0036223673	0.0082356791
0.0433178295	0.6387982344	0.8073239873	0.8821775255	0.7930520728	0.9151491212	0.8989710685	-0.0513314367	-0.0051182580	-0.0383422876	-0.0462131787	-0.0332240296	0.0026349164	0.0000261966	0.0014701310	0.0021356579	0.0011038361	0.0041312440	0.0032394940	0.0073707380
0.0433178295	0.6454649011	0.8095222090	0.8824035585	0.7948719519	0.9174058753	0.9008032030	-0.0486122874	-0.0048620691	-0.0360501378	-0.0437502183	-0.0311880687	0.0023631545	0.0000236397	0.0012996124	0.0019140816	0.0009726956	0.0036864066	0.0028867772	0.0065731839
0.0433178295	0.6521315678	0.8116790369	0.8826260841	0.7966469809	0.9196182297	0.9025871717	-0.0459515084	-0.0046099198	-0.0338195269	-0.0413415886	-0.0292096071	0.0021115411	0.0000212514	0.0011437604	0.0017091269	0.0008532011	0.0032765529	0.0025623281	0.0058388810
0.0433178295	0.6587982344	0.8137959079	0.8828451399	0.7983786258	0.9217878325	0.9043246541	-0.0433468884	-0.0043617642	-0.0316482193	-0.0389851243	-0.0272864552	0.0018789527	0.0000190250	0.0010016098	0.0015198399	0.0007445506	0.0028995875	0.0022643906	0.0051639781
0.0433178295	0.6654649011	0.8158742017	0.8830607629	0.8000682936	0.9239162649	0.9060172609	-0.0407963171	-0.0041175574	-0.0295340815	-0.0366787596	-0.0254165241	0.0016643395	0.0000169543	0.0008722620	0.0013453314	0.0006459997	0.0025535557	0.0019913311	0.0045448868
0.0433178295	0.6721315678	0.8179152432	0.8832729894	0.8017173352	0.9260050438	0.9076665367	-0.0382977790	-0.0038772558	-0.0274750768	-0.0344205232	-0.0235978210	0.0014667199	0.0000150331	0.0007548798	0.0011847724	0.0005568572	0.0022366328	0.0017416296	0.0039782624
0.0433178295	0.6787982344	0.8199203047	0.8834818545	0.8033270471	0.9280556250	0.9092739630	-0.0358493495	-0.0036408165	-0.0254692600	-0.0322085330	-0.0218284436	0.0012851759	0.0000132555	0.0006486832	0.0010373896	0.0004764809	0.0019471146	0.0015138705	0.0034609852
0.0433178295	0.6854649011	0.8218906083	0.8836873928	0.8048986743	0.9300694057	0.9108409612	-0.0334491894	-0.0034081978	-0.0235147736	-0.0300409916	-0.0201065758	0.0011188483	0.0000116158	0.0005529446	0.0009024612	0.0004042744	0.0016834087	0.0013067356	0.0029901442
0.0433178295	0.6921315678	0.8238273280	0.8838896377	0.8064334124	0.9320477274	0.9123688954	-0.0310955410	-0.0031793593	-0.0216098422	-0.0279161817	-0.0184304829	0.0009669327	0.0000101083	0.0004669853	0.0007793132	0.0003396827	0.0014440263	0.0011189959	0.0025630222
0.0433178295	0.6987982344	0.8257315920	0.8840886216	0.8079324094	0.9339918780	0.9138590744	-0.0287867240	-0.0029542615	-0.0197527693	-0.0258324625	-0.0167985078	0.0008286755	0.0000087277	0.0003901719	0.0006673161	0.0002821899	0.0012275750	0.0009495060	0.0021770810
0.0433178295	0.7054649011	0.8276044843	0.8842843763	0.8093967683	0.9359030946	0.9153127546	-0.0265211313	-0.0027328663	-0.0179419329	-0.0237882650	-0.0152090666	0.0007033704	0.0000074686	0.0003219130	0.0005658816	0.0002313157	0.0010327519	0.0007971973	0.0018299492
0.0433178295	0.7121315678	0.8294470467	0.8844769322	0.8108275485	0.9377825655	0.9167311424	-0.0242972257	-0.0025151366	-0.0161757817	-0.0217820891	-0.0136606451	0.0005903552	0.0000063259	0.0002616559	0.0004744594	0.0001866132	0.0008583370	0.0006610726	0.0015194096
0.0433178295	0.7187982344	0.8312602807	0.8846663191	0.8122257679	0.9396314325	0.9181153960	-0.0221135360	-0.0023010365	-0.0144528318	-0.0198124994	-0.0121517953	0.0004890085	0.0000052948	0.0002088843	0.0003925351	0.0001476661	0.0007031876	0.0005402013	0.0012433889
0.0433178295	0.7254649011	0.8330451493	0.8848525654	0.8135924045	0.9414507929	0.9194666280	-0.0199686541	-0.0020905315	-0.0127716635	-0.0178781226	-0.0106811321	0.0003987471	0.0000043703	0.0001631154	0.0003196273	0.0001140866	0.0005662329	0.0004337139	0.0009999467
0.0433178295	0.7321315678	0.8348025784	0.8850356989	0.8149283985	0.9432417013	0.9207859068	-0.0178612318	-0.0018835879	-0.0111309178	-0.0159776439	-0.0092473299	0.0003190236	0.0000035479	0.0001238973	0.0002552851	0.0000855131	0.0004464688	0.0003407982	0.0007872671
0.0433178295	0.7387982344	0.8365334584	0.8852157462	0.8162346534	0.9450051720	0.9220742592	-0.0157899778	-0.0016801735	-0.0095292935	-0.0141098043	-0.0078491200	0.0002493234	0.0000028230	0.0000908074	0.0001990866	0.0000616087	0.0003429538	0.0002606953	0.0006036491
0.0433178295	0.7454649011	0.8382386462	0.8853927330	0.8175120379	0.9467421800	0.9233326720	-0.0137536550	-0.0014802572	-0.0079655448	-0.0122733979	-0.0064852876	0.0001891630	0.0000021912	0.0000634499	0.0001506363	0.0000420590	0.0002548041	0.0001926952	0.0004474993
0.0433178295	0.7521315678	0.8399189656	0.8855666840	0.8187613871	0.9484536635	0.9245620933	-0.0117510779	-0.0012838089	-0.0064384779	-0.0104672690	-0.0051546690	0.0001380878	0.0000016482	0.0000414540	0.0001095637	0.0000265706	0.0001811900	0.0001361343	0.0003173243
0.0433178295	0.7587982344	0.8415752100	0.8857376229	0.8199835042	0.9501405249	0.9257634349	-0.0097811099	-0.0010907998	-0.0049469494	-0.0086903101	-0.0038561497	0.0000956701	0.0000011898	0.0000244723	0.0000755215	0.0000148699	0.0001213323	0.0000903914	0.0002117236
0.0433178295	0.7654649011	0.8432081424	0.8859055726	0.8211791617	0.9518036329	0.9269375734	-0.0078426614	-0.0009012021	-0.0034898632	-0.0069414592	-0.0025886611	0.0000615073	0.0000008122	0.0000121791	0.0000481839	0.0000067012	0.0000744986	0.0000548850	0.0001293837
0.0433178295	0.7721315678	0.8448184976	0.8860705549	0.8223491028	0.9534438233	0.9280853520	-0.0059346871	-0.0007149894	-0.0020661685	-0.0052196978	-0.0013511791	0.0000352205	0.0000005112	0.0000042691	0.0000272452	0.0000018257	0.0000400008	0.0000290709	0.0000690717
0.0433178295	0.7787982344	0.8464069830	0.8862325908	0.8234940423	0.9550619011	0.9292075815	-0.0040561844	-0.0005321359	-0.0006748576	-0.0035240485	-0.0001427218	0.0000164526	0.0000002832	0.0000004554	0.0000124189	0.0000000204	0.0000171912	0.0000124393	0.0000296305
0.0433178295	0.7854649011	0.8479742797	0.8863917003	0.8246146683	0.9566586414	0.9303050423	-0.0022061908	-0.0003526173	0.0006850358	-0.0018535735	0.0010376531	0.0000048673	0.0000001243	0.0000004693	0.0000034357	0.0000010767	0.0000054609	0.0000045125	0.0000099733
0.0433178295	0.7921315678	0.8495210439	0.8865479027	0.8257116428	0.9582347907	0.9313784853	-0.0003837827	-0.0001764100	0.0020144392	-0.0002073726	0.0021908492	0.0000001473	0.0000000311	0.0000040580	0.0000000430	0.0000047998	0.0000042364	0.0000048428	0.0000090792
0.0433178295	0.7987982344	0.8510479076	0.8867012162	0.8267856032	0.9597910683	0.9324286333	0.0014119271	-0.0000034918	0.0033142423	0.0014154189	0.0033177342	0.0000019935	0.0000000000	0.0000109842	0.0000020034	0.0000110074	0.0000129778	0.0000130108	0.0000259885
0.0433178295	0.8054649011	0.8525554797	0.8868516584	0.8278371631	0.9613281676	0.9334561820	0.0031817902	0.0001661588	0.0045852995	0.0030156314	0.0044191407	0.0000101238	0.0000000276	0.0000210250	0.0000090940	0.0000195288	0.0000311764	0.0000286228	0.0000597992
0.0433178295	0.8121315678	0.8540443470	0.8869992459	0.8288669133	0.9628467566	0.9344618016	0.0049266254	0.0003325623	0.0058284308	0.0045940631	0.0054958685	0.0000242716	0.0000001106	0.0000339706	0.0000211054	0.0000302046	0.0000583528	0.0000513100	0.0001096628
0.0433178295	0.8187982344	0.8555150752	0.8871439946	0.8298754229	0.9643474795	0.9354461372	0.0066472190	0.0004957382	0.0070444240	0.0061514808	0.0065486858	0.0000441855	0.0000002458	0.0000496239	0.0000378407	0.0000428853	0.0000940552	0.0000807260	0.0001747812
0.0433178295	0.8254649011	0.8569682094	0.8872859196	0.8308632400	0.9658309576	0.9364098106	0.0083443271	0.0006557051	0.0082340359	0.0076886220	0.0075783308	0.0000696278	0.0000004299	0.0000677993	0.0000591149	0.0000574311	0.0001378571	0.0001165460	0.0002544031
0.0433178295	0.8321315678	0.8584042757	0.8874250353	0.8318308926	0.9672977902	0.9373534208	0.0100186767	0.0008124807	0.0093979934	0.0092061959	0.0085855127	0.0001003739	0.0000006601	0.0000883223	0.0000847540	0.0000737110	0.0001893563	0.0001584651	0.0003478214
0.0433178295	0.8387982344	0.8598237809	0.8875613553	0.8327788895	0.9687485555	0.9382775450	0.0116709667	0.0009660819	0.0105369956	0.0107048848	0.0095709137	0.0001362115	0.0000009333	0.0001110283	0.0001145946	0.0000916024	0.0002481731	0.0002061969	0.0004543700
0.0433178295	0.8454649011	0.8612272142	0.8876948926	0.8337077212	0.9701838114	0.9391827397	0.0133018697	0.0011165247	0.0116517141	0.0121853450	0.0105351894	0.0001769397	0.0000012466	0.0001357624	0.0001484826	0.0001109902	0.0003139488	0.0002594728	0.0005734217
0.0433178295	0.8521315678	0.8626150476	0.8878256593	0.8346178603	0.9716040965	0.9400695413	0.0149120329	0.0012638243	0.0127427951	0.0136482086	0.0114789708	0.0002223687	0.0000015973	0.0001623788	0.0001862736	0.0001317668	0.0003863448	0.0003180404	0.0007043852
0.0433178295	0.8587982344	0.8639877364	0.8879536672	0.8355097625	0.9730099309	0.9409384671	0.0165020791	0.0014079952	0.0138108600	0.0150940839	0.0124028647	0.0002723186	0.0000019825	0.0001907399	0.0002278314	0.0001538311	0.0004650409	0.0003816624	0.0008467033
0.0433178295	0.8654649011	0.8653457202	0.8880789272	0.8363838673	0.9744018169	0.9417900163	0.0180726080	0.0015490512	0.0148565065	0.0165235568	0.0133074553	0.0003266192	0.0000023996	0.0002207158	0.0002730279	0.0001770884	0.0005497345	0.0004501163	0.0009998508
0.0433178295	0.8721315678	0.8666894232	0.8882014496	0.8372405986	0.9757802394	0.9426246702	0.0196241969	0.0016870051	0.0158803100	0.0179371918	0.0141933049	0.0003851091	0.0000028460	0.0002521842	0.0003217428	0.0002014499	0.0006401393	0.0005231928	0.0011633321
0.0433178295	0.8787982344	0.8680192552	0.8883212444	0.8380803651	0.9771456674	0.9434428934	0.0211574022	0.0018218694	0.0168828243	0.0193355328	0.0150609549	0.0004476357	0.0000033192	0.0002850298	0.0003738628	0.0002268324	0.0007359846	0.0006006952	0.0013366798
0.0433178295	0.8854649011	0.8693356117	0.8884383206	0.8389035612	0.9784985537	0.9442451342	0.0226727596	0.0019536556	0.0178645824	0.0207191040	0.0159109267	0.0005140540	0.0000038168	0.0003191433	0.0004292813	0.0002531576	0.0008370141	0.0006824389	0.0015194530
0.0433178295	0.8921315678	0.8706388751	0.8885526870	0.8397105678	0.9798393363	0.9450318254	0.0241707857	0.0020823748	0.0188260977	0.0220884109	0.0167437229	0.0005842269	0.0000043363	0.0003544220	0.0004878979	0.0002803523	0.0009429851	0.0007682502	0.0017112353
0.0433178295	0.8987982344	0.8719294145	0.8886643518	0.8405017521	0.9811684385	0.9458033850	0.0256519783	0.0022080374	0.0197678648	0.0234439409	0.0175598274	0.0006580240	0.0000048754	0.0003907685	0.0005496184	0.0003083475	0.0010536679	0.0008579659	0.0019116338
0.0433178295	0.9054649011	0.8732075867	0.8887733228	0.8412774688	0.9824862699	0.9465602165	0.0271168174	0.0023306532	0.0206903602	0.0247861642	0.0183597071	0.0007353218	0.0000054319	0.0004280910	0.0006143539	0.0003370788	0.0011688447	0.0009514328	0.0021202775
0.0433178295	0.9121315678	0.8744737365	0.8888796070	0.8420380605	0.9837932264	0.9473027098	0.0285657658	0.0024502313	0.0215940430	0.0261155345	0.0191438117	0.0008160030	0.0000060036	0.0004663027	0.0006820211	0.0003664855	0.0012883093	0.0010485067	0.0023368160
0.0433178295	0.9187982344	0.8757281974	0.8889832114	0.8427838577	0.9850896914	0.9480312416	0.0299992703	0.0025667807	0.0224793560	0.0274324896	0.0199125752	0.0008999562	0.0000065884	0.0005053214	0.0007525415	0.0003965107	0.0014118660	0.0011490521	0.0025609182
0.0433178295	0.9254649011	0.8769712918	0.8890841423	0.8435151801	0.9863760358	0.9487461759	0.0314177616	0.0026803095	0.0233467257	0.0287374522	0.0206664163	0.0009870757	0.0000071841	0.0005450696	0.0008258412	0.0004271008	0.0015393294	0.0012529419	0.0027922713
0.0433178295	0.9321315678	0.8782033312	0.8891824057	0.8442323362	0.9876526184	0.9494478645	0.0328216558	0.0027908254	0.0241965639	0.0300308304	0.0214057386	0.0010772611	0.0000077887	0.0005854737	0.0009018508	0.0004582056	0.0016705235	0.0013600564	0.0030305799
0.0433178295	0.9387982344	0.8794246174	0.8892780071	0.8449356243	0.9889197871	0.9501366475	0.0342113542	0.0028983357	0.0250292676	0.0313130185	0.0221309319	0.0011704168	0.0000084003	0.0006264642	0.0009805051	0.0004897781	0.0018052813	0.0014702833	0.0032755646
0.0433178295	0.9454649011	0.8806354421	0.8893709517	0.8456253328	0.9901778784	0.9508128538	0.0355872445	0.0030028472	0.0258452198	0.0325843973	0.0228423726	0.0012664520	0.0000090171	0.0006679754	0.0010617429	0.0005217740	0.0019434445	0.0015835169	0.0035269614
0.0433178295	0.9521315678	0.8818360875	0.8894612446	0.8463017402	0.9914272183	0.9514768016	0.0369497013	0.0031043664	0.0266447902	0.0338453349	0.0235404238	0.0013652804	0.0000096371	0.0007099448	0.0011455067	0.0005541516	0.0020848624	0.0016996582	0.0037845206
0.0433178295	0.9587982344	0.8830268270	0.8895488901	0.8469651160	0.9926681229	0.9521287986	0.0382990862	0.0032028993	0.0274283358	0.0350961869	0.0242254365	0.0014668200	0.0000102586	0.0007523136	0.0012317423	0.0005868718	0.0022293922	0.0018186141	0.0040480063
0.0433178295	0.9654649011	0.8842079251	0.8896338926	0.8476157209	0.9939008984	0.9527691425	0.0396357488	0.0032984516	0.0281962012	0.0363372972	0.0248977496	0.0015709926	0.0000108798	0.0007950258	0.0013203992	0.0006198979	0.0023768981	0.0019402971	0.0043171952
0.0433178295	0.9721315678	0.8853796380	0.8897162560	0.8482538070	0.9951258416	0.9533981214	0.0409600269	0.0033910285	0.0289487191	0.0375689983	0.0255576906	0.0016777238	0.0000114991	0.0008380283	0.0014114296	0.0006531955	0.0025272512	0.0020646252	0.0045918764
0.0433178295	0.9787982344	0.8865422137	0.8897959840	0.8488796182	0.9963432401	0.9540160143	0.0422722472	0.0034806352	0.0296862111	0.0387916120	0.0262055760	0.0017869429	0.0000121148	0.0008812711	0.0015047892	0.0006867322	0.0026803288	0.0021915214	0.0048718502
0.0433178295	0.9854649011	0.8876958926	0.8898730801	0.8494933905	0.9975533731	0.9546230912	0.0435727255	0.0035672761	0.0304089879	0.0400054494	0.0268417119	0.0018985824	0.0000127255	0.0009247065	0.0016004360	0.0007204775	0.0028360144	0.0023209135	0.0051569279
0.0459844961	0.5854649011	0.7881878377	0.8802542163	0.7767163502	0.8954093296	0.8823773131	-0.0753200614	-0.0073008219	-0.0591559466	-0.0680192395	-0.0518551246	0.0056731117	0.0000533020	0.0034994260	0.0046266169	0.0026889540	0.0092258397	0.0073155709	0.0165414106
0.0459844961	0.5921315678	0.7907716997	0.8805093425	0.7789498184	0.8980843945	0.8846582096	-0.0720471919	-0.0070110315	-0.0562845468	-0.0650361604	-0.0492735152	0.0051907979	0.0000491546	0.0031679502	0.0042297022	0.0024278793	0.0084079026	0.0066575815	0.0150654841
0.0459844961	0.5987982344	0.7933005157	0.8807606525	0.7811245356	0.9006993142	0.8868749227	-0.0688543852	-0.0067256578	-0.0534965789	-0.0621287274	-0.0467709211	0.0047409264	0.0000452345	0.0028618840	0.0038599788	0.0021875191	0.0076480448	0.0060474978	0.0136955426
0.0459844961	0.6054649011	0.7957762709	0.8810081873	0.7832425303	0.9032563856	0.8890297974	-0.0657384159	-0.0064446508	-0.0507887797	-0.0592937652	-0.0443441289	0.0043215393	0.0000415335	0.0025795001	0.0035157506	0.0019664018	0.0069425730	0.0054821524	0.0124247254
0.0459844961	0.6121315678	0.7982008700	0.8812519874	0.7853057482	0.9057578098	0.8911250805	-0.0626962131	-0.0061679605	-0.0481580425	-0.0565282526	-0.0419900821	0.0039308151	0.0000380437	0.0023191971	0.0031954433	0.0017631670	0.0062880559	0.0049586103	0.0112466663
0.0459844961	0.6187982344	0.8005761402	0.8814920935	0.7873160559	0.9082056959	0.8931629242	-0.0597248519	-0.0058955374	-0.0456014090	-0.0538293145	-0.0397058716	0.0035670579	0.0000347574	0.0020794885	0.0028975951	0.0015765562	0.0056813038	0.0044741513	0.0101554551
0.0459844961	0.6254649011	0.8029038352	0.8817285459	0.7892752442	0.9106020656	0.8951453913	-0.0568215457	-0.0056273323	-0.0431160607	-0.0511942134	-0.0374887284	0.0032286881	0.0000316669	0.0018589947	0.0026208475	0.0014054048	0.0051193496	0.0040262522	0.0091456019
0.0459844961	0.6321315678	0.8051856378	0.8819613844	0.7911850310	0.9129488570	0.8970744581	-0.0539836388	-0.0053632967	-0.0406993119	-0.0486203422	-0.0353360152	0.0029142333	0.0000287650	0.0016564340	0.0023639377	0.0012486340	0.0045994322	0.0036125716	0.0082120038
0.0459844961	0.6387982344	0.8074231630	0.8821906484	0.7930470647	0.9152479280	0.8989520192	-0.0512085992	-0.0051033826	-0.0383486026	-0.0461052166	-0.0332452200	0.0026223206	0.0000260445	0.0014706153	0.0021256910	0.0011052447	0.0041189805	0.0032309357	0.0073499161
0.0459844961	0.6454649011	0.8096179612	0.8824163767	0.7948629271	0.9175010603	0.9007798905	-0.0484940120	-0.0048475428	-0.0360614915	-0.0436464692	-0.0312139487	0.0023516692	0.0000234987	0.0013004312	0.0019050143	0.0009743106	0.0036755990	0.0028793249	0.0065549239
0.0459844961	0.6521315678	0.8117715206	0.8826386074	0.7966341363	0.9197099626	0.9025598128	-0.0458375736	-0.0045957311	-0.0338356503	-0.0412418424	-0.0292399192	0.0021010831	0.0000211207	0.0011448512	0.0017008896	0.0008549729	0.0032670551	0.0025558624	0.0058229176
0.0459844961	0.6587982344	0.8138852701	0.8828573781	0.7983621492	0.9218762739	0.9042934555	-0.0432370853	-0.0043479020	-0.0316688571	-0.0388891833	-0.0273209551	0.0018694455	0.0000189043	0.0010029165	0.0015123686	0.0007464346	0.0028912663	0.0022588032	0.0051500695
0.0459844961	0.6654649011	0.8159605817	0.8830727254	0.8000483642	0.9240015667	0.9059824193	-0.0406904485	-0.0041040109	-0.0295589916	-0.0365864376	-0.0254549807	0.0016557126	0.0000168429	0.0008737340	0.0013385674	0.0006479560	0.0025462895	0.0019865235	0.0045328129
0.0459844961	0.6721315678	0.8179987731	0.8832846851	0.8016941238	0.9260873497	0.9076282396	-0.0381956589	-0.0038640145	-0.0275040292	-0.0343316444	-0.0236400148	0.0014589084	0.0000149306	0.0007564716	0.0011786618	0.0005588503	0.0022303106	0.0017375121	0.0039678227
0.0459844961	0.6787982344	0.8200011097	0.8834932923	0.8033007171	0.9281350711	0.9092323893	-0.0357508020	-0.0036278702	-0.0255020368	-0.0321229318	-0.0218741665	0.0012781198	0.0000131614	0.0006503539	0.0010318827	0.0004784792	0.0019416352	0.0015103619	0.0034519971
0.0459844961	0.6854649011	0.8219688074	0.8836985811	0.8048693815	0.9301461210	0.9107962814	-0.0333540485	-0.0033955369	-0.0235511673	-0.0299585116	-0.0201556304	0.0011124926	0.0000115297	0.0005546575	0.0008975124	0.0004062494	0.0016786797	0.0013037619	0.0029824416
0.0459844961	0.6921315678	0.8239030341	0.8839005847	0.8064013058	0.9321218340	0.9123212720	-0.0310036497	-0.0031669743	-0.0216496560	-0.0278366755	-0.0184826818	0.0009612263	0.0000100297	0.0004687076	0.0007748805	0.0003416095	0.0014399636	0.0011164900	0.0025564537
0.0459844961	0.6987982344	0.8258049121	0.8840993353	0.8078976313	0.9340634917	0.9138086627	-0.0286979338	-0.0029421432	-0.0197958161	-0.0257557906	-0.0168536729	0.0008235714	0.0000086562	0.0003918743	0.0006633607	0.0002840463	0.0012241019	0.0009474070	0.0021715090
0.0459844961	0.7054649011	0.8276755203	0.8842948643	0.8093594546	0.9359723252	0.9152597027	-0.0264353018	-0.0027210059	-0.0179880345	-0.0237142959	-0.0152670286	0.0006988252	0.0000074039	0.0003235694	0.0005623678	0.0002330822	0.0010297984	0.0007954500	0.0018252484
0.0459844961	0.7121315678	0.8295158952	0.8844872020	0.8107878293	0.9378495171	0.9166755917	-0.0242142237	-0.0025035255	-0.0162247689	-0.0217106982	-0.0137212434	0.0005863286	0.0000062676	0.0002632431	0.0004713544	0.0001882725	0.0008558394	0.0006596269	0.0015154663
0.0459844961	0.7187982344	0.8313270338	0.8846763777	0.8121837674	0.9396962039	0.9180574816	-0.0220332357	-0.0022896666	-0.0145045436	-0.0197435691	-0.0122148770	0.0004854635	0.0000052426	0.0002103818	0.0003898085	0.0001492032	0.0007010878	0.0005390117	0.0012400996
0.0459844961	0.7254649011	0.8331098943	0.8848624199	0.8135482417	0.9415134777	0.9194064787	-0.0198909362	-0.0020793946	-0.0128259463	-0.0178115416	-0.0107465517	0.0003956493	0.0000043239	0.0001645049	0.0003172510	0.0001154884	0.0005644781	0.0004327394	0.0009972175
0.0459844961	0.7321315678	0.8348653984	0.8850453560	0.8148821870	0.9433023887	0.9207236460	-0.0177859832	-0.0018726765	-0.0111876257	-0.0159133068	-0.0093149492	0.0003163412	0.0000035069	0.0001251630	0.0002532333	0.0000867683	0.0004450111	0.0003400016	0.0007850127
0.0459844961	0.7387982344	0.8365944326	0.8852252123	0.8161865021	0.9450639464	0.9220100046	-0.0157170914	-0.0016694800	-0.0095882873	-0.0140476114	-0.0079188073	0.0002470270	0.0000027872	0.0000919353	0.0001973354	0.0000627075	0.0003417494	0.0002600429	0.0006017923
0.0459844961	0.7454649011	0.8382978497	0.8854020144	0.8174620508	0.9467991219	0.9232665360	-0.0136830290	-0.0014697744	-0.0080266920	-0.0122132546	-0.0065569176	0.0001872253	0.0000021602	0.0000644278	0.0001491636	0.0000429932	0.0002538133	0.0001921568	0.0004459701
0.0459844961	0.7521315678	0.8399764703	0.8855757867	0.8187096639	0.9485088491	0.9244941836	-0.0116826158	-0.0012735299	-0.0065016523	-0.0104090859	-0.0052281224	0.0001364835	0.0000016219	0.0000422715	0.0001083491	0.0000273333	0.0001803769	0.0001356823	0.0003160592
0.0459844961	0.7587982344	0.8416310838	0.8857465529	0.8199301404	0.9501940269	0.9256938543	-0.0097147201	-0.0010807179	-0.0050120306	-0.0086340022	-0.0039313127	0.0000943758	0.0000011680	0.0000251205	0.0000745460	0.0000154552	0.0001206642	0.0000900012	0.0002106654
0.0459844961	0.7654649011	0.8432624505	0.8859143354	0.8211242487	0.9518555201	0.9268664203	-0.0077782569	-0.0008913108	-0.0035567363	-0.0068869461	-0.0026654256	0.0000605013	0.0000007944	0.0000126504	0.0000474300	0.0000071045	0.0000739461	0.0000545345	0.0001284806
0.0459844961	0.7721315678	0.8448713019	0.8860791560	0.8222927280	0.9534941615	0.9280127203	-0.0058721853	-0.0007052823	-0.0021347242	-0.0051669030	-0.0014294418	0.0000344826	0.0000004974	0.0000045570	0.0000266969	0.0000020433	0.0000395370	0.0000287402	0.0000682772
0.0459844961	0.7787982344	0.8464583425	0.8862410355	0.8234362896	0.9551107527	0.9291335614	-0.0039955067	-0.0005226071	-0.0007449914	-0.0034728996	-0.0002223843	0.0000159641	0.0000002731	0.0000005550	0.0000120610	0.0000000495	0.0000167922	0.0000121105	0.0000289027
0.0459844961	0.7854649011	0.8480242508	0.8863999937	0.8245556179	0.9567060659	0.9302297199	-0.0021472626	-0.0003432609	0.0006134236	-0.0018040017	0.0009566845	0.0000046107	0.0000001178	0.0000003763	0.0000032544	0.0000009152	0.0000051049	0.0000041697	0.0000092745
0.0459844961	0.7921315678	0.8495696802	0.8865560497	0.8256513716	0.9582808447	0.9313019429	-0.0003265330	-0.0001672205	0.0019414435	-0.0001593125	0.0021086640	0.0000001066	0.0000000280	0.0000037692	0.0000000254	0.0000044465	0.0000039038	0.0000044718	0.0000083756
0.0459844961	0.7987982344	0.8510952602	0.8867092216	0.8267241849	0.9598358058	0.9323509497	0.0014675658	0.0000055364	0.0032399539	0.0014620295	0.0032344176	0.0000021537	0.0000000000	0.0000104973	0.0000021375	0.0000104615	0.0000126511	0.0000125990	0.0000252501
0.0459844961	0.8054649011	0.8526015975	0.8868595267	0.8277746683	0.9613716399	0.9333774328	0.0032358824	0.0001750309	0.0045098050	0.0030608515	0.0043347741	0.0000104709	0.0000000306	0.0000203383	0.0000093688	0.0000187903	0.0000308399	0.0000281591	0.0000589990
0.0459844961	0.8121315678	0.8540892767	0.8870069815	0.8288034097	0.9628890127	0.9343820589	0.0049792321	0.0003412834	0.0057518129	0.0046379488	0.0054105295	0.0000247928	0.0000001165	0.0000330834	0.0000215106	0.0000292738	0.0000579926	0.0000507844	0.0001087770
0.0459844961	0.8187982344	0.8555588612	0.8871516018	0.8298109753	0.9643885661	0.9353654703	0.0066983986	0.0005043131	0.0069667616	0.0061940855	0.0064624485	0.0000448685	0.0000002543	0.0000485358	0.0000383667	0.0000417632	0.0000936586	0.0000801299	0.0001737886
0.0459844961	0.8254649011	0.8570108944	0.8872934025	0.8307979105	0.9658709193	0.9363282857	0.0083941352	0.0006641385	0.0081554043	0.0077299966	0.0074912658	0.0000704615	0.0000004411	0.0000665106	0.0000597528	0.0000561191	0.0001374132	0.0001158719	0.0002532851
0.0459844961	0.8321315678	0.8584459002	0.8874323979	0.8317647409	0.9673366695	0.9372711012	0.0100671661	0.0008207772	0.0093184648	0.0092463888	0.0084976876	0.0001013478	0.0000006737	0.0000868338	0.0000854957	0.0000722107	0.0001888553	0.0001577064	0.0003465617
0.0459844961	0.8387982344	0.8598643838	0.8875686014	0.8327119727	0.9687863928	0.9381944915	0.0117181879	0.0009742459	0.0104566386	0.0107439420	0.0094823927	0.0001373159	0.0000009492	0.0001093413	0.0001154323	0.0000899158	0.0002476064	0.0002053481	0.0004529544
0.0459844961	0.8454649011	0.8612668326	0.8877020259	0.8336400939	0.9702206455	0.9390990103	0.0133478709	0.0011245604	0.0115705946	0.0122233105	0.0104460342	0.0001781657	0.0000012646	0.0001338787	0.0001494093	0.0001091196	0.0003133090	0.0002585289	0.0005718379
0.0459844961	0.8521315678	0.8626537169	0.8878326834	0.8345495751	0.9716399645	0.9399851917	0.0149568600	0.0012717358	0.0126609757	0.0136851241	0.0113892399	0.0002237077	0.0000016173	0.0001603003	0.0001872826	0.0001297148	0.0003856253	0.0003169974	0.0007026227
0.0459844961	0.8587982344	0.8640254907	0.8879605855	0.8354408698	0.9730448680	0.9408535508	0.0165457758	0.0014157865	0.0137284007	0.0151299894	0.0123126142	0.0002737627	0.0000020045	0.0001884690	0.0002289166	0.0001516005	0.0004642361	0.0003805170	0.0008447532
0.0459844961	0.8654649011	0.8653825918	0.8880857430	0.8363144153	0.9744358567	0.9417045842	0.0181152162	0.0015567259	0.0147734646	0.0165584903	0.0132167387	0.0003281611	0.0000024234	0.0002182553	0.0002741836	0.0001746822	0.0005488397	0.0004488658	0.0009977055
0.0459844961	0.8721315678	0.8667254432	0.8882081661	0.8371706335	0.9758134143	0.9425387712	0.0196657565	0.0016945670	0.0157967403	0.0179711895	0.0141021732	0.0003867420	0.0000028716	0.0002495370	0.0003229637	0.0001988713	0.0006391505	0.0005218349	0.0011609855
0.0459844961	0.8787982344	0.8680544533	0.8883278647	0.8380099312	0.9771780081	0.9433565743	0.0211979513	0.0018293220	0.0167987789	0.0193686294	0.0149694569	0.0004493531	0.0000033464	0.0002821990	0.0003751438	0.0002240846	0.0007348985	0.0005992284	0.0013341270
0.0459844961	0.8854649011	0.8693700165	0.8884448476	0.8388327012	0.9785300898	0.9441584398	0.0227123348	0.0019610023	0.0177801113	0.0207513325	0.0158191091	0.0005158502	0.0000038455	0.0003161324	0.0004306178	0.0002502442	0.0008358280	0.0006808620	0.0015166901
0.0459844961	0.8921315678	0.8706725137	0.8885591237	0.8396393223	0.9798700959	0.9449447987	0.0242094217	0.0020896188	0.0187412488	0.0221198029	0.0166516300	0.0005860961	0.0000043665	0.0003512344	0.0004892857	0.0002772768	0.0009416970	0.0007665625	0.0017082595
0.0459844961	0.8987982344	0.8719623131	0.8886707009	0.8404301602	0.9811984486	0.9457160671	0.0256897084	0.0022151819	0.0196826836	0.0234745265	0.0174675017	0.0006599611	0.0000049070	0.0003874080	0.0005510534	0.0003051136	0.0010522762	0.0008561670	0.0019084432
0.0459844961	0.9054649011	0.8732397703	0.8887795869	0.8412055680	0.9825155563	0.9464726468	0.0271536735	0.0023377012	0.0206048903	0.0248159723	0.0182671891	0.0007373220	0.0000054648	0.0004245615	0.0006158325	0.0003336902	0.0011673483	0.0009495227	0.0021168710
0.0459844961	0.9121315678	0.8745052291	0.8888857888	0.8419658866	0.9838218140	0.9472149259	0.0286017784	0.0024571858	0.0215083260	0.0261445925	0.0190511402	0.0008180617	0.0000060378	0.0004626081	0.0006835397	0.0003629459	0.0012867076	0.0010464857	0.0023331932
0.0459844961	0.9187982344	0.8757590220	0.8889893132	0.8427114452	0.9851176037	0.9479432797	0.0300344684	0.0025736445	0.0223934316	0.0274608239	0.0198197871	0.0009020693	0.0000066236	0.0005014658	0.0007540968	0.0003928240	0.0014101587	0.0011469208	0.0025570795
0.0459844961	0.9254649011	0.8770014703	0.8890901666	0.8434425618	0.9864032954	0.9486580704	0.0314521732	0.0026870853	0.0232606320	0.0287650880	0.0205735467	0.0009892392	0.0000072204	0.0005410570	0.0008274303	0.0004232708	0.0015375166	0.0012507011	0.0027882177
0.0459844961	0.9321315678	0.8782328848	0.8891883547	0.8441595438	0.9876792473	0.9493596485	0.0328553075	0.0027975158	0.0241103371	0.0300577918	0.0213128213	0.0010794712	0.0000078261	0.0005813084	0.0009034708	0.0004542364	0.0016686057	0.0013577072	0.0030263129
0.0459844961	0.9387982344	0.8794535664	0.8892838830	0.8448626881	0.9889458059	0.9500483527	0.0342442717	0.0029049432	0.0249429423	0.0313393285	0.0220379991	0.0011726701	0.0000084387	0.0006221504	0.0009821535	0.0004856734	0.0018032592	0.0014678269	0.0032710861
0.0459844961	0.9454649011	0.8806638058	0.8893767568	0.8455522817	0.9902033072	0.9507245105	0.0356194523	0.0030093743	0.0257588291	0.0326100780	0.0227494548	0.0012687454	0.0000090563	0.0006635173	0.0010634172	0.0005175377	0.0019413190	0.0015809549	0.0035222739
0.0459844961	0.9521315678	0.8818638848	0.8894669807	0.8462286021	0.9914520763	0.9513884387	0.0369812228	0.0031108154	0.0265583657	0.0338704074	0.0234475503	0.0013676108	0.0000096772	0.0007053468	0.0011472045	0.0005497876	0.0020826348	0.0016969921	0.0037796269
0.0459844961	0.9587982344	0.8830540757	0.8895545593	0.8468919175	0.9926924284	0.9520404438	0.0383299440	0.0032092725	0.0273419076	0.0351206715	0.0241326351	0.0014691846	0.0000102994	0.0007475799	0.0012334616	0.0005823841	0.0022270639	0.0018158456	0.0040429096
0.0459844961	0.9654649011	0.8842346424	0.8896394968	0.8475424874	0.9939246690	0.9526808224	0.0396659644	0.0033047510	0.0281097980	0.0363612133	0.0248050470	0.0015733887	0.0000109214	0.0007901607	0.0013221378	0.0006152904	0.0023744709	0.0019374282	0.0043118990
0.0459844961	0.9721315678	0.8854058404	0.8897217970	0.8481805629	0.9951490942	0.9533098613	0.0409896210	0.0033972564	0.0288623684	0.0375923646	0.0254651120	0.0016801490	0.0000115414	0.0008330363	0.0014131859	0.0006484719	0.0025247267	0.0020616578	0.0045863845
0.0459844961	0.9787982344	0.8865679172	0.8898014636	0.8488063868	0.9963659911	0.9539278384	0.0423012397	0.0034867934	0.0295999391	0.0388144463	0.0261131457	0.0017893949	0.0000121577	0.0008761564	0.0015065612	0.0006818964	0.0026777090	0.0021884576	0.0048661666
0.0459844961	0.9854649011	0.8877211124	0.8898785000	0.8494201941	0.9975756380	0.9545350226	0.0436011354	0.0035733667	0.0303228195	0.0400277687	0.0267494528	0.0019010590	0.0000127689	0.0009194734	0.0016022223	0.0007155332	0.0028333013	0.0023177555	0.0051510568
0.0486511628	0.5854649011	0.7883288547	0.8802711130	0.7767600365	0.8955523395	0.8824100042	-0.0751411645	-0.0072816268	-0.0590997033	-0.0678595377	-0.0518180765	0.0056461946	0.0000530221	0.0034927749	0.0046049169	0.0026851130	0.0091919916	0.0072900299	0.0164820215
0.0486511628	0.5921315678	0.7909074059	0.8805258194	0.7789872253	0.8982217086	0.8846841377	-0.0718755942	-0.0069923188	-0.0562365258	-0.0648832754	-0.0492442070	0.0051661010	0.0000488925	0.0031625468	0.0042098394	0.0024249919	0.0083775404	0.0066348314	0.0150123717
0.0486511628	0.5987982344	0.7934311662	0.8807767231	0.7811559672	0.9008312157	0.8868944271	-0.0686897065	-0.0067074117	-0.0534563408	-0.0619822947	-0.0467489290	0.0047182758	0.0000449894	0.0028575804	0.0038418049	0.0021854624	0.0076208455	0.0060272672	0.0136481127
0.0486511628	0.6054649011	0.7959021067	0.8810238646	0.7832682760	0.9033831416	0.8890432002	-0.0655802989	-0.0064268561	-0.0507559095	-0.0591534428	-0.0443290533	0.0043007756	0.0000413045	0.0025761623	0.0034991298	0.0019650650	0.0069182424	0.0054641948	0.0123824372
0.0486511628	0.6121315678	0.7983221187	0.8812672843	0.7853260834	0.9058796723	0.8911326875	-0.0625443220	-0.0061506025	-0.0481321482	-0.0563937195	-0.0419815457	0.0039117922	0.0000378299	0.0023167037	0.0031802516	0.0017624502	0.0062663258	0.0049427018	0.0112090276
0.0486511628	0.6187982344	0.8006930174	0.8815070222	0.7873312427	0.9083229030	0.8931650263	-0.0595788711	-0.0058786018	-0.0455821199	-0.0537002694	-0.0397035181	0.0035496419	0.0000345580	0.0020777297	0.0028837189	0.0015763694	0.0056619295	0.0044600883	0.0101220178
0.0486511628	0.6254649011	0.8030165447	0.8817431184	0.7892855319	0.9107148419	0.8951422647	-0.0566811783	-0.0056108052	-0.0431030264	-0.0510703731	-0.0374922212	0.0032127560	0.0000314811	0.0018578709	0.0026081830	0.0014056666	0.0051021080	0.0040138497	0.0091159576
0.0486511628	0.6321315678	0.8052943724	0.8819756123	0.7911906572	0.9130574147	0.8970663658	-0.0538486051	-0.0053471647	-0.0406922007	-0.0485014404	-0.0353450360	0.0028996723	0.0000285922	0.0016558552	0.0023523897	0.0012492716	0.0045841196	0.0036016613	0.0081857809
0.0486511628	0.6387982344	0.8075281053	0.8822045429	0.7930482559	0.9153524676	0.8989392112	-0.0510786358	-0.0050876327	-0.0383471005	-0.0459910031	-0.0332594679	0.0026090270	0.0000258840	0.0014705001	0.0021151724	0.0011061922	0.0041054112	0.0032213646	0.0073267757
0.0486511628	0.6454649011	0.8097192841	0.8824299487	0.7948598990	0.9176017715	0.9007626046	-0.0483688708	-0.0048321624	-0.0360653012	-0.0435367084	-0.0312331388	0.0023395477	0.0000233498	0.0013007059	0.0018954450	0.0009755090	0.0036636034	0.0028709539	0.0065345573
0.0486511628	0.6521315678	0.8118693879	0.8826518675	0.7966270945	0.9198070245	0.9025382756	-0.0457170207	-0.0045807080	-0.0338444898	-0.0411363127	-0.0292637818	0.0020900460	0.0000209829	0.0011454495	0.0016921962	0.0008563689	0.0032564784	0.0025485651	0.0058050435
0.0486511628	0.6587982344	0.8139798371	0.8828703365	0.7983512898	0.9219698561	0.9042678827	-0.0431209001	-0.0043332243	-0.0316824592	-0.0387876758	-0.0273492349	0.0018594120	0.0000187768	0.0010037782	0.0015044838	0.0007479807	0.0028819671	0.0022524644	0.0051344315
0.0486511628	0.6654649011	0.8160519955	0.8830853919	0.8000338744	0.9240918295	0.9059530162	-0.0405784227	-0.0040896673	-0.0295771028	-0.0364887555	-0.0254874355	0.0016466084	0.0000167254	0.0008748050	0.0013314293	0.0006496094	0.0025381388	0.0019810386	0.0045191774
0.0486511628	0.6721315678	0.8180871731	0.8832970694	0.8016761822	0.9261744451	0.9075952021	-0.0380875961	-0.0038499939	-0.0275264091	-0.0342376022	-0.0236764153	0.0014506650	0.0000148225	0.0007577032	0.0011722134	0.0005605726	0.0022231906	0.0017327860	0.0039559767
0.0486511628	0.6787982344	0.8200866285	0.8835054036	0.8032794940	0.9282191429	0.9091959038	-0.0356465164	-0.0036141620	-0.0255284570	-0.0320323545	-0.0219142951	0.0012706741	0.0000130622	0.0006517021	0.0010260717	0.0004802363	0.0019354384	0.0015063081	0.0034417465
0.0486511628	0.6854649011	0.8220515705	0.8837104284	0.8048450397	0.9302273053	0.9107565259	-0.0332533647	-0.0033821306	-0.0235814111	-0.0298712341	-0.0201992805	0.0011057863	0.0000114388	0.0005560829	0.0008922906	0.0004080109	0.0016733080	0.0013003016	0.0029736096
0.0486511628	0.6921315678	0.8239831607	0.8839121766	0.8063740005	0.9322002599	0.9122784162	-0.0309064019	-0.0031538599	-0.0216835173	-0.0277525420	-0.0185296574	0.0009552057	0.0000099468	0.0004701749	0.0007702036	0.0003433482	0.0014353274	0.0011135518	0.0025488792
0.0486511628	0.6987982344	0.8258825156	0.8841106802	0.8078675111	0.9341392815	0.9137628683	-0.0286039651	-0.0029293112	-0.0198330990	-0.0256746539	-0.0169037878	0.0008181868	0.0000085809	0.0003933518	0.0006591879	0.0002857380	0.0012201195	0.0009449259	0.0021650454
0.0486511628	0.7054649011	0.8277507081	0.8843059704	0.8093266614	0.9360455949	0.9152111243	-0.0263444637	-0.0027084468	-0.0180285529	-0.0236360169	-0.0153201062	0.0006940308	0.0000073357	0.0003250287	0.0005586613	0.0002347057	0.0010263952	0.0007933669	0.0018197621
0.0486511628	0.7121315678	0.8295887697	0.8844980770	0.8107524985	0.9379203768	0.9166243766	-0.0241263758	-0.0024912303	-0.0162683457	-0.0216351455	-0.0137771154	0.0005820820	0.0000062062	0.0002646591	0.0004680795	0.0001898089	0.0008529473	0.0006578884	0.0015108357
0.0486511628	0.7187982344	0.8313976920	0.8846870294	0.8121460287	0.9397647579	0.9180037705	-0.0219482449	-0.0022776265	-0.0145510104	-0.0196706184	-0.0122733839	0.0004817255	0.0000051876	0.0002117319	0.0003869332	0.0001506360	0.0006986449	0.0005375692	0.0012362141
0.0486511628	0.7254649011	0.8331784286	0.8848728555	0.8135082190	0.9415798252	0.9193504060	-0.0198086764	-0.0020676012	-0.0128751428	-0.0177410752	-0.0108075415	0.0003923837	0.0000042750	0.0001657693	0.0003147457	0.0001168030	0.0005624279	0.0004315487	0.0009939766
0.0486511628	0.7321315678	0.8349318966	0.8850555826	0.8148399989	0.9433666236	0.9206653400	-0.0177063350	-0.0018611216	-0.0112393990	-0.0158452134	-0.0093782774	0.0003135143	0.0000034638	0.0001263241	0.0002510708	0.0000879521	0.0004433022	0.0003390229	0.0007823250
0.0486511628	0.7387982344	0.8366589784	0.8852352368	0.8161422619	0.9451261581	0.9219495880	-0.0156399414	-0.0016581558	-0.0096424923	-0.0139817855	-0.0079843365	0.0002446078	0.0000027495	0.0000929777	0.0001954903	0.0000637496	0.0003403349	0.0002592400	0.0005995749
0.0486511628	0.7454649011	0.8383605226	0.8854118434	0.8174158671	0.9468593952	0.9232041260	-0.0136082698	-0.0014586733	-0.0080831901	-0.0121495965	-0.0066245168	0.0001851850	0.0000021277	0.0000653380	0.0001476127	0.0000438842	0.0002526507	0.0001914969	0.0004441476
0.0486511628	0.7521315678	0.8400373459	0.8855854267	0.8186616405	0.9485672648	0.9244298921	-0.0116101453	-0.0012626444	-0.0065603115	-0.0103475009	-0.0052976671	0.0001347955	0.0000015943	0.0000430377	0.0001070708	0.0000280653	0.0001794274	0.0001351361	0.0003145635
0.0486511628	0.7587982344	0.8416902345	0.8857560100	0.8198803766	0.9502506616	0.9256277885	-0.0096444416	-0.0010700409	-0.0050727252	-0.0085744007	-0.0040026842	0.0000930153	0.0000011450	0.0000257325	0.0000735203	0.0000160215	0.0001198928	0.0000895418	0.0002094346
0.0486511628	0.7654649011	0.8433199448	0.8859236156	0.8210728397	0.9519104468	0.9267986825	-0.0077100784	-0.0008808356	-0.0036193464	-0.0068292428	-0.0027385108	0.0000594453	0.0000007759	0.0000130997	0.0000466386	0.0000074994	0.0000733208	0.0000541380	0.0001274588
0.0486511628	0.7721315678	0.8449272053	0.8860882651	0.8222397649	0.9535474496	0.9279434085	-0.0058060195	-0.0006950022	-0.0021991353	-0.0051110174	-0.0015041331	0.0000337099	0.0000004830	0.0000048362	0.0000261225	0.0000022624	0.0000390291	0.0000283849	0.0000674140
0.0486511628	0.7787982344	0.8465127174	0.8862499790	0.8233818596	0.9551624682	0.9290627691	-0.0039312706	-0.0005125156	-0.0008110946	-0.0034187550	-0.0002985790	0.0000154549	0.0000002627	0.0000006579	0.0000116879	0.0000000891	0.0000163754	0.0000117770	0.0000281525
0.0486511628	0.7854649011	0.8480771567	0.8864087771	0.8244998046	0.9567562716	0.9301575367	-0.0020848773	-0.0003333519	0.0005457324	-0.0017515253	0.0008790843	0.0000043467	0.0000001111	0.0000002978	0.0000030678	0.0000007728	0.0000047557	0.0000038406	0.0000085963
0.0486511628	0.7921315678	0.8496211739	0.8865646781	0.8255942550	0.9583296006	0.9312284545	-0.0002659233	-0.0001574880	0.0018722635	-0.0001084352	0.0020297516	0.0000000707	0.0000000248	0.0000035054	0.0000000118	0.0000041199	0.0000036009	0.0000041316	0.0000077325
0.0486511628	0.7987982344	0.8511453958	0.8867177000	0.8266658418	0.9598831689	0.9322762382	0.0015264713	0.0000150980	0.0031693800	0.0015113732	0.0031542820	0.0000023301	0.0000000002	0.0000100450	0.0000022842	0.0000099495	0.0000123753	0.0000122337	0.0000246091
0.0486511628	0.8054649011	0.8526504267	0.8868678600	0.8277151721	0.9614176645	0.9333015767	0.0032931516	0.0001844273	0.0044379275	0.0031087242	0.0042535001	0.0000108448	0.0000000340	0.0000196952	0.0000096642	0.0000180923	0.0000305741	0.0000277564	0.0000583305
0.0486511628	0.8121315678	0.8541368487	0.8870151745	0.8287428308	0.9629337505	0.9343051332	0.0050349297	0.0003505199	0.0056787182	0.0046844098	0.0053281982	0.0000253505	0.0000001229	0.0000322478	0.0000219437	0.0000283897	0.0000577212	0.0000503334	0.0001080546
0.0486511628	0.8187982344	0.8556052232	0.8871596589	0.8297493811	0.9644320666	0.9352875470	0.0067525863	0.0005133950	0.0068925321	0.0062391913	0.0063791371	0.0000455974	0.0000002636	0.0000475070	0.0000389275	0.0000406934	0.0000933680	0.0000796209	0.0001729889
0.0486511628	0.8254649011	0.8570560914	0.8873013280	0.8307353658	0.9659132296	0.9362494336	0.0084468717	0.0006730707	0.0080801188	0.0077738009	0.0074070481	0.0000713496	0.0000004530	0.0000652883	0.0000604320	0.0000548644	0.0001370910	0.0001152963	0.0002523873
0.0486511628	0.8321315678	0.8584899750	0.8874401961	0.8317013076	0.9673778344	0.9371913862	0.0101185073	0.0008295645	0.0092421984	0.0092889428	0.0084126339	0.0001023842	0.0000006882	0.0000854182	0.0000862845	0.0000707724	0.0001884906	0.0001570569	0.0003455475
0.0486511628	0.8387982344	0.8599073775	0.8875762763	0.8326477102	0.9688264553	0.9381139767	0.0117681873	0.0009828929	0.0103794631	0.0107852944	0.0093965702	0.0001384902	0.0000009661	0.0001077333	0.0001163226	0.0000882955	0.0002471896	0.0002046181	0.0004518077
0.0486511628	0.8454649011	0.8613087846	0.8877095814	0.8335750592	0.9702596464	0.9390177562	0.0133965793	0.0011330717	0.0114925786	0.0122635077	0.0103595069	0.0001794683	0.0000012839	0.0001320794	0.0001503936	0.0001073194	0.0003128316	0.0002577130	0.0005705446
0.0486511628	0.8521315678	0.8626946646	0.8878401233	0.8344838228	0.9716779429	0.9399032561	0.0150043259	0.0012801156	0.0125821848	0.0137242103	0.0113020692	0.0002251298	0.0000016387	0.0001583114	0.0001883539	0.0001277368	0.0003850799	0.0003160907	0.0007011706
0.0486511628	0.8587982344	0.8640654699	0.8879679134	0.8353744522	0.9730818613	0.9407709891	0.0165920457	0.0014240389	0.0136488974	0.0151680068	0.0122248585	0.0002752960	0.0000020279	0.0001862924	0.0002300684	0.0001494472	0.0004636163	0.0003795156	0.0008431319
0.0486511628	0.8654649011	0.8654216370	0.8880929624	0.8362473825	0.9744719006	0.9416214495	0.0181603342	0.0015648551	0.0146933088	0.0165954791	0.0131284537	0.0003297977	0.0000024488	0.0002158933	0.0002754099	0.0001723563	0.0005481398	0.0004477662	0.0009959061
0.0486511628	0.8721315678	0.8667635872	0.8882152805	0.8371030337	0.9758485429	0.9424551143	0.0197097649	0.0017025768	0.0157159890	0.0180071881	0.0140134123	0.0003884748	0.0000028988	0.0002469923	0.0003242588	0.0001963757	0.0006383659	0.0005206345	0.0011590005
0.0486511628	0.8787982344	0.8680917276	0.8883348772	0.8379418105	0.9772122539	0.9432724438	0.0212408904	0.0018372160	0.0167174869	0.0194036744	0.0148802709	0.0004511754	0.0000033754	0.0002794744	0.0003765026	0.0002214225	0.0007340252	0.0005979250	0.0013319502
0.0486511628	0.8854649011	0.8694064511	0.8884517615	0.8387641038	0.9785634840	0.9440738824	0.0227542431	0.0019687842	0.0176983307	0.0207854589	0.0157295465	0.0005177556	0.0000038761	0.0003132309	0.0004320353	0.0002474186	0.0008348626	0.0006794539	0.0015143165
0.0486511628	0.8921315678	0.8707081375	0.8885659419	0.8395702905	0.9799026684	0.9448598590	0.0242503361	0.0020972921	0.0186590294	0.0221530440	0.0165617373	0.0005880788	0.0000043986	0.0003481594	0.0004907574	0.0002742911	0.0009406368	0.0007650485	0.0017056853
0.0486511628	0.8987982344	0.8719971536	0.8886774263	0.8403607347	0.9812302279	0.9456307877	0.0257296641	0.0022227498	0.0196000731	0.0235069142	0.0173773233	0.0006620156	0.0000049406	0.0003841629	0.0005525750	0.0003019714	0.0010511191	0.0008545464	0.0019056655
0.0486511628	0.9054649011	0.8732738540	0.8887862224	0.8411357878	0.9825465697	0.9463870687	0.0271927041	0.0023451670	0.0205219342	0.0248475371	0.0181767672	0.0007394432	0.0000054998	0.0004211498	0.0006174001	0.0003303949	0.0011660927	0.0009477950	0.0021138877
0.0486511628	0.9121315678	0.8745385814	0.8888923371	0.8418957889	0.9838520876	0.9471290884	0.0286399162	0.0024645527	0.0214250678	0.0261753635	0.0189605151	0.0008202448	0.0000060740	0.0004590335	0.0006851497	0.0003595011	0.0012853523	0.0010446508	0.0023300031
0.0486511628	0.9187982344	0.8757916672	0.8889957769	0.8426410659	0.9851471626	0.9478572202	0.0300717442	0.0025809153	0.0223099128	0.0274908289	0.0197289975	0.0009043098	0.0000066611	0.0004977322	0.0007557457	0.0003892333	0.0014087031	0.0011449790	0.0025536822
0.0486511628	0.9254649011	0.8770334317	0.8890965482	0.8433719352	0.9864321637	0.9485718249	0.0314886166	0.0026942629	0.0231768923	0.0287943537	0.0204826294	0.0009915330	0.0000072591	0.0005371683	0.0008291148	0.0004195381	0.0015359604	0.0012486529	0.0027846133
0.0486511628	0.9321315678	0.8782641849	0.8891946566	0.8440887027	0.9877074478	0.9492732513	0.0328909467	0.0028046030	0.0240264145	0.0300863436	0.0212218114	0.0010818144	0.0000078658	0.0005772686	0.0009051881	0.0004503653	0.0016669488	0.0013555534	0.0030225021
0.0486511628	0.9387982344	0.8794842264	0.8892901076	0.8447916640	0.9889733607	0.9499618367	0.0342791337	0.0029119427	0.0248588729	0.0313671910	0.0219469301	0.0011750590	0.0000084794	0.0006179636	0.0009839007	0.0004816677	0.0018015020	0.0014655684	0.0032670704
0.0486511628	0.9454649011	0.8806938465	0.8893829063	0.8454811048	0.9902302374	0.9506379072	0.0356535631	0.0030162887	0.0256746475	0.0326372744	0.0226583588	0.0012711766	0.0000090980	0.0006591875	0.0010651917	0.0005134012	0.0019394621	0.0015785929	0.0035180550
0.0486511628	0.9521315678	0.8818933257	0.8894730573	0.8461573012	0.9914784023	0.9513017783	0.0370146072	0.0031176471	0.0264741049	0.0338969601	0.0233564578	0.0013700811	0.0000097197	0.0007008782	0.0011490039	0.0005455241	0.0020806791	0.0016945280	0.0037752071
0.0486511628	0.9587982344	0.8830829359	0.8895605651	0.8468205204	0.9927181696	0.9519537551	0.0383626257	0.0032160239	0.0272575992	0.0351466019	0.0240415753	0.0014716911	0.0000103428	0.0007429767	0.0012352836	0.0005779973	0.0022250106	0.0018132810	0.0040382915
0.0486511628	0.9654649011	0.8842629401	0.8896454338	0.8474710206	0.9939498440	0.9525941329	0.0396979664	0.0033114245	0.0280254720	0.0363865419	0.0247140476	0.0015759285	0.0000109655	0.0007854271	0.0013239804	0.0006107841	0.0023723212	0.0019347646	0.0043070857
0.0486511628	0.9721315678	0.8854335931	0.8897276671	0.8481090517	0.9951737210	0.9532231975	0.0410209652	0.0034038541	0.0287780537	0.0376171111	0.0253741996	0.0016827196	0.0000115862	0.0008281764	0.0014150470	0.0006438500	0.0025224822	0.0020588971	0.0045813792
0.0486511628	0.9787982344	0.8865951417	0.8898072687	0.8487348556	0.9963900868	0.9538412255	0.0423319470	0.0034933174	0.0295156629	0.0388386295	0.0260223455	0.0017919937	0.0000122033	0.0008711744	0.0015084391	0.0006771625	0.0026753714	0.0021856016	0.0048609730
0.0486511628	0.9854649011	0.8877478248	0.8898842418	0.8493486662	0.9975992191	0.9544484848	0.0436312260	0.0035798191	0.0302386081	0.0400514069	0.0266587890	0.0019036839	0.0000128151	0.0009143734	0.0016041152	0.0007106910	0.0028308724	0.0023148062	0.0051456786
0.0513178295	0.5854649011	0.7884775403	0.8802889441	0.7768118745	0.8957031047	0.8824510176	-0.0749525737	-0.0072613707	-0.0590329693	-0.0676912030	-0.0517715986	0.0056178883	0.0000527275	0.0034848915	0.0045820990	0.0026802984	0.0091555073	0.0072623974	0.0164179047
0.0513178295	0.5921315678	0.7910504978	0.8805432076	0.7790324932	0.8983664753	0.8847180768	-0.0716946895	-0.0069725714	-0.0561784162	-0.0647221181	-0.0492058448	0.0051401285	0.0000486168	0.0031560144	0.0041889526	0.0024212152	0.0083447597	0.0066101677	0.0149549274
0.0513178295	0.5987982344	0.7935689326	0.8807936827	0.7811949828	0.9009702818	0.8869216459	-0.0685160879	-0.0066881566	-0.0534063961	-0.0618279313	-0.0467182394	0.0046944543	0.0000447314	0.0028522431	0.0038226931	0.0021825939	0.0075914289	0.0060052870	0.0135967159
0.0513178295	0.6054649011	0.7960348011	0.8810404095	0.7833013413	0.9035167883	0.8890640349	-0.0654135907	-0.0064080772	-0.0507136959	-0.0590055135	-0.0443056187	0.0042789379	0.0000410635	0.0025718789	0.0034816506	0.0019629878	0.0068918803	0.0054446385	0.0123365187
0.0513178295	0.6121315678	0.7984499810	0.8812834278	0.7853534858	0.9060081647	0.8911474573	-0.0623841712	-0.0061322842	-0.0480972559	-0.0562518870	-0.0419649716	0.0038917848	0.0000376049	0.0023133460	0.0031642748	0.0017610588	0.0062427357	0.0049253336	0.0111680694
0.0513178295	0.6187982344	0.8008162742	0.8815227774	0.7873532555	0.9084464914	0.8931740344	-0.0594249454	-0.0058607290	-0.0455541615	-0.0535642164	-0.0396934325	0.0035313241	0.0000343481	0.0020751816	0.0028691253	0.0015755686	0.0056408539	0.0044446939	0.0100855478
0.0513178295	0.6254649011	0.8031354104	0.8817584978	0.7893024155	0.9108337628	0.8951457995	-0.0565331652	-0.0055933634	-0.0430816357	-0.0509398018	-0.0374882723	0.0031959988	0.0000312857	0.0018560273	0.0025948634	0.0014053706	0.0050833118	0.0040002340	0.0090835458
0.0513178295	0.6321315678	0.8054090501	0.8819906281	0.7912026594	0.9131718915	0.8970647013	-0.0537062104	-0.0053301396	-0.0406770311	-0.0483760708	-0.0353468915	0.0028843570	0.0000284104	0.0016546209	0.0023402442	0.0012494027	0.0045673883	0.0035896470	0.0081570353
0.0513178295	0.6387982344	0.8076387873	0.8822192071	0.7930556127	0.9154627113	0.8989326080	-0.0509415825	-0.0050710106	-0.0383378240	-0.0458705719	-0.0332668134	0.0025950448	0.0000257151	0.0014697887	0.0021041094	0.0011066809	0.0040905487	0.0032107902	0.0073013390
0.0513178295	0.6454649011	0.8098261523	0.8824442727	0.7948628354	0.9177079815	0.9007513109	-0.0482368978	-0.0048159301	-0.0360616069	-0.0434209677	-0.0312456769	0.0023267983	0.0000231932	0.0013004395	0.0018853804	0.0009762923	0.0036504310	0.0028616728	0.0065121037
0.0513178295	0.6521315678	0.8119726148	0.8826658625	0.7966258249	0.9199093896	0.9025225273	-0.0455898816	-0.0045648525	-0.0338460835	-0.0410250291	-0.0292812309	0.0020784373	0.0000208379	0.0011455574	0.0016830530	0.0008573905	0.0032448326	0.0025404435	0.0057852761
0.0513178295	0.6587982344	0.8140795860	0.8828840131	0.7983460187	0.9220685547	0.9042479044	-0.0429983629	-0.0043177333	-0.0316890618	-0.0386806296	-0.0273713285	0.0018488592	0.0000186428	0.0010041966	0.0014961911	0.0007491896	0.0028716987	0.0022453807	0.0051170794
0.0513178295	0.6654649011	0.8161484214	0.8830987607	0.8000247967	0.9241870306	0.9059290220	-0.0404602682	-0.0040745287	-0.0295884496	-0.0363857395	-0.0255139209	0.0016370333	0.0000166018	0.0008754764	0.0013239220	0.0006509602	0.0025291114	0.0019748822	0.0045039936
0.0513178295	0.6721315678	0.8181804230	0.8833101404	0.8016634838	0.9262663085	0.9075673958	-0.0379736173	-0.0038351960	-0.0275422490	-0.0341384213	-0.0237070530	0.0014419956	0.0000147087	0.0007585755	0.0011654318	0.0005620244	0.0022152798	0.0017274562	0.0039427360
0.0513178295	0.6787982344	0.8201768417	0.8835181866	0.8032633525	0.9283078199	0.9091644798	-0.0355365180	-0.0035996935	-0.0255485516	-0.0319368245	-0.0219488581	0.0012628441	0.0000129578	0.0006527285	0.0010199608	0.0004817524	0.0019285304	0.0015017131	0.0034302435
0.0513178295	0.6854649011	0.8221388793	0.8837229328	0.8048256246	0.9303129394	0.9107216693	-0.0331471619	-0.0033679807	-0.0236055340	-0.0297791812	-0.0202375533	0.0010987343	0.0000113433	0.0005572212	0.0008867996	0.0004095586	0.0016672989	0.0012963582	0.0029636571
0.0513178295	0.6921315678	0.8240676907	0.8839244117	0.8063514737	0.9322829869	0.9122403036	-0.0308038201	-0.0031400180	-0.0217114536	-0.0276638021	-0.0185714356	0.0009488753	0.0000098597	0.0004713872	0.0007652859	0.0003448982	0.0014301223	0.0011101842	0.0025403064
0.0513178295	0.6987982344	0.8259643861	0.8841226548	0.8078420270	0.9342192303	0.9137216681	-0.0285048392	-0.0029157670	-0.0198646444	-0.0255890721	-0.0169488773	0.0008125259	0.0000085017	0.0003946041	0.0006548006	0.0002872644	0.0012156316	0.0009420651	0.0021576967
0.0513178295	0.7054649011	0.8278300323	0.8843176930	0.8092983676	0.9361228876	0.9151669972	-0.0262486373	-0.0026951906	-0.0180635131	-0.0235534468	-0.0153683226	0.0006889910	0.0000072641	0.0003262905	0.0005547649	0.0002361853	0.0010225455	0.0007909502	0.0018134957
0.0513178295	0.7121315678	0.8296656552	0.8845095560	0.8107215362	0.9379951292	0.9165774759	-0.0240337010	-0.0024782525	-0.0163065360	-0.0215554486	-0.0138282835	0.0005776188	0.0000061417	0.0002659031	0.0004646374	0.0001912214	0.0008496636	0.0006558588	0.0015055224
0.0513178295	0.7187982344	0.8314722412	0.8846982726	0.8121125328	0.9398370799	0.9179542426	-0.0218585816	-0.0022649178	-0.0145922549	-0.0195936638	-0.0123273371	0.0004777976	0.0000051299	0.0002129339	0.0003839117	0.0001519632	0.0006958613	0.0005358749	0.0012317362
0.0513178295	0.7254649011	0.8332507388	0.8848838709	0.8134723184	0.9416498212	0.9192983906	-0.0197218918	-0.0020551528	-0.0129192744	-0.0176667390	-0.0108641216	0.0003889530	0.0000042237	0.0001669077	0.0003121137	0.0001180291	0.0005600843	0.0004301428	0.0009902271
0.0513178295	0.7321315678	0.8350020604	0.8850663775	0.8148018168	0.9434343927	0.9206109706	-0.0176223033	-0.0018489248	-0.0112862585	-0.0157733785	-0.0094373337	0.0003105456	0.0000034185	0.0001273796	0.0002487995	0.0000890633	0.0004413437	0.0003378627	0.0007792065
0.0513178295	0.7387982344	0.8367270837	0.8852458185	0.8161019163	0.9451917944	0.9218929920	-0.0155585432	-0.0016462023	-0.0096919280	-0.0139123408	-0.0080457257	0.0002420683	0.0000027100	0.0000939335	0.0001935532	0.0000647337	0.0003387117	0.0002582869	0.0005969986
0.0513178295	0.7454649011	0.8384266533	0.8854222189	0.8173734708	0.9469229881	0.9231454252	-0.0135293919	-0.0014469550	-0.0081350576	-0.0120824369	-0.0066881026	0.0001830444	0.0000020937	0.0000661792	0.0001459853	0.0000447307	0.0002513173	0.0001907160	0.0004420333
0.0513178295	0.7521315678	0.8401015818	0.8855956028	0.8186173015	0.9486288992	0.9243692030	-0.0115336804	-0.0012511537	-0.0066144733	-0.0102825266	-0.0053633196	0.0001330258	0.0000015654	0.0000437513	0.0001057304	0.0000287652	0.0001783424	0.0001344956	0.0003128380
0.0513178295	0.7587982344	0.8417526515	0.8857659931	0.8198341982	0.9503104184	0.9255652222	-0.0095702876	-0.0010587703	-0.0051290501	-0.0085115173	-0.0040702799	0.0000915904	0.0000011210	0.0000263072	0.0000724459	0.0000165672	0.0001190186	0.0000890131	0.0002080317
0.0513178295	0.7654649011	0.8433806154	0.8859334121	0.8210249208	0.9519684028	0.9267343454	-0.0076381385	-0.0008697777	-0.0036777095	-0.0067683608	-0.0028079318	0.0000583412	0.0000007565	0.0000135255	0.0000458107	0.0000078845	0.0000726232	0.0000536952	0.0001263184
0.0513178295	0.7721315678	0.8449861984	0.8860978811	0.8221902001	0.9536036779	0.9278774023	-0.0057362017	-0.0006841501	-0.0022594173	-0.0050520516	-0.0015752673	0.0000329040	0.0000004681	0.0000051050	0.0000255232	0.0000024815	0.0000384770	0.0000280047	0.0000664817
0.0513178295	0.7787982344	0.8465700988	0.8862594204	0.8233307396	0.9552170384	0.9289951912	-0.0038634873	-0.0005018626	-0.0008731819	-0.0033616247	-0.0003713193	0.0000149265	0.0000002519	0.0000007624	0.0000113005	0.0000001379	0.0000159408	0.0000114384	0.0000273792
0.0513178295	0.7854649011	0.8481329891	0.8864180495	0.8244472163	0.9568092499	0.9300884800	-0.0020190454	-0.0003228914	0.0004819482	-0.0016961540	0.0008048396	0.0000040765	0.0000001043	0.0000002323	0.0000028769	0.0000006478	0.0000044131	0.0000035247	0.0000079378
0.0513178295	0.7921315678	0.8496755170	0.8865737870	0.8255402815	0.9583810501	0.9311580081	-0.0002019638	-0.0001472137	0.0018068860	-0.0000547500	0.0019540998	0.0000000408	0.0000000217	0.0000032648	0.0000000030	0.0000038185	0.0000033273	0.0000038215	0.0000071488
0.0513178295	0.7987982344	0.8511983067	0.8867266508	0.8266105627	0.9599331496	0.9322044871	0.0015886337	0.0000251922	0.0031025078	0.0015634415	0.0030773156	0.0000025238	0.0000000006	0.0000096256	0.0000024443	0.0000094699	0.0000121499	0.0000119142	0.0000240642
0.0513178295	0.8054649011	0.8527019598	0.8868766577	0.8276586638	0.9614662337	0.9332286024	0.0033535885	0.0001943472	0.0043696549	0.0031592413	0.0041753077	0.0000112466	0.0000000378	0.0000190939	0.0000099808	0.0000174332	0.0000303782	0.0000274140	0.0000577922
0.0513178295	0.8121315678	0.8541870561	0.8870238240	0.8286851664	0.9629809628	0.9342310138	0.0050937094	0.0003602712	0.0056091352	0.0047334383	0.0052488640	0.0000259459	0.0000001298	0.0000314624	0.0000224054	0.0000275506	0.0000575381	0.0000499560	0.0001074941
0.0513178295	0.8187982344	0.8556541544	0.8871681650	0.8296906307	0.9644779740	0.9352123571	0.0068097737	0.0005229830	0.0068217246	0.0062867907	0.0062987416	0.0000463730	0.0000002735	0.0000465359	0.0000395237	0.0000396741	0.0000931825	0.0000791979	0.0001723803
0.0513178295	0.8254649011	0.8571037938	0.8873096954	0.8306755965	0.9659578817	0.9361732446	0.0085025286	0.0006825008	0.0080081687	0.0078200278	0.0073256679	0.0000722930	0.0000004658	0.0000641308	0.0000611528	0.0000536654	0.0001368896	0.0001148182	0.0002517078
0.0513178295	0.8321315678	0.8585364940	0.8874484291	0.8316405837	0.9674212786	0.9371142665	0.0101726928	0.0008388418	0.0091691841	0.0093338511	0.0083303423	0.0001034837	0.0000007037	0.0000840739	0.0000871208	0.0000693946	0.0001882613	0.0001565154	0.0003447767
0.0513178295	0.8387982344	0.8599527563	0.8875843792	0.8325860935	0.9688687368	0.9380359918	0.0118209576	0.0009920222	0.0103054595	0.0108289354	0.0093134373	0.0001397350	0.0000009841	0.0001062025	0.0001172658	0.0000867401	0.0002469216	0.0002040060	0.0004509276
0.0513178295	0.8454649011	0.8613530645	0.8877175584	0.8335126088	0.9703008084	0.9389389688	0.0134479880	0.0011420577	0.0114176570	0.0123059304	0.0102755993	0.0001808484	0.0000013043	0.0001303629	0.0001514359	0.0001055879	0.0003125156	0.0002570239	0.0005695394
0.0513178295	0.8521315678	0.8627378853	0.8878479783	0.8344205953	0.9717180264	0.9398237263	0.0150544243	0.0012889629	0.0125064136	0.0137654613	0.0112174506	0.0002266357	0.0000016614	0.0001564104	0.0001894879	0.0001258312	0.0003847075	0.0003153191	0.0007000266
0.0513178295	0.8587982344	0.8641076691	0.8879756503	0.8353105020	0.9731209058	0.9406907742	0.0166408825	0.0014327519	0.0135723418	0.0152081305	0.0121395898	0.0002769190	0.0000020528	0.0001842085	0.0002312872	0.0001473696	0.0004631802	0.0003786569	0.0008418371
0.0513178295	0.8654649011	0.8654628509	0.8881005849	0.8361827617	0.9745099436	0.9415406047	0.0182079560	0.0015734380	0.0146160311	0.0166345179	0.0130425931	0.0003315297	0.0000024757	0.0002136284	0.0002767072	0.0001701092	0.0005476337	0.0004468164	0.0009944502
0.0513178295	0.8721315678	0.8668038505	0.8882227921	0.8370377922	0.9758856204	0.9423736923	0.0197562162	0.0017110337	0.0156380488	0.0180451825	0.0139270151	0.0003903081	0.0000029276	0.0002445486	0.0003256286	0.0001939617	0.0006377843	0.0005195904	0.0011573746
0.0513178295	0.8787982344	0.8681310734	0.8883422814	0.8378759962	0.9772484003	0.9431904951	0.0212862138	0.0018455509	0.0166389410	0.0194406630	0.0147933901	0.0004531029	0.0000034061	0.0002768544	0.0003779394	0.0002188444	0.0007333633	0.0005967838	0.0013301471
0.0513178295	0.8854649011	0.8694449111	0.8884590615	0.8386977625	0.9785987321	0.9439914554	0.0227984792	0.0019770008	0.0176192336	0.0208214785	0.0156422328	0.0005197707	0.0000039085	0.0003104374	0.0004335340	0.0002446794	0.0008341166	0.0006782134	0.0015123300
0.0513178295	0.8921315678	0.8707457422	0.8885731410	0.8395034664	0.9799370496	0.9447769999	0.0242935238	0.0021053940	0.0185794330	0.0221881297	0.0164740389	0.0005901753	0.0000044327	0.0003451953	0.0004923131	0.0002713940	0.0009398033	0.0007637071	0.0017035104
0.0513178295	0.8987982344	0.8720339320	0.8886845277	0.8402934698	0.9812637724	0.9455475410	0.0257718404	0.0022307407	0.0195200270	0.0235410998	0.0172892864	0.0006641878	0.0000049762	0.0003810315	0.0005541834	0.0002989194	0.0010501954	0.0008531028	0.0019032982
0.0513178295	0.9054649011	0.8733098341	0.8887932288	0.8410681225	0.9825793062	0.9463034767	0.0272339046	0.0023530501	0.0204414859	0.0248808545	0.0180884358	0.0007416856	0.0000055368	0.0004178543	0.0006190569	0.0003271915	0.0011650768	0.0009462484	0.0021113252
0.0513178295	0.9121315678	0.8745737899	0.8888992515	0.8418277621	0.9838840436	0.9470451918	0.0286801749	0.0024723313	0.0213442627	0.0262078435	0.0188719313	0.0008225524	0.0000061124	0.0004555775	0.0006868511	0.0003561498	0.0012842424	0.0010430009	0.0023272433
0.0513178295	0.9187982344	0.8758261297	0.8890026021	0.8425727147	0.9851783647	0.9477730579	0.0301110936	0.0025885926	0.0222287941	0.0275225009	0.0196402015	0.0009066780	0.0000067008	0.0004941193	0.0007574881	0.0003857375	0.0014074981	0.0011432256	0.0025507236
0.0513178295	0.9254649011	0.8770671728	0.8891032867	0.8433032952	0.9864626370	0.9484874343	0.0315270877	0.0027018420	0.0230955015	0.0288252457	0.0203936595	0.0009939573	0.0000073000	0.0005334022	0.0008308948	0.0004159013	0.0015346594	0.0012467961	0.0027814555
0.0513178295	0.9321315678	0.8782972281	0.8892013111	0.8440198081	0.9877372167	0.9491886680	0.0329285693	0.0028120867	0.0239447910	0.0301164826	0.0211327043	0.0010842907	0.0000079078	0.0005733530	0.0009070025	0.0004465912	0.0016655515	0.0013535937	0.0030191452
0.0513178295	0.9387982344	0.8795165945	0.8892966805	0.8447225474	0.9890024485	0.9498770949	0.0343159364	0.0029193339	0.0247770546	0.0313966025	0.0218577207	0.0011775835	0.0000085225	0.0006139024	0.0009857467	0.0004777600	0.0018000084	0.0014635066	0.0032635150
0.0513178295	0.9454649011	0.8807255610	0.8893894000	0.8454117976	0.9902586662	0.9505530396	0.0356895733	0.0030235900	0.0255926704	0.0326659832	0.0225690804	0.0012737456	0.0000091421	0.0006549848	0.0010670665	0.0005093634	0.0019378725	0.0015764299	0.0035143024
0.0513178295	0.9521315678	0.8819244075	0.8894794741	0.8460878334	0.9915061935	0.9512168162	0.0370498510	0.0031248612	0.0263920036	0.0339249898	0.0232671424	0.0013726915	0.0000097648	0.0006965379	0.0011509049	0.0005413599	0.0020789941	0.0016922648	0.0037712589
0.0513178295	0.9587982344	0.8831134050	0.8895669071	0.8467509208	0.9927453437	0.9518687284	0.0383971282	0.0032231533	0.0271754065	0.0351739750	0.0239522532	0.0014743395	0.0000103887	0.0007385027	0.0012372085	0.0005737104	0.0022232309	0.0018109189	0.0040341498
0.0513178295	0.9654649011	0.8842928157	0.8896517032	0.8474013167	0.9939764208	0.9525090703	0.0397317517	0.0033184716	0.0279432194	0.0364132801	0.0246247478	0.0015786121	0.0000110123	0.0007808235	0.0013259270	0.0006063782	0.0023704479	0.0019323052	0.0043027530
0.0513178295	0.9721315678	0.8854628936	0.8897338660	0.8480392700	0.9951997193	0.9531381264	0.0410540563	0.0034108212	0.0286957711	0.0376432351	0.0252849499	0.0016854355	0.0000116337	0.0008234473	0.0014170132	0.0006393287	0.0025205165	0.0020563418	0.0045768584
0.0513178295	0.9787982344	0.8866238848	0.8898133990	0.8486650213	0.9964155247	0.9537561721	0.0423643661	0.0035002068	0.0294333791	0.0388641593	0.0259331722	0.0017947395	0.0000122514	0.0008663238	0.0015104229	0.0006725294	0.0026733148	0.0021829523	0.0048562671
0.0513178295	0.9854649011	0.8877760276	0.8898903054	0.8492788035	0.9976241142	0.9543634742	0.0436629944	0.0035866329	0.0301563502	0.0400763615	0.0265697173	0.0019064571	0.0000128639	0.0009094055	0.0016061147	0.0007059499	0.0028287265	0.0023120646	0.0051407911
0.0539844961	0.5854649011	0.7886338495	0.8803077067	0.7768718112	0.8958615761	0.8825002954	-0.0747543515	-0.0072400568	-0.0589558151	-0.0675142947	-0.0517157582	0.0055882131	0.0000524184	0.0034757881	0.0045581800	0.0026745196	0.0091164196	0.0072326996	0.0163491193
0.0539844961	0.5921315678	0.7912009327	0.8805615044	0.7790855720	0.8985186484	0.8847599720	-0.0715045364	-0.0069517927	-0.0561102843	-0.0645527437	-0.0491584916	0.0051128987	0.0000483274	0.0031483640	0.0041670567	0.0024165573	0.0083095902	0.0065836140	0.0148932042
0.0539844961	0.5987982344	0.7937137747	0.8808115287	0.7812415346	0.9011164692	0.8869565272	-0.0683335846	-0.0066678956	-0.0533468074	-0.0616656889	-0.0466789117	0.0046694788	0.0000444608	0.0028458819	0.0038026572	0.0021789208	0.0075598215	0.0059815780	0.0135413995
0.0539844961	0.6054649011	0.7961743165	0.8810578192	0.7833416808	0.9036572847	0.8890922523	-0.0652383432	-0.0063883170	-0.0506621979	-0.0588500261	-0.0442738808	0.0042560414	0.0000408106	0.0025666583	0.0034633256	0.0019601765	0.0068635103	0.0054235021	0.0122870124
0.0539844961	0.6121315678	0.7985844211	0.8813004153	0.7853879122	0.9061432484	0.8911693431	-0.0622158090	-0.0061130085	-0.0480534213	-0.0561028005	-0.0419404127	0.0038708069	0.0000373689	0.0023091313	0.0031475242	0.0017589982	0.0062173071	0.0049065224	0.0111238295
0.0539844961	0.6187982344	0.8009458769	0.8815393564	0.7873820535	0.9085764249	0.8931899045	-0.0592631202	-0.0058419219	-0.0455175864	-0.0534211983	-0.0396756645	0.0035121174	0.0000341281	0.0020718507	0.0028538244	0.0015741584	0.0056180961	0.0044279828	0.0100460789
0.0539844961	0.6254649011	0.8032604008	0.8817746816	0.7893258561	0.9109587943	0.8951559537	-0.0563775493	-0.0055750095	-0.0430519382	-0.0508025398	-0.0374769287	0.0031784281	0.0000310807	0.0018534694	0.0025808981	0.0014045202	0.0050629782	0.0039854182	0.0090483964
0.0539844961	0.6321315678	0.8055296412	0.8820064296	0.7912210005	0.9132922552	0.8970694248	-0.0535564952	-0.0053122240	-0.0406538501	-0.0482442712	-0.0353416260	0.0028682982	0.0000282197	0.0016527355	0.0023275097	0.0012490305	0.0045492534	0.0035765402	0.0081257937
0.0539844961	0.6387982344	0.8077551807	0.8822346387	0.7930691000	0.9155786287	0.8989321720	-0.0507974772	-0.0050535189	-0.0383208173	-0.0457439583	-0.0332672984	0.0025803837	0.0000255381	0.0014684850	0.0020925097	0.0011067131	0.0040744068	0.0031992229	0.0072736296
0.0539844961	0.6454649011	0.8099385391	0.8824593465	0.7948717030	0.9178196619	0.9007459733	-0.0480981285	-0.0047988483	-0.0360504509	-0.0432992801	-0.0312516026	0.0023134300	0.0000230289	0.0012996350	0.0018748277	0.0009766627	0.0036360939	0.0028514903	0.0064875842
0.0539844961	0.6521315678	0.8120811759	0.8826805902	0.7966302958	0.9200170310	0.9025125335	-0.0454561901	-0.0045481672	-0.0338404713	-0.0409080229	-0.0292923041	0.0020662652	0.0000206858	0.0011451775	0.0016734663	0.0008580391	0.0032321285	0.0025315054	0.0057636340
0.0539844961	0.6587982344	0.8141844930	0.8828984061	0.7983463054	0.9221723444	0.9042334882	-0.0428695054	-0.0043014313	-0.0316887026	-0.0385680741	-0.0273872714	0.0018377945	0.0000185023	0.0010041739	0.0014874963	0.0007500626	0.0028604707	0.0022375590	0.0050980297
0.0539844961	0.6654649011	0.8162498369	0.8831128298	0.8000211021	0.9242871458	0.9059104058	-0.0403360148	-0.0040585973	-0.0295930677	-0.0362774175	-0.0255344704	0.0016269941	0.0000164722	0.0008757497	0.0013160510	0.0006520092	0.0025192160	0.0019680602	0.0044872762
0.0539844961	0.6721315678	0.8182785013	0.8833238964	0.8016560013	0.9263629170	0.9075447915	-0.0378537508	-0.0038196229	-0.0275515828	-0.0340341279	-0.0237319599	0.0014329065	0.0000145895	0.0007590897	0.0011583219	0.0005632059	0.0022065857	0.0017215278	0.0039281135
0.0539844961	0.6787982344	0.8202717290	0.8835316397	0.8032522666	0.9284010806	0.9091380892	-0.0354208334	-0.0035844670	-0.0255623528	-0.0318363664	-0.0219778858	0.0012546354	0.0000128484	0.0006534339	0.0010135542	0.0004830275	0.0019209177	0.0014965817	0.0034174994
0.0539844961	0.6854649011	0.8222307146	0.8837360929	0.8048111115	0.9304030029	0.9106916849	-0.0330354653	-0.0033530892	-0.0236235669	-0.0296823761	-0.0202704777	0.0010913420	0.0000112432	0.0005580729	0.0008810434	0.0004108923	0.0016606581	0.0012919357	0.0029525938
0.0539844961	0.6921315678	0.8241566058	0.8839372884	0.8063337014	0.9323699957	0.9122069088	-0.0306959281	-0.0031254504	-0.0217334942	-0.0275704777	-0.0186080437	0.0009422400	0.0000097684	0.0004723448	0.0007601312	0.0003462593	0.0014243532	0.0011063905	0.0025307437
0.0539844961	0.6987982344	0.8260505062	0.8841352575	0.8078211563	0.9343033197	0.9136850379	-0.0284005785	-0.0029015127	-0.0198904799	-0.0254990658	-0.0169889672	0.0008065929	0.0000084188	0.0003956312	0.0006502024	0.0002886250	0.0012106428	0.0009388274	0.0021494702
0.0539844961	0.7054649011	0.8279134763	0.8843300307	0.8092745518	0.9362041858	0.9151272983	-0.0261478439	-0.0026812390	-0.0180929413	-0.0234666048	-0.0154117023	0.0006837097	0.0000071890	0.0003273545	0.0005506815	0.0002375206	0.0010182533	0.0007882021	0.0018064554
0.0539844961	0.7121315678	0.8297465362	0.8845216374	0.8106949218	0.9380737578	0.9165348676	-0.0239362195	-0.0024645937	-0.0163393646	-0.0214716258	-0.0138747709	0.0005729426	0.0000060742	0.0002669748	0.0004610307	0.0001925093	0.0008459917	0.0006535400	0.0014995316
0.0539844961	0.7187982344	0.8315506666	0.8847101061	0.8120832599	0.9399131545	0.9179088769	-0.0217642648	-0.0022515422	-0.0146283009	-0.0195127226	-0.0123767588	0.0004736832	0.0000050694	0.0002139872	0.0003807463	0.0001531842	0.0006927399	0.0005339305	0.0012266704
0.0539844961	0.7254649011	0.8333268108	0.8848954646	0.8134405208	0.9417234512	0.9192504125	-0.0196306004	-0.0020420509	-0.0129583638	-0.0175885495	-0.0109163129	0.0003853605	0.0000041700	0.0001679192	0.0003093571	0.0001191659	0.0005574496	0.0004285230	0.0009859726
0.0539844961	0.7321315678	0.8350758762	0.8850777394	0.8147676227	0.9435056821	0.9205605185	-0.0175339051	-0.0018360876	-0.0113282256	-0.0156978176	-0.0094921380	0.0003074378	0.0000033712	0.0001283287	0.0002464215	0.0000901007	0.0004391377	0.0003365222	0.0007756599
0.0539844961	0.7387982344	0.8367987359	0.8852569562	0.8160654480	0.9452608421	0.9218401983	-0.0154729130	-0.0016336210	-0.0097366150	-0.0138392920	-0.0081029939	0.0002394110	0.0000026687	0.0000948017	0.0001915260	0.0000656585	0.0003368814	0.0002571845	0.0005940659
0.0539844961	0.7454649011	0.8384962297	0.8854331397	0.8173348455	0.9469898880	0.9230904163	-0.0134464108	-0.0014346212	-0.0081823142	-0.0120117896	-0.0067476930	0.0001808060	0.0000020581	0.0000669503	0.0001442831	0.0000455314	0.0002498144	0.0001898144	0.0004396288
0.0539844961	0.7521315678	0.8401691664	0.8856063137	0.8185766311	0.9486937405	0.9243120995	-0.0114532355	-0.0012390592	-0.0066641563	-0.0102141763	-0.0054250971	0.0001311766	0.0000015353	0.0000444110	0.0001043294	0.0000294317	0.0001771229	0.0001337611	0.0003108839
0.0539844961	0.7587982344	0.8418183240	0.8857765011	0.8197915901	0.9503732860	0.9255061396	-0.0094922719	-0.0010469071	-0.0051810231	-0.0084453647	-0.0041341160	0.0000901032	0.0000010960	0.0000268430	0.0000713242	0.0000170909	0.0001180422	0.0000884151	0.0002064573
0.0539844961	0.7654649011	0.8434444518	0.8859437238	0.8209804775	0.9520293774	0.9266733940	-0.0075624502	-0.0008581384	-0.0037318424	-0.0067043118	-0.0028737041	0.0000571907	0.0000007364	0.0000139266	0.0000449478	0.0000082582	0.0000718537	0.0000532060	0.0001250597
0.0539844961	0.7721315678	0.8450482713	0.8861080029	0.8221440199	0.9536628362	0.9278146875	-0.0056627441	-0.0006727272	-0.0023155863	-0.0049900169	-0.0016428591	0.0000320667	0.0000004526	0.0000053619	0.0000249003	0.0000026990	0.0000378812	0.0000275993	0.0000654804
0.0539844961	0.7787982344	0.8466304772	0.8862693585	0.8232829165	0.9552744536	0.9289308138	-0.0037921687	-0.0004906491	-0.0009312686	-0.0033015196	-0.0004406195	0.0000143805	0.0000002407	0.0000008673	0.0000109000	0.0000001941	0.0000154885	0.0000110942	0.0000265827
0.0539844961	0.7854649011	0.8481917388	0.8864278099	0.8243978402	0.9568649915	0.9300225366	-0.0019497783	-0.0003118804	0.0004220566	-0.0016378980	0.0007339369	0.0000038016	0.0000000973	0.0000001781	0.0000026827	0.0000005387	0.0000040770	0.0000032214	0.0000072984
0.0539844961	0.7921315678	0.8497327009	0.8865833755	0.8254894389	0.9584351843	0.9310905908	-0.0001346652	-0.0001363986	0.0017452970	0.0000017334	0.0018816956	0.0000000181	0.0000000186	0.0000030461	0.0000000000	0.0000035408	0.0000030828	0.0000035408	0.0000066236
0.0539844961	0.7987982344	0.8512539847	0.8867360728	0.8265583361	0.9599857396	0.9321356843	0.0016540429	0.0000358178	0.0030393242	0.0016182250	0.0030035064	0.0000027359	0.0000000013	0.0000092375	0.0000026187	0.0000090211	0.0000119746	0.0000116397	0.0000236143
0.0539844961	0.8054649011	0.8527561892	0.8868859188	0.8276051323	0.9615173396	0.9331584985	0.0034171835	0.0002047895	0.0043049746	0.0032123940	0.0041001851	0.0000116771	0.0000000419	0.0000185328	0.0000103195	0.0000168115	0.0000302519	0.0000271310	0.0000573829
0.0539844961	0.8121315678	0.8542398913	0.8870329292	0.8286304058	0.9630306420	0.9341596896	0.0051555619	0.0003705361	0.0055430518	0.0047850259	0.0051725157	0.0000265798	0.0000001373	0.0000307254	0.0000228965	0.0000267549	0.0000574425	0.0000496514	0.0001070939
0.0539844961	0.8187982344	0.8557056477	0.8871771194	0.8296347138	0.9645262812	0.9351398899	0.0068699519	0.0005330762	0.0067543274	0.0063368757	0.0062212512	0.0000471962	0.0000002842	0.0000456209	0.0000401560	0.0000387040	0.0000931013	0.0000788600	0.0001719613
0.0539844961	0.8254649011	0.8571539950	0.8873185039	0.8306185928	0.9660048689	0.9360997085	0.0085610976	0.0006924279	0.0079395431	0.0078686697	0.0072471151	0.0000732924	0.0000004795	0.0000630363	0.0000619160	0.0000525207	0.0001368082	0.0001144366	0.0002512448
0.0539844961	0.8321315678	0.8585854506	0.8874570962	0.8315825599	0.9674669956	0.9370397324	0.0102297146	0.0008486081	0.0090994114	0.0093811065	0.0082508034	0.0001046471	0.0000007201	0.0000827993	0.0000880052	0.0000680758	0.0001881665	0.0001560809	0.0003442474
0.0539844961	0.8387982344	0.8600005139	0.8875929096	0.8325271136	0.9689132311	0.9379605274	0.0118764912	0.0010016329	0.0102346176	0.0108748583	0.0092329847	0.0001410510	0.0000010033	0.0001047474	0.0001182625	0.0000852480	0.0002468017	0.0002035105	0.0004503123
0.0539844961	0.8454649011	0.8613996665	0.8877259562	0.8334527341	0.9703441253	0.9388626392	0.0135020898	0.0011515177	0.0113458202	0.0123505721	0.0101943026	0.0001823064	0.0000013260	0.0001287276	0.0001525366	0.0001039238	0.0003123601	0.0002564604	0.0005688205
0.0539844961	0.8521315678	0.8627833732	0.8878562479	0.8343598845	0.9717602093	0.9397465936	0.0151071480	0.0012982770	0.0124336529	0.0138088710	0.0111353759	0.0002282259	0.0000016855	0.0001545957	0.0001906849	0.0001239966	0.0003845072	0.0003146815	0.0006991887
0.0539844961	0.8587982344	0.8641520828	0.8879837956	0.8352490114	0.9731619959	0.9406128981	0.0166922794	0.0014419248	0.0134987250	0.0152503547	0.0120568003	0.0002786322	0.0000020791	0.0001822156	0.0002325733	0.0001453664	0.0004629269	0.0003779398	0.0008408667
0.0539844961	0.8654649011	0.8655062283	0.8881086098	0.8361205454	0.9745499805	0.9414620421	0.0182580752	0.0015824740	0.0145416231	0.0166756012	0.0129591491	0.0003333573	0.0000025042	0.0002114588	0.0002780757	0.0001679395	0.0005473203	0.0004460152	0.0009933356
0.0539844961	0.8721315678	0.8668462281	0.8882307004	0.8369749018	0.9759246418	0.9422944978	0.0198051045	0.0017199371	0.0155629115	0.0180851674	0.0138429743	0.0003922422	0.0000029582	0.0002422042	0.0003270733	0.0001916279	0.0006374046	0.0005187012	0.0011561058
0.0539844961	0.8787982344	0.8681724860	0.8883500766	0.8378124814	0.9772864424	0.9431107211	0.0213339159	0.0018543259	0.0165631336	0.0194795900	0.0147088077	0.0004551360	0.0000034385	0.0002743374	0.0003794544	0.0002163490	0.0007329119	0.0005958034	0.0013287153
0.0539844961	0.8854649011	0.8694853921	0.8884667473	0.8386336709	0.9786358294	0.9439111519	0.0228450377	0.0019856514	0.0175428126	0.0208593863	0.0155571612	0.0005218957	0.0000039428	0.0003077503	0.0004351140	0.0002420253	0.0008335888	0.0006771393	0.0015107281
0.0539844961	0.8921315678	0.8707853235	0.8885807206	0.8394388435	0.9799732351	0.9446962150	0.0243389795	0.0021139241	0.0185024525	0.0222250555	0.0163885284	0.0005923859	0.0000044687	0.0003423407	0.0004939531	0.0002685839	0.0009391953	0.0007625370	0.0017017323
0.0539844961	0.8987982344	0.8720726443	0.8886920043	0.8402283594	0.9812990778	0.9454663205	0.0258162325	0.0022391538	0.0194425387	0.0235770787	0.0172033849	0.0006664779	0.0000050138	0.0003780123	0.0005558786	0.0002959565	0.0010495040	0.0008518351	0.0019013391
0.0539844961	0.9054649011	0.8733477066	0.8888006057	0.8410025665	0.9826137617	0.9462218648	0.0272772702	0.0023613499	0.0203635391	0.0249159203	0.0180021891	0.0007440495	0.0000055760	0.0004146737	0.0006208031	0.0003240788	0.0011642992	0.0009448819	0.0021091811
0.0539844961	0.9121315678	0.8746108507	0.8889065315	0.8417618007	0.9839176783	0.9469632304	0.0287225498	0.0024805213	0.0212659045	0.0262420285	0.0187853832	0.0008249849	0.0000061530	0.0004522387	0.0006886441	0.0003528906	0.0012833765	0.0010415347	0.0023249112
0.0539844961	0.9187982344	0.8758624058	0.8890097882	0.8425063863	0.9852112062	0.9476907875	0.0301525120	0.0025966760	0.0221500697	0.0275558360	0.0195533937	0.0009091740	0.0000067427	0.0004906256	0.0007593241	0.0003823352	0.0014065423	0.0011416593	0.0025482016
0.0539844961	0.9254649011	0.8771026900	0.8891103818	0.8432366368	0.9864947120	0.9484048934	0.0315675823	0.0027098219	0.0230164539	0.0288577604	0.0203066320	0.0009965123	0.0000073431	0.0005297572	0.0008327703	0.0004123593	0.0015336125	0.0012451296	0.0027787422
0.0539844961	0.9321315678	0.8783320112	0.8892083177	0.8439528551	0.9877685507	0.9491058937	0.0329681715	0.0028199664	0.0238654615	0.0301482051	0.0210454951	0.0010869003	0.0000079522	0.0005695603	0.0009089143	0.0004429129	0.0016644128	0.0013518271	0.0030162399
0.0539844961	0.9387982344	0.8795506672	0.8893036013	0.8446553337	0.9890330658	0.9497941225	0.0343546761	0.0029271162	0.0246974824	0.0314275599	0.0217703662	0.0011802438	0.0000085680	0.0006099656	0.0009876915	0.0004739488	0.0017987774	0.0014616404	0.0032604178
0.0539844961	0.9454649011	0.8807589463	0.8893962374	0.8453443556	0.9902885904	0.9504699031	0.0357274791	0.0030312778	0.0255128932	0.0326962013	0.0224816154	0.0012764528	0.0000091886	0.0006509077	0.0010690416	0.0005054230	0.0019365491	0.0015744646	0.0035110137
0.0539844961	0.9521315678	0.8819571272	0.8894862306	0.8460201944	0.9915354469	0.9511335480	0.0370869506	0.0031324572	0.0263120572	0.0339544934	0.0231795999	0.0013754419	0.0000098123	0.0006923244	0.0011529076	0.0005372939	0.0020775785	0.0016902015	0.0037677800
0.0539844961	0.9587982344	0.8831454801	0.8895735850	0.8466831145	0.9927739480	0.9517853596	0.0384334480	0.0032306602	0.0270953252	0.0352027879	0.0238646650	0.0014771299	0.0000104372	0.0007341566	0.0012392363	0.0005695222	0.0022217237	0.0018087585	0.0040304822
0.0539844961	0.9654649011	0.8843242664	0.8896583047	0.8473333719	0.9940043966	0.9524256306	0.0397673169	0.0033258919	0.0278630359	0.0364414250	0.0245371441	0.0015814395	0.0000110616	0.0007763488	0.0013279775	0.0006020714	0.0023688498	0.0019300489	0.0042988987
0.0539844961	0.9721315678	0.8854937393	0.8897403932	0.8479712139	0.9952270865	0.9530546442	0.0410888913	0.0034181573	0.0286155167	0.0376707340	0.0251973594	0.0016882970	0.0000116838	0.0008188478	0.0014190842	0.0006349069	0.0025188286	0.0020539911	0.0045728197
0.0539844961	0.9787982344	0.8866541440	0.8898198540	0.8485968802	0.9964423024	0.9536726747	0.0423984941	0.0035074612	0.0293530837	0.0388910329	0.0258456225	0.0017976323	0.0000123023	0.0008616035	0.0015125124	0.0006679962	0.0026715381	0.0021805086	0.0048520468
0.0539844961	0.9854649011	0.8878057183	0.8898966903	0.8492106025	0.9976503206	0.9542799875	0.0436964378	0.0035938078	0.0300760424	0.0401026299	0.0264822345	0.0019093787	0.0000129155	0.0009045683	0.0016082209	0.0007013087	0.0028268625	0.0023095297	0.0051363921
0.0566511628	0.5854649011	0.7887977351	0.8803273976	0.7769397912	0.8960277021	0.8825577772	-0.0745465636	-0.0072176889	-0.0588683141	-0.0673288748	-0.0516506252	0.0055571901	0.0000520950	0.0034654784	0.0045331774	0.0026677871	0.0090747636	0.0072009645	0.0162757280
0.0566511628	0.5921315678	0.7913586664	0.8805807066	0.7791464091	0.8986781796	0.8848097662	-0.0713051965	-0.0069299861	-0.0560321995	-0.0643752104	-0.0491022134	0.0050844310	0.0000480247	0.0031396074	0.0041441677	0.0024110274	0.0082720631	0.0065551951	0.0148272582
0.0566511628	0.5987982344	0.7938656509	0.8808302581	0.7812955729	0.9012697323	0.8869990169	-0.0681422541	-0.0066466321	-0.0532776399	-0.0614956221	-0.0466310078	0.0046433668	0.0000441777	0.0028385069	0.0037817115	0.0021744509	0.0075260514	0.0059561624	0.0134822139
0.0566511628	0.6054649011	0.7963206134	0.8810760909	0.7833892474	0.9038045880	0.8891278012	-0.0650546102	-0.0063675788	-0.0506014771	-0.0586870314	-0.0442338983	0.0042321023	0.0000405461	0.0025605095	0.0034441677	0.0019566378	0.0068331579	0.0054008054	0.0122339633
0.0566511628	0.6121315678	0.7987254018	0.8813182442	0.7854293179	0.9062848830	0.8911982965	-0.0620392862	-0.0060927785	-0.0480007025	-0.0559465077	-0.0419079240	0.0038488730	0.0000371219	0.0023040674	0.0031300117	0.0017562741	0.0061900624	0.0048862858	0.0110763483
0.0566511628	0.6187982344	0.8010817904	0.8815567568	0.7874175943	0.9087126656	0.8932125903	-0.0590934434	-0.0058221834	-0.0454724496	-0.0532712600	-0.0396502662	0.0034920351	0.0000338978	0.0020677437	0.0028378271	0.0015721436	0.0055936765	0.0044099707	0.0100036473
0.0566511628	0.6254649011	0.8033914826	0.8817916675	0.7893558133	0.9110899005	0.8951726836	-0.0562143755	-0.0055557464	-0.0430139859	-0.0506586291	-0.0374582396	0.0031600560	0.0000308663	0.0018502030	0.0025662967	0.0014031197	0.0050411253	0.0039694164	0.0090105417
0.0566511628	0.6321315678	0.8056561141	0.8820230144	0.7912456423	0.9134184720	0.8970804949	-0.0533995015	-0.0052934207	-0.0406227066	-0.0481060808	-0.0353292859	0.0028515068	0.0000280203	0.0016502043	0.0023141950	0.0012481584	0.0045297314	0.0035623535	0.0080920848
0.0566511628	0.6387982344	0.8078772559	0.8822508355	0.7930886814	0.9157001880	0.8989378638	-0.0506463597	-0.0050351603	-0.0382961270	-0.0456111994	-0.0332609667	0.0025650537	0.0000253528	0.0014665933	0.0020803815	0.0011062919	0.0040569999	0.0031866734	0.0072436733
0.0566511628	0.6454649011	0.8100564164	0.8824751680	0.7948864670	0.9179367826	0.9007465545	-0.0479526004	-0.0047809197	-0.0360318770	-0.0431716807	-0.0312509573	0.0022994519	0.0000228572	0.0012982962	0.0018637940	0.0009766223	0.0036206052	0.0028404164	0.0064610216
0.0566511628	0.6521315678	0.8121950449	0.8826960485	0.7966404740	0.9201299204	0.9025082590	-0.0453159813	-0.0045306544	-0.0338276947	-0.0407853269	-0.0292970404	0.0020535382	0.0000205268	0.0011443129	0.0016634429	0.0008583166	0.0032183779	0.0025217595	0.0057401374
0.0566511628	0.6587982344	0.8142945331	0.8829135132	0.7983521186	0.9222811984	0.9042246003	-0.0427343608	-0.0042843205	-0.0316814211	-0.0384500403	-0.0273971005	0.0018262256	0.0000183554	0.0010037124	0.0014784056	0.0007506011	0.0028482934	0.0022290067	0.0050773002
0.0566511628	0.6654649011	0.8163562183	0.8831275973	0.8000227607	0.9243921499	0.9058971355	-0.0402056938	-0.0040418753	-0.0295909945	-0.0361638185	-0.0255491191	0.0016164978	0.0000163368	0.0008756270	0.0013078218	0.0006527575	0.0025084615	0.0019605793	0.0044690408
0.0566511628	0.6721315678	0.8183813855	0.8833383353	0.8016537061	0.9264642468	0.9075273585	-0.0377280262	-0.0038032769	-0.0275544459	-0.0339247493	-0.0237511689	0.0014234040	0.0000144649	0.0007592475	0.0011508886	0.0005641180	0.0021971164	0.0017150066	0.0039121230
0.0566511628	0.6787982344	0.8203712693	0.8835457608	0.8032462091	0.9284989025	0.9091167031	-0.0352994904	-0.0035684845	-0.0255698941	-0.0317310059	-0.0220014096	0.0012460540	0.0000127341	0.0006538195	0.0010068567	0.0004840620	0.0019126076	0.0014909188	0.0034035264
0.0566511628	0.6854649011	0.8223270562	0.8837499068	0.8048014743	0.9304974744	0.9106665451	-0.0329183011	-0.0033374581	-0.0236355414	-0.0295808429	-0.0202980833	0.0010836145	0.0000111386	0.0005586388	0.0008750263	0.0004120122	0.0016533920	0.0012870385	0.0029404304
0.0566511628	0.6921315678	0.8242498869	0.8839508050	0.8063206591	0.9324612662	0.9121782055	-0.0305827508	-0.0031101592	-0.0217496692	-0.0274725917	-0.0186395100	0.0009353046	0.0000096731	0.0004730481	0.0007547433	0.0003474313	0.0014180258	0.0011021746	0.0025202005
0.0566511628	0.6987982344	0.8261408578	0.8841484867	0.8078048753	0.9343915307	0.9136529525	-0.0282912066	-0.0028865500	-0.0199106342	-0.0254046566	-0.0170240843	0.0008003924	0.0000083322	0.0003964334	0.0006453966	0.0002898194	0.0012051579	0.0009352160	0.0021403739
0.0566511628	0.7054649011	0.8280010231	0.8843429818	0.8092551913	0.9362894715	0.9150920038	-0.0260421056	-0.0026665940	-0.0181168649	-0.0233755116	-0.0154502709	0.0006781913	0.0000071107	0.0003282208	0.0005464145	0.0002387109	0.0010135228	0.0007851254	0.0017986482
0.0566511628	0.7121315678	0.8298313965	0.8845343196	0.8106726338	0.9381562457	0.9164965291	-0.0238339523	-0.0024502558	-0.0163668575	-0.0213836964	-0.0139166017	0.0005680573	0.0000060038	0.0002678740	0.0004572625	0.0001936718	0.0008419351	0.0006509343	0.0014928693
0.0566511628	0.7187982344	0.8316329529	0.8847225283	0.8120581894	0.9399929653	0.9178676516	-0.0216653146	-0.0022375013	-0.0146591732	-0.0194278133	-0.0124216719	0.0004693859	0.0000050064	0.0002148914	0.0003774399	0.0001542979	0.0006892836	0.0005317379	0.0012210215
0.0566511628	0.7254649011	0.8334066301	0.8849076353	0.8134128069	0.9418006997	0.9192064509	-0.0195348212	-0.0020282971	-0.0129924344	-0.0175065241	-0.0109641373	0.0003816092	0.0000041140	0.0001688034	0.0003064784	0.0001202123	0.0005545266	0.0004266907	0.0009812173
0.0566511628	0.7321315678	0.8351533303	0.8850896669	0.8147373979	0.9435804773	0.9205139641	-0.0174411585	-0.0018226115	-0.0113653225	-0.0156185471	-0.0095427111	0.0003041940	0.0000033219	0.0001291706	0.0002439390	0.0000910633	0.0004366865	0.0003350023	0.0007716888
0.0566511628	0.7387982344	0.8368739216	0.8852686484	0.8160328392	0.9453332874	0.9217911881	-0.0153830678	-0.0016204134	-0.0097765744	-0.0137626544	-0.0081561610	0.0002366388	0.0000026257	0.0000955814	0.0001894107	0.0000665230	0.0003348459	0.0002559336	0.0005907795
0.0566511628	0.7454649011	0.8385692393	0.8854446043	0.8172999740	0.9470600817	0.9230390811	-0.0133593425	-0.0014216732	-0.0082249799	-0.0119376694	-0.0068033067	0.0001784720	0.0000020212	0.0000676503	0.0001425079	0.0000462850	0.0002481435	0.0001887929	0.0004369364
0.0566511628	0.7521315678	0.8402400876	0.8856175583	0.8185396131	0.9487617762	0.9242585645	-0.0113688260	-0.0012263622	-0.0067093798	-0.0101424638	-0.0054830175	0.0001292502	0.0000015040	0.0000450158	0.0001028696	0.0000300635	0.0001757699	0.0001329331	0.0003087030
0.0566511628	0.7587982344	0.8418872405	0.8857875328	0.8197525366	0.9504392524	0.9254505243	-0.0094104090	-0.0010344529	-0.0052286625	-0.0083759561	-0.0041942096	0.0000885558	0.0000010701	0.0000273389	0.0000701566	0.0000175914	0.0001169648	0.0000877480	0.0002047128
0.0566511628	0.7654649011	0.8435114432	0.8859545496	0.8209394948	0.9520933592	0.9266158125	-0.0074830274	-0.0008459190	-0.0037817628	-0.0066371084	-0.0029358439	0.0000559957	0.0000007156	0.0000143017	0.0000440512	0.0000086192	0.0000710130	0.0000526704	0.0001236834
0.0566511628	0.7721315678	0.8451134135	0.8861186295	0.8221012098	0.9537249138	0.9277552491	-0.0055856601	-0.0006607349	-0.0023676589	-0.0049249252	-0.0017069240	0.0000311996	0.0000004366	0.0000056058	0.0000242549	0.0000029136	0.0000372420	0.0000271685	0.0000644105
0.0566511628	0.7787982344	0.8466938426	0.8862797924	0.8232383764	0.9553347035	0.9288696228	-0.0037173272	-0.0004788763	-0.0009853706	-0.0032384509	-0.0005064943	0.0000138185	0.0000002293	0.0000009710	0.0000104876	0.0000002565	0.0000150188	0.0000107441	0.0000257629
0.0566511628	0.7854649011	0.8482533964	0.8864380573	0.8243516634	0.9569234866	0.9299596927	-0.0018770879	-0.0003003201	0.0003660422	-0.0015767678	0.0006663623	0.0000035235	0.0000000902	0.0000001340	0.0000024862	0.0000004440	0.0000037476	0.0000029302	0.0000066779
0.0566511628	0.7921315678	0.8497927166	0.8865934425	0.8254417146	0.9584919940	0.9310261897	-0.0000640387	-0.0001250438	0.0016874821	0.0000610051	0.0018125259	0.0000000041	0.0000000156	0.0000028476	0.0000000037	0.0000032853	0.0000028673	0.0000032890	0.0000061563
0.0566511628	0.7987982344	0.8513124213	0.8867459653	0.8265091499	0.9600409301	0.9320698173	0.0017226881	0.0000469738	0.0029798152	0.0016757143	0.0029328414	0.0000029677	0.0000000022	0.0000088793	0.0000028080	0.0000086016	0.0000118492	0.0000114096	0.0000232587
0.0566511628	0.8054649011	0.8528131065	0.8868956423	0.8275545661	0.9615709739	0.9330912529	0.0034839265	0.0002157531	0.0042438734	0.0032681733	0.0040281202	0.0000121377	0.0000000465	0.0000180105	0.0000106810	0.0000162258	0.0000301948	0.0000269067	0.0000571015
0.0566511628	0.8121315678	0.8542953467	0.8870424893	0.8285785382	0.9630827801	0.9340911491	0.0052204776	0.0003813136	0.0054804553	0.0048391640	0.0050991417	0.0000272534	0.0000001454	0.0000300354	0.0000234175	0.0000260012	0.0000574342	0.0000494188	0.0001068529
0.0566511628	0.8187982344	0.8557596957	0.8871865213	0.8295816198	0.9645769803	0.9350701345	0.0069331118	0.0005436737	0.0066903286	0.0063894381	0.0061466549	0.0000480680	0.0000002956	0.0000447605	0.0000408249	0.0000377814	0.0000931241	0.0000786063	0.0001717304
0.0566511628	0.8254649011	0.8572066878	0.8873277526	0.8305643446	0.9660541838	0.9360288148	0.0086225699	0.0007028511	0.0078742304	0.0079197188	0.0071713793	0.0000743487	0.0000004940	0.0000620035	0.0000627219	0.0000514287	0.0001368462	0.0001141506	0.0002509968
0.0566511628	0.8321315678	0.8586368381	0.8874661967	0.8315272266	0.9675149784	0.9369677737	0.0102895641	0.0008588626	0.0090328694	0.0094307016	0.0081740068	0.0001058751	0.0000007376	0.0000815927	0.0000889381	0.0000668144	0.0001882055	0.0001557525	0.0003439580
0.0566511628	0.8387982344	0.8600506438	0.8876018665	0.8324707613	0.9689599315	0.9378875740	0.0119347800	0.0010117241	0.0101669270	0.0109230559	0.0091552029	0.0001424390	0.0000010236	0.0001033664	0.0001193132	0.0000838177	0.0002468290	0.0002031309	0.0004499599
0.0566511628	0.8454649011	0.8614485843	0.8877347741	0.8333954262	0.9703895909	0.9387887582	0.0135588769	0.0011614508	0.0112770582	0.0123974262	0.0101156074	0.0001838431	0.0000013490	0.0001271720	0.0001536962	0.0001023255	0.0003123642	0.0002560217	0.0005683858
0.0566511628	0.8521315678	0.8628311225	0.8878649312	0.8343016819	0.9718044854	0.9396718494	0.0151624898	0.0013080571	0.0123638932	0.0138544327	0.0110558361	0.0002299011	0.0000017110	0.0001528659	0.0001919453	0.0001222315	0.0003844780	0.0003141768	0.0006986548
0.0566511628	0.8587982344	0.8641987053	0.8879923485	0.8351899723	0.9732051258	0.9405373522	0.0167462297	0.0014515566	0.0134280381	0.0152946731	0.0119764815	0.0002804362	0.0000021070	0.0001803122	0.0002339270	0.0001434361	0.0004628554	0.0003773631	0.0008402186
0.0566511628	0.8654649011	0.8655517639	0.8881170364	0.8360607256	0.9745920057	0.9413857536	0.0183106853	0.0015919623	0.0144700761	0.0167187230	0.0128781139	0.0003352812	0.0000025343	0.0002093831	0.0002795157	0.0001658458	0.0005471986	0.0004453615	0.0009925602
0.0566511628	0.8721315678	0.8668907148	0.8882390047	0.8369143550	0.9759656019	0.9422175232	0.0198564234	0.0017292864	0.0154905688	0.0181271371	0.0137612825	0.0003942776	0.0000029904	0.0002399577	0.0003285931	0.0001893729	0.0006372257	0.0005179660	0.0011551917
0.0566511628	0.8787982344	0.8682159604	0.8883582624	0.8377512589	0.9773263752	0.9430331145	0.0213839904	0.0018635404	0.0164900567	0.0195204500	0.0146265163	0.0004572750	0.0000034728	0.0002719220	0.0003810480	0.0002139350	0.0007326698	0.0005949829	0.0013276527
0.0566511628	0.8854649011	0.8695278893	0.8884748181	0.8385718219	0.9786747711	0.9438329650	0.0228939127	0.0019947353	0.0174690602	0.0208991774	0.0154743249	0.0005241312	0.0000039790	0.0003051681	0.0004367756	0.0002394547	0.0008332783	0.0006762303	0.0015095086
0.0566511628	0.8921315678	0.8708268768	0.8885886800	0.8393764152	0.9800112204	0.9446174975	0.0243866977	0.0021228815	0.0184280807	0.0222638162	0.0163051992	0.0005947110	0.0000045066	0.0003395942	0.0004956775	0.0002658595	0.0009388118	0.0007615370	0.0017003488
0.0566511628	0.8987982344	0.8721132858	0.8886998558	0.8401653971	0.9813361397	0.9453871200	0.0258628348	0.0022479886	0.0193676012	0.0236148462	0.0171196126	0.0006688862	0.0000050535	0.0003751040	0.0005576610	0.0002930811	0.0010490437	0.0008507421	0.0018997857
0.0566511628	0.9054649011	0.8733874672	0.8888083524	0.8409391136	0.9826499321	0.9461422266	0.0273227959	0.0023700659	0.0202880871	0.0249527300	0.0179180212	0.0007465352	0.0000056172	0.0004116065	0.0006226387	0.0003210555	0.0011637589	0.0009436942	0.0021074531
0.0566511628	0.9121315678	0.8746497598	0.8889141767	0.8416978987	0.9839529875	0.9468831983	0.0287670361	0.0024891219	0.0211899871	0.0262779142	0.0187008652	0.0008275424	0.0000061957	0.0004490156	0.0006905288	0.0003497224	0.0012827536	0.0010402511	0.0023230048
0.0566511628	0.9187982344	0.8759004916	0.8890173349	0.8424420751	0.9852456833	0.9476104031	0.0301959948	0.0026051648	0.0220737337	0.0275908300	0.0194685689	0.0009117981	0.0000067869	0.0004872497	0.0007612539	0.0003790252	0.0014058347	0.0011402791	0.0025461138
0.0566511628	0.9254649011	0.8771399796	0.8891178328	0.8431719546	0.9865283849	0.9483241968	0.0316100959	0.0027182023	0.0229397440	0.0288918937	0.0202215417	0.0009991982	0.0000073886	0.0005262319	0.0008347415	0.0004089107	0.0015328186	0.0012436523	0.0027764709
0.0566511628	0.9321315678	0.8783685306	0.8892156760	0.8438878385	0.9878014461	0.9490249231	0.0330097487	0.0028282414	0.0237884204	0.0301815073	0.0209601790	0.0010896435	0.0000079989	0.0005658889	0.0009109234	0.0004393291	0.0016635314	0.0013502525	0.0030137839
0.0566511628	0.9387982344	0.8795864414	0.8893108696	0.8445900179	0.9890652093	0.9497129146	0.0343953484	0.0029352891	0.0246201511	0.0314600593	0.0216848620	0.0011830400	0.0000086159	0.0006061518	0.0009897353	0.0004702332	0.0017978078	0.0014599686	0.0032577763
0.0566511628	0.9454649011	0.8807939990	0.8894034182	0.8452787743	0.9903200066	0.9503884930	0.0357672767	0.0030393515	0.0254353107	0.0327279251	0.0223959592	0.0012792981	0.0000092377	0.0006469550	0.0010711171	0.0005015790	0.0019354908	0.0015726961	0.0035081868
0.0566511628	0.9521315678	0.8819914816	0.8894933265	0.8459543797	0.9915661594	0.9510519692	0.0371259023	0.0031404347	0.0262342609	0.0339854676	0.0230938262	0.0013783326	0.0000098623	0.0006882364	0.0011550120	0.0005333248	0.0020764314	0.0016883368	0.0037647682
0.0566511628	0.9587982344	0.8831791581	0.8895805984	0.8466170974	0.9928039794	0.9517036443	0.0384715814	0.0032385441	0.0270173507	0.0352330373	0.0237788066	0.0014800626	0.0000104882	0.0007299372	0.0012413669	0.0005654316	0.0022204880	0.0018067986	0.0040272865
0.0566511628	0.9654649011	0.8843572892	0.8896652379	0.8472671819	0.9940337685	0.9523438096	0.0398046586	0.0033336850	0.0277849173	0.0364709737	0.0244512323	0.0015844108	0.0000111135	0.0007720016	0.0013301319	0.0005978628	0.0023675259	0.0019279947	0.0042955206
0.0566511628	0.9721315678	0.8855261272	0.8897472486	0.8479048795	0.9952558197	0.9529727469	0.0411254668	0.0034258622	0.0285372865	0.0376996046	0.0251114243	0.0016913040	0.0000117365	0.0008143767	0.0014212602	0.0006305836	0.0025174173	0.0020518438	0.0045692611
0.0566511628	0.9787982344	0.8866859167	0.8898266336	0.8485304285	0.9964704170	0.9535907293	0.0424343278	0.0035150802	0.0292747729	0.0389192475	0.0257596927	0.0018006722	0.0000123558	0.0008570123	0.0015147078	0.0006635618	0.0026700403	0.0021782696	0.0048483099
0.0566511628	0.9854649011	0.8878368944	0.8899033962	0.8491440596	0.9976778358	0.9541980210	0.0437315530	0.0036013434	0.0299976808	0.0401302096	0.0263963373	0.0019124487	0.0000129697	0.0008998609	0.0016104337	0.0006967666	0.0028252793	0.0023072003	0.0051324796
0.0593178295	0.5854649011	0.7889691478	0.8803480136	0.7770157572	0.8962014290	0.8826234003	-0.0743292785	-0.0071942706	-0.0587705430	-0.0671350079	-0.0515762724	0.0055248416	0.0000517575	0.0034539767	0.0045071093	0.0026601119	0.0090305759	0.0071672212	0.0161977971
0.0593178295	0.5921315678	0.7915236522	0.8806008113	0.7792149503	0.8988450181	0.8848673999	-0.0710967339	-0.0069071552	-0.0559442338	-0.0641895788	-0.0490370786	0.0050547456	0.0000477088	0.0031297573	0.0041203020	0.0024046351	0.0082322117	0.0065249371	0.0147571488
0.0593178295	0.5987982344	0.7940245171	0.8808498679	0.7813570462	0.9014300235	0.8870490588	-0.0679421569	-0.0066243694	-0.0531989618	-0.0613177875	-0.0465745924	0.0046161367	0.0000438823	0.0028301295	0.0037598711	0.0021691927	0.0074901485	0.0059290637	0.0134192122
0.0593178295	0.6054649011	0.7964736504	0.8810952218	0.7834439920	0.9039586535	0.8891706284	-0.0648624486	-0.0063458659	-0.0505315977	-0.0585165826	-0.0441857318	0.0042071372	0.0000402700	0.0025534424	0.0034241904	0.0019523789	0.0068008496	0.0053765693	0.0121774190
0.0593178295	0.6121315678	0.7988728842	0.8813369117	0.7854776566	0.9064330265	0.8912342671	-0.0618546561	-0.0060715974	-0.0479391602	-0.0557830588	-0.0418675628	0.0038259985	0.0000368643	0.0022981631	0.0031117496	0.0017528928	0.0061610259	0.0048646425	0.0110256683
0.0593178295	0.6187982344	0.8012239779	0.8815749759	0.7874598337	0.9088551737	0.8932420443	-0.0589159648	-0.0058015167	-0.0454188081	-0.0531144481	-0.0396172914	0.0034710909	0.0000336576	0.0020628681	0.0028211446	0.0015695298	0.0055676166	0.0043906744	0.0099582910
0.0593178295	0.6254649011	0.8035286210	0.8818094527	0.7893922454	0.9112270440	0.8951959439	-0.0560436906	-0.0055355771	-0.0429678329	-0.0505081135	-0.0374322557	0.0031408953	0.0000306426	0.0018462347	0.0025510695	0.0014011738	0.0050177725	0.0039522433	0.0089700158
0.0593178295	0.6321315678	0.8057884362	0.8820403799	0.7912765448	0.9135505068	0.8970978685	-0.0532352737	-0.0052737326	-0.0405836518	-0.0479615411	-0.0353099192	0.0028339944	0.0000278123	0.0016470328	0.0023003094	0.0012467904	0.0045088394	0.0035470998	0.0080559392
0.0593178295	0.6387982344	0.8080049818	0.8822677950	0.7931143189	0.9158273559	0.8989496425	-0.0504882715	-0.0050159375	-0.0382638014	-0.0454723340	-0.0332478639	0.0025490656	0.0000251596	0.0014641185	0.0020677332	0.0011054205	0.0040383437	0.0031731536	0.0072114973
0.0593178295	0.6454649011	0.8101797550	0.8824917347	0.7949070914	0.9180593123	0.9007530158	-0.0478003528	-0.0047621469	-0.0360059310	-0.0430382059	-0.0312437841	0.0022848737	0.0000226780	0.0012964271	0.0018522872	0.0009761740	0.0036039788	0.0028284612	0.0064324400
0.0593178295	0.6521315678	0.8123141938	0.8827122353	0.7966563254	0.9202480280	0.9025096668	-0.0451692921	-0.0045123167	-0.0338077971	-0.0406569754	-0.0292954804	0.0020402649	0.0000203610	0.0011429671	0.0016529896	0.0008582252	0.0032035931	0.0025112148	0.0057148079
0.0593178295	0.6587982344	0.8144096799	0.8829293325	0.7983634257	0.9223950887	0.9042212059	-0.0425929640	-0.0042664036	-0.0316672582	-0.0383265603	-0.0274008545	0.0018141606	0.0000182022	0.0010028152	0.0014689252	0.0007508068	0.0028351780	0.0022197321	0.0050549101
0.0593178295	0.6654649011	0.8164675408	0.8831430611	0.8000297415	0.9245020164	0.9058891779	-0.0400693381	-0.0040243653	-0.0295822687	-0.0360449728	-0.0255579034	0.0016055519	0.0000161955	0.0008751106	0.0012992401	0.0006532064	0.0024968580	0.0019524465	0.0044493045
0.0593178295	0.6721315678	0.8184890521	0.8833534552	0.8016565687	0.9265702730	0.9075150654	-0.0375964744	-0.0037861603	-0.0275508751	-0.0338103141	-0.0237647148	0.0014134949	0.0000143350	0.0007590507	0.0011431373	0.0005647617	0.0021868806	0.0017078990	0.0038947796
0.0593178295	0.6787982344	0.8204754401	0.8835605482	0.8032451517	0.9286012620	0.9091002912	-0.0351725184	-0.0035517482	-0.0255712105	-0.0316207702	-0.0220194623	0.0012371061	0.0000126149	0.0006538868	0.0009998731	0.0004848567	0.0019036078	0.0014847298	0.0033883376
0.0593178295	0.6854649011	0.8224278831	0.8837643725	0.8047966862	0.9305963316	0.9106462212	-0.0327956970	-0.0033210897	-0.0236414908	-0.0294746073	-0.0203204011	0.0010755577	0.0000110296	0.0005589201	0.0008687525	0.0004129187	0.0016455075	0.0012816712	0.0029271786
0.0593178295	0.6921315678	0.8243475140	0.8839649597	0.8063123210	0.9325567772	0.9121541665	-0.0304643144	-0.0030941463	-0.0217600101	-0.0273701680	-0.0186658638	0.0009280744	0.0000095737	0.0004734980	0.0007491261	0.0003484145	0.0014111462	0.0010975406	0.0025086868
0.0593178295	0.6987982344	0.8262354220	0.8841623405	0.8077931597	0.9344838432	0.9136253860	-0.0281767482	-0.0028708809	-0.0199251374	-0.0253058672	-0.0170542564	0.0007939291	0.0000082420	0.0003970111	0.0006403869	0.0002908477	0.0011991822	0.0009312346	0.0021304168
0.0593178295	0.7054649011	0.8280926545	0.8843565447	0.8092402628	0.9363787258	0.9150610890	-0.0259314459	-0.0026512574	-0.0181353123	-0.0232801885	-0.0154840548	0.0006724399	0.0000070292	0.0003288896	0.0005419672	0.0002397560	0.0010083586	0.0007817231	0.0017900817
0.0593178295	0.7121315678	0.8299202187	0.8845476011	0.8106546498	0.9382425747	0.9164624365	-0.0237269214	-0.0024352407	-0.0163890418	-0.0212916807	-0.0139538011	0.0005629668	0.0000059304	0.0002686007	0.0004533357	0.0001947086	0.0008374979	0.0006480442	0.0014855421
0.0593178295	0.7187982344	0.8317190836	0.8847355377	0.8120373002	0.9400764953	0.9178305444	-0.0215617517	-0.0022227969	-0.0146848973	-0.0193389548	-0.0124621004	0.0004649091	0.0000049408	0.0002156462	0.0003739952	0.0001553039	0.0006854962	0.0005292991	0.0012147953
0.0593178295	0.7254649011	0.8334901810	0.8849203815	0.8133891561	0.9418815506	0.9191664845	-0.0194345739	-0.0020138933	-0.0130215108	-0.0174206806	-0.0110076175	0.0003777027	0.0000040558	0.0001695597	0.0003034801	0.0001211676	0.0005513182	0.0004246478	0.0009759659
0.0593178295	0.7321315678	0.8352344078	0.8851021585	0.8147111229	0.9436587628	0.9204712869	-0.0173440822	-0.0018084982	-0.0113975727	-0.0155355840	-0.0095890745	0.0003008172	0.0000032707	0.0001299047	0.0002413544	0.0000919503	0.0004339925	0.0003333047	0.0007672972
0.0593178295	0.7387982344	0.8369526269	0.8852808938	0.8160040713	0.9454091156	0.9217459419	-0.0152890254	-0.0016065811	-0.0098118284	-0.0136824443	-0.0082052473	0.0002337543	0.0000025811	0.0000962720	0.0001872093	0.0000673261	0.0003326074	0.0002545354	0.0005871427
0.0593178295	0.7454649011	0.8386456688	0.8854566116	0.8172688387	0.9471335555	0.9229914012	-0.0132682040	-0.0014081126	-0.0082630760	-0.0118600915	-0.0068549634	0.0001760452	0.0000019828	0.0000682784	0.0001406618	0.0000469905	0.0002463064	0.0001876523	0.0004339587
0.0593178295	0.7521315678	0.8403143329	0.8856293352	0.8185062305	0.9488329931	0.9242085802	-0.0112804679	-0.0012130643	-0.0067501637	-0.0100674036	-0.0055370994	0.0001272490	0.0000014715	0.0000455647	0.0001013526	0.0000306595	0.0001742852	0.0001320121	0.0003062973
0.0593178295	0.7587982344	0.8419593890	0.8857990869	0.8197170216	0.9505083053	0.9253983592	-0.0093247141	-0.0010214091	-0.0052719875	-0.0083033050	-0.0042505784	0.0000869503	0.0000010433	0.0000277939	0.0000689449	0.0000180674	0.0001157874	0.0000870123	0.0002027997
0.0593178295	0.7654649011	0.8435815782	0.8859658882	0.8209019574	0.9521603364	0.9265615847	-0.0073998844	-0.0008331208	-0.0038274889	-0.0065667636	-0.0029943680	0.0000547583	0.0000006941	0.0000146497	0.0000431224	0.0000089662	0.0000701021	0.0000520886	0.0001221907
0.0593178295	0.7721315678	0.8451816143	0.8861297596	0.8220617551	0.9537898994	0.9276990714	-0.0055049632	-0.0006481744	-0.0024156525	-0.0048567888	-0.0017674781	0.0000303046	0.0000004201	0.0000058354	0.0000235884	0.0000031240	0.0000365601	0.0000267124	0.0000632725
0.0593178295	0.7787982344	0.8467601848	0.8862907208	0.8231971052	0.9553977774	0.9288116031	-0.0036389759	-0.0004665457	-0.0010355046	-0.0031724302	-0.0005689589	0.0000132421	0.0000002177	0.0000010723	0.0000100643	0.0000003237	0.0000145321	0.0000103880	0.0000249201
0.0593178295	0.7854649011	0.8483179522	0.8864487906	0.8243086722	0.9569847251	0.9298999343	-0.0018009865	-0.0002882118	0.0003138893	-0.0015127747	0.0006021011	0.0000032436	0.0000000831	0.0000000985	0.0000022885	0.0000003625	0.0000034251	0.0000026510	0.0000060762
0.0593178295	0.7921315678	0.8498555547	0.8866039870	0.8253970957	0.9585514696	0.9309647912	0.0000099038	-0.0001131505	0.0016334260	0.0001230543	0.0017465766	0.0000000001	0.0000000128	0.0000026681	0.0000000151	0.0000030505	0.0000026810	0.0000030657	0.0000057467
0.0593178295	0.7987982344	0.8513736074	0.8867563272	0.8264629917	0.9600987118	0.9320068731	0.0017945582	0.0000586590	0.0029239665	0.0017358992	0.0028653075	0.0000032204	0.0000000034	0.0000085496	0.0000030133	0.0000082100	0.0000117735	0.0000112233	0.0000229968
0.0593178295	0.8054649011	0.8528727032	0.8869058274	0.8275069533	0.9616271276	0.9330268533	0.0035538066	0.0002272370	0.0041863374	0.0033265695	0.0039591004	0.0000126295	0.0000000516	0.0000175254	0.0000110661	0.0000156745	0.0000302066	0.0000267405	0.0000569471
0.0593178295	0.8121315678	0.8543534139	0.8870525033	0.8285295520	0.9631373687	0.9340253805	0.0052884462	0.0003926027	0.0054213328	0.0048958434	0.0050287301	0.0000279677	0.0000001541	0.0000293908	0.0000239693	0.0000252881	0.0000575126	0.0000492574	0.0001067701
0.0593178295	0.8187982344	0.8558162905	0.8871963697	0.8295313379	0.9646300636	0.9350030796	0.0069992436	0.0005547744	0.0066297156	0.0064444693	0.0060749412	0.0000489894	0.0000003078	0.0000439531	0.0000415312	0.0000369049	0.0000932503	0.0000784361	0.0001716864
0.0593178295	0.8254649011	0.8572618648	0.8873374407	0.8305128415	0.9661058189	0.9359605528	0.0086869361	0.0007137693	0.0078122187	0.0079731668	0.0070984493	0.0000754629	0.0000005095	0.0000610308	0.0000635714	0.0000503880	0.0001370031	0.0001139594	0.0002509625
0.0593178295	0.8321315678	0.8586906494	0.8874757296	0.8314745736	0.9675652198	0.9368983803	0.0103522328	0.0008696043	0.0089695466	0.0094826285	0.0080999424	0.0001071687	0.0000007562	0.0000804528	0.0000899202	0.0000656091	0.0001883777	0.0001555293	0.0003439070
0.0593178295	0.8387982344	0.8601031391	0.8876112492	0.8324170269	0.9690088312	0.9378171217	0.0119958157	0.0010222949	0.0101023769	0.0109735208	0.0090800820	0.0001438996	0.0000010451	0.0001020580	0.0001204182	0.0000824479	0.0002470027	0.0002028660	0.0004498687
0.0593178295	0.8454649011	0.8614998114	0.8877440114	0.8333406759	0.9704371985	0.9387173163	0.0136183415	0.0011718561	0.0112113607	0.0124464853	0.0100395045	0.0001854592	0.0000013732	0.0001256946	0.0001549150	0.0001007917	0.0003125271	0.0002557066	0.0005682337
0.0593178295	0.8521315678	0.8628811270	0.8878740275	0.8342459786	0.9718508484	0.9395994845	0.0152204420	0.0013183022	0.0122971246	0.0139021398	0.0109788224	0.0002316619	0.0000017379	0.0001512193	0.0001932695	0.0001205345	0.0003846190	0.0003138040	0.0006984231
0.0593178295	0.8587982344	0.8642475306	0.8880013084	0.8351333762	0.9732502896	0.9404641280	0.0168027259	0.0014616466	0.0133602714	0.0153410793	0.0118986248	0.0002823316	0.0000021364	0.0001784969	0.0002353487	0.0001415773	0.0004629649	0.0003769260	0.0008398908
0.0593178295	0.8654649011	0.8655994518	0.8881258642	0.8360032945	0.9746360136	0.9413117309	0.0183657792	0.0016019021	0.0144013812	0.0167638771	0.0127994791	0.0003373018	0.0000025661	0.0002073998	0.0002810276	0.0001638267	0.0005472677	0.0004448542	0.0009921220
0.0593178295	0.8721315678	0.8669373052	0.8882477043	0.8368561441	0.9760084951	0.9421427604	0.0199101663	0.0017390806	0.0154210122	0.0181710857	0.0136819316	0.0003964147	0.0000030244	0.0002378076	0.0003301884	0.0001871953	0.0006372467	0.0005173836	0.0011546303
0.0593178295	0.8787982344	0.8682614915	0.8883668379	0.8376923214	0.9773681934	0.9429576675	0.0214364312	0.0018731936	0.0164197021	0.0195632375	0.0145465085	0.0004595206	0.0000035089	0.0002696066	0.0003827203	0.0002116009	0.0007326361	0.0005943212	0.0013269572
0.0593178295	0.8854649011	0.8695723976	0.8884832734	0.8385122086	0.9787155522	0.9437568874	0.0229450982	0.0020042519	0.0173979686	0.0209408462	0.0153937166	0.0005264775	0.0000040170	0.0003026893	0.0004385190	0.0002369665	0.0008331839	0.0006754856	0.0015086694
0.0593178295	0.8921315678	0.8708703974	0.8885970188	0.8393161749	0.9800510006	0.9445408404	0.0244366726	0.0021322657	0.0183563102	0.0223044070	0.0162240445	0.0005971510	0.0000045466	0.0003369541	0.0004974866	0.0002632196	0.0009386516	0.0007607062	0.0016993578
0.0593178295	0.8987982344	0.8721558522	0.8887080815	0.8401045765	0.9813749536	0.9453099326	0.0259116420	0.0022572444	0.0192952073	0.0236543975	0.0170379629	0.0006714132	0.0000050952	0.0003723050	0.0005595305	0.0002902922	0.0010488134	0.0008498227	0.0018986361
0.0593178295	0.9054649011	0.8734291115	0.8888164685	0.8408777576	0.9826878129	0.9460645559	0.0273704762	0.0023791972	0.0202151231	0.0249912789	0.0178359259	0.0007491430	0.0000056606	0.0004086512	0.0006245640	0.0003181203	0.0011634547	0.0009426843	0.0021061390
0.0593178295	0.9121315678	0.8746905130	0.8889221865	0.8416360502	0.9839899670	0.9468050894	0.0288136287	0.0024981326	0.0211165038	0.0263154961	0.0186183712	0.0008302252	0.0000062407	0.0004459067	0.0006925053	0.0003466437	0.0012823726	0.0010391491	0.0023215217
0.0593178295	0.9187982344	0.8759403831	0.8890252415	0.8423797754	0.9852817920	0.9475318990	0.0302415372	0.0026140585	0.0219997796	0.0276274787	0.0193857212	0.0009145506	0.0000068333	0.0004839903	0.0007632776	0.0003758062	0.0014053742	0.0011390838	0.0025444579
0.0593178295	0.9254649011	0.8771790378	0.8891256394	0.8431092432	0.9865636518	0.9482453388	0.0316546239	0.0027269824	0.0228653656	0.0289276415	0.0201383832	0.0010020152	0.0000074364	0.0005228249	0.0008368084	0.0004055545	0.0015322766	0.0012423629	0.0027746395
0.0593178295	0.9321315678	0.8784067826	0.8892233855	0.8438247533	0.9878358992	0.9489457509	0.0330532967	0.0028369114	0.0237136621	0.0302163853	0.0208767507	0.0010925204	0.0000080481	0.0005623378	0.0009130299	0.0004358387	0.0016629063	0.0013488687	0.0030117749
0.0593178295	0.9387982344	0.8796239133	0.8893184848	0.8445265951	0.9890988755	0.9496334660	0.0344379492	0.0029438521	0.0245450553	0.0314940971	0.0216012031	0.0011859723	0.0000086663	0.0006024597	0.0009918782	0.0004666120	0.0017970984	0.0014584901	0.0032555885
0.0593178295	0.9454649011	0.8808307158	0.8894109419	0.8452150487	0.9903529115	0.9503088042	0.0358089619	0.0030478108	0.0253599179	0.0327611511	0.0223121071	0.0012822817	0.0000092892	0.0006431254	0.0010732930	0.0004978301	0.0019346963	0.0015711231	0.0035058195
0.0593178295	0.9521315678	0.8820274673	0.8895007613	0.8458903847	0.9915983276	0.9509720751	0.0371667020	0.0031487931	0.0261586097	0.0340179089	0.0230098166	0.0013813637	0.0000099149	0.0006842729	0.0011572181	0.0005294517	0.0020755515	0.0016866698	0.0037622213
0.0593178295	0.9587982344	0.8832144359	0.8895879469	0.8465528650	0.9928354346	0.9516235780	0.0385115247	0.0032468047	0.0269414783	0.0352647201	0.0236946736	0.0014831375	0.0000105417	0.0007258433	0.0012436005	0.0005614376	0.0022195225	0.0018050380	0.0040245606
0.0593178295	0.9654649011	0.8843918811	0.8896725025	0.8472027427	0.9940645334	0.9522636030	0.0398437732	0.0033418504	0.0277088590	0.0365019228	0.0243670086	0.0015875263	0.0000111680	0.0007677809	0.0013323904	0.0005937511	0.0023664751	0.0019261415	0.0042926166
0.0593178295	0.9721315678	0.8855600545	0.8897544316	0.8478402628	0.9952859161	0.9528924305	0.0411637792	0.0034339352	0.0284610761	0.0377298440	0.0250271409	0.0016944567	0.0000117919	0.0008100329	0.0014235411	0.0006263578	0.0025162815	0.0020498989	0.0045661804
0.0593178295	0.9787982344	0.8867191998	0.8898337373	0.8484656624	0.9964998658	0.9535103321	0.0424718637	0.0035230635	0.0291984427	0.0389488002	0.0256753792	0.0018038592	0.0000124120	0.0008525491	0.0015170090	0.0006592251	0.0026688202	0.0021762341	0.0048450544
0.0593178295	0.9854649011	0.8878695531	0.8899104229	0.8490791711	0.9977066571	0.9541175710	0.0437683369	0.0036092394	0.0299212615	0.0401590975	0.0263120221	0.0019156673	0.0000130266	0.0008952819	0.0016127531	0.0006923225	0.0028239758	0.0023050756	0.0051290514
0.0619844961	0.5854649011	0.7891480360	0.8803695514	0.7770996496	0.8963827006	0.8826970996	-0.0741025676	-0.0071698058	-0.0586625814	-0.0669327618	-0.0514927756	0.0054911905	0.0000514061	0.0034412985	0.0044799946	0.0026515059	0.0089838951	0.0071315005	0.0161153956
0.0619844961	0.5921315678	0.7916958417	0.8806218152	0.7792911390	0.8990191113	0.8849328117	-0.0708792158	-0.0068833037	-0.0558464623	-0.0639959121	-0.0489631586	0.0050238632	0.0000473799	0.0031188274	0.0040954768	0.0023973909	0.0081900705	0.0064928677	0.0146829381
0.0619844961	0.5987982344	0.7941903277	0.8808703550	0.7814259010	0.9015972931	0.8871065946	-0.0677333557	-0.0066011113	-0.0531108437	-0.0611322443	-0.0465097324	0.0045878075	0.0000435747	0.0028207617	0.0037371513	0.0021631552	0.0074521439	0.0059003065	0.0133524504
0.0619844961	0.6054649011	0.7966333844	0.8811152089	0.7835058641	0.9041194345	0.8892206787	-0.0646619172	-0.0063231818	-0.0504526264	-0.0583387353	-0.0441294445	0.0041811635	0.0000399826	0.0025454675	0.0034034080	0.0019474079	0.0067666137	0.0053508159	0.0121174296
0.0619844961	0.6121315678	0.7990268275	0.8813564149	0.7855328799	0.9065876347	0.8912772026	-0.0616619741	-0.0060494685	-0.0478688572	-0.0556125055	-0.0418193887	0.0038021990	0.0000365961	0.0022914275	0.0030927508	0.0017488613	0.0061302226	0.0048416120	0.0109718346
0.0619844961	0.6187982344	0.8013724010	0.8815940109	0.7875087260	0.9090039078	0.8932782168	-0.0587307365	-0.0057799249	-0.0453567214	-0.0529508116	-0.0395767965	0.0034492994	0.0000334075	0.0020572322	0.0028037884	0.0015663228	0.0055399391	0.0043701113	0.0099100504
0.0619844961	0.6254649011	0.8036717798	0.8818280347	0.7894351088	0.9113701858	0.8952256877	-0.0558655438	-0.0055145049	-0.0429135351	-0.0503510390	-0.0373990303	0.0031209590	0.0000304098	0.0018415715	0.0025352271	0.0013986875	0.0049929402	0.0039339146	0.0089268548
0.0619844961	0.6321315678	0.8059265730	0.8820585236	0.7913136668	0.9136883228	0.8971215012	-0.0530638577	-0.0052531627	-0.0405367388	-0.0478106950	-0.0352835761	0.0028157730	0.0000275957	0.0016432272	0.0022858626	0.0012449307	0.0044865959	0.0035307933	0.0080173892
0.0619844961	0.6387982344	0.8081383262	0.8822855146	0.7931459733	0.9159600977	0.8989674660	-0.0503232560	-0.0049958535	-0.0382238906	-0.0453274025	-0.0332280371	0.0025324301	0.0000249586	0.0014610658	0.0020545734	0.0011041024	0.0040184545	0.0031586759	0.0071771303
0.0619844961	0.6454649011	0.8103085242	0.8825090442	0.7949335390	0.9181872181	0.9007653171	-0.0476414264	-0.0047425327	-0.0359726602	-0.0428988936	-0.0312301275	0.0022697055	0.0000224916	0.0012940323	0.0018403151	0.0009753209	0.0035862294	0.0028156359	0.0064018653
0.0619844961	0.6521315678	0.8124385939	0.8827291480	0.7966778144	0.9203713231	0.9025167190	-0.0450161610	-0.0044931569	-0.0337808235	-0.0405230041	-0.0292876666	0.0020264548	0.0000201885	0.0011411440	0.0016421139	0.0008577674	0.0031877872	0.0024998813	0.0056876685
0.0619844961	0.6587982344	0.8145299061	0.8829458615	0.7983801929	0.9225139860	0.9042232686	-0.0424453511	-0.0042476832	-0.0316462565	-0.0381976679	-0.0273985733	0.0018016078	0.0000180428	0.0010014855	0.0014590618	0.0007506818	0.0028211362	0.0022097437	0.0050308799
0.0619844961	0.6654649011	0.8165837783	0.8831592189	0.8000420124	0.9246167178	0.9058864985	-0.0399269819	-0.0040060697	-0.0295669309	-0.0359209122	-0.0255608612	0.0015941639	0.0000160486	0.0008742034	0.0012903119	0.0006533576	0.0024844159	0.0019436696	0.0044280854
0.0619844961	0.6721315678	0.8186014766	0.8833692540	0.8016645583	0.9266809694	0.9075078792	-0.0374591277	-0.0037682755	-0.0275409088	-0.0336908523	-0.0237726333	0.0014031862	0.0000141999	0.0007585017	0.0011350735	0.0005651381	0.0021758878	0.0017002116	0.0038760994
0.0619844961	0.6787982344	0.8205842182	0.8835759997	0.8032490652	0.9287081343	0.9090888225	-0.0350399478	-0.0035342606	-0.0255663384	-0.0315056872	-0.0220320778	0.0012277979	0.0000124910	0.0006536377	0.0009926083	0.0004854125	0.0018939266	0.0014780208	0.0033719474
0.0619844961	0.6854649011	0.8225331730	0.8837794882	0.8047967194	0.9306995512	0.9106306835	-0.0326676818	-0.0033039861	-0.0236414495	-0.0293636958	-0.0203374635	0.0010671774	0.0000109163	0.0005589181	0.0008622266	0.0004136124	0.0016370119	0.0012758390	0.0029128509
0.0619844961	0.6921315678	0.8244494660	0.8839797506	0.8063086606	0.9326565066	0.9121347634	-0.0303406459	-0.0030774140	-0.0217645498	-0.0272632319	-0.0186871357	0.0009205548	0.0000094705	0.0004736956	0.0007432838	0.0003492090	0.0014037209	0.0010924929	0.0024962138
0.0619844961	0.6987982344	0.8263341789	0.8841768172	0.8077859841	0.9345802364	0.9136023116	-0.0280572290	-0.0028545077	-0.0199340204	-0.0252027213	-0.0170795127	0.0007872081	0.0000081482	0.0003973652	0.0006351772	0.0002917098	0.0011927215	0.0009268869	0.0021196084
0.0619844961	0.7054649011	0.8281883517	0.8843707176	0.8092297422	0.9364719289	0.9150345281	-0.0258158891	-0.0026352313	-0.0181483129	-0.0231806578	-0.0155130816	0.0006664601	0.0000069444	0.0003293613	0.0005373429	0.0002406557	0.0010027658	0.0007779986	0.0017807644
0.0619844961	0.7121315678	0.8300129852	0.8845614802	0.8106409468	0.9383327262	0.9164325657	-0.0236151501	-0.0024195502	-0.0164059455	-0.0211955998	-0.0139863953	0.0005576753	0.0000058542	0.0002691550	0.0004492535	0.0001956193	0.0008326846	0.0006448727	0.0014775573
0.0619844961	0.7187982344	0.8318090418	0.8847491326	0.8120205703	0.9401637269	0.9177975319	-0.0214535981	-0.0022074310	-0.0147054999	-0.0192461672	-0.0124980690	0.0004602569	0.0000048728	0.0002162517	0.0003704150	0.0001562017	0.0006813814	0.0005266167	0.0012079980
0.0619844961	0.7254649011	0.8335774476	0.8849337015	0.8133695476	0.9419659870	0.9191304910	-0.0193298792	-0.0019988412	-0.0130456183	-0.0173310381	-0.0110467771	0.0003736442	0.0000039954	0.0001701882	0.0003003649	0.0001220313	0.0005478278	0.0004223962	0.0009702239
0.0619844961	0.7321315678	0.8353190935	0.8851152127	0.8146887777	0.9437405228	0.9204324657	-0.0172426958	-0.0017937495	-0.0114250002	-0.0154489464	-0.0096312507	0.0002973106	0.0000032175	0.0001305306	0.0002386699	0.0000927610	0.0004310587	0.0003314309	0.0007624897
0.0619844961	0.7387982344	0.8370348372	0.8852936909	0.8159791251	0.9454883118	0.9217044394	-0.0151908044	-0.0015921258	-0.0098424000	-0.0135986787	-0.0082502743	0.0002307605	0.0000025349	0.0000968728	0.0001849241	0.0000680670	0.0003301682	0.0002529911	0.0005831593
0.0619844961	0.7454649011	0.8387255042	0.8854691601	0.8172414212	0.9472102949	0.9229473572	-0.0131730129	-0.0013939409	-0.0082966243	-0.0117790720	-0.0069026833	0.0001735283	0.0000019431	0.0000688340	0.0001387465	0.0000476470	0.0002443053	0.0001863936	0.0004306989
0.0619844961	0.7521315678	0.8403918890	0.8856416431	0.8184764658	0.9489073775	0.9241621282	-0.0111881780	-0.0011991670	-0.0067865291	-0.0099890110	-0.0055873621	0.0001251753	0.0000014380	0.0000460570	0.0000997803	0.0000312186	0.0001726703	0.0001309990	0.0003036693
0.0619844961	0.7587982344	0.8420347569	0.8858111622	0.8196850283	0.9505804316	0.9253496267	-0.0092352032	-0.0010077771	-0.0053110180	-0.0082274261	-0.0043032408	0.0000852890	0.0000010156	0.0000282069	0.0000676905	0.0000185179	0.0001145115	0.0000862084	0.0002007199
0.0619844961	0.7654649011	0.8436548447	0.8859777385	0.8208678491	0.9522302967	0.9265106937	-0.0073130364	-0.0008197454	-0.0038690395	-0.0064932910	-0.0030492940	0.0000534805	0.0000006720	0.0000149695	0.0000421628	0.0000092982	0.0000691220	0.0000514610	0.0001205830
0.0619844961	0.7721315678	0.8452528622	0.8861413922	0.8220256406	0.9538577812	0.9276461385	-0.0054206679	-0.0006350471	-0.0024595852	-0.0047856207	-0.0018245380	0.0000293836	0.0000004033	0.0000060496	0.0000229022	0.0000033289	0.0000358365	0.0000262311	0.0000620676
0.0619844961	0.7787982344	0.8468294929	0.8863021427	0.8231590884	0.9554636642	0.9287567396	-0.0035571283	-0.0004536585	-0.0010816876	-0.0031034698	-0.0006280291	0.0000126532	0.0000002058	0.0000011700	0.0000096315	0.0000003944	0.0000140290	0.0000100259	0.0000240550
0.0619844961	0.7854649011	0.8483853957	0.8864600088	0.8242688526	0.9570486963	0.9298432467	-0.0017214870	-0.0002755567	0.0002655815	-0.0014459303	0.0005411382	0.0000029635	0.0000000759	0.0000000705	0.0000020907	0.0000002928	0.0000031100	0.0000023835	0.0000054935
0.0619844961	0.7921315678	0.8499212053	0.8866150080	0.8253555687	0.9586136008	0.9309063813	0.0000871499	-0.0001007201	0.0015831133	0.0001878700	0.0016838333	0.0000000076	0.0000000101	0.0000025062	0.0000000353	0.0000028353	0.0000025240	0.0000028706	0.0000053946
0.0619844961	0.7987982344	0.8514375336	0.8867671574	0.8264198487	0.9601590751	0.9319468384	0.0018696414	0.0000708722	0.0028717631	0.0017987692	0.0028008909	0.0000034956	0.0000000050	0.0000082470	0.0000032356	0.0000078450	0.0000117476	0.0000110806	0.0000228282
0.0619844961	0.8054649011	0.8529349705	0.8869164730	0.8274622817	0.9616857917	0.9329652869	0.0036268127	0.0002392400	0.0041323526	0.0033875727	0.0038931125	0.0000131538	0.0000000572	0.0000170763	0.0000114756	0.0000151563	0.0000302873	0.0000266320	0.0000569193
0.0619844961	0.8121315678	0.8544140844	0.8870629702	0.8284834355	0.9631943990	0.9339623717	0.0053594571	0.0004044023	0.0053656707	0.0049550547	0.0049612683	0.0000287238	0.0000001635	0.0000287904	0.0000245526	0.0000246142	0.0000576777	0.0000491668	0.0001068445
0.0619844961	0.8187982344	0.8558754240	0.8872066637	0.8294838568	0.9646855226	0.9349387136	0.0070683373	0.0005663771	0.0065724755	0.0065019601	0.0060060984	0.0000499614	0.0000003208	0.0000431974	0.0000422755	0.0000360732	0.0000934796	0.0000783487	0.0001718283
0.0619844961	0.8254649011	0.8573195181	0.8873475673	0.8304640727	0.9661597661	0.9358949112	0.0087541868	0.0007251816	0.0077534956	0.0080290051	0.0070283140	0.0000766358	0.0000005259	0.0000601167	0.0000644649	0.0000493972	0.0001372784	0.0001138621	0.0002511405
0.0619844961	0.8321315678	0.8587468770	0.8874856942	0.8314245908	0.9676177121	0.9368315413	0.0104177112	0.0008808322	0.0089094313	0.0095368790	0.0080285991	0.0001085287	0.0000007759	0.0000793780	0.0000909521	0.0000644584	0.0001886825	0.0001554105	0.0003440930
0.0619844961	0.8387982344	0.8601579929	0.8876210569	0.8323659006	0.9690599229	0.9377491601	0.0120595894	0.0010333443	0.0100409559	0.0110262451	0.0090076115	0.0001454337	0.0000010678	0.0001008208	0.0001215781	0.0000811371	0.0002473223	0.0002027151	0.0004500374
0.0619844961	0.8454649011	0.8615533411	0.8877536671	0.8332884739	0.9704869413	0.9386483038	0.0136804750	0.0011827328	0.0111487167	0.0124977422	0.0099659839	0.0001871554	0.0000013989	0.0001242939	0.0001561936	0.0000993208	0.0003128481	0.0002555144	0.0005683625
0.0619844961	0.8521315678	0.8629333801	0.8878835362	0.8341927656	0.9718992919	0.9395294896	0.0152809967	0.0013290116	0.0122333368	0.0139519851	0.0109043252	0.0002335089	0.0000017663	0.0001496545	0.0001946579	0.0001189043	0.0003849297	0.0003135622	0.0006984919
0.0619844961	0.8587982344	0.8642985526	0.8880106746	0.8350792144	0.9732974809	0.9403932163	0.0168617605	0.0014721940	0.0132954153	0.0153895665	0.0118232213	0.0002843190	0.0000021674	0.0001767681	0.0002368388	0.0001397886	0.0004632544	0.0003766273	0.0008398817
0.0619844961	0.8654649011	0.8656492862	0.8881350923	0.8359482435	0.9746819979	0.9412399654	0.0184233496	0.0016122925	0.0143355288	0.0168110571	0.0127232363	0.0003394198	0.0000025995	0.0002055074	0.0002826116	0.0001618807	0.0005475267	0.0004444924	0.0009920191
0.0619844961	0.8721315678	0.8669859936	0.8882567987	0.8368002611	0.9760533158	0.9420702012	0.0199663260	0.0017493191	0.0153542327	0.0182170070	0.0136049136	0.0003986542	0.0000030601	0.0002357525	0.0003318593	0.0001850937	0.0006374668	0.0005169530	0.0011544198
0.0619844961	0.8787982344	0.8683090737	0.8883758027	0.8376356611	0.9774118916	0.9428843723	0.0214912314	0.0018832848	0.0163520613	0.0196079465	0.0144687765	0.0004618730	0.0000035468	0.0002673899	0.0003844716	0.0002093455	0.0007328097	0.0005938171	0.0013266268
0.0619844961	0.8854649011	0.8696189118	0.8884921126	0.8384548235	0.9787581674	0.9436829114	0.0229985877	0.0020142005	0.0173295295	0.0209843872	0.0153153290	0.0005289350	0.0000040570	0.0003003126	0.0004403445	0.0002345593	0.0008333046	0.0006749038	0.0015082084
0.0619844961	0.8921315678	0.8709158802	0.8886057361	0.8392581154	0.9800925706	0.9444662365	0.0244888981	0.0021420759	0.0182871330	0.0223468222	0.0161450571	0.0005997061	0.0000045885	0.0003344192	0.0004993805	0.0002606629	0.0009387139	0.0007600433	0.0016987572
0.0619844961	0.8987982344	0.8722003386	0.8887166808	0.8400458909	0.9814155146	0.9452347514	0.0259626480	0.0022669206	0.0192253497	0.0236957274	0.0169584291	0.0006740591	0.0000051389	0.0003696141	0.0005614875	0.0002875883	0.0010488121	0.0008490758	0.0018978879
0.0619844961	0.9054649011	0.8734726350	0.8888249534	0.8408184920	0.9827273995	0.9459888461	0.0274203055	0.0023887435	0.0201446400	0.0250315621	0.0177558966	0.0007518732	0.0000057061	0.0004058065	0.0006265791	0.0003152719	0.0011633858	0.0009418510	0.0021052367
0.0619844961	0.9121315678	0.8747331057	0.8889305603	0.8415762491	0.9840286123	0.9467288972	0.0288623222	0.0025075528	0.0210454478	0.0263547695	0.0185378951	0.0008330336	0.0000062878	0.0004429109	0.0006945739	0.0003436536	0.0012822323	0.0010382274	0.0023204598
0.0619844961	0.9187982344	0.8759820760	0.8890335077	0.8423194813	0.9853195278	0.9474552692	0.0302891339	0.0026233564	0.0219282011	0.0276657775	0.0193048447	0.0009174316	0.0000068820	0.0004808460	0.0007653952	0.0003726770	0.0014051596	0.0011380723	0.0025432319
0.0619844961	0.9254649011	0.8772198604	0.8891338011	0.8430484969	0.9866005087	0.9481683138	0.0317011613	0.0027361617	0.0227933127	0.0289649996	0.0200571509	0.0010049636	0.0000074866	0.0005195351	0.0008389712	0.0004022893	0.0015319853	0.0012412605	0.0027732458
0.0619844961	0.9321315678	0.8784467633	0.8892314457	0.8437635938	0.9878719061	0.9488683715	0.0330988106	0.0028459757	0.0236411806	0.0302528349	0.0207952049	0.0010955313	0.0000080996	0.0005589054	0.0009152340	0.0004324405	0.0016625363	0.0013476746	0.0030102108
0.0619844961	0.9387982344	0.8796630792	0.8893264465	0.8444650600	0.9891340605	0.9495557715	0.0344824740	0.0029528047	0.0244721892	0.0315296693	0.0215193845	0.0011890410	0.0000087191	0.0005988880	0.0009941200	0.0004630839	0.0017966481	0.0014572040	0.0032538521
0.0619844961	0.9454649011	0.8808690931	0.8894188081	0.8451531739	0.9903873014	0.9502308319	0.0358525303	0.0030566550	0.0252867092	0.0327958754	0.0222300543	0.0012854039	0.0000093431	0.0006394177	0.0010755694	0.0004941753	0.0019341647	0.0015697448	0.0035039095
0.0619844961	0.9521315678	0.8820650811	0.8895085346	0.8458282047	0.9916319482	0.9508938608	0.0372093457	0.0031575320	0.0260850986	0.0340518137	0.0229275666	0.0013845354	0.0000099700	0.0006804324	0.0011595260	0.0005256733	0.0020749378	0.0016851993	0.0037601371
0.0619844961	0.9587982344	0.8832513101	0.8895956300	0.8464904127	0.9928683104	0.9515451562	0.0385532739	0.0032554413	0.0268677030	0.0352978326	0.0236122617	0.0014863549	0.0000105979	0.0007218735	0.0012459370	0.0005575389	0.0022188263	0.0018034759	0.0040223022
0.0619844961	0.9654649011	0.8844280389	0.8896800979	0.8471400497	0.9940966882	0.9521850064	0.0398846568	0.0033503878	0.0276348563	0.0365342690	0.0242844686	0.0015907858	0.0000112251	0.0007636853	0.0013347528	0.0005897354	0.0023656962	0.0019244882	0.0042901845
0.0619844961	0.9721315678	0.8855955182	0.8897619418	0.8477773596	0.9953173726	0.9528136906	0.0412038250	0.0034423760	0.0283868810	0.0377614490	0.0249445049	0.0016977552	0.0000118500	0.0008058150	0.0014259270	0.0006222283	0.0025154202	0.0020481554	0.0045635755
0.0619844961	0.9787982344	0.8867539907	0.8898411648	0.8484025779	0.9965306458	0.9534314791	0.0425110984	0.0035314105	0.0291240887	0.0389796879	0.0255926782	0.0018071935	0.0000124709	0.0008482125	0.0015194161	0.0006549852	0.0026678769	0.0021744012	0.0048422781
0.0619844961	0.9854649011	0.8879036915	0.8899177698	0.8490159332	0.9977367816	0.9540386337	0.0438067860	0.0036174951	0.0298467805	0.0401892909	0.0262292854	0.0019190345	0.0000130863	0.0008908303	0.0016151791	0.0006879754	0.0028229511	0.0023031545	0.0051261056
0.0646511628	0.5854649011	0.7893343461	0.8803920074	0.7771914067	0.8965714585	0.8827788078	-0.0738665052	-0.0071442986	-0.0585445119	-0.0667222066	-0.0514002133	0.0054562606	0.0000510410	0.0034274599	0.0044518529	0.0026419819	0.0089347615	0.0070938348	0.0160285962
0.0646511628	0.5921315678	0.7918751844	0.8806437149	0.7793749169	0.8992004043	0.8850059380	-0.0706527116	-0.0068584356	-0.0557389629	-0.0637942760	-0.0488805272	0.0049918057	0.0000470381	0.0031068320	0.0040697097	0.0023893059	0.0081456758	0.0064590156	0.0146046914
0.0646511628	0.5987982344	0.7943630351	0.8808917162	0.7815020818	0.9017714896	0.8871715642	-0.0675159158	-0.0065768616	-0.0530133590	-0.0609390543	-0.0464364974	0.0045583989	0.0000432551	0.0028104162	0.0037135683	0.0021563483	0.0074120702	0.0058699166	0.0132819869
0.0646511628	0.6054649011	0.7967997705	0.8811360489	0.7835748110	0.9042868822	0.8892778952	-0.0644530774	-0.0062995302	-0.0503646323	-0.0581535471	-0.0440651020	0.0041541992	0.0000396841	0.0025365962	0.0033818350	0.0019417332	0.0067304794	0.0053235683	0.0120540477
0.0646511628	0.6121315678	0.7991871894	0.8813767506	0.7855949382	0.9067486621	0.8913270490	-0.0614612977	-0.0060263956	-0.0477898589	-0.0554349021	-0.0417634633	0.0037774911	0.0000363174	0.0022838706	0.0030730284	0.0017441869	0.0060976792	0.0048172152	0.0109148944
0.0646511628	0.6187982344	0.8015270197	0.8816138587	0.7875642239	0.9091588247	0.8933210567	-0.0585378127	-0.0057574116	-0.0452862512	-0.0527804012	-0.0395288396	0.0034266755	0.0000331478	0.0020508445	0.0027857707	0.0015625292	0.0055106679	0.0043482999	0.0098589678
0.0646511628	0.6254649011	0.8038209213	0.8818474104	0.7894843586	0.9115192853	0.8952618664	-0.0556799860	-0.0054925328	-0.0428511509	-0.0501874531	-0.0373586181	0.0031002608	0.0000301679	0.0018362211	0.0025187805	0.0013956663	0.0049666499	0.0039144468	0.0088810967
0.0646511628	0.6321315678	0.8060704890	0.8820774426	0.7913569657	0.9138318815	0.8971513469	-0.0528853016	-0.0052317142	-0.0404820226	-0.0476535874	-0.0352503083	0.0027968551	0.0000273708	0.0016387942	0.0022708644	0.0012425842	0.0044630201	0.0035134486	0.0079764687
0.0646511628	0.6387982344	0.8082772552	0.8823039918	0.7931836042	0.9160983773	0.8989912904	-0.0501513583	-0.0049749113	-0.0381764467	-0.0451764471	-0.0332015354	0.0025151587	0.0000247497	0.0014574411	0.0020409114	0.0011023420	0.0039973496	0.0031432533	0.0071406029
0.0646511628	0.6454649011	0.8104426922	0.8825270939	0.7949657711	0.9183204660	0.9007834168	-0.0474758637	-0.0047220801	-0.0359321141	-0.0427537835	-0.0312100340	0.0022539576	0.0000222980	0.0012911168	0.0018278860	0.0009740662	0.0035673725	0.0028019522	0.0063693247
0.0646511628	0.6521315678	0.8125682149	0.8827467844	0.7967049044	0.9204997733	0.9025293759	-0.0448566281	-0.0044731778	-0.0337468204	-0.0403834503	-0.0292736426	0.0020121171	0.0000200093	0.0011388479	0.0016308231	0.0008569462	0.0031709743	0.0024877692	0.0056587435
0.0646511628	0.6587982344	0.8146551832	0.8829630979	0.7984023852	0.9226378601	0.9042307511	-0.0422915600	-0.0042281619	-0.0316184602	-0.0380633982	-0.0273902983	0.0017885761	0.0000178774	0.0009997270	0.0014488223	0.0007502284	0.0028061804	0.0021990507	0.0050052312
0.0646511628	0.6654649011	0.8167049039	0.8831760684	0.8000595400	0.9247362254	0.9058890617	-0.0397786608	-0.0039869911	-0.0295450228	-0.0357916697	-0.0255580317	0.0015823419	0.0000158961	0.0008729084	0.0012810436	0.0006532130	0.0024711463	0.0019342566	0.0044054029
0.0646511628	0.6721315678	0.8187186334	0.8833857294	0.8016776433	0.9267963089	0.9075057663	-0.0373160198	-0.0037496250	-0.0275245866	-0.0335663948	-0.0237749616	0.0013924853	0.0000140597	0.0007576029	0.0011267029	0.0005652488	0.0021641479	0.0016919517	0.0038560995
0.0646511628	0.6787982344	0.8206975794	0.8835921133	0.8032579196	0.9288194938	0.9090822649	-0.0349018104	-0.0035160240	-0.0255553153	-0.0313857864	-0.0220392913	0.0012181364	0.0000123624	0.0006530741	0.0009850676	0.0004857304	0.0018835729	0.0014707980	0.0033543709
0.0646511628	0.6854649011	0.8226429032	0.8837952518	0.8048015452	0.9308071090	0.9106199016	-0.0325342856	-0.0032861497	-0.0236354534	-0.0292481359	-0.0203493037	0.0010584797	0.0000107988	0.0005586347	0.0008554535	0.0004140942	0.0016279132	0.0012695476	0.0028974608
0.0646511628	0.6921315678	0.8245557214	0.8839951756	0.8063096506	0.9327604314	0.9121199672	-0.0302117739	-0.0030599646	-0.0217633220	-0.0271518093	-0.0187033574	0.0009127513	0.0000093634	0.0004736422	0.0007372207	0.0003498156	0.0013957568	0.0010870363	0.0024827932
0.0646511628	0.6987982344	0.8264371077	0.8841919149	0.8077833224	0.9346806884	0.9135837014	-0.0279326759	-0.0028374324	-0.0199373155	-0.0250952435	-0.0170998830	0.0007802344	0.0000080510	0.0003974965	0.0006297712	0.0002924060	0.0011857820	0.0009221772	0.0021079592
0.0646511628	0.7054649011	0.8282880952	0.8843854987	0.8092236046	0.9365690601	0.9150122948	-0.0256954607	-0.0026185178	-0.0181558975	-0.0230769429	-0.0155373797	0.0006602567	0.0000068566	0.0003296366	0.0005325453	0.0002414102	0.0009967499	0.0007739555	0.0017707054
0.0646511628	0.7121315678	0.8301096773	0.8845759550	0.8106315011	0.9384266807	0.9164068913	-0.0234986622	-0.0024031865	-0.0164175977	-0.0210954757	-0.0140144112	0.0005521871	0.0000057753	0.0002695375	0.0004450191	0.0001964037	0.0008274999	0.0006414228	0.0014689228
0.0646511628	0.7187982344	0.8319028099	0.8847633113	0.8120079768	0.9402546413	0.9177685902	-0.0213408766	-0.0021914054	-0.0147210088	-0.0191494711	-0.0125296034	0.0004554330	0.0000048023	0.0002167081	0.0003667022	0.0001569910	0.0006769434	0.0005236932	0.0012006366
0.0646511628	0.7254649011	0.8336684129	0.8849475938	0.8133539596	0.9420539914	0.9190984475	-0.0192207587	-0.0019831426	-0.0130647832	-0.0172376161	-0.0110816405	0.0003694376	0.0000039329	0.0001706886	0.0002971354	0.0001228028	0.0005440590	0.0004199382	0.0009639971
0.0646511628	0.7321315678	0.8354073714	0.8851288279	0.8146703416	0.9438257405	0.9203974787	-0.0171370198	-0.0017783671	-0.0114476301	-0.0153586526	-0.0096692629	0.0002936774	0.0000031626	0.0001310482	0.0002358882	0.0000934946	0.0004278883	0.0003293829	0.0007572711
0.0646511628	0.7387982344	0.8371205374	0.8853070382	0.8159579808	0.9455708600	0.9216666598	-0.0150884242	-0.0015770492	-0.0098683131	-0.0135113750	-0.0082912639	0.0002276605	0.0000024871	0.0000973836	0.0001825573	0.0000687451	0.0003275312	0.0002513023	0.0005788335
0.0646511628	0.7454649011	0.8388087312	0.8854822482	0.8172177026	0.9472902849	0.9229069292	-0.0130737875	-0.0013791600	-0.0083256474	-0.0116946275	-0.0069464874	0.0001709239	0.0000019021	0.0000693164	0.0001367643	0.0000482537	0.0002421424	0.0001850180	0.0004271604
0.0646511628	0.7521315678	0.8404727423	0.8856544806	0.8184503009	0.9489849153	0.9241191896	-0.0110919736	-0.0011846720	-0.0068184974	-0.0099073016	-0.0056338254	0.0001230319	0.0000014034	0.0000464919	0.0000981546	0.0000317400	0.0001709272	0.0001298946	0.0003008218
0.0646511628	0.7587982344	0.8421133313	0.8858237572	0.8196565395	0.9506556179	0.9253043089	-0.0091418927	-0.0009935586	-0.0053457744	-0.0081483341	-0.0043522158	0.0000835742	0.0000009872	0.0000285773	0.0000663953	0.0000189418	0.0001131387	0.0000853371	0.0001984758
0.0646511628	0.7654649011	0.8437312304	0.8859900989	0.8208371535	0.9523032271	0.9264631224	-0.0072224991	-0.0008057943	-0.0039064342	-0.0064167048	-0.0031006399	0.0000521645	0.0000006493	0.0000152602	0.0000411741	0.0000096140	0.0000680740	0.0000507881	0.0001188621
0.0646511628	0.7721315678	0.8453271453	0.8861535257	0.8219928503	0.9539285471	0.9275964338	-0.0053327890	-0.0006213546	-0.0024994756	-0.0047114344	-0.0018781210	0.0000284386	0.0000003861	0.0000062474	0.0000221976	0.0000035273	0.0000350721	0.0000257250	0.0000607970
0.0646511628	0.7787982344	0.8469017556	0.8863140568	0.8231243107	0.9555323523	0.9287050164	-0.0034717988	-0.0004402161	-0.0011239376	-0.0030315827	-0.0006837215	0.0000120534	0.0000001938	0.0000012632	0.0000091905	0.0000004675	0.0000135104	0.0000096580	0.0000231684
0.0646511628	0.7854649011	0.8484557161	0.8864717105	0.8242321902	0.9571153891	0.9297896147	-0.0016386031	-0.0002623563	0.0002211018	-0.0013762468	0.0004834581	0.0000026850	0.0000000688	0.0000000489	0.0000018941	0.0000002337	0.0000028027	0.0000021278	0.0000049305
0.0646511628	0.7921315678	0.8499896582	0.8866265042	0.8253171199	0.9586783771	0.9308509456	0.0001676870	-0.0000877537	0.0015365276	0.0002554407	0.0016242813	0.0000000281	0.0000000077	0.0000023609	0.0000000652	0.0000026383	0.0000023967	0.0000027035	0.0000051003
0.0646511628	0.7987982344	0.8515041902	0.8867784548	0.8263797076	0.9602220099	0.9318896993	0.0019479255	0.0000836122	0.0028231897	0.0018643133	0.0027395775	0.0000037944	0.0000000070	0.0000079704	0.0000034757	0.0000075053	0.0000117718	0.0000109809	0.0000227528
0.0646511628	0.8054649011	0.8529998988	0.8869275780	0.8274205385	0.9617469565	0.9329065405	0.0037029332	0.0002517609	0.0040819040	0.0034511723	0.0038301431	0.0000137117	0.0000000634	0.0000166619	0.0000119106	0.0000146700	0.0000304370	0.0000265806	0.0000570176
0.0646511628	0.8121315678	0.8544773494	0.8870738891	0.8284401766	0.9632538619	0.9339021098	0.0054334992	0.0004167112	0.0053134547	0.0050167880	0.0048967435	0.0000295229	0.0000001736	0.0000282328	0.0000251682	0.0000239781	0.0000579294	0.0000491463	0.0001070756
0.0646511628	0.8187982344	0.8559370877	0.8872174023	0.8294391649	0.9647433486	0.9348770242	0.0071403821	0.0005784809	0.0065185949	0.0065619012	0.0059401140	0.0000509851	0.0000003346	0.0000424921	0.0000430585	0.0000352850	0.0000938118	0.0000783435	0.0001721553
0.0646511628	0.8254649011	0.8573796396	0.8873581315	0.8304180270	0.9662160172	0.9358318784	0.0088243117	0.0007370869	0.0076980484	0.0080872248	0.0069609615	0.0000778685	0.0000005433	0.0000592599	0.0000654032	0.0000484550	0.0001376717	0.0001138582	0.0002515299
0.0646511628	0.8321315678	0.8588055130	0.8874960895	0.8313772674	0.9676724475	0.9367672457	0.0104859898	0.0008925453	0.0088525112	0.0095934445	0.0079599659	0.0001099560	0.0000007966	0.0000783670	0.0000920342	0.0000633611	0.0001891196	0.0001553952	0.0003445148
0.0646511628	0.8387982344	0.8602151976	0.8876312886	0.8323173721	0.9691131989	0.9376836788	0.0121260921	0.0010448714	0.0099826523	0.0110812207	0.0089377809	0.0001470421	0.0000010918	0.0000996533	0.0001227935	0.0000798839	0.0002477872	0.0002026774	0.0004504646
0.0646511628	0.8454649011	0.8616091662	0.8877637406	0.8332388102	0.9705388121	0.9385817105	0.0137452687	0.0011940798	0.0110891153	0.0125511889	0.0098950355	0.0001889324	0.0000014258	0.0001229685	0.0001575323	0.0000979117	0.0003133267	0.0002554441	0.0005687708
0.0646511628	0.8521315678	0.8629878750	0.8878934563	0.8341420334	0.9719498087	0.9394618550	0.0153441455	0.0013401843	0.0121725191	0.0140039613	0.0108323349	0.0002354428	0.0000017961	0.0001481702	0.0001961109	0.0001173395	0.0003854091	0.0003134504	0.0006988595
0.0646511628	0.8587982344	0.8643517647	0.8880204461	0.8350274779	0.9733466932	0.9403246081	0.0169233254	0.0014831978	0.0132334594	0.0154401276	0.0117502616	0.0002863989	0.0000021999	0.0001751244	0.0002383975	0.0001380686	0.0004637233	0.0003764662	0.0008401895
0.0646511628	0.8654649011	0.8657012607	0.8881447200	0.8358955642	0.9747299525	0.9411704482	0.0184833889	0.0016231328	0.0142725094	0.0168602561	0.0126493766	0.0003416357	0.0000026346	0.0002037045	0.0002842682	0.0001600067	0.0005479748	0.0004442750	0.0009922497
0.0646511628	0.8721315678	0.8670367740	0.8882662870	0.8367466977	0.9761000577	0.9419998372	0.0200248955	0.0017600009	0.0152902209	0.0182648945	0.0135302200	0.0004009964	0.0000030976	0.0002337909	0.0003336064	0.0001830669	0.0006378849	0.0005166732	0.0011545581
0.0646511628	0.8787982344	0.8683587014	0.8883851559	0.8375812701	0.9774574639	0.9428132208	0.0215483841	0.0018938132	0.0162871253	0.0196545709	0.0143933121	0.0004643329	0.0000035865	0.0002652705	0.0003863022	0.0002071674	0.0007331898	0.0005934696	0.0013266594
0.0646511628	0.8854649011	0.8696674265	0.8885013348	0.8383996592	0.9788026111	0.9436110294	0.0230543746	0.0020245801	0.0172637344	0.0210297945	0.0152391543	0.0005315042	0.0000040989	0.0002980365	0.0004422523	0.0002322318	0.0008336396	0.0006744841	0.0015081237
0.0646511628	0.8921315678	0.8709633200	0.8886148315	0.8392022295	0.9801359251	0.9443936784	0.0245433678	0.0021523114	0.0182205411	0.0223910564	0.0160682297	0.0006023769	0.0000046324	0.0003319881	0.0005013594	0.0002581880	0.0009389975	0.0007595474	0.0016985449
0.0646511628	0.8987982344	0.8722467400	0.8887256531	0.8399893332	0.9814578176	0.9451615695	0.0260158470	0.0022770164	0.0191580205	0.0237388305	0.0168810041	0.0006768243	0.0000051848	0.0003670297	0.0005635321	0.0002849683	0.0010490388	0.0008485004	0.0018975392
0.0646511628	0.9054649011	0.8735180329	0.8888338064	0.8407613102	0.9827686870	0.9459150902	0.0274722782	0.0023987038	0.0200766304	0.0250735744	0.0176779266	0.0007547261	0.0000057538	0.0004030711	0.0006286841	0.0003125091	0.0011635509	0.0009411932	0.0021047442
0.0646511628	0.9121315678	0.8747775336	0.8889392976	0.8415184890	0.9840689189	0.9466546154	0.0289131111	0.0025173817	0.0209768122	0.0263957294	0.0184594305	0.0008359680	0.0000063372	0.0004400266	0.0006967345	0.0003407506	0.0012823319	0.0010374851	0.0023198170
0.0646511628	0.9187982344	0.8760255659	0.8890421327	0.8422611867	0.9853588865	0.9473805072	0.0303387798	0.0026330580	0.0218589915	0.0277057218	0.0192259335	0.0009204416	0.0000069330	0.0004778155	0.0007676070	0.0003696365	0.0014051901	0.0011372435	0.0025424336
0.0646511628	0.9254649011	0.8772624432	0.8891423172	0.8429897098	0.9866389511	0.9480931157	0.0317497031	0.0027457397	0.0227235787	0.0290039634	0.0199778390	0.0010080436	0.0000075391	0.0005163610	0.0008412299	0.0003991141	0.0015319438	0.0012403439	0.0027722877
0.0646511628	0.9321315678	0.8784884685	0.8892398561	0.8437043546	0.9879094628	0.9487927793	0.0331462856	0.0028554337	0.0235709698	0.0302908519	0.0207155361	0.0010986763	0.0000081535	0.0005555906	0.0009175357	0.0004291334	0.0016624204	0.0013466691	0.0030090895
0.0646511628	0.9387982344	0.8797039352	0.8893347543	0.8444054073	0.9891707604	0.9494798255	0.0345289180	0.0029621463	0.0244015470	0.0315667717	0.0214394007	0.0011922462	0.0000087743	0.0005954355	0.0009964611	0.0004596479	0.0017964560	0.0014561090	0.0032525650
0.0646511628	0.9454649011	0.8809091271	0.8894270162	0.8450931448	0.9904231725	0.9501545707	0.0358979776	0.0030658835	0.0252156791	0.0328320941	0.0221497956	0.0012886648	0.0000093996	0.0006358305	0.0010779464	0.0004906134	0.0019338949	0.0015685598	0.0035024548
0.0646511628	0.9521315678	0.8821043191	0.8895166459	0.8457678346	0.9916670173	0.9508173214	0.0372538291	0.0031666509	0.0260137221	0.0340871782	0.0228470712	0.0013878478	0.0000100277	0.0006767137	0.0011619357	0.0005219887	0.0020745892	0.0016839244	0.0037585136
0.0646511628	0.9587982344	0.8832897773	0.8896036473	0.8464297357	0.9929026033	0.9514683739	0.0385968248	0.0032644536	0.0267960199	0.0353323712	0.0235315663	0.0014897149	0.0000106567	0.0007180267	0.0012483765	0.0005537346	0.0022183982	0.0018021111	0.0040205093
0.0646511628	0.9654649011	0.8844657594	0.8896880239	0.8470790986	0.9941302295	0.9521080152	0.0399273054	0.0033592965	0.0275629044	0.0365680089	0.0242036079	0.0015941897	0.0000112849	0.0007597137	0.0013372193	0.0005858146	0.0023651883	0.0019230339	0.0042882222
0.0646511628	0.9721315678	0.8856325150	0.8897697790	0.8477161655	0.9953501860	0.9527365229	0.0412456003	0.0034511842	0.0283146966	0.0377944162	0.0248635124	0.0017011995	0.0000119107	0.0008017220	0.0014284179	0.0006181942	0.0025148323	0.0020466121	0.0045614444
0.0646511628	0.9787982344	0.8867902860	0.8898489157	0.8483411709	0.9965627540	0.9533541660	0.0425520281	0.0035401208	0.0290517064	0.0390119073	0.0255115856	0.0018106751	0.0000125325	0.0008440016	0.0015219289	0.0006508410	0.0026672092	0.0021727699	0.0048399791
0.0646511628	0.9854649011	0.8879393068	0.8899254367	0.8489543419	0.9977682064	0.9539612049	0.0438468969	0.0036261104	0.0297742336	0.0402207865	0.0261481232	0.0019225504	0.0000131487	0.0008865050	0.0016177117	0.0006837243	0.0028222040	0.0023014360	0.0051236400
0.0673178295	0.5854649011	0.7895280227	0.8804153780	0.7772909649	0.8967676422	0.8828684555	-0.0736211684	-0.0071177533	-0.0584164201	-0.0665034151	-0.0512986668	0.0054200764	0.0000506624	0.0034124781	0.0044227042	0.0026315532	0.0088832170	0.0070542574	0.0159374744
0.0673178295	0.5921315678	0.7920616279	0.8806665067	0.7794662236	0.8993888400	0.8850867129	-0.0704172938	-0.0068325551	-0.0556218160	-0.0635847388	-0.0487892609	0.0049585953	0.0000466838	0.0030937864	0.0040430190	0.0023803920	0.0080990655	0.0064234110	0.0145224765
0.0673178295	0.5987982344	0.7945425898	0.8809139479	0.7815855314	0.9019525593	0.8872439053	-0.0672899053	-0.0065516241	-0.0529065835	-0.0607382811	-0.0463549594	0.0045279313	0.0000429238	0.0027991066	0.0036891388	0.0021487823	0.0073699617	0.0058379211	0.0132078828
0.0673178295	0.6054649011	0.7969727621	0.8811577386	0.7836507785	0.9044609463	0.8893422190	-0.0642359929	-0.0062749149	-0.0502676871	-0.0579610779	-0.0439927721	0.0041262628	0.0000393746	0.0025268404	0.0033594866	0.0019353640	0.0066924777	0.0052948506	0.0119873283
0.0673178295	0.6121315678	0.7993539259	0.8813979158	0.7856637799	0.9069160609	0.8913837505	-0.0612526868	-0.0060023821	-0.0477022327	-0.0552503048	-0.0416998506	0.0037518916	0.0000360286	0.0022755030	0.0030525962	0.0017388775	0.0060634232	0.0047914737	0.0108548970
0.0673178295	0.6187982344	0.8016877924	0.8816345164	0.7876262785	0.9093198798	0.8933705111	-0.0583372498	-0.0057339802	-0.0452074612	-0.0526032695	-0.0394734809	0.0034032347	0.0000328785	0.0020437145	0.0027671040	0.0015581557	0.0054798278	0.0043252597	0.0098050874
0.0673178295	0.6254649011	0.8039760061	0.8818675771	0.7895399484	0.9116743001	0.8953044300	-0.0554870700	-0.0054696645	-0.0427807406	-0.0500174055	-0.0373110761	0.0030788149	0.0000299172	0.0018301918	0.0025017409	0.0013921164	0.0049389239	0.0038938573	0.0088327812
0.0673178295	0.6321315678	0.8062201471	0.8820971342	0.7914063974	0.9139811431	0.8971873580	-0.0526996551	-0.0052093904	-0.0404195601	-0.0474902647	-0.0352101697	0.0027772536	0.0000271377	0.0016337408	0.0022553252	0.0012397560	0.0044381322	0.0034950813	0.0079332135
0.0673178295	0.6387982344	0.8084217338	0.8823232238	0.7932271695	0.9162421571	0.8990210709	-0.0499726254	-0.0049531141	-0.0381215235	-0.0450195114	-0.0331684095	0.0024972633	0.0000245333	0.0014532506	0.0020267564	0.0011001434	0.0039750472	0.0031268998	0.0071019470
0.0673178295	0.6454649011	0.8105822258	0.8825458813	0.7950037480	0.9184590206	0.9008072722	-0.0473037089	-0.0047007922	-0.0358843435	-0.0426029167	-0.0311835513	0.0022376409	0.0000220974	0.0012876861	0.0018150085	0.0009724139	0.0035474244	0.0027874224	0.0063348468
0.0673178295	0.6521315678	0.8127030255	0.8827651417	0.7967375575	0.9206333453	0.9025475971	-0.0446907350	-0.0044523823	-0.0337058360	-0.0402383527	-0.0292534537	0.0019972618	0.0000198237	0.0011360834	0.0016191250	0.0008557646	0.0031531689	0.0024748896	0.0056280585
0.0673178295	0.6587982344	0.8147854814	0.8829810392	0.7984299666	0.9227666793	0.9042436147	-0.0421316300	-0.0042078426	-0.0315839151	-0.0379237874	-0.0273760724	0.0017750742	0.0000177059	0.0009975437	0.0014382137	0.0007494493	0.0027903239	0.0021876630	0.0049779869
0.0673178295	0.6654649011	0.8168308895	0.8831936074	0.8000822900	0.9248605092	0.9058968309	-0.0396244118	-0.0039671323	-0.0295165877	-0.0356572795	-0.0255494554	0.0015700940	0.0000157381	0.0008712289	0.0012714416	0.0006527747	0.0024570611	0.0019242163	0.0043812774
0.0673178295	0.6721315678	0.8188404958	0.8834028792	0.8016957911	0.9269162633	0.9075086917	-0.0371671856	-0.0037302115	-0.0275019495	-0.0334369741	-0.0237717381	0.0013813997	0.0000139145	0.0007563572	0.0011180312	0.0005650955	0.0021516714	0.0016831268	0.0038347982
0.0673178295	0.6787982344	0.8208154985	0.8836088867	0.8032716836	0.9289353139	0.9090805850	-0.0347581392	-0.0034970410	-0.0255381802	-0.0312610982	-0.0220411392	0.0012081282	0.0000122293	0.0006521986	0.0009772563	0.0004858118	0.0018725562	0.0014630681	0.0033356243
0.0673178295	0.6854649011	0.8227570496	0.8838116611	0.8048111338	0.9309189795	0.9106138437	-0.0323955395	-0.0032675830	-0.0236235392	-0.0291279565	-0.0203559562	0.0010494710	0.0000106771	0.0005580716	0.0008484378	0.0004143650	0.0016182197	0.0012628028	0.0028810225
0.0673178295	0.6921315678	0.8246662573	0.8840112328	0.8063152627	0.9328685277	0.9121097478	-0.0300777277	-0.0030418004	-0.0217563619	-0.0270359273	-0.0187145614	0.0009046697	0.0000092525	0.0004733393	0.0007309414	0.0003502348	0.0013872615	0.0010811762	0.0024684377
0.0673178295	0.6987982344	0.8265441872	0.8842076316	0.8077851476	0.9347851768	0.9135695268	-0.0278031168	-0.0028196574	-0.0199350559	-0.0249834594	-0.0171153985	0.0007730133	0.0000079505	0.0003974065	0.0006241732	0.0002929369	0.0011783702	0.0009171101	0.0020954803
0.0673178295	0.7054649011	0.8283918645	0.8844008860	0.8092218242	0.9366700980	0.9149943618	-0.0255701869	-0.0026011191	-0.0181580976	-0.0229690678	-0.0155569785	0.0006538345	0.0000067658	0.0003297165	0.0005275781	0.0002420196	0.0009903168	0.0007695977	0.0017599144
0.0673178295	0.7121315678	0.8302102756	0.8845910238	0.8106262881	0.9385244178	0.9163853875	-0.0233774828	-0.0023861516	-0.0164240285	-0.0209913312	-0.0140378769	0.0005465067	0.0000056937	0.0002697487	0.0004406360	0.0001970620	0.0008219491	0.0006376980	0.0014596471
0.0673178295	0.7187982344	0.8320003695	0.8847780720	0.8119994965	0.9403492195	0.9177436944	-0.0212236107	-0.0021747223	-0.0147314525	-0.0190488883	-0.0125567302	0.0004504417	0.0000047294	0.0002170157	0.0003628601	0.0001576715	0.0006721868	0.0005205316	0.0011927184
0.0673178295	0.7254649011	0.8337630596	0.8849620566	0.8133423698	0.9421455456	0.9190703305	-0.0191072348	-0.0019667997	-0.0130790326	-0.0171404352	-0.0111122330	0.0003650864	0.0000038683	0.0001710611	0.0002937945	0.0001234817	0.0005400158	0.0004172762	0.0009572921
0.0673178295	0.7321315678	0.8354992249	0.8851430025	0.8146557932	0.9439143986	0.9203663034	-0.0170270753	-0.0017623531	-0.0114654882	-0.0152647222	-0.0097031351	0.0002899213	0.0000031059	0.0001314574	0.0002330117	0.0000941508	0.0004244846	0.0003271626	0.0007516472
0.0673178295	0.7387982344	0.8372097117	0.8853209341	0.8159406181	0.9456567437	0.9216325817	-0.0149819049	-0.0015613532	-0.0098895922	-0.0134205517	-0.0083282391	0.0002244575	0.0000024378	0.0000978040	0.0001801112	0.0000693596	0.0003246993	0.0002494708	0.0005741701
0.0673178295	0.7454649011	0.8388953347	0.8854958745	0.8171976635	0.9473735100	0.9228700968	-0.0129705470	-0.0013637715	-0.0083501689	-0.0116067754	-0.0069863974	0.0001682351	0.0000018599	0.0000697253	0.0001347172	0.0000488097	0.0002398203	0.0001835270	0.0004233473
0.0673178295	0.7521315678	0.8405568784	0.8856678462	0.8184277172	0.9490655916	0.9240797446	-0.0109918729	-0.0011695809	-0.0068460911	-0.0098222920	-0.0056765101	0.0001208213	0.0000013679	0.0000468690	0.0000964774	0.0000322228	0.0001690582	0.0001287002	0.0002977583
0.0673178295	0.7587982344	0.8421950984	0.8858368706	0.8196315373	0.9507338499	0.9252623870	-0.0090447999	-0.0009787551	-0.0053762781	-0.0080660448	-0.0043975229	0.0000818084	0.0000009580	0.0000289044	0.0000650611	0.0000193382	0.0001116707	0.0000843993	0.0001960700
0.0673178295	0.7654649011	0.8438107223	0.8860029683	0.8208098535	0.9523791144	0.9264188529	-0.0071282888	-0.0007912690	-0.0039396935	-0.0063370198	-0.0031484245	0.0000508125	0.0000006261	0.0000155212	0.0000401578	0.0000099126	0.0000669598	0.0000500704	0.0001170302
0.0673178295	0.7721315678	0.8454044514	0.8861661591	0.8219633680	0.9540021842	0.9275499403	-0.0052413421	-0.0006070983	-0.0025353431	-0.0046342438	-0.0019282447	0.0000274717	0.0000003686	0.0000064280	0.0000214762	0.0000037181	0.0000342682	0.0000251943	0.0000594625
0.0673178295	0.7787982344	0.8469769610	0.8863264618	0.8230927565	0.9556038294	0.9286564172	-0.0033830020	-0.0004262200	-0.0011622729	-0.0029567820	-0.0007360529	0.0000114447	0.0000001817	0.0000013509	0.0000087426	0.0000005418	0.0000129772	0.0000092843	0.0000222616
0.0673178295	0.7854649011	0.8485289023	0.8864838946	0.8241986700	0.9571847921	0.9297390229	-0.0015523487	-0.0002486119	0.0001804326	-0.0013037368	0.0004290445	0.0000024098	0.0000000618	0.0000000326	0.0000016997	0.0000001841	0.0000025042	0.0000018838	0.0000043880
0.0673178295	0.7921315678	0.8500609027	0.8866384746	0.8252817349	0.9587457876	0.9307984692	0.0002515015	-0.0000742528	0.0014936523	0.0003257543	0.0015679051	0.0000000633	0.0000000055	0.0000022310	0.0000001061	0.0000024583	0.0000022998	0.0000025644	0.0000048642
0.0673178295	0.7987982344	0.8515735670	0.8867902183	0.8263425548	0.9602875059	0.9318354417	0.0020293977	0.0000968775	0.0027782301	0.0019325202	0.0026813526	0.0000041185	0.0000000094	0.0000077186	0.0000037346	0.0000071897	0.0000118464	0.0000109243	0.0000227707
0.0673178295	0.8054649011	0.8530674785	0.8869391414	0.8273817107	0.9618106121	0.9328506006	0.0037821560	0.0002647984	0.0040349766	0.0035173576	0.0037701782	0.0000143047	0.0000000701	0.0000162810	0.0000123718	0.0000142142	0.0000306559	0.0000265860	0.0000572419
0.0673178295	0.8121315678	0.8545431995	0.8870852587	0.8283997627	0.9633157479	0.9338445821	0.0055105610	0.0004295282	0.0052646704	0.0050810328	0.0048351422	0.0000303663	0.0000001845	0.0000277168	0.0000258169	0.0000233786	0.0000582675	0.0000491955	0.0001074630
0.0673178295	0.8187982344	0.8560012726	0.8872285845	0.8293972502	0.9648035326	0.9348179992	0.0072153672	0.0005910845	0.0064680598	0.0066242827	0.0058769753	0.0000520615	0.0000003494	0.0000418358	0.0000438811	0.0000345388	0.0000942467	0.0000784200	0.0001726667
0.0673178295	0.8254649011	0.8574422209	0.8873691322	0.8303746931	0.9662745636	0.9357714427	0.0088973003	0.0007494840	0.0076458637	0.0081478164	0.0068963798	0.0000791620	0.0000005617	0.0000584592	0.0000663869	0.0000475601	0.0001381829	0.0001139470	0.0002521299
0.0673178295	0.8321315678	0.8588665495	0.8875069145	0.8313325923	0.9677294176	0.9367054822	0.0105570587	0.0009047425	0.0087987736	0.0096523162	0.0078940311	0.0001114515	0.0000008186	0.0000774184	0.0000931672	0.0000623157	0.0001896885	0.0001554829	0.0003451714
0.0673178295	0.8387982344	0.8602747455	0.8876419436	0.8322714310	0.9691686516	0.9376206668	0.0121953142	0.0010568751	0.0099274542	0.0111384390	0.0088705791	0.0001487257	0.0000011170	0.0000985543	0.0001240648	0.0000786872	0.0002483970	0.0002027520	0.0004511490
0.0673178295	0.8454649011	0.8616672793	0.8877742308	0.8331916748	0.9705928032	0.9385175261	0.0138127136	0.0012058962	0.0110325448	0.0126068174	0.0098266486	0.0001907911	0.0000014542	0.0001217170	0.0001589318	0.0000965630	0.0003139623	0.0002554949	0.0005694572
0.0673178295	0.8521315678	0.8630446047	0.8879037869	0.8340937726	0.9720023919	0.9393965707	0.0154098798	0.0013518193	0.0121146606	0.0140580605	0.0107628413	0.0002374644	0.0000018274	0.0001467650	0.0001976291	0.0001158388	0.0003860568	0.0003134678	0.0006995246
0.0673178295	0.8587982344	0.8644071602	0.8880306223	0.8349781576	0.9733979195	0.9402582936	0.0169874124	0.0014946571	0.0131743933	0.0154927552	0.0116797362	0.0002885722	0.0000022340	0.0001735646	0.0002400255	0.0001364162	0.0004643708	0.0003764417	0.0008408125
0.0673178295	0.8654649011	0.8657553690	0.8881547465	0.8358452476	0.9747798708	0.9411031703	0.0185458892	0.0016344220	0.0142123128	0.0169114672	0.0125778908	0.0003439500	0.0000026713	0.0002019898	0.0002859977	0.0001582033	0.0005486112	0.0004442011	0.0009928122
0.0673178295	0.8721315678	0.8670896402	0.8882761685	0.8366954455	0.9761487147	0.9419316596	0.0200858670	0.0017711253	0.0152289673	0.0183147417	0.0134578420	0.0004034421	0.0000031369	0.0002319214	0.0003354298	0.0001811135	0.0006385004	0.0005165433	0.0011550437
0.0673178295	0.8787982344	0.8684103686	0.8883948968	0.8375291405	0.9775049043	0.9427442047	0.0216078822	0.0019047780	0.0162248850	0.0197031043	0.0143201071	0.0004669006	0.0000036282	0.0002632469	0.0003882123	0.0002050655	0.0007337756	0.0005932778	0.0013270534
0.0673178295	0.8854649011	0.8697179360	0.8885109396	0.8383467077	0.9788488777	0.9435412333	0.0231124520	0.0020353901	0.0172005746	0.0210770619	0.0151651845	0.0005341854	0.0000041428	0.0002958598	0.0004442425	0.0002299828	0.0008341880	0.0006742254	0.0015084134
0.0673178295	0.8921315678	0.8710127113	0.8886243043	0.8391485097	0.9801810587	0.9443231585	0.0246000751	0.0021629715	0.0181565261	0.0224371036	0.0159935547	0.0006051637	0.0000046784	0.0003296594	0.0005034236	0.0002557938	0.0009395016	0.0007592174	0.0016987190
0.0673178295	0.8987982344	0.8722950511	0.8887349979	0.8399348963	0.9815018573	0.9450903793	0.0260712324	0.0022875311	0.0190932118	0.0237837013	0.0168056807	0.0006797092	0.0000052328	0.0003645507	0.0005656644	0.0002824309	0.0010494927	0.0008480954	0.0018975880
0.0673178295	0.9054649011	0.8735653001	0.8888430270	0.8407062053	0.9828116704	0.9458432814	0.0275263880	0.0024090775	0.0200110866	0.0251173105	0.0176020091	0.0007577020	0.0000058037	0.0004004436	0.0006308793	0.0003098307	0.0011639493	0.0009407100	0.0021046593
0.0673178295	0.9121315678	0.8748237917	0.8889483978	0.8414627632	0.9841108818	0.9465822372	0.0289659895	0.0025276188	0.0209105895	0.0264383707	0.0183829707	0.0008390285	0.0000063889	0.0004372528	0.0006989874	0.0003379336	0.0012826702	0.0010369211	0.0023195912
0.0673178295	0.9187982344	0.8760708483	0.8890511161	0.8422048852	0.9853998633	0.9473076069	0.0303904691	0.0026431625	0.0217921436	0.0277473066	0.0191489811	0.0009235806	0.0000069863	0.0004748975	0.0007699130	0.0003666835	0.0014054644	0.0011365965	0.0025420609
0.0673178295	0.9254649011	0.8773067818	0.8891511872	0.8429328759	0.9866789748	0.9480197384	0.0318002439	0.0027557156	0.0226561569	0.0290445282	0.0199004413	0.0010112555	0.0000075940	0.0005133014	0.0008435846	0.0003960276	0.0015321509	0.0012396122	0.0027717631
0.0673178295	0.9321315678	0.8785318941	0.8892486162	0.8436470298	0.9879485649	0.9487189684	0.0331957166	0.0028652848	0.0235030233	0.0303304318	0.0206377385	0.0011019556	0.0000082099	0.0005523921	0.0009199351	0.0004259163	0.0016625576	0.0013458513	0.0030084089
0.0673178295	0.9387982344	0.8797464773	0.8893434076	0.8443476314	0.9892089712	0.9494056224	0.0345772764	0.0029718763	0.0243331227	0.0316054000	0.0213612464	0.0011955880	0.0000088320	0.0005921009	0.0009989013	0.0004563028	0.0017965210	0.0014552042	0.0032517251
0.0673178295	0.9454649011	0.8809508139	0.8894355658	0.8450349559	0.9904605210	0.9500800153	0.0359452989	0.0030754960	0.0251468218	0.0328698030	0.0220713259	0.0012920645	0.0000094587	0.0006323626	0.0010804239	0.0004871434	0.0019338858	0.0015675674	0.0035014532
0.0673178295	0.9521315678	0.8821451778	0.8895250948	0.8457092695	0.9917035314	0.9507424516	0.0373001475	0.0031761492	0.0259444748	0.0341239984	0.0227683256	0.0013913010	0.0000100879	0.0006731158	0.0011644473	0.0005183967	0.0020745047	0.0016828439	0.0037573486
0.0673178295	0.9587982344	0.8833298339	0.8896119984	0.8463708293	0.9929383096	0.9513932263	0.0386421731	0.0032738410	0.0267264235	0.0353683321	0.0234525825	0.0014932175	0.0000107180	0.0007143017	0.0012509189	0.0005500236	0.0022182373	0.0018009425	0.0040191798
0.0673178295	0.9654649011	0.8845050390	0.8896962799	0.8470198846	0.9941651538	0.9520326247	0.0399717149	0.0033685761	0.0274929982	0.0366031388	0.0241244221	0.0015977380	0.0000113473	0.0007558650	0.0013397898	0.0005819877	0.0023649503	0.0019217775	0.0042867278
0.0673178295	0.9721315678	0.8856710416	0.8897779426	0.8476566761	0.9953843528	0.9526609229	0.0412891012	0.0034603591	0.0282445180	0.0378287421	0.0247841589	0.0017047899	0.0000119741	0.0007977528	0.0014310137	0.0006142545	0.0025145168	0.0020452683	0.0045597850
0.0673178295	0.9787982344	0.8868280827	0.8898569895	0.8482814370	0.9965961871	0.9532783886	0.0425946491	0.0035491940	0.0289812914	0.0390454551	0.0254320974	0.0018143041	0.0000125968	0.0008399152	0.0015245476	0.0006467916	0.0026668162	0.0021713391	0.0048381553
0.0673178295	0.9854649011	0.8879763959	0.8899334231	0.8488943931	0.9978009285	0.9538852807	0.0438886658	0.0036350846	0.0297036162	0.0402535812	0.0260685316	0.0019262150	0.0000132138	0.0008823048	0.0016203508	0.0006795683	0.0028217336	0.0022999191	0.0051216528
0.0699844961	0.5854649011	0.7897290079	0.8804396593	0.7773982585	0.8969711888	0.8829659708	-0.0733666370	-0.0070901743	-0.0582783943	-0.0662764627	-0.0511882200	0.0053826634	0.0000502706	0.0033963712	0.0043925695	0.0026202339	0.0088293052	0.0070128034	0.0158421086
0.0699844961	0.5921315678	0.7922551178	0.8806901871	0.7795649968	0.8995843594	0.8851750687	-0.0701730373	-0.0068056663	-0.0554951049	-0.0633673710	-0.0486894386	0.0049242552	0.0000463171	0.0030797067	0.0040154237	0.0023706614	0.0080502789	0.0063860851	0.0144363641
0.0699844961	0.5987982344	0.7947289407	0.8809370467	0.7816761910	0.9021404465	0.8873235538	-0.0670553942	-0.0065254031	-0.0527905959	-0.0605299911	-0.0462651928	0.0044964259	0.0000425809	0.0027868470	0.0036638798	0.0021404681	0.0073258538	0.0058043479	0.0131302017
0.0699844961	0.6054649011	0.7971523109	0.8811802746	0.7837337107	0.9046415745	0.8894135892	-0.0640107297	-0.0062493399	-0.0501618647	-0.0577613898	-0.0439125248	0.0040973735	0.0000390542	0.0025162127	0.0033363782	0.0019283098	0.0066526404	0.0052646880	0.0119173284
0.0699844961	0.6121315678	0.7995269914	0.8814199071	0.7857393519	0.9070897820	0.8914472495	-0.0610362036	-0.0059774319	-0.0476060486	-0.0550587716	-0.0416286167	0.0037254181	0.0000357297	0.0022663359	0.0030314683	0.0017329417	0.0060274837	0.0047644101	0.0107918938
0.0699844961	0.6187982344	0.8018546762	0.8816559807	0.7876948395	0.9094870265	0.8934265255	-0.0581291059	-0.0057096345	-0.0451204173	-0.0524194714	-0.0394107828	0.0033789929	0.0000325999	0.0020358521	0.0027478010	0.0015532098	0.0054474449	0.0043010108	0.0097484557
0.0699844961	0.6254649011	0.8041369937	0.8818885315	0.7896018304	0.9118351867	0.8953533267	-0.0552868507	-0.0054459034	-0.0427023663	-0.0498409474	-0.0372564630	0.0030566359	0.0000296579	0.0018234921	0.0024841200	0.0013880440	0.0049097858	0.0038721641	0.0087819499
0.0699844961	0.6321315678	0.8063755088	0.8821175953	0.7914619164	0.9141360666	0.8972294857	-0.0525069697	-0.0051861947	-0.0403494102	-0.0473207750	-0.0351632156	0.0027569819	0.0000268966	0.0016280749	0.0022392558	0.0012364517	0.0044119534	0.0034757075	0.0078876609
0.0699844961	0.6387982344	0.8085717258	0.8823432077	0.7932766261	0.9163913983	0.8990567607	-0.0497871058	-0.0049304652	-0.0380591768	-0.0448566407	-0.0331287117	0.0024787559	0.0000243095	0.0014485009	0.0020121182	0.0010975115	0.0039515663	0.0031096298	0.0070611961
0.0699844961	0.6454649011	0.8107270906	0.8825654035	0.7950474285	0.9186028450	0.9008368392	-0.0471250078	-0.0046786721	-0.0358294012	-0.0424463357	-0.0311507291	0.0022207664	0.0000218900	0.0012837460	0.0018016914	0.0009703679	0.0035264023	0.0027720593	0.0062984617
0.0699844961	0.6521315678	0.8128429933	0.8827842173	0.7967757346	0.9207720044	0.9025713407	-0.0445185249	-0.0044307736	-0.0336579204	-0.0400877514	-0.0292271469	0.0019818991	0.0000196318	0.0011328556	0.0016070278	0.0008542261	0.0031343864	0.0024612539	0.0055956403
0.0699844961	0.6587982344	0.8149207701	0.8829996829	0.7984628999	0.9229004108	0.9042618196	-0.0419656017	-0.0041867284	-0.0315426682	-0.0377788734	-0.0273559399	0.0017611117	0.0000175287	0.0009949399	0.0014272433	0.0007483474	0.0027735803	0.0021755907	0.0049491711
0.0699844961	0.6654649011	0.8169617059	0.8832118333	0.8001102272	0.9249895383	0.9059097683	-0.0394642734	-0.0039464962	-0.0294816704	-0.0355177772	-0.0255351742	0.0015574289	0.0000155748	0.0008691689	0.0012615125	0.0006520451	0.0024421726	0.0019135576	0.0043557302
0.0699844961	0.6721315678	0.8189670363	0.8834207009	0.8017189680	0.9270408033	0.9075166194	-0.0370126613	-0.0037100377	-0.0274730401	-0.0333026236	-0.0237630024	0.0013699371	0.0000137644	0.0007547679	0.0011090647	0.0005646803	0.0021384694	0.0016737450	0.0038122144
0.0699844961	0.6787982344	0.8209379492	0.8836263175	0.8032903252	0.9290555668	0.9090837487	-0.0346089685	-0.0034773143	-0.0255149734	-0.0311316542	-0.0220376591	0.0011977807	0.0000120917	0.0006510139	0.0009691799	0.0004856584	0.0018608863	0.0014548383	0.0033157246
0.0699844961	0.6854649011	0.8228755875	0.8838287139	0.8048254547	0.9310351368	0.9106124773	-0.0322514758	-0.0032482885	-0.0236057452	-0.0290031873	-0.0203574566	0.0010401577	0.0000105514	0.0005572312	0.0008411849	0.0004144260	0.0016079403	0.0012556109	0.0028635512
0.0699844961	0.6921315678	0.8247810503	0.8840279200	0.8063254676	0.9329807709	0.9121040743	-0.0299385381	-0.0030229239	-0.0217437056	-0.0269156141	-0.0187207817	0.0008963161	0.0000091381	0.0004727887	0.0007244503	0.0003504677	0.0013782429	0.0010749180	0.0024531608
0.0699844961	0.6987982344	0.8266553948	0.8842239652	0.8077914320	0.9348936779	0.9135597584	-0.0276685805	-0.0028011850	-0.0199272761	-0.0248673955	-0.0171260911	0.0007655503	0.0000078466	0.0003970963	0.0006183874	0.0002933030	0.0011704933	0.0009116904	0.0020821837
0.0699844961	0.7054649011	0.8284996385	0.8844168776	0.8092243746	0.9367750203	0.9149807010	-0.0254400951	-0.0025830374	-0.0181549459	-0.0228570577	-0.0155719085	0.0006471984	0.0000066721	0.0003296021	0.0005224451	0.0002424843	0.0009834726	0.0007649294	0.0017484020
0.0699844961	0.7121315678	0.8303147600	0.8846066846	0.8106252826	0.9386259164	0.9163680274	-0.0232516378	-0.0023684478	-0.0164252689	-0.0208831901	-0.0140568212	0.0005406387	0.0000056095	0.0002697895	0.0004361076	0.0001975942	0.0008160377	0.0006337018	0.0014497395
0.0699844961	0.7187982344	0.8321017014	0.8847934129	0.8119951052	0.9404474415	0.9177228190	-0.0211018250	-0.0021573838	-0.0147368606	-0.0189444412	-0.0125794768	0.0004452870	0.0000046543	0.0002171751	0.0003588919	0.0001582432	0.0006671164	0.0005171351	0.0011842515
0.0699844961	0.7254649011	0.8338613694	0.8849770881	0.8133347552	0.9422406305	0.9190461156	-0.0189893308	-0.0019498144	-0.0130883948	-0.0170395164	-0.0111385805	0.0003605947	0.0000038018	0.0001713061	0.0002903451	0.0001240680	0.0005357025	0.0004144131	0.0009501156
0.0699844961	0.7321315678	0.8355946367	0.8851577348	0.8146451106	0.9440064792	0.9203389166	-0.0169128844	-0.0017457093	-0.0114786013	-0.0151671751	-0.0097328920	0.0002860457	0.0000030475	0.0001317583	0.0002300432	0.0000947292	0.0004208514	0.0003247724	0.0007456238
0.0699844961	0.7387982344	0.8373023436	0.8853353769	0.8159270160	0.9457459461	0.9216021829	-0.0148712674	-0.0015450396	-0.0099062629	-0.0133262277	-0.0083612232	0.0002211546	0.0000023871	0.0000981340	0.0001775883	0.0000699101	0.0003216758	0.0002474984	0.0005691742
0.0699844961	0.7454649011	0.8389852992	0.8855100374	0.8171812837	0.9474599538	0.9228368388	-0.0128633111	-0.0013477774	-0.0083702129	-0.0115155338	-0.0070224356	0.0001654648	0.0000018165	0.0000700605	0.0001326075	0.0000493146	0.0002373417	0.0001819221	0.0004192639
0.0699844961	0.7521315678	0.8406442825	0.8856817383	0.8184086955	0.9491493910	0.9240437734	-0.0108878948	-0.0011538956	-0.0068693331	-0.0097339992	-0.0057154375	0.0001185463	0.0000013315	0.0000471877	0.0000947507	0.0000326662	0.0001670655	0.0001274170	0.0002944824
0.0699844961	0.7587982344	0.8422800441	0.8858505008	0.8196100035	0.9508151131	0.9252238417	-0.0089439427	-0.0009633685	-0.0054025510	-0.0079805742	-0.0044391825	0.0000799941	0.0000009281	0.0000291876	0.0000636896	0.0000197063	0.0001101097	0.0000833959	0.0001935057
0.0699844961	0.7654649011	0.8438933069	0.8860163451	0.8207859317	0.9524579446	0.9263778667	-0.0070304226	-0.0007761712	-0.0039688381	-0.0062542514	-0.0031926669	0.0000494268	0.0000006024	0.0000157517	0.0000391157	0.0000101931	0.0000657810	0.0000493088	0.0001150897
0.0699844961	0.7721315678	0.8454847675	0.8861792908	0.8219371769	0.9540786795	0.9275066405	-0.0051463433	-0.0005922799	-0.0025672076	-0.0045540635	-0.0019749277	0.0000264848	0.0000003508	0.0000065906	0.0000207395	0.0000039003	0.0000334262	0.0000246398	0.0000580660
0.0699844961	0.7787982344	0.8470550971	0.8863393564	0.8230644100	0.9556780831	0.9286109254	-0.0032907533	-0.0004116718	-0.0011967126	-0.0028790816	-0.0007850408	0.0000108291	0.0000001695	0.0000014321	0.0000082891	0.0000006163	0.0000124307	0.0000089054	0.0000213361
0.0699844961	0.7854649011	0.8486049426	0.8864965598	0.8241682767	0.9572568932	0.9296914553	-0.0014627384	-0.0002343250	0.0001435558	-0.0012284134	0.0003778808	0.0000021396	0.0000000549	0.0000000206	0.0000015090	0.0000001428	0.0000022151	0.0000016518	0.0000038669
0.0699844961	0.7921315678	0.8501349276	0.8866509178	0.8252493991	0.9588158209	0.9307489369	0.0003385797	-0.0000602187	0.0014544700	0.0003987984	0.0015146887	0.0000001146	0.0000000036	0.0000021155	0.0000001590	0.0000022943	0.0000022337	0.0000024533	0.0000046871
0.0699844961	0.7987982344	0.8516456533	0.8868024468	0.8263083762	0.9603555521	0.9317840509	0.0021140449	0.0001106670	0.0027368680	0.0020033779	0.0026262010	0.0000044692	0.0000000122	0.0000074904	0.0000040135	0.0000068969	0.0000119719	0.0000109105	0.0000228823
0.0699844961	0.8054649011	0.8531376994	0.8869511620	0.8273457849	0.9618767481	0.9327974530	0.0038644684	0.0002783512	0.0039915545	0.0035861173	0.0037132034	0.0000149341	0.0000000775	0.0000159325	0.0000128602	0.0000137879	0.0000309441	0.0000266481	0.0000575922
0.0699844961	0.8121315678	0.8546116251	0.8870970782	0.8283621810	0.9633800473	0.9337897750	0.0055906305	0.0004428520	0.0052193028	0.0051477785	0.0047764508	0.0000312551	0.0000001961	0.0000272411	0.0000264996	0.0000228145	0.0000586924	0.0000493141	0.0001080065
0.0699844961	0.8187982344	0.8560679696	0.8872402092	0.8293581004	0.9648660652	0.9347616257	0.0072932811	0.0006041867	0.0064208559	0.0066890944	0.0058166692	0.0000531919	0.0000003650	0.0000412274	0.0000447440	0.0000338336	0.0000947844	0.0000785776	0.0001733620
0.0699844961	0.8254649011	0.8575072532	0.8873805684	0.8303340590	0.9663353962	0.9357135918	0.0089731419	0.0007623717	0.0075969279	0.0082107702	0.0068345562	0.0000805173	0.0000005812	0.0000577133	0.0000674167	0.0000467112	0.0001388118	0.0001141279	0.0002529397
0.0699844961	0.8321315678	0.8589299780	0.8875181683	0.8312905545	0.9677886140	0.9366462391	0.0106309074	0.0009174226	0.0087482055	0.0097134847	0.0078307829	0.0001130162	0.0000008417	0.0000765311	0.0000943518	0.0000613212	0.0001903890	0.0001556729	0.0003460619
0.0699844961	0.8387982344	0.8603366286	0.8876530207	0.8322280664	0.9692262726	0.9375601130	0.0122672457	0.0010693543	0.0098753489	0.0111978913	0.0088059946	0.0001504853	0.0000011435	0.0000975225	0.0001253928	0.0000775455	0.0002491514	0.0002029383	0.0004520897
0.0699844961	0.8454649011	0.8617276727	0.8877851368	0.8331470573	0.9706489070	0.9384557397	0.0138828002	0.0012181809	0.0109789933	0.0126646193	0.0097608124	0.0001927321	0.0000014840	0.0001205383	0.0001603926	0.0000952735	0.0003147544	0.0002556660	0.0005704204
0.0699844961	0.8521315678	0.8631035618	0.8879145274	0.8340479730	0.9720570339	0.9393336265	0.0154781904	0.0013639155	0.0120597497	0.0141142748	0.0106958342	0.0002395744	0.0000018603	0.0001454376	0.0001992128	0.0001144009	0.0003868722	0.0003136136	0.0007004858
0.0699844961	0.8587982344	0.8644647320	0.8880412022	0.8349312438	0.9734511527	0.9401942632	0.0170540128	0.0015065710	0.0131182061	0.0155474418	0.0116116351	0.0002908394	0.0000022698	0.0001720873	0.0002417229	0.0001348301	0.0004651964	0.0003765530	0.0008417495
0.0699844961	0.8654649011	0.8658116044	0.8881651709	0.8357972846	0.9748317460	0.9410381221	0.0186108423	0.0016461592	0.0141549285	0.0169646832	0.0125087694	0.0003463635	0.0000027098	0.0002003620	0.0002878005	0.0001564693	0.0005494353	0.0004442698	0.0009937051
0.0699844961	0.8721315678	0.8671445857	0.8882864423	0.8366464958	0.9761992803	0.9418656594	0.0201492328	0.0017826913	0.0151704619	0.0183665415	0.0133877705	0.0004059916	0.0000031780	0.0002301429	0.0003373298	0.0001792324	0.0006393125	0.0005165622	0.0011558747
0.0699844961	0.8787982344	0.8684640691	0.8884050248	0.8374792636	0.9775542066	0.9426773153	0.0216697181	0.0019161781	0.0161653309	0.0197535399	0.0142491528	0.0004695767	0.0000036717	0.0002613179	0.0003902023	0.0002030384	0.0007345663	0.0005932407	0.0013278070
0.0699844961	0.8854649011	0.8697704344	0.8885209261	0.8382959611	0.9788969611	0.9434735149	0.0231728127	0.0020466296	0.0171400411	0.0211261831	0.0150934115	0.0005369792	0.0000041887	0.0002937810	0.0004463156	0.0002278111	0.0008349490	0.0006741267	0.0015090756
0.0699844961	0.8921315678	0.8710640486	0.8886341536	0.8390969483	0.9802279656	0.9442546687	0.0246590131	0.0021740552	0.0180950794	0.0224849578	0.0159210242	0.0006080669	0.0000047265	0.0003274319	0.0005055733	0.0002534790	0.0009402253	0.0007590523	0.0016992777
0.0699844961	0.8987982344	0.8723452665	0.8887447143	0.8398825728	0.9815476284	0.9450211735	0.0261287978	0.0022984639	0.0190309152	0.0238303339	0.0167324513	0.0006827141	0.0000052829	0.0003621757	0.0005678848	0.0002799749	0.0010501727	0.0008478597	0.0018980325
0.0699844961	0.9054649011	0.8736144314	0.8888526145	0.8406531703	0.9828563444	0.9457734124	0.0275826287	0.0024198639	0.0199480007	0.0251627648	0.0175281368	0.0007608014	0.0000058557	0.0003979227	0.0006331647	0.0003072356	0.0011645799	0.0009404003	0.0021049802
0.0699844961	0.9121315678	0.8748718750	0.8889578603	0.8414090651	0.9841544961	0.9465117557	0.0290209515	0.0025382633	0.0208467723	0.0264826882	0.0183085090	0.0008422156	0.0000064428	0.0004345879	0.0007013328	0.0003352015	0.0012832463	0.0010365343	0.0023197806
0.0699844961	0.9187982344	0.8761179183	0.8890604572	0.8421505704	0.9854424535	0.9472365614	0.0304441962	0.0026536693	0.0217276503	0.0277905269	0.0190739810	0.0009268491	0.0000070420	0.0004720908	0.0007723134	0.0003638168	0.0014059818	0.0011361301	0.0025421120
0.0699844961	0.9254649011	0.8773528717	0.8891604106	0.8428779890	0.9867205750	0.9479481755	0.0318527781	0.0027660888	0.0225910406	0.0290866893	0.0198249518	0.0010145995	0.0000076512	0.0005103551	0.0008460355	0.0003930287	0.0015326058	0.0012390642	0.0027716700
0.0699844961	0.9321315678	0.8785770357	0.8892577253	0.8435916134	0.9879892080	0.9486469326	0.0332470982	0.0028755284	0.0234373345	0.0303715698	0.0205618061	0.0011053695	0.0000082687	0.0005493087	0.0009224323	0.0004227879	0.0016629469	0.0013452201	0.0030081670
0.0699844961	0.9387982344	0.8797907012	0.8893524058	0.8442917266	0.9892486886	0.9493331564	0.0346275440	0.0029819941	0.0242669099	0.0316455498	0.0212849158	0.0011990668	0.0000088923	0.0005888829	0.0010014408	0.0004530476	0.0017968420	0.0014544885	0.0032513305
0.0699844961	0.9454649011	0.8809941495	0.8894444564	0.8449786020	0.9904993428	0.9500071600	0.0359944895	0.0030854917	0.0250801313	0.0329089979	0.0219946397	0.0012956033	0.0000095203	0.0006290130	0.0010830021	0.0004837642	0.0019341365	0.0015667663	0.0035009028
0.0699844961	0.9521315678	0.8821876532	0.8895338808	0.8456525040	0.9917414864	0.9506692463	0.0373482965	0.0031860262	0.0258773508	0.0341622702	0.0226913246	0.0013948952	0.0000101508	0.0006696373	0.0011670607	0.0005148962	0.0020746833	0.0016819569	0.0037566402
0.0699844961	0.9587982344	0.8833714762	0.8896206827	0.8463136884	0.9929754257	0.9513197083	0.0386893143	0.0032836029	0.0266589084	0.0354057115	0.0233753055	0.0014968630	0.0000107820	0.0007106974	0.0012535644	0.0005464049	0.0022183425	0.0017999693	0.0040183118
0.0699844961	0.9654649011	0.8845458741	0.8897048655	0.8469624029	0.9942014575	0.9519588300	0.0400178811	0.0033782261	0.0274251324	0.0366396549	0.0240469063	0.0016014308	0.0000114124	0.0007521379	0.0013424643	0.0005782537	0.0023649811	0.0019207180	0.0042856991
0.0699844961	0.9721315678	0.8857110945	0.8897864323	0.8475988867	0.9954198698	0.9525868860	0.0413343234	0.0034699004	0.0281763403	0.0378644230	0.0247064400	0.0017085263	0.0000120402	0.0007939062	0.0014337145	0.0006104082	0.0025144727	0.0020441227	0.0045585954
0.0699844961	0.9787982344	0.8868673775	0.8898653858	0.8482233719	0.9966309417	0.9532041423	0.0426389575	0.0035586295	0.0289128387	0.0390803279	0.0253542092	0.0018180807	0.0000126638	0.0008359522	0.0015272720	0.0006428359	0.0026666968	0.0021701080	0.0048368047
0.0699844961	0.9854649011	0.8880149554	0.8899417287	0.8488360827	0.9978349445	0.9538108567	0.0439320890	0.0036444174	0.0296349240	0.0402876716	0.0259905066	0.0019300284	0.0000132818	0.0008782287	0.0016230965	0.0006755064	0.0028215389	0.0022986029	0.0051201419
0.0726511628	0.5854649011	0.7899372422	0.8804648473	0.7775132197	0.8971820335	0.8830712800	-0.0731029936	-0.0070615662	-0.0581305258	-0.0660414273	-0.0510689596	0.0053440477	0.0000498657	0.0033791580	0.0043614701	0.0026080386	0.0087730714	0.0069695088	0.0157425802
0.0726511628	0.5921315678	0.7924555979	0.8807147521	0.7796711724	0.8997869014	0.8852709354	-0.0699200194	-0.0067777737	-0.0553589156	-0.0631422456	-0.0485811419	0.0048888091	0.0000459382	0.0030646095	0.0039869432	0.0023601273	0.0079993569	0.0063470705	0.0143464274
0.0726511628	0.5987982344	0.7949220347	0.8809610088	0.7817739996	0.9023350940	0.8874104436	-0.0668124554	-0.0064982028	-0.0526654770	-0.0603142526	-0.0461672742	0.0044639042	0.0000422266	0.0027736525	0.0036378091	0.0021314172	0.0072797833	0.0057692263	0.0130490096
0.0726511628	0.6054649011	0.7973383669	0.8812036531	0.7838235499	0.9048287125	0.8894919433	-0.0637773562	-0.0062228093	-0.0500472415	-0.0575545469	-0.0438244323	0.0040675512	0.0000387234	0.0025047264	0.0033125259	0.0019205809	0.0066110009	0.0052331067	0.0118441076
0.0726511628	0.6121315678	0.7997063387	0.8814427210	0.7858215996	0.9072697744	0.8915174870	-0.0608119120	-0.0059515491	-0.0475013785	-0.0548603629	-0.0415498295	0.0036980886	0.0000354209	0.0022563810	0.0030096594	0.0017263883	0.0059898905	0.0047360477	0.0107259383
0.0726511628	0.6187982344	0.8020276265	0.8816782483	0.7877698549	0.9096602168	0.8934890437	-0.0579134413	-0.0056843783	-0.0450251877	-0.0522290631	-0.0393408094	0.0033539667	0.0000323122	0.0020272675	0.0027278750	0.0015476993	0.0054135464	0.0042755743	0.0096891207
0.0726511628	0.6254649011	0.8043038420	0.8819102704	0.7896699554	0.9120018997	0.8954085034	-0.0550793849	-0.0054212532	-0.0426160925	-0.0496581317	-0.0371948393	0.0030337386	0.0000293900	0.0018161313	0.0024659300	0.0013834561	0.0048792600	0.0038493861	0.0087286461
0.0726511628	0.6321315678	0.8065365345	0.8821388229	0.7915234759	0.9142966091	0.8972776794	-0.0523072990	-0.0051621307	-0.0402716338	-0.0471451684	-0.0351095031	0.0027360535	0.0000266476	0.0016218045	0.0022226669	0.0012326772	0.0043845056	0.0034553441	0.0078398497
0.0726511628	0.6387982344	0.8087271935	0.8823639405	0.7933319296	0.9165460604	0.8990983122	-0.0495948498	-0.0049069680	-0.0379894640	-0.0446878818	-0.0330824960	0.0024596491	0.0000240783	0.0014431994	0.0019970068	0.0010944515	0.0039269268	0.0030914583	0.0070183852
0.0726511628	0.6454649011	0.8108772512	0.8825856577	0.7950967705	0.9187519014	0.9008720723	-0.0469398078	-0.0046557231	-0.0357673415	-0.0422840847	-0.0311116184	0.0022033456	0.0000216758	0.0012793027	0.0017879438	0.0009679328	0.0035043240	0.0027558766	0.0062602006
0.0726511628	0.6521315678	0.8129880845	0.8828040085	0.7968193955	0.9209157147	0.9026005634	-0.0443400424	-0.0044083547	-0.0336031249	-0.0399316877	-0.0291947702	0.0019660394	0.0000194336	0.0011291700	0.0015945397	0.0008523346	0.0031146430	0.0024468743	0.0055615172
0.0726511628	0.6587982344	0.8150610173	0.8830190262	0.7985011470	0.9230390208	0.9042853249	-0.0417935173	-0.0041648222	-0.0314947685	-0.0376286951	-0.0273299463	0.0017466981	0.0000173457	0.0009919204	0.0014159187	0.0007469260	0.0027559643	0.0021628447	0.0049188089
0.0726511628	0.6654649011	0.8170973231	0.8832307434	0.8001433151	0.9251232808	0.9059278348	-0.0392982854	-0.0039250858	-0.0294403172	-0.0353731996	-0.0255152314	0.0015443552	0.0000154063	0.0008667323	0.0012512633	0.0006510270	0.0024264938	0.0019022903	0.0043287841
0.0726511628	0.6721315678	0.8190982262	0.8834391921	0.8017471393	0.9271698987	0.9075295125	-0.0368524846	-0.0036891066	-0.0274379021	-0.0331633780	-0.0237487955	0.0013581056	0.0000136095	0.0007528385	0.0010998096	0.0005640053	0.0021245536	0.0016638149	0.0037883685
0.0726511628	0.6787982344	0.8210649047	0.8836444035	0.8033138114	0.9291802239	0.9090917208	-0.0344543337	-0.0034568466	-0.0254857363	-0.0309974870	-0.0220288897	0.0011871011	0.0000119498	0.0006495228	0.0009608442	0.0004852720	0.0018485737	0.0014461162	0.0032946898
0.0726511628	0.6854649011	0.8229984913	0.8838464079	0.8048444765	0.9311555536	0.9106157691	-0.0321021281	-0.0032282690	-0.0235821108	-0.0288738591	-0.0203538418	0.0010305466	0.0000104217	0.0005561160	0.0008336997	0.0004142789	0.0015970843	0.0012479786	0.0028450629
0.0726511628	0.6921315678	0.8249000761	0.8840452350	0.8063402355	0.9330971351	0.9121029147	-0.0297942365	-0.0030033377	-0.0217253907	-0.0267908988	-0.0187220530	0.0008876965	0.0000090200	0.0004719926	0.0007177523	0.0003505153	0.0013687092	0.0010682675	0.0024369767
0.0726511628	0.6987982344	0.8267707076	0.8842409135	0.8078021470	0.9350061675	0.9135543659	-0.0275290970	-0.0027820178	-0.0199140116	-0.0247470793	-0.0171319939	0.0007578512	0.0000077396	0.0003965679	0.0006124179	0.0002935052	0.0011621587	0.0009059231	0.0020680818
0.0726511628	0.7054649011	0.8286113951	0.8844334713	0.8092312285	0.9368838042	0.9149712836	-0.0253052138	-0.0025642752	-0.0181464763	-0.0227409385	-0.0155822010	0.0006403538	0.0000065755	0.0003292946	0.0005171503	0.0002428050	0.0009762240	0.0007599553	0.0017361792
0.0726511628	0.7121315678	0.8304231097	0.8846229354	0.8106284585	0.9387311547	0.9163547835	-0.0231211540	-0.0023500773	-0.0164213511	-0.0207710767	-0.0140712738	0.0005345878	0.0000055229	0.0002696608	0.0004314376	0.0001980007	0.0008097714	0.0006294384	0.0014392098
0.0726511628	0.7187982344	0.8322067859	0.8848093321	0.8119947780	0.9405492865	0.9177059380	-0.0209755449	-0.0021393920	-0.0147372635	-0.0188361528	-0.0125978715	0.0004399735	0.0000045770	0.0002171869	0.0003548007	0.0001587064	0.0006617374	0.0005135070	0.0011752444
0.0726511628	0.7254649011	0.8339633236	0.8849926864	0.8133310921	0.9423392266	0.9190257779	-0.0188670707	-0.0019321888	-0.0130928987	-0.0169348819	-0.0111607099	0.0003559664	0.0000037334	0.0001714240	0.0002867902	0.0001245614	0.0005311237	0.0004113517	0.0009424754
0.0726511628	0.7321315678	0.8356935891	0.8851730229	0.8146382712	0.9441019636	0.9203152944	-0.0167944700	-0.0017284379	-0.0114869970	-0.0150660321	-0.0097585591	0.0002820542	0.0000029875	0.0001319511	0.0002269853	0.0000952295	0.0004169928	0.0003222148	0.0007392076
0.0726511628	0.7387982344	0.8373984162	0.8853503649	0.8159171528	0.9458384493	0.9215754408	-0.0147565333	-0.0015281106	-0.0099183513	-0.0132284227	-0.0083902407	0.0002177553	0.0000023351	0.0000983737	0.0001749912	0.0000703961	0.0003184641	0.0002453873	0.0005638514
0.0726511628	0.7454649011	0.8390786084	0.8855247352	0.8171685426	0.9475495998	0.9228071336	-0.0127521005	-0.0013311794	-0.0083858045	-0.0114209211	-0.0070546251	0.0001626161	0.0000017720	0.0000703217	0.0001304374	0.0000497677	0.0002347098	0.0001802052	0.0004149150
0.0726511628	0.7521315678	0.8407349392	0.8856961553	0.8183932160	0.9492362975	0.9240112550	-0.0107800587	-0.0011376178	-0.0068882473	-0.0096424408	-0.0057506295	0.0001162097	0.0000012942	0.0000474480	0.0000929767	0.0000330697	0.0001649518	0.0001260464	0.0002909982
0.0726511628	0.7587982344	0.8423681539	0.8858646462	0.8195919191	0.9508993924	0.9251886533	-0.0088393396	-0.0009474004	-0.0054246159	-0.0078919392	-0.0044772155	0.0000781339	0.0000008976	0.0000294265	0.0000622827	0.0000200455	0.0001084579	0.0000823282	0.0001907861
0.0726511628	0.7654649011	0.8439789703	0.8860302279	0.8207653699	0.9525397032	0.9263401452	-0.0069289180	-0.0007605025	-0.0039938897	-0.0061684154	-0.0032333872	0.0000480099	0.0000005784	0.0000159512	0.0000380493	0.0000104548	0.0000645394	0.0000485041	0.0001130436
0.0726511628	0.7721315678	0.8455680805	0.8861929195	0.8219142599	0.9541580191	0.9274665164	-0.0050478095	-0.0005769009	-0.0025950897	-0.0044709086	-0.0020181888	0.0000254804	0.0000003328	0.0000067345	0.0000199890	0.0000040731	0.0000325477	0.0000240621	0.0000566098
0.0726511628	0.7787982344	0.8471361512	0.8863527392	0.8230392545	0.9557551003	0.9285685236	-0.0031950687	-0.0003965729	-0.0012272762	-0.0027984958	-0.0008307033	0.0000102085	0.0000001573	0.0000015062	0.0000078316	0.0000006901	0.0000118719	0.0000085216	0.0000203936
0.0726511628	0.7854649011	0.8486838250	0.8865097047	0.8241409946	0.9573316800	0.9296468953	-0.0013697874	-0.0002194971	0.0001104526	-0.0011502902	0.0003299498	0.0000018763	0.0000000482	0.0000000122	0.0000013232	0.0000001089	0.0000019367	0.0000014320	0.0000033687
0.0726511628	0.7921315678	0.8502117215	0.8866638326	0.8252200974	0.9588884651	0.9307023328	0.0004289070	-0.0000456530	0.0014189629	0.0004745601	0.0014646159	0.0000001840	0.0000000021	0.0000020135	0.0000002252	0.0000021451	0.0000021995	0.0000023703	0.0000045698
0.0726511628	0.7987982344	0.8517204382	0.8868151389	0.8262771574	0.9604261372	0.9317355119	0.0022018533	0.0001249791	0.0026990862	0.0020768742	0.0025741071	0.0000048482	0.0000000156	0.0000072851	0.0000043134	0.0000066260	0.0000121488	0.0000109394	0.0000230883
0.0726511628	0.8054649011	0.8532105512	0.8869636386	0.8273127471	0.9619453539	0.9327470836	0.0039498575	0.0002924179	0.0039516215	0.0036574396	0.0036592036	0.0000156014	0.0000000855	0.0000156153	0.0000133769	0.0000133898	0.0000313022	0.0000267666	0.0000580688
0.0726511628	0.8121315678	0.8546826161	0.8871093462	0.8283274183	0.9634467496	0.9337376750	0.0056736952	0.0004566813	0.0051773364	0.0052170139	0.0047206551	0.0000321908	0.0000002086	0.0000268048	0.0000272172	0.0000222846	0.0000592042	0.0000495018	0.0001087060
0.0726511628	0.8187982344	0.8561371691	0.8872522754	0.8293217027	0.9649309366	0.9347078906	0.0073741119	0.0006177862	0.0063769684	0.0067563257	0.0057591822	0.0000543775	0.0000003817	0.0000406657	0.0000456479	0.0000331682	0.0000954249	0.0000788161	0.0001742410
0.0726511628	0.8254649011	0.8575747273	0.8873924392	0.8302961127	0.9663985058	0.9356583131	0.0090518251	0.0007757489	0.0075512268	0.0082760763	0.0067754779	0.0000819355	0.0000006018	0.0000570210	0.0000684934	0.0000459071	0.0001395584	0.0001144005	0.0002539589
0.0726511628	0.8321315678	0.8589957898	0.8875298498	0.8312511421	0.9678500278	0.9365895043	0.0107075251	0.0009305846	0.0087007933	0.0097769406	0.0077702087	0.0001146511	0.0000008660	0.0000757038	0.0000955886	0.0000603761	0.0001912209	0.0001559647	0.0003471856
0.0726511628	0.8387982344	0.8604008386	0.8876645191	0.8321872672	0.9692860536	0.9375020059	0.0123418764	0.0010823079	0.0098263236	0.0112595685	0.0087440157	0.0001523219	0.0000011714	0.0000965566	0.0001267779	0.0000764578	0.0002500499	0.0002032357	0.0004532856
0.0726511628	0.8454649011	0.8617903385	0.8877964578	0.8331049471	0.9707071152	0.9383963404	0.0139555187	0.0012309327	0.0109284485	0.0127245859	0.0096975158	0.0001947565	0.0000015152	0.0001194310	0.0001619151	0.0000940418	0.0003157027	0.0002559569	0.0005716596
0.0726511628	0.8521315678	0.8631647387	0.8879256766	0.8340046246	0.9721137270	0.9392730119	0.0155490680	0.0013764721	0.0120077748	0.0141725959	0.0106313027	0.0002417735	0.0000018947	0.0001441867	0.0002008625	0.0001130246	0.0003878548	0.0003138871	0.0007017419
0.0726511628	0.8587982344	0.8645244728	0.8880521851	0.8348867269	0.9735063855	0.9401325067	0.0171231178	0.0015189384	0.0130648866	0.0156041794	0.0115459482	0.0002932012	0.0000023072	0.0001706913	0.0002434904	0.0001333089	0.0004661996	0.0003767993	0.0008429989
0.0726511628	0.8654649011	0.8658699597	0.8881759926	0.8357516659	0.9748855710	0.9409752942	0.0186782397	0.0016583434	0.0141003460	0.0170198963	0.0124420026	0.0003488766	0.0000027501	0.0001988198	0.0002896769	0.0001548034	0.0005504465	0.0004444803	0.0009949268
0.0726511628	0.8721315678	0.8672016040	0.8882971078	0.8365998394	0.9762517477	0.9418018274	0.0202149847	0.0017946981	0.0151146944	0.0184202866	0.0133199964	0.0004086456	0.0000032209	0.0002284540	0.0003393070	0.0001774223	0.0006403205	0.0005167293	0.0011570498
0.0726511628	0.8787982344	0.8685197967	0.8884155389	0.8374316310	0.9776053644	0.9426125438	0.0217338839	0.0019280129	0.0161084532	0.0198058710	0.0141804403	0.0004723617	0.0000037172	0.0002594823	0.0003922725	0.0002010849	0.0007355612	0.0005933574	0.0013289186
0.0726511628	0.8854649011	0.8698249155	0.8885312935	0.8382474112	0.9789468552	0.9434078657	0.0232354493	0.0020582978	0.0170821244	0.0211771515	0.0150238266	0.0005398861	0.0000042366	0.0002917990	0.0004484717	0.0002257154	0.0008359217	0.0006741871	0.0015101088
0.0726511628	0.8921315678	0.8711173259	0.8886443789	0.8390475375	0.9802766400	0.9441882011	0.0247201746	0.0021855619	0.0180361920	0.0225346128	0.0158506301	0.0006110870	0.0000047767	0.0003253042	0.0005078088	0.0002512425	0.0009411679	0.0007590512	0.0017002192
0.0726511628	0.8987982344	0.8723973807	0.8887548017	0.8398323552	0.9815951251	0.9449539442	0.0261885363	0.0023098140	0.0189711222	0.0238787223	0.0166613082	0.0006858394	0.0000053352	0.0003599035	0.0005701934	0.0002775992	0.0010510782	0.0008477926	0.0018988707
0.0726511628	0.9054649011	0.8736654215	0.8888625682	0.8406021979	0.9829027037	0.9457054757	0.0276409938	0.0024310623	0.0198873646	0.0252099316	0.0174563024	0.0007640245	0.0000059101	0.0003955073	0.0006355406	0.0003047225	0.0011654419	0.0009402631	0.0021057050
0.0726511628	0.9121315678	0.8749217784	0.8889676843	0.8413573876	0.9841997565	0.9464431638	0.0290779907	0.0025493144	0.0207853526	0.0265286763	0.0182360382	0.0008455295	0.0000064990	0.0004320309	0.0007037707	0.0003325531	0.0012840594	0.0010363238	0.0023203832
0.0726511628	0.9187982344	0.8761667709	0.8890701555	0.8420982356	0.9854866520	0.9471673640	0.0304999550	0.0026645776	0.0216655042	0.0278353774	0.0190009265	0.0009302473	0.0000071000	0.0004693941	0.0007748082	0.0003610352	0.0014067413	0.0011358434	0.0025425847
0.0726511628	0.9254649011	0.8774007080	0.8891699868	0.8428250426	0.9867637471	0.9478784205	0.0319073000	0.0027768586	0.0225282225	0.0291304414	0.0197513638	0.0010180758	0.0000077109	0.0005075208	0.0008485826	0.0003901164	0.0015333075	0.0012386990	0.0027720065
0.0726511628	0.9321315678	0.8786238887	0.8892671830	0.8435380995	0.9880313875	0.9485766658	0.0333004250	0.0028861638	0.0233738966	0.0304142612	0.0204877328	0.0011089183	0.0000083299	0.0005463390	0.0009250273	0.0004197472	0.0016635873	0.0013447745	0.0030083618
0.0726511628	0.9387982344	0.8798366025	0.8893617485	0.8442376871	0.9892899081	0.9492624216	0.0346797156	0.0029924991	0.0242029021	0.0316872165	0.0212104030	0.0012026827	0.0000089551	0.0005857805	0.0010040797	0.0004498812	0.0017974182	0.0014539609	0.0032513791
0.0726511628	0.9454649011	0.8810391295	0.8894536873	0.8449240773	0.9905396336	0.9499359993	0.0360455442	0.0030958700	0.0250156013	0.0329496743	0.0219197313	0.0012992813	0.0000095844	0.0006257803	0.0010856810	0.0004804746	0.0019346460	0.0015661557	0.0035008016
0.0726511628	0.9521315678	0.8822317412	0.8895430033	0.8455975328	0.9917808784	0.9505976998	0.0373982710	0.0031962816	0.0258123442	0.0342019894	0.0226160627	0.0013986307	0.0000102162	0.0006662771	0.0011697761	0.0005114863	0.0020751240	0.0016812624	0.0037563864
0.0726511628	0.9587982344	0.8834147001	0.8896296999	0.8462583079	0.9930139476	0.9512478147	0.0387382438	0.0032937387	0.0265934689	0.0354445051	0.0232997301	0.0015006515	0.0000108487	0.0007072126	0.0012563129	0.0005428774	0.0022187128	0.0017991904	0.0040179032
0.0726511628	0.9654649011	0.8845882610	0.8897137803	0.8469066485	0.9942391369	0.9518866262	0.0400657993	0.0033882460	0.0273593017	0.0366775533	0.0239710558	0.0016052683	0.0000114802	0.0007485314	0.0013452429	0.0005746115	0.0023652799	0.0019198544	0.0042851343
0.0726511628	0.9721315678	0.8857526702	0.8897952475	0.8475427928	0.9954567331	0.9525144073	0.0413812627	0.0034798074	0.0281101583	0.0379014553	0.0246303509	0.0017124089	0.0000121091	0.0007901810	0.0014365203	0.0006066542	0.0025146990	0.0020431745	0.0045578735
0.0726511628	0.9787982344	0.8869081668	0.8898741042	0.8481669710	0.9966670145	0.9531314227	0.0426849489	0.0035684270	0.0288463435	0.0391165220	0.0252779166	0.0018220049	0.0000127337	0.0008321115	0.0015301023	0.0006389731	0.0026668501	0.0021690754	0.0048359254
0.0726511628	0.9854649011	0.8880549822	0.8899503530	0.8487794062	0.9978702511	0.9537379285	0.0439771624	0.0036541082	0.0295681521	0.0403230542	0.0259140439	0.0019339908	0.0000133525	0.0008742756	0.0016259487	0.0006715377	0.0028216189	0.0022974864	0.0051191053
0.0753178295	0.5854649011	0.7901526640	0.8804909380	0.7776357790	0.8974001093	0.8831843071	-0.0728303233	-0.0070319338	-0.0579729085	-0.0657983894	-0.0509409747	0.0053042560	0.0000494481	0.0033608581	0.0043294281	0.0025949829	0.0087145622	0.0069244110	0.0156389732
0.0753178295	0.5921315678	0.7926630101	0.8807401979	0.7797846845	0.8999964031	0.8853742414	-0.0696583200	-0.0067488820	-0.0552133365	-0.0629094380	-0.0484644546	0.0048522815	0.0000455474	0.0030485125	0.0039575974	0.0023488034	0.0079463415	0.0063064007	0.0142527422
0.0753178295	0.5987982344	0.7951218170	0.8809858304	0.7818788947	0.9025364423	0.8875045066	-0.0665611637	-0.0064700276	-0.0525313102	-0.0600911361	-0.0460612826	0.0044303885	0.0000418613	0.0027595386	0.0036109446	0.0021216418	0.0072317883	0.0057325864	0.0129643747
0.0753178295	0.6054649011	0.7975308784	0.8812278707	0.7839202368	0.9050223046	0.8895772170	-0.0635359427	-0.0061953273	-0.0499238962	-0.0573406153	-0.0437285689	0.0040368160	0.0000383821	0.0024923954	0.0032879462	0.0019121877	0.0065675935	0.0052001339	0.0117677274
0.0753178295	0.6121315678	0.7998919190	0.8814663541	0.7859104666	0.9074559855	0.8915944018	-0.0605798783	-0.0059247377	-0.0473882968	-0.0546551406	-0.0414635591	0.0036699217	0.0000351025	0.0022456507	0.0029871844	0.0017192267	0.0059506748	0.0047064111	0.0106570860
0.0753178295	0.6187982344	0.8022065972	0.8817013157	0.7878512715	0.9098394013	0.8935580082	-0.0576903184	-0.0056582155	-0.0449218423	-0.0520321030	-0.0392636269	0.0033281728	0.0000320154	0.0020179719	0.0027073397	0.0015416324	0.0053781602	0.0042489721	0.0096271323
0.0753178295	0.6254649011	0.8044765074	0.8819327907	0.7897442726	0.9121743923	0.8954699053	-0.0548647311	-0.0053957178	-0.0425219852	-0.0494690133	-0.0371262674	0.0030101387	0.0000291138	0.0018081192	0.0024471833	0.0013783597	0.0048473717	0.0038255430	0.0086729147
0.0753178295	0.6321315678	0.8067031829	0.8821608137	0.7915910278	0.9144627265	0.8973318872	-0.0521006981	-0.0051372020	-0.0401862932	-0.0469634961	-0.0350490912	0.0027144827	0.0000263908	0.0016149382	0.0022055700	0.0012284388	0.0043558117	0.0034340088	0.0077898205
0.0753178295	0.6387982344	0.8088880981	0.8823854191	0.7933930342	0.9167061021	0.8991456760	-0.0493959094	-0.0048826262	-0.0379124443	-0.0445132832	-0.0330298181	0.0024399559	0.0000238400	0.0014373534	0.0019814324	0.0010909689	0.0039011493	0.0030724013	0.0069735506
0.0753178295	0.6454649011	0.8110326707	0.8826066409	0.7951517304	0.9189061504	0.9009129249	-0.0467481578	-0.0046319488	-0.0356982204	-0.0421162090	-0.0310662716	0.0021853903	0.0000214549	0.0012743629	0.0017737751	0.0009651132	0.0034812081	0.0027388883	0.0062200964
0.0753178295	0.6521315678	0.8131382643	0.8828245124	0.7968684989	0.9210644391	0.9026352210	-0.0441553337	-0.0043851292	-0.0335415026	-0.0397702045	-0.0291563734	0.0019496935	0.0000192294	0.0011250324	0.0015816692	0.0008500941	0.0030939552	0.0024317633	0.0055257185
0.0753178295	0.6587982344	0.8152061902	0.8830390665	0.7985446685	0.9231824742	0.9043140885	-0.0416154202	-0.0041421273	-0.0314402660	-0.0374732929	-0.0272981387	0.0017318432	0.0000171572	0.0009884903	0.0014042477	0.0007451884	0.0027374907	0.0021494361	0.0048869268
0.0753178295	0.6654649011	0.8172377098	0.8832503353	0.8001815162	0.9252617034	0.9059509906	-0.0391264887	-0.0039029040	-0.0293925755	-0.0352235847	-0.0254896715	0.0015308821	0.0000152327	0.0008639235	0.0012407009	0.0006497234	0.0024100383	0.0018904243	0.0043004625
0.0753178295	0.6721315678	0.8192340362	0.8834583502	0.8017802695	0.9273035180	0.9075473329	-0.0366866941	-0.0036674210	-0.0273965805	-0.0330192731	-0.0237291595	0.0013459135	0.0000134500	0.0007505726	0.0010902724	0.0005630730	0.0021099361	0.0016533454	0.0037632815
0.0753178295	0.6787982344	0.8211963367	0.8836631421	0.8033421082	0.9293092556	0.9091044653	-0.0342942713	-0.0034356408	-0.0254505118	-0.0308586305	-0.0220148709	0.0011760970	0.0000118036	0.0006477285	0.0009522551	0.0004846545	0.0018356292	0.0014369096	0.0032725388
0.0753178295	0.6854649011	0.8231257343	0.8838647407	0.8048681668	0.9312802020	0.9106236845	-0.0319475310	-0.0032075271	-0.0235526766	-0.0287400039	-0.0203451495	0.0010206447	0.0000102882	0.0005547286	0.0008259878	0.0004139251	0.0015856615	0.0012399129	0.0028255745
0.0753178295	0.6921315678	0.8250233094	0.8840631754	0.8063595356	0.9332175939	0.9121062364	-0.0296448559	-0.0029830444	-0.0217014556	-0.0266618115	-0.0187184112	0.0008788175	0.0000088986	0.0004709532	0.0007108522	0.0003503789	0.0013586692	0.0010612311	0.0024199003
0.0753178295	0.6987982344	0.8268901017	0.8842584743	0.8078172632	0.9351226205	0.9135533180	-0.0273846973	-0.0027621582	-0.0198952991	-0.0246225392	-0.0171331409	0.0007499216	0.0000076295	0.0003958229	0.0006062694	0.0002935445	0.0011533741	0.0008998140	0.0020531880
0.0753178295	0.7054649011	0.8287271119	0.8844506651	0.8092423579	0.9369964257	0.9149660799	-0.0251655721	-0.0025448350	-0.0181327233	-0.0226207371	-0.0155878883	0.0006333060	0.0000064762	0.0003287957	0.0005116977	0.0002429823	0.0009685779	0.0007546800	0.0017232579
0.0753178295	0.7121315678	0.8305353031	0.8846397742	0.8106357891	0.9388401103	0.9163456277	-0.0229860592	-0.0023310425	-0.0164123080	-0.0206550167	-0.0140812655	0.0005283589	0.0000054338	0.0002693639	0.0004266297	0.0001982820	0.0008031565	0.0006249118	0.0014280683
0.0753178295	0.7187982344	0.8323156026	0.8848258274	0.8119984895	0.9406547331	0.9176930243	-0.0208447967	-0.0021207494	-0.0147326927	-0.0187240474	-0.0126119433	0.0004345055	0.0000044976	0.0002170522	0.0003505899	0.0001590611	0.0006560554	0.0005096511	0.0011657064
0.0753178295	0.7254649011	0.8340689028	0.8850088497	0.8133313560	0.9424413136	0.9190092916	-0.0187404794	-0.0019139252	-0.0130925741	-0.0168265542	-0.0111786489	0.0003512056	0.0000036631	0.0001714155	0.0002831329	0.0001249622	0.0005262842	0.0004080951	0.0009343793
0.0753178295	0.7321315678	0.8357960634	0.8851888650	0.8146352516	0.9442008327	0.9202954125	-0.0166718556	-0.0017105408	-0.0114907036	-0.0149613148	-0.0097801628	0.0002779508	0.0000029259	0.0001320363	0.0002238409	0.0000956516	0.0004129130	0.0003194925	0.0007324055
0.0753178295	0.7387982344	0.8374979119	0.8853658964	0.8159110063	0.9459342351	0.9215523319	-0.0146377251	-0.0015105680	-0.0099258845	-0.0131271571	-0.0084153164	0.0002142630	0.0000022818	0.0000985232	0.0001723223	0.0000708176	0.0003150680	0.0002431398	0.0005582078
0.0753178295	0.7454649011	0.8391752457	0.8855399661	0.8171594191	0.9476424304	0.9227809589	-0.0126369365	-0.0013139797	-0.0083969694	-0.0113229568	-0.0070829897	0.0001596922	0.0000017265	0.0000705091	0.0001282094	0.0000501687	0.0002319278	0.0001783781	0.0004103059
0.0753178295	0.7521315678	0.8408288326	0.8857110956	0.8183812586	0.9493262947	0.9239821683	-0.0106683848	-0.0011207496	-0.0069028582	-0.0095476352	-0.0057821087	0.0001138144	0.0000012561	0.0000476495	0.0000911573	0.0000334328	0.0001627200	0.0001245901	0.0002873101
0.0753178295	0.7587982344	0.8424594124	0.8858793054	0.8195772648	0.9509866720	0.9251568016	-0.0087310097	-0.0009308527	-0.0054424960	-0.0078001570	-0.0045116434	0.0000762305	0.0000008665	0.0000296208	0.0000608424	0.0000203549	0.0001067178	0.0000811974	0.0001879152
0.0753178295	0.7654649011	0.8440676981	0.8860446151	0.8207481498	0.9526243755	0.9263056688	-0.0068237932	-0.0007442649	-0.0040148706	-0.0060795284	-0.0032706057	0.0000465642	0.0000005539	0.0000161192	0.0000369607	0.0000106969	0.0000632373	0.0000476575	0.0001108948
0.0753178295	0.7721315678	0.8456543766	0.8862070436	0.8218945992	0.9542401888	0.9274295495	-0.0049457578	-0.0005609630	-0.0026190107	-0.0043847947	-0.0020580476	0.0000244605	0.0000003147	0.0000068592	0.0000192264	0.0000042356	0.0000316344	0.0000234620	0.0000550964
0.0753178295	0.7787982344	0.8472201101	0.8863666088	0.8230172732	0.9558348675	0.9285291943	-0.0030959645	-0.0003809251	-0.0012539841	-0.0027150394	-0.0008730590	0.0000095850	0.0000001451	0.0000015725	0.0000073714	0.0000007622	0.0000113026	0.0000081337	0.0000194362
0.0753178295	0.7854649011	0.8487655369	0.8865233280	0.8241168075	0.9574091398	0.9296053261	-0.0012735113	-0.0002041299	0.0000811039	-0.0010693814	0.0002852338	0.0000016218	0.0000000417	0.0000000066	0.0000011436	0.0000000814	0.0000016701	0.0000012249	0.0000028950
0.0753178295	0.7921315678	0.8502912725	0.8866772177	0.8251938143	0.9589637081	0.9306586409	0.0005224687	-0.0000305572	0.0013871126	0.0005530259	0.0014176698	0.0000002730	0.0000000009	0.0000019241	0.0000003058	0.0000020098	0.0000021980	0.0000023156	0.0000045136
0.0753178295	0.7987982344	0.8517979104	0.8868282933	0.8262488835	0.9604992497	0.9316898094	0.0022928087	0.0001398124	0.0026648673	0.0021529963	0.0025250549	0.0000052570	0.0000000195	0.0000071015	0.0000046354	0.0000063759	0.0000123780	0.0000110113	0.0000233893
0.0753178295	0.8054649011	0.8532860229	0.8869765699	0.8272825833	0.9620164183	0.9326994775	0.0040383098	0.0003069972	0.0039151609	0.0037313126	0.0036081637	0.0000163079	0.0000000942	0.0000153285	0.0000139227	0.0000130188	0.0000317307	0.0000269415	0.0000586722
0.0753178295	0.8121315678	0.8547561623	0.8871220616	0.8282954610	0.9635158444	0.9336882678	0.0057597424	0.0004710147	0.0051387551	0.0052887276	0.0046677403	0.0000331746	0.0000002219	0.0000264068	0.0000279706	0.0000217878	0.0000598033	0.0000497584	0.0001095617
0.0753178295	0.8187982344	0.8562088612	0.8872647818	0.8292880443	0.9649981367	0.9346567804	0.0074578475	0.0006318818	0.0063363821	0.0068259657	0.0057045003	0.0000556195	0.0000003993	0.0000401497	0.0000465938	0.0000325413	0.0000961685	0.0000791351	0.0001753036
0.0753178295	0.8254649011	0.8576446337	0.8874047432	0.8302608417	0.9664638827	0.9356055937	0.0091333383	0.0007896142	0.0075087459	0.0083437241	0.0067191316	0.0000834179	0.0000006235	0.0000563813	0.0000696177	0.0000451467	0.0001404226	0.0001147645	0.0002551871
0.0753178295	0.8321315678	0.8590639759	0.8875419580	0.8312143433	0.9679136497	0.9365352655	0.0107869008	0.0009442271	0.0086565232	0.0098426737	0.0077122961	0.0001163572	0.0000008916	0.0000749354	0.0000968782	0.0000594795	0.0001921842	0.0001563577	0.0003485419
0.0753178295	0.8387982344	0.8604673667	0.8876764376	0.8321490219	0.9693479856	0.9374463337	0.0124191957	0.0010957347	0.0097803651	0.0113234610	0.0086846303	0.0001542364	0.0000012006	0.0000956555	0.0001282208	0.0000754228	0.0002510926	0.0002036436	0.0004547362
0.0753178295	0.8454649011	0.8618552684	0.8878081927	0.8330653332	0.9707674197	0.9383393170	0.0140308589	0.0012441507	0.0108808977	0.0127867082	0.0096367470	0.0001968650	0.0000015479	0.0001183939	0.0001634999	0.0000928669	0.0003168068	0.0002563668	0.0005731736
0.0753178295	0.8521315678	0.8632281275	0.8879372336	0.8339637168	0.9721724631	0.9392147161	0.0156225030	0.0013894878	0.0119587237	0.0142330152	0.0105692359	0.0002440626	0.0000019307	0.0001430111	0.0002025787	0.0001117087	0.0003890043	0.0003142875	0.0007032918
0.0753178295	0.8587982344	0.8645863752	0.8880635699	0.8348445966	0.9735636102	0.9400730139	0.0171947180	0.0015317583	0.0130144231	0.0156629597	0.0114826648	0.0002956583	0.0000023463	0.0001693752	0.0002453283	0.0001318516	0.0004673798	0.0003771799	0.0008445597
0.0753178295	0.8654649011	0.8659304279	0.8881872105	0.8357083819	0.9749413386	0.9409146766	0.0187480724	0.0016709735	0.0140485541	0.0170770988	0.0123775805	0.0003514902	0.0000027922	0.0001973619	0.0002916273	0.0001532045	0.0005516442	0.0004448318	0.0009964760
0.0753178295	0.8721315678	0.8672606880	0.8883081640	0.8365554673	0.9763061100	0.9417401541	0.0202831142	0.0018071445	0.0150616544	0.0184759697	0.0132545099	0.0004114047	0.0000032658	0.0002268534	0.0003413615	0.0001756820	0.0006415239	0.0005170435	0.0011585674
0.0753178295	0.8787982344	0.8685775445	0.8884264384	0.8373862339	0.9776583710	0.9425498811	0.0218003716	0.0019402813	0.0160542417	0.0198600903	0.0141139604	0.0004752562	0.0000037647	0.0002577387	0.0003944232	0.0001992039	0.0007367596	0.0005936271	0.0013303866
0.0753178295	0.8854649011	0.8698813731	0.8885420411	0.8382010494	0.9789985536	0.9433442771	0.0233003540	0.0020703936	0.0170268149	0.0212299603	0.0149564213	0.0005429065	0.0000042865	0.0002899124	0.0004507112	0.0002236945	0.0008371054	0.0006744058	0.0015115112
0.0753178295	0.8921315678	0.8711725371	0.8886549793	0.8390002691	0.9803270757	0.9441237473	0.0247835524	0.0021974905	0.0179798546	0.0225860619	0.0157823641	0.0006142245	0.0000048290	0.0003232752	0.0005101302	0.0002490830	0.0009423286	0.0007592132	0.0017015418
0.0753178295	0.8987982344	0.8724513877	0.8887652593	0.8397842358	0.9816443415	0.9448886835	0.0262504409	0.0023215805	0.0189138240	0.0239288603	0.0165922435	0.0006890856	0.0000053897	0.0003577327	0.0005725904	0.0002753025	0.0010522081	0.0008478929	0.0019001010
0.0753178295	0.9054649011	0.8737182647	0.8888728874	0.8405532806	0.9829507426	0.9456394638	0.0277014765	0.0024426717	0.0198291698	0.0252588049	0.0173864981	0.0007673718	0.0000059666	0.0003931960	0.0006380072	0.0003022903	0.0011665344	0.0009402975	0.0021068320
0.0753178295	0.9121315678	0.8749734966	0.8889778692	0.8413077236	0.9842466577	0.9463764541	0.0291371006	0.0025607714	0.0207263225	0.0265763293	0.0181655511	0.0008489706	0.0000065576	0.0004295804	0.0007063013	0.0003299872	0.0012851086	0.0010362885	0.0023213972
0.0753178295	0.9187982344	0.8762174011	0.8890802101	0.8420478740	0.9855324537	0.9471000078	0.0305577393	0.0026758868	0.0216056974	0.0278818525	0.0189298107	0.0009337754	0.0000071604	0.0004668062	0.0007773977	0.0003583377	0.0014077420	0.0011357354	0.0025434774
0.0753178295	0.9254649011	0.8774502858	0.8891799151	0.8427740303	0.9868084860	0.9478104668	0.0319638038	0.0027880244	0.0224676953	0.0291757794	0.0196796709	0.0010216848	0.0000077731	0.0005047973	0.0008512261	0.0003872894	0.0015342552	0.0012385155	0.0027727707
0.0753178295	0.9321315678	0.8786724483	0.8892769886	0.8434864815	0.9880750987	0.9485081615	0.0333556913	0.0028971904	0.0233127026	0.0304585009	0.0204155122	0.0011126021	0.0000083937	0.0005434821	0.0009277203	0.0004167931	0.0016644780	0.0013445134	0.0030089914
0.0753178295	0.9387982344	0.8798841766	0.8893714350	0.8441855068	0.9893326253	0.9491934119	0.0347337857	0.0030033906	0.0241410926	0.0317303952	0.0211377020	0.0012064359	0.0000090204	0.0005827924	0.0010068180	0.0004468024	0.0017982486	0.0014536204	0.0032518690
0.0753178295	0.9454649011	0.8810857497	0.8894632582	0.8448713760	0.9905813890	0.9498665271	0.0360984579	0.0031066303	0.0249532254	0.0329918276	0.0218465952	0.0013030987	0.0000096512	0.0006226635	0.0010884607	0.0004772737	0.0019354133	0.0015657344	0.0035011477
0.0753178295	0.9521315678	0.8822774376	0.8895524618	0.8455443504	0.9918217031	0.9505278066	0.0374500661	0.0032069145	0.0257494489	0.0342431515	0.0225425344	0.0014025074	0.0000102843	0.0006630341	0.0011725934	0.0005081659	0.0020758259	0.0016807593	0.0037565852
0.0753178295	0.9587982344	0.8834595018	0.8896390492	0.8462046824	0.9930538712	0.9511775401	0.0387889568	0.0033042480	0.0265300991	0.0354847088	0.0232258511	0.0015045832	0.0000109181	0.0007038462	0.0012591646	0.0005394402	0.0022193474	0.0017986047	0.0040179521
0.0753178295	0.9654649011	0.8846321958	0.8897230236	0.8468526165	0.9942781880	0.9518160080	0.0401154650	0.0033986350	0.0272955004	0.0367168300	0.0238968654	0.0016092505	0.0000115507	0.0007450443	0.0013481256	0.0005710602	0.0023658456	0.0019191858	0.0042850314
0.0753178295	0.9721315678	0.8857957649	0.8898043877	0.8474883893	0.9954949392	0.9524434819	0.0414299147	0.0034900797	0.0280459666	0.0379398350	0.0245558869	0.0017164378	0.0000121807	0.0007865762	0.0014394311	0.0006029916	0.0025151947	0.0020424227	0.0045576174
0.0753178295	0.9787982344	0.8869504470	0.8898831443	0.8481122296	0.9967044018	0.9530602249	0.0427326193	0.0035785857	0.0287818007	0.0391540336	0.0252032150	0.0018260768	0.0000128063	0.0008283920	0.0015330383	0.0006352020	0.0026672751	0.0021682404	0.0048355155
0.0753178295	0.9854649011	0.8880964728	0.8899592956	0.8487243592	0.9979068449	0.9536664917	0.0440238820	0.0036641566	0.0295032957	0.0403597254	0.0258391392	0.0019381022	0.0000134260	0.0008704445	0.0016289074	0.0006676611	0.0028219727	0.0022965686	0.0051185412
0.0779844961	0.5854649011	0.7903752098	0.8805179270	0.7777658646	0.8976253470	0.8833049740	-0.0725487138	-0.0070012821	-0.0578056390	-0.0655474317	-0.0508043569	0.0052633159	0.0000490180	0.0033414919	0.0042964658	0.0025810827	0.0086538257	0.0068775485	0.0155313742
0.0779844961	0.5921315678	0.7928772948	0.8807665202	0.7799054652	0.9002127994	0.8854849127	-0.0693880214	-0.0067189958	-0.0550584587	-0.0626690256	-0.0483394629	0.0048146975	0.0000451449	0.0030314339	0.0039274068	0.0023367037	0.0078912763	0.0062641104	0.0141553867
0.0779844961	0.5987982344	0.7953282314	0.8810115075	0.7819908121	0.9027444303	0.8876056731	-0.0663015965	-0.0064408822	-0.0523881814	-0.0598607144	-0.0459472992	0.0043959017	0.0000414850	0.0027445215	0.0035833051	0.0021111543	0.0071819082	0.0056944594	0.0128763676
0.0779844961	0.6054649011	0.7977297922	0.8812529233	0.7840237105	0.9052222933	0.8896693443	-0.0632865617	-0.0061668984	-0.0497919097	-0.0571196633	-0.0436250113	0.0040051889	0.0000380306	0.0024792343	0.0032626559	0.0019031416	0.0065224538	0.0051657975	0.0116882514
0.0779844961	0.6121315678	0.8000836822	0.8814908025	0.7860058954	0.9076483611	0.8916779315	-0.0603401707	-0.0058970020	-0.0472668797	-0.0544431687	-0.0413698777	0.0036409362	0.0000347746	0.0022341579	0.0029640586	0.0017114668	0.0059098688	0.0046755254	0.0105853942
0.0779844961	0.6187982344	0.8023915408	0.8817251795	0.7879390343	0.9100245287	0.8936333596	-0.0574598013	-0.0056311503	-0.0448104534	-0.0518286510	-0.0391793031	0.0033016288	0.0000317099	0.0020079767	0.0026862091	0.0015350178	0.0053413154	0.0042212269	0.0095625422
0.0779844961	0.6254649011	0.8046549452	0.8819560887	0.7898247300	0.9123526165	0.8955374764	-0.0546429496	-0.0053693011	-0.0424201126	-0.0492736485	-0.0370508115	0.0029858519	0.0000288294	0.0017994660	0.0024278924	0.0013727626	0.0048141473	0.0038006551	0.0086148024
0.0779844961	0.6321315678	0.8068754118	0.8821835644	0.7916645227	0.9146343735	0.8973920560	-0.0518872237	-0.0051114126	-0.0400934530	-0.0467758111	-0.0349820405	0.0026922840	0.0000261265	0.0016074850	0.0021879765	0.0012237432	0.0043258955	0.0034117197	0.0077376152
0.0779844961	0.6387982344	0.8090543995	0.8824076404	0.7934598929	0.9168714803	0.8991988018	-0.0491903380	-0.0048574433	-0.0378281785	-0.0443328947	-0.0329707352	0.0024196894	0.0000235948	0.0014309711	0.0019654055	0.0010870694	0.0038742552	0.0030524749	0.0069267301
0.0779844961	0.6454649011	0.8111933113	0.8826283499	0.7952122635	0.9190655516	0.9009593490	-0.0465501082	-0.0046073526	-0.0356220955	-0.0419427557	-0.0310147429	0.0021669126	0.0000212277	0.0012689337	0.0017591948	0.0009619143	0.0034570740	0.0027211090	0.0061781830
0.0779844961	0.6521315678	0.8132934970	0.8828457260	0.7969230023	0.9212181393	0.9026752680	-0.0439644463	-0.0043611003	-0.0334731079	-0.0396033460	-0.0291120076	0.0019328725	0.0000190192	0.0011204490	0.0015684250	0.0008475090	0.0030723407	0.0024159340	0.0054882747
0.0779844961	0.6587982344	0.8153562548	0.8830598008	0.7985934240	0.9233307349	0.9043480671	-0.0414313554	-0.0041186470	-0.0313792125	-0.0373127084	-0.0272605655	0.0017165572	0.0000169633	0.0009846550	0.0013922382	0.0007431384	0.0027181754	0.0021353766	0.0048535521
0.0779844961	0.6654649011	0.8173828338	0.8832706060	0.8002247922	0.9254047721	0.9059791945	-0.0389489257	-0.0038799541	-0.0293384942	-0.0350689715	-0.0254585401	0.0015170188	0.0000150540	0.0008607472	0.0012298328	0.0006481373	0.0023928201	0.0018779700	0.0042707901
0.0779844961	0.6721315678	0.8193744356	0.8834781725	0.8018183218	0.9274416292	0.9075700416	-0.0365153299	-0.0036449841	-0.0273491218	-0.0328703458	-0.0237041378	0.0013333693	0.0000132859	0.0007479745	0.0010804596	0.0005618861	0.0020946297	0.0016423458	0.0037369755
0.0779844961	0.6787982344	0.8213322166	0.8836825307	0.8033751809	0.9294426313	0.9091219448	-0.0341288193	-0.0034136999	-0.0254093438	-0.0307151194	-0.0219956439	0.0011647763	0.0000116533	0.0006456348	0.0009434186	0.0004838083	0.0018220644	0.0014272269	0.0032492913
0.0779844961	0.6854649011	0.8232572892	0.8838837099	0.8048964924	0.9314090530	0.9106361883	-0.0317877202	-0.0031860658	-0.0235174843	-0.0286016544	-0.0203314185	0.0010104592	0.0000101510	0.0005530721	0.0008180546	0.0004133666	0.0015736822	0.0012314212	0.0028051035
0.0779844961	0.6921315678	0.8251507243	0.8840817388	0.8063833362	0.9333421199	0.9121140057	-0.0294904299	-0.0029620467	-0.0216719400	-0.0265283831	-0.0187098932	0.0008696855	0.0000087737	0.0004696730	0.0007037551	0.0003500601	0.0013481322	0.0010538152	0.0024019474
0.0779844961	0.6987982344	0.8270135523	0.8842766454	0.8078367505	0.9352430109	0.9135565829	-0.0272354134	-0.0027416089	-0.0198711760	-0.0244938045	-0.0171295671	0.0007417677	0.0000075164	0.0003948636	0.0005999465	0.0002934221	0.0011441478	0.0008933685	0.0020375163
0.0779844961	0.7054649011	0.8288467653	0.8844684566	0.8092577340	0.9371128603	0.9149650594	-0.0250212004	-0.0025247193	-0.0181137229	-0.0224964812	-0.0155890037	0.0006260605	0.0000063742	0.0003281070	0.0005060917	0.0002430170	0.0009605416	0.0007491087	0.0017096503
0.0779844961	0.7121315678	0.8306513181	0.8846571987	0.8106472470	0.9389527597	0.9163405308	-0.0228463819	-0.0023113460	-0.0163981737	-0.0205350360	-0.0140868277	0.0005219572	0.0000053423	0.0002689001	0.0004216877	0.0001984387	0.0007961996	0.0006201264	0.0014163260
0.0779844961	0.7187982344	0.8324281302	0.8848428970	0.8120062135	0.9407637594	0.9176840502	-0.0207096076	-0.0021014581	-0.0147231804	-0.0186081494	-0.0126217223	0.0004288878	0.0000044161	0.0002167720	0.0003462632	0.0001593079	0.0006500760	0.0005055711	0.0011556471
0.0779844961	0.7254649011	0.8341780869	0.8850255759	0.8133355222	0.9425468705	0.9189966305	-0.0186095827	-0.0018950259	-0.0130874518	-0.0167145568	-0.0111924259	0.0003463166	0.0000035911	0.0001712814	0.0002793764	0.0001252704	0.0005211891	0.0004046468	0.0009258359
0.0779844961	0.7321315678	0.8359020406	0.8852052591	0.8146360281	0.9443030664	0.9202792456	-0.0165450657	-0.0016920205	-0.0114897505	-0.0148530452	-0.0097977300	0.0002737392	0.0000028629	0.0001320144	0.0002206130	0.0000959955	0.0004086165	0.0003166085	0.0007252250
0.0779844961	0.7387982344	0.8376008126	0.8853819693	0.8159085539	0.9460332846	0.9215328323	-0.0145148659	-0.0014924142	-0.0099288903	-0.0130224518	-0.0084364761	0.0002106813	0.0000022273	0.0000985829	0.0001695842	0.0000711741	0.0003114915	0.0002407584	0.0005522499
0.0779844961	0.7454649011	0.8392751938	0.8855557284	0.8171538913	0.9477384278	0.9227582919	-0.0125178408	-0.0012961801	-0.0084037340	-0.0112216607	-0.0071075539	0.0001566963	0.0000016801	0.0000706227	0.0001259257	0.0000505173	0.0002289992	0.0001764430	0.0004054422
0.0779844961	0.7521315678	0.8409259462	0.8857265575	0.8183728025	0.9494193655	0.9239564915	-0.0105528939	-0.0011032927	-0.0069131911	-0.0094496012	-0.0058098983	0.0001113636	0.0000012173	0.0000477922	0.0000892950	0.0000337549	0.0001603730	0.0001230499	0.0002834229
0.0779844961	0.7587982344	0.8425538042	0.8858944766	0.8195660207	0.9510769358	0.9251282657	-0.0086189729	-0.0009137273	-0.0054562155	-0.0077052456	-0.0045424882	0.0000742867	0.0000008349	0.0000297703	0.0000593708	0.0000206342	0.0001048919	0.0000800050	0.0001848969
0.0779844961	0.7654649011	0.8441594753	0.8860595051	0.8207342521	0.9527119459	0.9262744177	-0.0067150671	-0.0007274600	-0.0040318036	-0.0059876071	-0.0033043436	0.0000450921	0.0000005292	0.0000162554	0.0000358514	0.0000109187	0.0000618768	0.0000467701	0.0001086469
0.0779844961	0.7721315678	0.8457436415	0.8862216616	0.8218781766	0.9543251742	0.9273957207	-0.0048402061	-0.0005444682	-0.0026389923	-0.0042957380	-0.0020945241	0.0000234276	0.0000002964	0.0000069643	0.0000184534	0.0000043870	0.0000306883	0.0000228404	0.0000535287
0.0779844961	0.7787982344	0.8473069603	0.8863809637	0.8229984486	0.9559173708	0.9284929193	-0.0029934578	-0.0003647301	-0.0012768570	-0.0026287277	-0.0009121270	0.0000089608	0.0000001330	0.0000016304	0.0000069102	0.0000008320	0.0000107242	0.0000077422	0.0000184664
0.0779844961	0.7854649011	0.8488500654	0.8865374283	0.8240956986	0.9574892592	0.9295667304	-0.0011739262	-0.0001882249	0.0000554896	-0.0009857013	0.0002437145	0.0000013781	0.0000000354	0.0000000031	0.0000009716	0.0000000594	0.0000014166	0.0000010310	0.0000024476
0.0779844961	0.7921315678	0.8503735682	0.8866910716	0.8251705339	0.9590415371	0.9306178447	0.0006192493	-0.0000149328	0.0013589001	0.0006341821	0.0013738329	0.0000003835	0.0000000002	0.0000018466	0.0000004022	0.0000018874	0.0000022303	0.0000022896	0.0000045199
0.0779844961	0.7987982344	0.8518780580	0.8868419089	0.8262235395	0.9605748775	0.9316469274	0.0023868965	0.0001551653	0.0026341932	0.0022317312	0.0024790278	0.0000056973	0.0000000241	0.0000069390	0.0000049806	0.0000061456	0.0000126603	0.0000111262	0.0000237865
0.0779844961	0.8054649011	0.8533641034	0.8869899548	0.8272552788	0.9620899299	0.9326546196	0.0041298112	0.0003220875	0.0038821553	0.0038077237	0.0035600678	0.0000170553	0.0000001037	0.0000150711	0.0000144988	0.0000126741	0.0000322302	0.0000271728	0.0000594031
0.0779844961	0.8121315678	0.8548322529	0.8871352232	0.8282662951	0.9635873208	0.9336415390	0.0058487586	0.0004858509	0.0051035425	0.0053629077	0.0046176916	0.0000342080	0.0000002361	0.0000260461	0.0000287608	0.0000213231	0.0000604902	0.0000500839	0.0001105740
0.0779844961	0.8187982344	0.8562830358	0.8872777273	0.8292571117	0.9650676552	0.9346082813	0.0075444751	0.0006464720	0.0062990812	0.0068980031	0.0056526092	0.0000569191	0.0000004179	0.0000396784	0.0000475824	0.0000319520	0.0000970155	0.0000795344	0.0001765499
0.0779844961	0.8254649011	0.8577169628	0.8874174795	0.8302282332	0.9665315171	0.9355554204	0.0092176693	0.0008039664	0.0074694701	0.0084137029	0.0066655037	0.0000849654	0.0000006464	0.0000557930	0.0000707904	0.0000444289	0.0001414048	0.0001152193	0.0002566241
0.0779844961	0.8321315678	0.8591345269	0.8875544918	0.8311801459	0.9679794704	0.9364835101	0.0108690229	0.0009583489	0.0086153808	0.0099106740	0.0076570319	0.0001181357	0.0000009184	0.0000742248	0.0000982215	0.0000586301	0.0001932789	0.0001568516	0.0003501305
0.0779844961	0.8387982344	0.8605362041	0.8876887753	0.8321133189	0.9694120598	0.9373930842	0.0124991925	0.0011096335	0.0097374595	0.0113895591	0.0086278260	0.0001562298	0.0000012313	0.0000948181	0.0001297221	0.0000744394	0.0002522792	0.0002041614	0.0004564407
0.0779844961	0.8454649011	0.8619224539	0.8878203406	0.8330282044	0.9708298116	0.9382846578	0.0141088104	0.0012578335	0.0108363278	0.0128509769	0.0095784943	0.0001990585	0.0000015821	0.0001174260	0.0001651476	0.0000917476	0.0003180667	0.0002568952	0.0005749618
0.0779844961	0.8521315678	0.8632937201	0.8879491975	0.8339252388	0.9722332341	0.9391587279	0.0156984853	0.0014029616	0.0119125840	0.0142955237	0.0105096224	0.0002464424	0.0000019683	0.0001419097	0.0002043620	0.0001104522	0.0003903204	0.0003148142	0.0007051346
0.0779844961	0.8587982344	0.8646504312	0.8880753557	0.8348048428	0.9736228189	0.9400157740	0.0172688038	0.0015450295	0.0129668037	0.0157237743	0.0114217742	0.0002982116	0.0000023871	0.0001681380	0.0002472371	0.0001304569	0.0004687367	0.0003776940	0.0008464307
0.0779844961	0.8654649011	0.8659930014	0.8881988237	0.8356674226	0.9749990410	0.9408562590	0.0188203313	0.0016840487	0.0139995414	0.0171362827	0.0123154927	0.0003542049	0.0000028360	0.0001959872	0.0002936522	0.0001516714	0.0005530281	0.0004453235	0.0009983516
0.0779844961	0.8721315678	0.8673218307	0.8883196100	0.8365133699	0.9763623598	0.9416806298	0.0203536126	0.0018200296	0.0150113308	0.0185335830	0.0131913012	0.0004142695	0.0000033125	0.0002253401	0.0003434937	0.0001740104	0.0006429221	0.0005175041	0.0011604262
0.0779844961	0.8787982344	0.8686373058	0.8884377224	0.8373430630	0.9777132194	0.9424893180	0.0218691729	0.0019529824	0.0160026861	0.0199161906	0.0140497037	0.0004782607	0.0000038141	0.0002560860	0.0003966546	0.0001973942	0.0007381608	0.0005940488	0.0013322096
0.0779844961	0.8854649011	0.8699398005	0.8885531681	0.8381568672	0.9790520496	0.9432827401	0.0233675188	0.0020829163	0.0169741026	0.0212846025	0.0148911863	0.0005460409	0.0000043385	0.0002881202	0.0004530343	0.0002217474	0.0008384996	0.0006747817	0.0015132814
0.0779844961	0.8921315678	0.8712296760	0.8886659540	0.8389551348	0.9803792663	0.9440612988	0.0248491387	0.0022098403	0.0179260578	0.0226392984	0.0157162175	0.0006174797	0.0000048834	0.0003213435	0.0005125378	0.0002469995	0.0009437066	0.0007595373	0.0017032440
0.0779844961	0.8987982344	0.8725072816	0.8887760865	0.8397382064	0.9816952716	0.9448253831	0.0263145041	0.0023337627	0.0188590116	0.0239807414	0.0165252489	0.0006924531	0.0000054464	0.0003556623	0.0005750760	0.0002730838	0.0010535619	0.0008481598	0.0019017217
0.0779844961	0.9054649011	0.8737729553	0.8888835714	0.8405064108	0.9830004552	0.9455753688	0.0277640698	0.0024546913	0.0197734076	0.0253093785	0.0173187163	0.0007708436	0.0000060255	0.0003909876	0.0006405646	0.0002999379	0.0011678567	0.0009405026	0.0021083593
0.0779844961	0.9121315678	0.8750270239	0.8889884144	0.8412600659	0.9842951941	0.9463116192	0.0291982747	0.0025726334	0.0206696736	0.0266256413	0.0180970402	0.0008525392	0.0000066184	0.0004272354	0.0007089248	0.0003275029	0.0012863931	0.0010364276	0.0023228207
0.0779844961	0.9187982344	0.8762698035	0.8890906206	0.8419994785	0.9855798533	0.9470344855	0.0306175427	0.0026875959	0.0215482222	0.0279299468	0.0188606263	0.0009374339	0.0000072232	0.0004643259	0.0007800819	0.0003557232	0.0014089830	0.0011358052	0.0025447881
0.0779844961	0.9254649011	0.8775016000	0.8891901948	0.8427249453	0.9868547866	0.9477443074	0.0320222831	0.0027995852	0.0224094514	0.0292226979	0.0196098661	0.0010254266	0.0000078377	0.0005021835	0.0008539661	0.0003845468	0.0015354478	0.0012385129	0.0027739607
0.0779844961	0.9321315678	0.8787227096	0.8892871415	0.8434367532	0.9881203367	0.9484414132	0.0334128911	0.0029086073	0.0232537452	0.0305042838	0.0203451379	0.0011164213	0.0000084600	0.0005407367	0.0009305113	0.0004139246	0.0016656180	0.0013444360	0.0030100539
0.0779844961	0.9387982344	0.8799334190	0.8893814647	0.8441351795	0.9893768354	0.9491261208	0.0347897488	0.0030146678	0.0240814744	0.0317750810	0.0210668066	0.0012103266	0.0000090882	0.0005799174	0.0010096558	0.0004438103	0.0017993323	0.0014534661	0.0032527984
0.0779844961	0.9454649011	0.8811340056	0.8894731683	0.8448204923	0.9906246045	0.9497987375	0.0361532250	0.0031177719	0.0248929970	0.0330354531	0.0217752251	0.0013070557	0.0000097205	0.0006196613	0.0010913412	0.0004741604	0.0019364375	0.0015655016	0.0035019391
0.0779844961	0.9521315678	0.8823247382	0.8895622558	0.8454929510	0.9918639561	0.9504595609	0.0375036765	0.0032179244	0.0256886586	0.0342857521	0.0224707341	0.0014065258	0.0000103550	0.0006599072	0.0011755128	0.0005049339	0.0020767880	0.0016804467	0.0037572347
0.0779844961	0.9587982344	0.8835058771	0.8896487303	0.8461528065	0.9930951924	0.9511088788	0.0388414482	0.0033151300	0.0264687930	0.0355263182	0.0231536630	0.0015086581	0.0000109901	0.0007005970	0.0012621193	0.0005360921	0.0022202452	0.0017982114	0.0040184566
0.0779844961	0.9654649011	0.8846776745	0.8897325950	0.8468003016	0.9943186070	0.9517469702	0.0401668734	0.0034093927	0.0272337228	0.0367574807	0.0238243300	0.0016133777	0.0000116240	0.0007416757	0.0013511124	0.0005675987	0.0023666773	0.0019187111	0.0042853884
0.0779844961	0.9721315678	0.8858403747	0.8898138526	0.8474356713	0.9955344841	0.9523741048	0.0414802747	0.0035007166	0.0279837597	0.0379795581	0.0244830431	0.0017206132	0.0000122550	0.0007830908	0.0014424468	0.0005994194	0.0025159590	0.0020418662	0.0045578252
0.0779844961	0.9787982344	0.8869942145	0.8898925054	0.8480591431	0.9967431000	0.9529905442	0.0427819641	0.0035891052	0.0287192049	0.0391928589	0.0251300997	0.0018302965	0.0000128817	0.0008247927	0.0015360802	0.0006315219	0.0026679709	0.0021676021	0.0048355730
0.0779844961	0.9854649011	0.8881394235	0.8899685560	0.8486709371	0.9979447224	0.9535965416	0.0440722436	0.0036745619	0.0294403498	0.0403976816	0.0257657879	0.0019423627	0.0000135024	0.0008667342	0.0016319727	0.0006638758	0.0028225993	0.0022958485	0.0051184478
0.0806511628	0.5854649011	0.7906048144	0.8805458100	0.7779034033	0.8978576758	0.8834332007	-0.0722582553	-0.0069696160	-0.0576288165	-0.0652886393	-0.0506592005	0.0052212555	0.0000485755	0.0033210805	0.0042626064	0.0025663546	0.0085909115	0.0068289610	0.0154198725
0.0806511628	0.5921315678	0.7930983901	0.8807937149	0.7800334450	0.9004360235	0.8856028737	-0.0691092084	-0.0066881202	-0.0548943756	-0.0624210882	-0.0482062555	0.0047760827	0.0000447310	0.0030133925	0.0038963923	0.0023238431	0.0078342061	0.0062202353	0.0140544414
0.0806511628	0.5987982344	0.7955412195	0.8810380360	0.7821096859	0.9029589950	0.8877138716	-0.0660338333	-0.0064107712	-0.0522361786	-0.0596230621	-0.0458254074	0.0043604671	0.0000410980	0.0027286184	0.0035549095	0.0020999680	0.0071301835	0.0056548775	0.0127850610
0.0806511628	0.6054649011	0.7979350535	0.8812788071	0.7841339085	0.9054286192	0.8897682574	-0.0630292881	-0.0061375273	-0.0496513652	-0.0568917608	-0.0435138379	0.0039726912	0.0000376692	0.0024652581	0.0032366724	0.0018934541	0.0064756185	0.0051301265	0.0116057450
0.0806511628	0.6121315678	0.8002815763	0.8815160624	0.7861078265	0.9078468453	0.8917680119	-0.0600928594	-0.0058683464	-0.0471372058	-0.0542245130	-0.0412688593	0.0036111518	0.0000344375	0.0022219162	0.0029402978	0.0017031187	0.0058675054	0.0046434166	0.0105109220
0.0806511628	0.6187982344	0.8025824086	0.8817498358	0.7880330872	0.9102155464	0.8937150371	-0.0572219561	-0.0056031870	-0.0446910949	-0.0516187691	-0.0390879079	0.0032743523	0.0000313957	0.0019972940	0.0026644973	0.0015278645	0.0053030419	0.0041923619	0.0094954038
0.0806511628	0.6254649011	0.8048391090	0.8819801610	0.7899112742	0.9125365225	0.8956111589	-0.0544141027	-0.0053420073	-0.0423105447	-0.0490720954	-0.0369685374	0.0029608946	0.0000285370	0.0017901822	0.0024080706	0.0013666728	0.0047796138	0.0037747433	0.0085543571
0.0806511628	0.6321315678	0.8070531774	0.8822070716	0.7917439098	0.9148115032	0.8974581312	-0.0516669344	-0.0050847663	-0.0399931793	-0.0465821681	-0.0349084130	0.0026694721	0.0000258548	0.0015994544	0.0021698984	0.0012185973	0.0042947814	0.0033884957	0.0076832770
0.0806511628	0.6387982344	0.8092260563	0.8824306009	0.7935324575	0.9170421509	0.8992576376	-0.0489781908	-0.0048314233	-0.0377367292	-0.0441467675	-0.0329053059	0.0023988632	0.0000233427	0.0014240607	0.0019489371	0.0010827592	0.0038462666	0.0030316962	0.0068779628
0.0806511628	0.6454649011	0.8113591339	0.8826507817	0.7952783242	0.9192300632	0.9010112954	-0.0463457111	-0.0045819382	-0.0355390259	-0.0417637729	-0.0309570877	0.0021479249	0.0000209942	0.0012630224	0.0017442127	0.0009583413	0.0034319415	0.0027025540	0.0061344955
0.0806511628	0.6521315678	0.8134537455	0.8828676462	0.7969828623	0.9213767760	0.9027206578	-0.0437674292	-0.0043362716	-0.0333979969	-0.0394311577	-0.0290617253	0.0019155879	0.0000188033	0.0011154262	0.0015548162	0.0008445839	0.0030498173	0.0023994001	0.0054492174
0.0806511628	0.6587982344	0.8155111761	0.8830812261	0.7986473720	0.9234837657	0.9043872165	-0.0412413691	-0.0040943846	-0.0313116610	-0.0371469844	-0.0272172763	0.0017008505	0.0000167640	0.0009804201	0.0013798985	0.0007407801	0.0026980346	0.0021206786	0.0048187132
0.0806511628	0.6654649011	0.8175326620	0.8832915527	0.8002731035	0.9255524516	0.9060124045	-0.0387656401	-0.0038562395	-0.0292781238	-0.0349094006	-0.0254218843	0.0015027748	0.0000148706	0.0008572085	0.0012186662	0.0006462722	0.0023748540	0.0018649385	0.0042397924
0.0806511628	0.6721315678	0.8195193931	0.8834986563	0.8018612588	0.9275841987	0.9075975986	-0.0363384331	-0.0036217990	-0.0272955737	-0.0327166341	-0.0236737747	0.0013204817	0.0000131174	0.0007450483	0.0010703781	0.0005604476	0.0020786475	0.0016308258	0.0037094732
0.0806511628	0.6787982344	0.8214725144	0.8837025666	0.8034129936	0.9295803197	0.9091441215	-0.0339580165	-0.0033910269	-0.0253622775	-0.0305669897	-0.0219712506	0.0011531469	0.0000114991	0.0006432451	0.0009343409	0.0004827359	0.0018078911	0.0014170767	0.0032249678
0.0806511628	0.6854649011	0.8233931277	0.8839033127	0.8049294194	0.9315420769	0.9106532443	-0.0316227325	-0.0031638879	-0.0234765769	-0.0284588446	-0.0203126890	0.0009999972	0.0000100102	0.0005511497	0.0008099058	0.0004126053	0.0015611571	0.0012225112	0.0027836682
0.0806511628	0.6921315678	0.8252822939	0.8841009228	0.8064116048	0.9334706849	0.9121261883	-0.0293309933	-0.0029403476	-0.0216368845	-0.0263906457	-0.0186965369	0.0008603072	0.0000086456	0.0004681548	0.0006964662	0.0003495605	0.0013371076	0.0010460267	0.0023831343
0.0806511628	0.6987982344	0.8271410341	0.8842954243	0.8078605779	0.9353673121	0.9135641277	-0.0270812782	-0.0027203727	-0.0198416811	-0.0243609055	-0.0171213084	0.0007333956	0.0000074004	0.0003936923	0.0005934537	0.0002931392	0.0011344884	0.0008865929	0.0020210813
0.0806511628	0.7054649011	0.8289703311	0.8844868437	0.8092773273	0.9372330827	0.9149681910	-0.0248721298	-0.0025039307	-0.0180895117	-0.0223681992	-0.0155855811	0.0006186228	0.0000062697	0.0003272304	0.0005003363	0.0002429103	0.0009521229	0.0007432467	0.0016953696
0.0806511628	0.7121315678	0.8307711317	0.8846752068	0.8106628041	0.9390690790	0.9163394632	-0.0227021518	-0.0022909901	-0.0163789829	-0.0204111617	-0.0140879928	0.0005153877	0.0000052486	0.0002682711	0.0004166155	0.0001984715	0.0007889074	0.0006150871	0.0014039945
0.0806511628	0.7187982344	0.8325443471	0.8848605386	0.8120179232	0.9408763424	0.9176789876	-0.0205700054	-0.0020815208	-0.0147087598	-0.0184884846	-0.0126272391	0.0004231251	0.0000043327	0.0002163476	0.0003418241	0.0001594472	0.0006438055	0.0005012712	0.0011450767
0.0806511628	0.7254649011	0.8342908550	0.8850428630	0.8133435648	0.9426558757	0.9189877675	-0.0184744070	-0.0018754932	-0.0130775634	-0.0165989138	-0.0112020701	0.0003413037	0.0000035175	0.0001710227	0.0002755239	0.0001254864	0.0005158439	0.0004010103	0.0009168542
0.0806511628	0.7321315678	0.8360115010	0.8852222033	0.8146405761	0.9444086444	0.9202667681	-0.0164141254	-0.0016728791	-0.0114841676	-0.0147412463	-0.0098112885	0.0002694235	0.0000027985	0.0001318861	0.0002173043	0.0000962614	0.0004041081	0.0003135657	0.0007176739
0.0806511628	0.7387982344	0.8377070994	0.8853985819	0.8159097720	0.9461355784	0.9215169175	-0.0143879796	-0.0014736511	-0.0099273973	-0.0129143285	-0.0084537462	0.0002070140	0.0000021716	0.0000985532	0.0001667799	0.0000714658	0.0003077388	0.0002382457	0.0005459845
0.0806511628	0.7454649011	0.8393784348	0.8855720203	0.8171519370	0.9478375734	0.9227391091	-0.0123948362	-0.0012777830	-0.0084061256	-0.0111170532	-0.0071283426	0.0001536320	0.0000016327	0.0000706629	0.0001235889	0.0000508133	0.0002259276	0.0001744021	0.0004003298
0.0806511628	0.7521315678	0.8410262632	0.8857425391	0.8183678262	0.9495154924	0.9239342023	-0.0104336076	-0.0010852494	-0.0069192718	-0.0093483582	-0.0058340224	0.0001088602	0.0000011778	0.0000478763	0.0000873918	0.0000340358	0.0001579143	0.0001214276	0.0002793419
0.0806511628	0.7587982344	0.8426513130	0.8859101581	0.8195581665	0.9511701670	0.9251030243	-0.0085032495	-0.0008960261	-0.0054657989	-0.0076072234	-0.0045697728	0.0000723053	0.0000008029	0.0000298750	0.0000578698	0.0000208828	0.0001029831	0.0000787527	0.0001817357
0.0806511628	0.7654649011	0.8442542866	0.8860748963	0.8207236576	0.9528023987	0.9262463716	-0.0066027590	-0.0007100898	-0.0040447122	-0.0058926692	-0.0033346225	0.0000435964	0.0000005042	0.0000163597	0.0000347236	0.0000111197	0.0000604604	0.0000458433	0.0001063036
0.0806511628	0.7721315678	0.8458358606	0.8862367719	0.8218649735	0.9544129599	0.9273650107	-0.0047311730	-0.0005274180	-0.0026550569	-0.0042037549	-0.0021276389	0.0000223840	0.0000002782	0.0000070493	0.0000176716	0.0000045268	0.0000297115	0.0000221984	0.0000519099
0.0806511628	0.7787982344	0.8473966878	0.8863958023	0.8229827629	0.9560025957	0.9284596800	-0.0028875661	-0.0003479896	-0.0012959163	-0.0025395765	-0.0009479268	0.0000083380	0.0000001211	0.0000016794	0.0000064494	0.0000008986	0.0000101385	0.0000073480	0.0000174865
0.0806511628	0.7854649011	0.8489373973	0.8865520040	0.8240776511	0.9575720245	0.9295310905	-0.0010710490	-0.0001717839	0.0000335896	-0.0008992651	0.0002053735	0.0000011471	0.0000000295	0.0000000011	0.0000008087	0.0000000422	0.0000011778	0.0000008509	0.0000020286
0.0806511628	0.7921315678	0.8504585959	0.8867053929	0.8251502399	0.9591219392	0.9305799271	0.0007192330	0.0000012185	0.0013343061	0.0007180144	0.0013330876	0.0000005173	0.0000000000	0.0000017804	0.0000005155	0.0000017771	0.0000022977	0.0000022927	0.0000045903
0.0806511628	0.7987982344	0.8519608689	0.8868559841	0.8262011095	0.9606530082	0.9316068498	0.0024841017	0.0001710364	0.0026070452	0.0023130653	0.0024360089	0.0000061708	0.0000000293	0.0000067967	0.0000053503	0.0000059341	0.0000129967	0.0000112844	0.0000242811
0.0806511628	0.8054649011	0.8534447810	0.8870037918	0.8272308188	0.9621658767	0.9326124944	0.0042243474	0.0003376873	0.0038525872	0.0038866601	0.0035148999	0.0000178451	0.0000001140	0.0000148424	0.0000151061	0.0000123545	0.0000328016	0.0000274606	0.0000602622
0.0806511628	0.8121315678	0.8549108768	0.8871488297	0.8282399063	0.9636611674	0.9335974739	0.0059407303	0.0005011883	0.0050716817	0.0054395419	0.0045704934	0.0000352923	0.0000002512	0.0000257220	0.0000295886	0.0000208894	0.0000612654	0.0000504780	0.0001117434
0.0806511628	0.8187982344	0.8563596822	0.8872911106	0.8292288913	0.9651394812	0.9345623791	0.0076339817	0.0006615555	0.0062650497	0.0069724262	0.0056034942	0.0000582777	0.0000004377	0.0000392508	0.0000486147	0.0000313991	0.0000979662	0.0000800139	0.0001779801
0.0806511628	0.8254649011	0.8577917044	0.8874306469	0.8301982741	0.9666013985	0.9355077797	0.0093048056	0.0008188041	0.0074333841	0.0084860015	0.0066145800	0.0000865794	0.0000006704	0.0000552552	0.0000720122	0.0000437527	0.0001425050	0.0001157649	0.0002582699
0.0806511628	0.8321315678	0.8592074333	0.8875674500	0.8311485373	0.9680474799	0.9364342250	0.0109538795	0.0009729487	0.0085773514	0.0099809308	0.0076044028	0.0001199875	0.0000009466	0.0000735710	0.0000996190	0.0000578269	0.0001945051	0.0001574459	0.0003519510
0.0806511628	0.8387982344	0.8606073417	0.8877015311	0.8320801461	0.9694782667	0.9373422451	0.0125818556	0.0011240030	0.0096975930	0.0114578526	0.0085735900	0.0001583031	0.0000012634	0.0000940433	0.0001312824	0.0000735064	0.0002536098	0.0002047888	0.0004583986
0.0806511628	0.8454649011	0.8619918862	0.8878329002	0.8329935493	0.9708942820	0.9382323510	0.0141893623	0.0012719800	0.0107947255	0.0129173822	0.0095227455	0.0002013380	0.0000016179	0.0001165261	0.0001668588	0.0000906827	0.0003194820	0.0002575414	0.0005770235
0.0806511628	0.8521315678	0.8633615079	0.8879615673	0.8338891797	0.9722960314	0.9391050360	0.0157770046	0.0014168922	0.0118693428	0.0143601124	0.0104524506	0.0002489139	0.0000020076	0.0001408813	0.0002062128	0.0001092537	0.0003918028	0.0003154666	0.0007072693
0.0806511628	0.8587982344	0.8647166328	0.8880875415	0.8347674549	0.9736840035	0.9399607763	0.0173453655	0.0015587511	0.0129220163	0.0157866145	0.0113632652	0.0003008617	0.0000024297	0.0001669785	0.0002492172	0.0001291238	0.0004702699	0.0003783410	0.0008486109
0.0806511628	0.8654649011	0.8660576725	0.8882108314	0.8356287779	0.9750586706	0.9408000312	0.0188950071	0.0016975677	0.0139532963	0.0171974394	0.0122557286	0.0003570213	0.0000028817	0.0001946945	0.0002957519	0.0001502029	0.0005545975	0.0004459548	0.0010005523
0.0806511628	0.8721315678	0.8673850246	0.8883314450	0.8364735375	0.9764204897	0.9416232446	0.0204264709	0.0018333524	0.0149637126	0.0185931185	0.0131303601	0.0004172407	0.0000033612	0.0002239127	0.0003457041	0.0001724064	0.0006445146	0.0005181104	0.0011626250
0.0806511628	0.8787982344	0.8686990735	0.8884493901	0.8373021093	0.9777699025	0.9424308448	0.0219402792	0.0019661151	0.0159537757	0.0199741641	0.0139876606	0.0004813758	0.0000038656	0.0002545230	0.0003989672	0.0001956546	0.0007397644	0.0005946219	0.0013343863
0.0806511628	0.8854649011	0.8700001909	0.8885646736	0.8381148554	0.9791073365	0.9432232456	0.0234369355	0.0020958648	0.0169239774	0.0213410707	0.0148281126	0.0005492899	0.0000043926	0.0002864210	0.0004554413	0.0002198729	0.0008401036	0.0006753142	0.0015154178
0.0806511628	0.8921315678	0.8712887360	0.8886773023	0.8389121260	0.9804332053	0.9440008469	0.0249169257	0.0022226103	0.0178747917	0.0226943155	0.0156521815	0.0006208532	0.0000049400	0.0003195082	0.0005150320	0.0002449908	0.0009453014	0.0007600227	0.0017053241
0.0806511628	0.8987982344	0.8725650561	0.8887872823	0.8396942589	0.9817479092	0.9447640348	0.0263807186	0.0023463596	0.0188066755	0.0240343590	0.0164603159	0.0006959423	0.0000055054	0.0003536910	0.0005776504	0.0002709420	0.0010551388	0.0008485924	0.0019037312
0.0806511628	0.9054649011	0.8738294873	0.8888946195	0.8404615807	0.9830518356	0.9455131827	0.0278287664	0.0024671204	0.0197200691	0.0253616461	0.0172529488	0.0007744402	0.0000060867	0.0003888811	0.0006432131	0.0002976642	0.0011694081	0.0009408773	0.0021102854
0.0806511628	0.9121315678	0.8750823546	0.8889993191	0.8412144068	0.9843453599	0.9462486514	0.0292615059	0.0025848997	0.0206153975	0.0266766062	0.0180304978	0.0008562357	0.0000066817	0.0004249946	0.0007116413	0.0003250988	0.0012879120	0.0010367402	0.0023246522
0.0806511628	0.9187982344	0.8763239725	0.8891013862	0.8419530419	0.9856288452	0.9469707898	0.0306793586	0.0026997044	0.0214930703	0.0279796543	0.0187933660	0.0009412230	0.0000072884	0.0004619521	0.0007828611	0.0003531906	0.0014104635	0.0011360517	0.0025465152
0.0806511628	0.9254649011	0.8775546454	0.8892008254	0.8426777807	0.9869026437	0.9476799353	0.0320827317	0.0028115405	0.0223534830	0.0292711912	0.0195419425	0.0010293017	0.0000079048	0.0004996782	0.0008568026	0.0003818875	0.0015368846	0.0012386901	0.0027755748
0.0806511628	0.9321315678	0.8787746677	0.8892976410	0.8433889079	0.9881670963	0.9483764141	0.0334720184	0.0029204139	0.0231970169	0.0305516045	0.0202766030	0.0011203760	0.0000085288	0.0005381016	0.0009334005	0.0004111406	0.0016670064	0.0013445412	0.0030115476
0.0806511628	0.9387982344	0.8799843246	0.8893918370	0.8440866989	0.9894225335	0.9490605420	0.0348475988	0.0030263302	0.0240240405	0.0318212686	0.0209977104	0.0012143551	0.0000091587	0.0005771545	0.0010125931	0.0004409038	0.0018006683	0.0014534970	0.0032541653
0.0806511628	0.9454649011	0.8811838924	0.8894834171	0.8447714200	0.9906692755	0.9497326243	0.0362098400	0.0031292942	0.0248349093	0.0330805458	0.0217056151	0.0013111525	0.0000097925	0.0006167727	0.0010943225	0.0004711337	0.0019377177	0.0015654562	0.0035031740
0.0806511628	0.9521315678	0.8823736383	0.8895723846	0.8454433289	0.9919076329	0.9503929568	0.0375590969	0.0032293107	0.0256299667	0.0343297862	0.0224006560	0.0014106858	0.0000104284	0.0006568952	0.0011785342	0.0005017894	0.0020780094	0.0016803236	0.0037583330
0.0806511628	0.9587982344	0.8835538215	0.8896587426	0.8461026746	0.9931379069	0.9510418254	0.0388957128	0.0033263841	0.0264095444	0.0355693287	0.0230831603	0.0015128765	0.0000110648	0.0006974640	0.0012651771	0.0005328323	0.0022214053	0.0017980094	0.0040194148
0.0806511628	0.9654649011	0.8847246929	0.8897424940	0.8467496984	0.9943603895	0.9516795073	0.0402200195	0.0034205185	0.0271739628	0.0367995010	0.0237534444	0.0016176500	0.0000116999	0.0007384243	0.0013542033	0.0005642261	0.0023677742	0.0019184294	0.0042862036
0.0806511628	0.9721315678	0.8858864956	0.8898236415	0.8473846336	0.9955753639	0.9523062707	0.0415323380	0.0035117176	0.0279235318	0.0380206204	0.0244118142	0.0017249351	0.0000123322	0.0007797236	0.0014455676	0.0005959367	0.0025169909	0.0020415043	0.0045584951
0.0806511628	0.9787982344	0.8870394654	0.8899021873	0.8480077063	0.9967831051	0.9529223756	0.0428329789	0.0035999849	0.0286585508	0.0392329939	0.0250585658	0.0018346641	0.0000129599	0.0008213125	0.0015392278	0.0006279317	0.0026689365	0.0021671595	0.0048360960
0.0806511628	0.9854649011	0.8881838308	0.8899781337	0.8486191353	0.9979838798	0.9535280735	0.0441222426	0.0036853237	0.0293793091	0.0404369189	0.0256939854	0.0019467723	0.0000135816	0.0008631438	0.0016351444	0.0006601809	0.0028234977	0.0022953253	0.0051188230
0.0833178295	0.5854649011	0.7908414105	0.8805745823	0.7780483197	0.8980970225	0.8835689052	-0.0719590404	-0.0069369410	-0.0574425428	-0.0650220994	-0.0505056019	0.0051781035	0.0000481211	0.0032996457	0.0042278734	0.0025508158	0.0085258704	0.0067786892	0.0153045596
0.0833178295	0.5921315678	0.7933262330	0.8808217774	0.7801685526	0.9006660068	0.8857280469	-0.0688219677	-0.0066562601	-0.0547211832	-0.0621657076	-0.0480649231	0.0047364632	0.0000443058	0.0029944079	0.0038645752	0.0023102368	0.0077751769	0.0061748120	0.0139499890
0.0833178295	0.5987982344	0.7957607218	0.8810654116	0.7822354486	0.9031800719	0.8878290287	-0.0657579557	-0.0063796997	-0.0520753923	-0.0593782560	-0.0456956926	0.0043241087	0.0000407006	0.0027118465	0.0035257773	0.0020880963	0.0070766558	0.0056138736	0.0126905294
0.0833178295	0.6054649011	0.7981466058	0.8813055180	0.7842507669	0.9056412214	0.8898738869	-0.0627641985	-0.0061072185	-0.0495023477	-0.0566569800	-0.0433951292	0.0039393446	0.0000372981	0.0024504824	0.0032100134	0.0018831372	0.0064271252	0.0050931506	0.0115202758
0.0833178295	0.6121315678	0.8004855483	0.8815421300	0.7862161992	0.9080513807	0.8918645774	-0.0598380167	-0.0058387756	-0.0469993554	-0.0539992411	-0.0411605798	0.0035805882	0.0000340913	0.0022089394	0.0029159180	0.0016941933	0.0058236189	0.0046101114	0.0104337303
0.0833178295	0.6187982344	0.8027791501	0.8817752809	0.7881333724	0.9104124004	0.8938029785	-0.0569768505	-0.0055743299	-0.0445638428	-0.0514025206	-0.0389895129	0.0032463615	0.0000310732	0.0019859361	0.0026422191	0.0015201821	0.0052633707	0.0041624012	0.0094257720
0.0833178295	0.6254649011	0.8050289515	0.8820050038	0.7900038504	0.9127260594	0.8956908940	-0.0541782542	-0.0053138405	-0.0421933532	-0.0488644137	-0.0368795127	0.0029352832	0.0000282369	0.0017802791	0.0023877309	0.0013600985	0.0047437992	0.0037478294	0.0084916286
0.0833178295	0.6321315678	0.8072364348	0.8822313318	0.7918291372	0.9149940675	0.8975300567	-0.0514398904	-0.0050572673	-0.0398855399	-0.0463826231	-0.0348282727	0.0026460623	0.0000255760	0.0015908563	0.0021513477	0.0012130086	0.0042624946	0.0033643563	0.0076268509
0.0833178295	0.6387982344	0.8094030261	0.8824542974	0.7936106788	0.9172180684	0.8993221305	-0.0487595244	-0.0048045700	-0.0376381607	-0.0439549544	-0.0328335906	0.0023774912	0.0000230839	0.0014166311	0.0019320380	0.0010780447	0.0038172063	0.0030100827	0.0068272889
0.0833178295	0.6454649011	0.8115300982	0.8826739328	0.7953498654	0.9193996424	0.9010687139	-0.0461350198	-0.0045557095	-0.0354490725	-0.0415793103	-0.0308933631	0.0021284400	0.0000207545	0.0012566367	0.0017288390	0.0009543999	0.0034058313	0.0026832389	0.0060890702
0.0833178295	0.6521315678	0.8136189718	0.8828902698	0.7970480340	0.9215403087	0.9027713424	-0.0435643329	-0.0043106467	-0.0333162271	-0.0392536861	-0.0290055804	0.0018978511	0.0000185817	0.0011099710	0.0015408519	0.0008413237	0.0030264038	0.0023821756	0.0054085793
0.0833178295	0.6587982344	0.8156709180	0.8831033395	0.7987064702	0.9236415282	0.9044314912	-0.0410455087	-0.0040693438	-0.0312376659	-0.0369761649	-0.0271683220	0.0016847338	0.0000165596	0.0009757918	0.0013672368	0.0007381177	0.0026770851	0.0021053545	0.0047824396
0.0833178295	0.6654649011	0.8176871604	0.8833131724	0.8003264099	0.9257047057	0.9060505774	-0.0385766767	-0.0038317634	-0.0292115158	-0.0347449133	-0.0253797523	0.0014881600	0.0000146824	0.0008533127	0.0012072090	0.0006441318	0.0023561550	0.0018513408	0.0042074959
0.0833178295	0.6721315678	0.8196688764	0.8835197986	0.8019090421	0.9277311925	0.9076299629	-0.0361560462	-0.0035978690	-0.0272359851	-0.0325581772	-0.0236381160	0.0013072597	0.0000129447	0.0007417989	0.0010600349	0.0005587605	0.0020620032	0.0016187954	0.0036807987
0.0833178295	0.6787982344	0.8216171995	0.8837232472	0.8034555098	0.9297222881	0.9091709564	-0.0337819031	-0.0033676250	-0.0253093594	-0.0304142781	-0.0219417345	0.0011412170	0.0000113409	0.0006405637	0.0009250283	0.0004814397	0.0017931215	0.0014064680	0.0031995896
0.0833178295	0.6854649011	0.8235332208	0.8839235467	0.8049669127	0.9316792429	0.9106748154	-0.0314526058	-0.0031409965	-0.0234299983	-0.0283116093	-0.0202890017	0.0009892664	0.0000098659	0.0005489648	0.0008015472	0.0004116436	0.0015480971	0.0012131908	0.0027612879
0.0833178295	0.6921315678	0.8254179908	0.8841207248	0.8064443083	0.9336032598	0.9121427489	-0.0291665821	-0.0029179500	-0.0215963311	-0.0262486321	-0.0186783811	0.0008506895	0.0000085144	0.0004664015	0.0006889907	0.0003488819	0.0013256055	0.0010378726	0.0023634781
0.0833178295	0.6987982344	0.8272725208	0.8843148085	0.8078887137	0.9354954964	0.9135759188	-0.0269223255	-0.0026984524	-0.0198068541	-0.0242238731	-0.0171084018	0.0007248116	0.0000072816	0.0003923115	0.0005867960	0.0002926974	0.0011244047	0.0008794934	0.0020038982
0.0833178295	0.7054649011	0.8290977847	0.8845058238	0.8093011076	0.9373570669	0.9149754426	-0.0247183925	-0.0024824719	-0.0180601275	-0.0222359206	-0.0155776556	0.0006109989	0.0000061627	0.0003261682	0.0004944362	0.0002426634	0.0009433298	0.0007370995	0.0016804293
0.0833178295	0.7121315678	0.8308947202	0.8846937962	0.8106824314	0.9391890435	0.9163423944	-0.0225533993	-0.0022699777	-0.0163547717	-0.0202834215	-0.0140847940	0.0005086558	0.0000051528	0.0002674786	0.0004114172	0.0001983814	0.0007812872	0.0006097986	0.0013910858
0.0833178295	0.7187982344	0.8326642307	0.8848787499	0.8120335910	0.9409924588	0.9176778073	-0.0204260191	-0.0020609399	-0.0146894651	-0.0183650792	-0.0126285252	0.0004172223	0.0000042475	0.0002157804	0.0003372761	0.0001594796	0.0006372501	0.0004967558	0.0011340059
0.0833178295	0.7254649011	0.8344071861	0.8850607088	0.8133554578	0.9427683070	0.9189826751	-0.0183349797	-0.0018553296	-0.0130629412	-0.0164796501	-0.0112076116	0.0003361715	0.0000034422	0.0001706404	0.0002715789	0.0001256106	0.0005102542	0.0003971894	0.0009074436
0.0833178295	0.7321315678	0.8361244244	0.8852396956	0.8146488706	0.9445175454	0.9202579535	-0.0162790606	-0.0016531190	-0.0114739858	-0.0146259416	-0.0098208668	0.0002650078	0.0000027328	0.0001316523	0.0002139182	0.0000964494	0.0003993930	0.0003103676	0.0007097606
0.0833178295	0.7387982344	0.8378167532	0.8854157322	0.8159146368	0.9462410964	0.9215045624	-0.0142570906	-0.0014542812	-0.0099214349	-0.0128028094	-0.0084671537	0.0002032646	0.0000021149	0.0000984349	0.0001639119	0.0000716927	0.0003038144	0.0002356046	0.0005394191
0.0833178295	0.7454649011	0.8394849504	0.8855888398	0.8171535333	0.9479398483	0.9227233865	-0.0122679461	-0.0012587904	-0.0084041722	-0.0110091557	-0.0071453818	0.0001505025	0.0000015846	0.0000706301	0.0001212015	0.0000510565	0.0002227172	0.0001722580	0.0003949752
0.0833178295	0.7521315678	0.8411297659	0.8857590386	0.8183663081	0.9496146573	0.9239152777	-0.0103105480	-0.0010666217	-0.0069211269	-0.0092439263	-0.0058545052	0.0001063074	0.0000011377	0.0000479020	0.0000854502	0.0000342752	0.0001553471	0.0001197254	0.0002750725
0.0833178295	0.7587982344	0.8427519222	0.8859263481	0.8195536813	0.9512663486	0.9250810556	-0.0083838606	-0.0008777513	-0.0054712717	-0.0075061093	-0.0045935204	0.0000702891	0.0000007704	0.0000299348	0.0000563417	0.0000211004	0.0001009944	0.0000774421	0.0001784365
0.0833178295	0.7654649011	0.8443521160	0.8860907869	0.8207163463	0.9528957174	0.9262215096	-0.0064868889	-0.0006921562	-0.0040536207	-0.0057947327	-0.0033614645	0.0000420797	0.0000004791	0.0000164318	0.0000335789	0.0000112994	0.0000589906	0.0000448784	0.0001038690
0.0833178295	0.7721315678	0.8459310189	0.8862523728	0.8218549708	0.9545035306	0.9273373996	-0.0046186773	-0.0005098146	-0.0026672277	-0.0041088627	-0.0021574131	0.0000213322	0.0000002599	0.0000071141	0.0000168828	0.0000046544	0.0000287062	0.0000215372	0.0000502434
0.0833178295	0.7787982344	0.8474892783	0.8864111230	0.8229701980	0.9560905276	0.9284294575	-0.0027783074	-0.0003307054	-0.0013111840	-0.0024476020	-0.0009804786	0.0000077190	0.0000001094	0.0000017192	0.0000059908	0.0000009613	0.0000095476	0.0000069521	0.0000164997
0.0833178295	0.7854649011	0.8490275187	0.8865670536	0.8240626474	0.9576574217	0.9294983882	-0.0009648967	-0.0001548086	0.0000153827	-0.0008100881	0.0001701913	0.0000009310	0.0000000240	0.0000000002	0.0000006562	0.0000000290	0.0000009552	0.0000006852	0.0000016404
0.0833178295	0.7921315678	0.8505463426	0.8867201802	0.8251329156	0.9592049009	0.9305448709	0.0008224033	0.0000178951	0.0013133105	0.0008045083	0.0012954154	0.0000006763	0.0000000003	0.0000017248	0.0000006472	0.0000016781	0.0000024015	0.0000023253	0.0000047268
0.0833178295	0.7987982344	0.8520463307	0.8868705175	0.8261815777	0.9607336290	0.9315695599	0.0025844085	0.0001874238	0.0025834045	0.0023969847	0.0023959807	0.0000066792	0.0000000351	0.0000066740	0.0000057455	0.0000057407	0.0000133883	0.0000114863	0.0000248745
0.0833178295	0.8054649011	0.8535280438	0.8870180796	0.8272091879	0.9622442467	0.9325730861	0.0043219035	0.0003537951	0.0038264383	0.0039681084	0.0034726431	0.0000186789	0.0000001252	0.0000146416	0.0000157459	0.0000120593	0.0000334457	0.0000278051	0.0000612508
0.0833178295	0.8121315678	0.8549920227	0.8871628797	0.8282162800	0.9637373726	0.9335560572	0.0060356432	0.0005170255	0.0050431554	0.0055186177	0.0045261299	0.0000364290	0.0000002673	0.0000254334	0.0000304551	0.0000204859	0.0000621297	0.0000509410	0.0001130707
0.0833178295	0.8187982344	0.8564387895	0.8873049305	0.8292033690	0.9652136037	0.9345190593	0.0077263538	0.0006771308	0.0062342709	0.0070492230	0.0055571401	0.0000596965	0.0000004585	0.0000388661	0.0000496915	0.0000308818	0.0000990212	0.0000805734	0.0001795945
0.0833178295	0.8254649011	0.8578688481	0.8874442440	0.8301709510	0.9666735166	0.9354626576	0.0093947345	0.0008341259	0.0074004720	0.0085606086	0.0065663461	0.0000882610	0.0000006958	0.0000547670	0.0000732840	0.0000431169	0.0001437238	0.0001164009	0.0002601247
0.0833178295	0.8321315678	0.8592826849	0.8875808315	0.8311195046	0.9681176682	0.9363873971	0.0110414583	0.0009880251	0.0085424200	0.0100534332	0.0075543949	0.0001219138	0.0000009762	0.0000729729	0.0001010715	0.0000570689	0.0001958629	0.0001581404	0.0003540033
0.0833178295	0.8387982344	0.8606807698	0.8877147037	0.8320494912	0.9695465966	0.9372938036	0.0126671732	0.0011388419	0.0096607510	0.0115283313	0.0085219091	0.0001604573	0.0000012970	0.0000933301	0.0001329024	0.0000726229	0.0002550843	0.0002055254	0.0004606097
0.0833178295	0.8454649011	0.8620635562	0.8878458707	0.8329613559	0.9709608218	0.9381823844	0.0142725034	0.0012865890	0.0107560770	0.0129859144	0.0094694879	0.0002037044	0.0000016553	0.0001156932	0.0001686340	0.0000896712	0.0003210529	0.0002583052	0.0005793580
0.0833178295	0.8521315678	0.8634314824	0.8879743419	0.8338555281	0.9723608461	0.9390536288	0.0158580502	0.0014312785	0.0118289870	0.0144267717	0.0103977085	0.0002514778	0.0000020486	0.0001399249	0.0002081317	0.0001081123	0.0003934512	0.0003162441	0.0007096953
0.0833178295	0.8587982344	0.8647849718	0.8881001264	0.8347324220	0.9737471554	0.9399080095	0.0174243929	0.0015729217	0.0128800482	0.0158514712	0.0113071265	0.0003036095	0.0000024741	0.0001658956	0.0002512691	0.0001278511	0.0004719792	0.0003791202	0.0008510994
0.0833178295	0.8654649011	0.8661244332	0.8882232324	0.8355924375	0.9751202193	0.9407459825	0.0189720900	0.0017115295	0.0139098066	0.0172605605	0.0121982772	0.0003599402	0.0000029293	0.0001934827	0.0002979269	0.0001487980	0.0005563523	0.0004467249	0.0010030772
0.0833178295	0.8721315678	0.8674502621	0.8883436680	0.8364359603	0.9764804920	0.9415679882	0.0205016798	0.0018471118	0.0149187882	0.0186545679	0.0130716763	0.0004203189	0.0000034118	0.0002225702	0.0003479929	0.0001708687	0.0006463009	0.0005188616	0.0011651626
0.0833178295	0.8787982344	0.8687628404	0.8884614405	0.8372633630	0.9778284130	0.9423744518	0.0220136814	0.0019796784	0.0159074995	0.0200340030	0.0139278211	0.0004846022	0.0000039191	0.0002530485	0.0004013613	0.0001939842	0.0007415698	0.0005953455	0.0013369153
0.0833178295	0.8854649011	0.8700625374	0.8885765568	0.8380750051	0.9791644071	0.9431657843	0.0235085956	0.0021092382	0.0168764288	0.0213993574	0.0147671906	0.0005526541	0.0000044489	0.0002848138	0.0004579325	0.0002180699	0.0008419168	0.0006760024	0.0015179192
0.0833178295	0.8921315678	0.8713497105	0.8886890233	0.8388712340	0.9804888860	0.9439423825	0.0249869052	0.0022357995	0.0178260465	0.0227511058	0.0155902470	0.0006243454	0.0000049988	0.0003177679	0.0005176128	0.0002430558	0.0009471122	0.0007606686	0.0017077808
0.0833178295	0.8987982344	0.8726247048	0.8887988461	0.8396523850	0.9818022476	0.9447046299	0.0264490764	0.0023593702	0.0187568062	0.0240897062	0.0163974359	0.0006995536	0.0000055666	0.0003518178	0.0005803139	0.0002688759	0.0010569380	0.0008491898	0.0019061279
0.0833178295	0.9054649011	0.8738878546	0.8889060308	0.8404187822	0.9831048776	0.9454528973	0.0278955590	0.0024799579	0.0196691452	0.0254156011	0.0171891873	0.0007781622	0.0000061502	0.0003868753	0.0006459528	0.0002954682	0.0011711877	0.0009414209	0.0021126086
0.0833178295	0.9121315678	0.8751394829	0.8890105825	0.8411707386	0.9843971491	0.9461875429	0.0293267871	0.0025975694	0.0205634853	0.0267292177	0.0179659159	0.0008600604	0.0000067474	0.0004228569	0.0007144511	0.0003227741	0.0012896647	0.0010372252	0.0023268900
0.0833178295	0.9187982344	0.8763799027	0.8891125061	0.8419085568	0.9856794238	0.9469089132	0.0307431801	0.0027122112	0.0214402334	0.0280309689	0.0187280222	0.0009451431	0.0000073561	0.0004596836	0.0007857352	0.0003507388	0.0014121828	0.0011364740	0.0025486569
0.0833178295	0.9254649011	0.8776094164	0.8892118061	0.8426325293	0.9869520517	0.9476173433	0.0321451430	0.0028238893	0.0222997820	0.0293212537	0.0194758927	0.0010333102	0.0000079744	0.0004972803	0.0008597359	0.0003793104	0.0015385648	0.0012390463	0.0027776112
0.0833178295	0.9321315678	0.8788283172	0.8893084865	0.8433429387	0.9882153723	0.9483131573	0.0335330669	0.0029326095	0.0231425102	0.0306004574	0.0202099007	0.0011244666	0.0000086002	0.0005355758	0.0009363880	0.0004084401	0.0016686426	0.0013448281	0.0030134706
0.0833178295	0.9387982344	0.8800368886	0.8894025513	0.8440400585	0.9894697145	0.9489966688	0.0349073298	0.0030383769	0.0239687835	0.0318689530	0.0209304066	0.0012185217	0.0000092317	0.0005745026	0.0010156302	0.0004380819	0.0018022560	0.0014537121	0.0032559681
0.0833178295	0.9454649011	0.8812354053	0.8894940040	0.8447241530	0.9907153971	0.9496681812	0.0362682971	0.0031411964	0.0247789553	0.0331271007	0.0216377589	0.0013153894	0.0000098671	0.0006139966	0.0010974048	0.0004681926	0.0019392531	0.0015655974	0.0035048505
0.0833178295	0.9521315678	0.8824241335	0.8895828477	0.8453954780	0.9919527290	0.9503279882	0.0376163218	0.0032410726	0.0255733665	0.0343752492	0.0223322939	0.0014149877	0.0000105046	0.0006539971	0.0011816578	0.0004987314	0.0020794893	0.0016803891	0.0037598784
0.0833178295	0.9587982344	0.8836033308	0.8896690855	0.8460542810	0.9931820102	0.9509763740	0.0389517455	0.0033380097	0.0263523468	0.0356137357	0.0230143371	0.0015172385	0.0000111423	0.0006944462	0.0012683382	0.0005296597	0.0022228270	0.0017979979	0.0040208249
0.0833178295	0.9654649011	0.8847732468	0.8897527201	0.8467008014	0.9944035313	0.9516136138	0.0402748983	0.0034320117	0.0271162145	0.0368428866	0.0236842028	0.0016220674	0.0000117787	0.0007352891	0.0013573983	0.0005609415	0.0023691352	0.0019183398	0.0042874750
0.0833178295	0.9721315678	0.8859341237	0.8898337539	0.8473352711	0.9956175744	0.9522399744	0.0415860997	0.0035230821	0.0278652773	0.0380630176	0.0243421952	0.0017294037	0.0000124121	0.0007764737	0.0014487933	0.0005925425	0.0025182895	0.0020413358	0.0045596253
0.0833178295	0.9787982344	0.8870861958	0.8899121893	0.8479579144	0.9968244132	0.9528557139	0.0428856588	0.0036112243	0.0285998327	0.0392744345	0.0249886084	0.0018391797	0.0000130409	0.0008179504	0.0015424812	0.0006244305	0.0026701711	0.0021669118	0.0048370829
0.0833178295	0.9854649011	0.8882296907	0.8899880283	0.8485689488	0.9980243133	0.9534610824	0.0441738747	0.0036964414	0.0293201683	0.0404774332	0.0256237269	0.0019513312	0.0000136637	0.0008596723	0.0016384226	0.0006565754	0.0028246672	0.0022949980	0.0051196651
0.0859844961	0.5854649011	0.7910849292	0.8806042394	0.7782005368	0.8983433123	0.8837120037	-0.0716511642	-0.0069032623	-0.0572469223	-0.0647479018	-0.0503436599	0.0051338893	0.0000476550	0.0032772101	0.0041922908	0.0025344841	0.0084587545	0.0067267749	0.0151855293
0.0859844961	0.5921315678	0.7935607582	0.8808507034	0.7803107151	0.9009026787	0.8858603530	-0.0685263887	-0.0066234209	-0.0545389796	-0.0619029678	-0.0479155587	0.0046958659	0.0000438697	0.0029745003	0.0038319774	0.0022959008	0.0077142359	0.0061278782	0.0138421141
0.0859844961	0.5987982344	0.7959866769	0.8810936300	0.7823680309	0.9034075946	0.8879510692	-0.0654740474	-0.0063476725	-0.0519059151	-0.0591263749	-0.0455582425	0.0042868509	0.0000402929	0.0026942240	0.0034959282	0.0020755535	0.0070213678	0.0055714817	0.0125928495
0.0859844961	0.6054649011	0.7983643913	0.8813330517	0.7843742199	0.9058600375	0.8899861617	-0.0624913717	-0.0060759770	-0.0493449449	-0.0564153946	-0.0432689678	0.0039051715	0.0000369175	0.0024349236	0.0031826967	0.0018722036	0.0063770126	0.0050549003	0.0114319129
0.0859844961	0.6121315678	0.8006955434	0.8815690011	0.7863309514	0.9082619085	0.8919675606	-0.0595757164	-0.0058082941	-0.0468534111	-0.0537674223	-0.0410451170	0.0035492660	0.0000337363	0.0021952421	0.0028909357	0.0016847016	0.0057782444	0.0045756373	0.0103538817
0.0859844961	0.6187982344	0.8029817138	0.8818015109	0.7882398310	0.9106150351	0.8938971200	-0.0567245543	-0.0055445835	-0.0444287750	-0.0511799708	-0.0388841915	0.0032176751	0.0000307424	0.0019739161	0.0026193894	0.0015119803	0.0052223335	0.0041313698	0.0093537033
0.0859844961	0.6254649011	0.8052244238	0.8820306135	0.7901024028	0.9129211748	0.8957766212	-0.0539354697	-0.0052848053	-0.0420686118	-0.0486506644	-0.0367838066	0.0029090349	0.0000279292	0.0017697681	0.0023668871	0.0013530484	0.0047067322	0.0037199356	0.0084266677
0.0859844961	0.6321315678	0.8074251379	0.8822563413	0.7919201517	0.9151820170	0.8976077753	-0.0512061533	-0.0050289197	-0.0397706044	-0.0461772336	-0.0347416847	0.0026220701	0.0000252900	0.0015817010	0.0021323369	0.0012069847	0.0042290611	0.0033393216	0.0075683827
0.0859844961	0.6387982344	0.8095852654	0.8824787262	0.7936945060	0.9173991863	0.8993922260	-0.0485343971	-0.0047768876	-0.0375325386	-0.0437575095	-0.0327556510	0.0023555877	0.0000228187	0.0014086915	0.0019147196	0.0010729327	0.0037870978	0.0029876523	0.0067747501
0.0859844961	0.6454649011	0.8117061630	0.8826977999	0.7954268391	0.9195742451	0.9011315528	-0.0459180891	-0.0045286702	-0.0353522975	-0.0413894189	-0.0308236272	0.0021084709	0.0000205089	0.0012497849	0.0017130840	0.0009500960	0.0033787647	0.0026631800	0.0060419447
0.0859844961	0.6521315678	0.8137891367	0.8829135935	0.7971184720	0.9217086957	0.9028272731	-0.0433552089	-0.0042842296	-0.0332278575	-0.0390709794	-0.0289436279	0.0018796741	0.0000183546	0.0011040905	0.0015265414	0.0008377336	0.0030021193	0.0023642750	0.0053663943
0.0859844961	0.6587982344	0.8158354436	0.8831261376	0.7987706750	0.9238039832	0.9044808448	-0.0408438233	-0.0040435282	-0.0311572831	-0.0368002950	-0.0271137549	0.0016682179	0.0000163501	0.0009707763	0.0013542617	0.0007351557	0.0026553443	0.0020894174	0.0047447617
0.0859844961	0.6654649011	0.8178462937	0.8833354622	0.8003846700	0.9258614974	0.9060936691	-0.0383820817	-0.0038065295	-0.0291387230	-0.0345755522	-0.0253321935	0.0014731842	0.0000144897	0.0008490652	0.0011954688	0.0006417200	0.0023367390	0.0018371888	0.0041739279
0.0859844961	0.6721315678	0.8198228521	0.8835415966	0.8019616322	0.9278825754	0.9076670926	-0.0359682127	-0.0035731976	-0.0271704061	-0.0323950152	-0.0235972085	0.0012937123	0.0000127677	0.0007382310	0.0010494370	0.0005568282	0.0020447110	0.0016062653	0.0036509763
0.0859844961	0.6787982344	0.8217662404	0.8837445696	0.8035026920	0.9298685035	0.9092024095	-0.0336005201	-0.0033434974	-0.0252506371	-0.0302570227	-0.0219071397	0.0011289949	0.0000111790	0.0006375947	0.0009154874	0.0004799228	0.0017777686	0.0013954102	0.0031731788
0.0859844961	0.6854649011	0.8236775386	0.8839444090	0.8050089368	0.9318205197	0.9107008637	-0.0312773790	-0.0031173949	-0.0233777937	-0.0281599841	-0.0202603988	0.0009782744	0.0000097182	0.0005465212	0.0007929847	0.0004104838	0.0015345138	0.0012034685	0.0027379823
0.0859844961	0.6921315678	0.8255577865	0.8841411422	0.8064814125	0.9337398149	0.9121636513	-0.0289972329	-0.0028948568	-0.0215503224	-0.0261023761	-0.0186554656	0.0008408395	0.0000083802	0.0004644164	0.0006813340	0.0003480264	0.0013136361	0.0010293604	0.0023429965
0.0859844961	0.6987982344	0.8274079856	0.8843347955	0.8079211256	0.9356275358	0.9135919220	-0.0267585902	-0.0026758509	-0.0197667358	-0.0240827393	-0.0170908848	0.0007160222	0.0000071602	0.0003907238	0.0005799783	0.0002920983	0.0011139062	0.0008720767	0.0019859828
0.0859844961	0.7054649011	0.8292291002	0.8845253947	0.8093290441	0.9374847859	0.9149867816	-0.0245600213	-0.0024603459	-0.0180256089	-0.0220996754	-0.0155652630	0.0006031946	0.0000060533	0.0003249226	0.0004883957	0.0002422774	0.0009341705	0.0007306731	0.0016648436
0.0859844961	0.7121315678	0.8310220595	0.8847129644	0.8107060997	0.9393126278	0.9163492932	-0.0224001554	-0.0022483114	-0.0163255767	-0.0201518440	-0.0140772653	0.0005017670	0.0000050549	0.0002665245	0.0004060968	0.0001981694	0.0007733463	0.0006042662	0.0013776125
0.0859844961	0.7187982344	0.8327877580	0.8848975289	0.8120531888	0.9411120846	0.9176804797	-0.0202776782	-0.0020397181	-0.0146653312	-0.0182379601	-0.0126256131	0.0004111842	0.0000041604	0.0002150719	0.0003326232	0.0001594061	0.0006304166	0.0004920293	0.0011224459
0.0859844961	0.7254649011	0.8345270580	0.8850791112	0.8133711741	0.9428841416	0.9189813248	-0.0181913289	-0.0018345376	-0.0130436185	-0.0163567912	-0.0112090809	0.0003309244	0.0000033655	0.0001701360	0.0002675446	0.0001256435	0.0005044260	0.0003931881	0.0008976141
0.0859844961	0.7321315678	0.8362407899	0.8852577337	0.8146608861	0.9446297479	0.9202527750	-0.0161398978	-0.0016327427	-0.0114592367	-0.0145071552	-0.0098264940	0.0002604963	0.0000026658	0.0001313141	0.0002104576	0.0000965600	0.0003944763	0.0003070175	0.0007014938
0.0859844961	0.7387982344	0.8379297540	0.8854334181	0.8159231238	0.9463498180	0.9214957412	-0.0141222244	-0.0014343068	-0.0099110331	-0.0126879176	-0.0084767263	0.0001994372	0.0000020572	0.0000982286	0.0001609833	0.0000718549	0.0002997230	0.0002328381	0.0005325612
0.0859844961	0.7454649011	0.8395947218	0.8856061849	0.8171586568	0.9480452328	0.9227110997	-0.0121371943	-0.0012392046	-0.0083979023	-0.0108979897	-0.0071586977	0.0001473115	0.0000015356	0.0000705248	0.0001187662	0.0000512470	0.0002193719	0.0001700131	0.0003893850
0.0859844961	0.7521315678	0.8412364365	0.8857760541	0.8183682256	0.9497168416	0.9238996943	-0.0101837379	-0.0010474118	-0.0069187837	-0.0091363261	-0.0058713720	0.0001037085	0.0000010971	0.0000478696	0.0000834725	0.0000344730	0.0001526752	0.0001179455	0.0002706206
0.0859844961	0.7587982344	0.8428556147	0.8859430448	0.8195525436	0.9513654627	0.9250623372	-0.0082608278	-0.0008589048	-0.0054726598	-0.0074019230	-0.0046137550	0.0000682413	0.0000007377	0.0000299500	0.0000547885	0.0000212867	0.0000989290	0.0000760752	0.0001750042
0.0859844961	0.7654649011	0.8444529474	0.8861071752	0.8207122976	0.9529918853	0.9261998104	-0.0063674774	-0.0006736613	-0.0040585538	-0.0056938161	-0.0033848924	0.0000405448	0.0000004538	0.0000164719	0.0000324195	0.0000114575	0.0000574704	0.0000438770	0.0001013475
0.0859844961	0.7721315678	0.8460291006	0.8862684628	0.8218481491	0.9545968701	0.9273128669	-0.0045027387	-0.0004916597	-0.0026755281	-0.0040110789	-0.0021838684	0.0000202747	0.0000002417	0.0000071585	0.0000160888	0.0000047693	0.0000276748	0.0000208580	0.0000485329
0.0859844961	0.7787982344	0.8475847169	0.8864269243	0.8229607352	0.9561811511	0.9284022322	-0.0026657004	-0.0003128794	-0.0013226825	-0.0023528210	-0.0010098031	0.0000071060	0.0000000979	0.0000017495	0.0000055358	0.0000010197	0.0000089533	0.0000065555	0.0000155088
0.0859844961	0.7854649011	0.8491204156	0.8865825756	0.8240506696	0.9577454362	0.9294686048	-0.0008554870	-0.0001373007	0.0000008477	-0.0007181863	0.0001381484	0.0000007319	0.0000000189	0.0000000000	0.0000005158	0.0000000191	0.0000007507	0.0000005349	0.0000012856
0.0859844961	0.7921315678	0.8506367947	0.8867354320	0.8251185439	0.9592904084	0.9305126582	0.0009287436	0.0000350951	0.0012958930	0.0008936484	0.0012607978	0.0000008626	0.0000000012	0.0000016793	0.0000007986	0.0000015896	0.0000025431	0.0000023882	0.0000049314
0.0859844961	0.7987982344	0.8521344305	0.8868855078	0.8261649278	0.9608167267	0.9315350409	0.0026878011	0.0002043261	0.0025632514	0.0024834750	0.0023589253	0.0000072243	0.0000000417	0.0000065703	0.0000061676	0.0000055645	0.0000138363	0.0000117322	0.0000255685
0.0859844961	0.8054649011	0.8536138796	0.8870328168	0.8271903705	0.9623250273	0.9325363784	0.0044224643	0.0003704093	0.0038036899	0.0040520551	0.0034332807	0.0000195582	0.0000001372	0.0000144681	0.0000164192	0.0000117874	0.0000341635	0.0000282066	0.0000623700
0.0859844961	0.8121315678	0.8550756789	0.8871773720	0.8281954013	0.9638159245	0.9335172734	0.0061334828	0.0005333609	0.0050179458	0.0056001219	0.0044845849	0.0000376196	0.0000002845	0.0000251798	0.0000313614	0.0000201115	0.0000630839	0.0000514729	0.0001145567
0.0859844961	0.8187982344	0.8565203467	0.8873191857	0.8291805305	0.9652900112	0.9344783071	0.0078215775	0.0006931963	0.0062067278	0.0071283812	0.0055135315	0.0000611771	0.0000004805	0.0000385235	0.0000508138	0.0000303990	0.0001001811	0.0000812128	0.0001813939
0.0859844961	0.8254649011	0.8579483833	0.8874582697	0.8301462502	0.9667478602	0.9354200400	0.0094874427	0.0008499304	0.0073707177	0.0086375124	0.0065207873	0.0000900116	0.0000007224	0.0000543275	0.0000746066	0.0000425207	0.0001450614	0.0001171273	0.0002621887
0.0859844961	0.8321315678	0.8593602718	0.8875946350	0.8310930347	0.9681900249	0.9363430128	0.0111317468	0.0010035768	0.0085105710	0.0101281699	0.0075069942	0.0001239158	0.0000010072	0.0000724298	0.0001025798	0.0000563550	0.0001973528	0.0001589348	0.0003562876
0.0859844961	0.8387982344	0.8607564787	0.8877282921	0.8320213416	0.9696170397	0.9372477468	0.0127551333	0.0011541489	0.0096269188	0.0116009844	0.0084727698	0.0001626934	0.0000013321	0.0000926776	0.0001345828	0.0000717878	0.0002567031	0.0002063707	0.0004630737
0.0859844961	0.8454649011	0.8621374545	0.8878592507	0.8329316122	0.9710294214	0.9381347455	0.0143582223	0.0013016591	0.0107203680	0.0130565632	0.0094187088	0.0002061585	0.0000016943	0.0001149263	0.0001704738	0.0000887121	0.0003227792	0.0002591859	0.0005819651
0.0859844961	0.8521315678	0.8635036346	0.8879875202	0.8338242724	0.9724276693	0.9390044944	0.0159416111	0.0014461192	0.0117915030	0.0144954919	0.0103453838	0.0002541350	0.0000020913	0.0001390395	0.0002101193	0.0001070270	0.0003952658	0.0003171463	0.0007124120
0.0859844961	0.8587982344	0.8648554395	0.8881131092	0.8346997331	0.9738122661	0.9398574624	0.0175058753	0.0015875403	0.0128408865	0.0159183351	0.0112533462	0.0003064557	0.0000025203	0.0001648884	0.0002533934	0.0001266378	0.0004738643	0.0003800312	0.0008538955
0.0859844961	0.8654649011	0.8661932754	0.8882360259	0.8355583907	0.9751836788	0.9406941019	0.0190515699	0.0017259328	0.0138690601	0.0173256370	0.0121431273	0.0003629623	0.0000029788	0.0001923508	0.0003001777	0.0001474555	0.0005582920	0.0004476332	0.0010059252
0.0859844961	0.8721315678	0.8675175353	0.8883562781	0.8364006280	0.9765423589	0.9415148501	0.0205792296	0.0018613067	0.0148765458	0.0187179229	0.0130152390	0.0004235047	0.0000034645	0.0002213116	0.0003503606	0.0001693964	0.0006482808	0.0005197571	0.0011680379
0.0859844961	0.8787982344	0.8688285988	0.8884738728	0.8372268145	0.9778887431	0.9423201291	0.0220893706	0.0019936713	0.0158638462	0.0200956992	0.0138701749	0.0004879403	0.0000039747	0.0002516616	0.0004038371	0.0001923818	0.0007435766	0.0005962189	0.0013397955
0.0859844961	0.8854649011	0.8701268328	0.8885888167	0.8380373069	0.9792232543	0.9431103466	0.0235824903	0.0021230353	0.0168314459	0.0214594550	0.0147084105	0.0005561338	0.0000045073	0.0002832976	0.0004605082	0.0002163373	0.0008439387	0.0006768455	0.0015207842
0.0859844961	0.8921315678	0.8714125925	0.8887011162	0.8388324498	0.9805463014	0.9438858966	0.0250590689	0.0022494069	0.0177798117	0.0228096620	0.0155304048	0.0006279569	0.0000050598	0.0003161217	0.0005202807	0.0002411935	0.0009491385	0.0007614742	0.0017106126
0.0859844961	0.8987982344	0.8726862211	0.8888107770	0.8396125760	0.9818582804	0.9446471597	0.0265195696	0.0023727937	0.0187093938	0.0241467759	0.0163366000	0.0007032876	0.0000056302	0.0003500414	0.0005830668	0.0002668845	0.0010589591	0.0008499513	0.0019089104
0.0859844961	0.9054649011	0.8739480507	0.8889178045	0.8403780070	0.9831595748	0.9453945041	0.0279644397	0.0024932031	0.0196206264	0.0254712367	0.0171274233	0.0007820099	0.0000062161	0.0003849690	0.0006487839	0.0002933486	0.0011731949	0.0009421325	0.0021153275
0.0859844961	0.9121315678	0.8751984027	0.8890222039	0.8411290535	0.9844505558	0.9461282855	0.0293941110	0.0026106416	0.0205139280	0.0267834694	0.0179032864	0.0008640138	0.0000068154	0.0004208212	0.0007173542	0.0003205277	0.0012916505	0.0010378819	0.0023295324
0.0859844961	0.9187982344	0.8764375880	0.8891239796	0.8418660158	0.9857315831	0.9468488479	0.0308090003	0.0027251156	0.0213897028	0.0280838846	0.0186645872	0.0009491945	0.0000074263	0.0004575194	0.0007887046	0.0003483668	0.0014141401	0.0011370714	0.0025512115
0.0859844961	0.9254649011	0.8776659075	0.8892231361	0.8425891840	0.9870030051	0.9475565241	0.0322095103	0.0028366310	0.0222483404	0.0293728793	0.0194117094	0.0010374526	0.0000080465	0.0004949886	0.0008627660	0.0003768145	0.0015404877	0.0012395805	0.0027800682
0.0859844961	0.9321315678	0.8788836527	0.8893196774	0.8432988388	0.9882651594	0.9482516358	0.0335960301	0.0029451931	0.0230902170	0.0306508370	0.0201450239	0.0011286932	0.0000086742	0.0005331581	0.0009394738	0.0004058220	0.0016705255	0.0013452958	0.0030158213
0.0859844961	0.9387982344	0.8800911056	0.8894136070	0.8439952516	0.9895183734	0.9489344946	0.0349689356	0.0030508072	0.0239156959	0.0319181285	0.0208648887	0.0012228265	0.0000093074	0.0005719605	0.0010187669	0.0004353436	0.0018040944	0.0014541105	0.0032582049
0.0859844961	0.9454649011	0.8812885395	0.8895049283	0.8446786848	0.9907629642	0.9496054017	0.0363285903	0.0031534778	0.0247251277	0.0331751125	0.0215716499	0.0013197665	0.0000099444	0.0006113319	0.0011005881	0.0004653361	0.0019410428	0.0015659242	0.0035069670
0.0859844961	0.9521315678	0.8824762189	0.8895936445	0.8453493923	0.9919992395	0.9502646489	0.0376753454	0.0032532094	0.0255188512	0.0344221359	0.0222656418	0.0014194317	0.0000105834	0.0006512118	0.0011848834	0.0004957588	0.0020812268	0.0016806422	0.0037618690
0.0859844961	0.9587982344	0.8836544002	0.8896797584	0.8460076197	0.9932274977	0.9509125185	0.0390095406	0.0033500061	0.0262971937	0.0356595344	0.0229471876	0.0015217443	0.0000112225	0.0006915424	0.0012716024	0.0005265734	0.0022245092	0.0017981758	0.0040226850
0.0859844961	0.9654649011	0.8848233318	0.8897632726	0.8466536050	0.9944480280	0.9515492841	0.0403315044	0.0034438716	0.0270604714	0.0368876328	0.0236165998	0.0016266302	0.0000118603	0.0007322691	0.0013606975	0.0005577438	0.0023707596	0.0019184412	0.0042892008
0.0859844961	0.9721315678	0.8859832545	0.8898441893	0.8472875782	0.9956611114	0.9521752104	0.0416415547	0.0035348094	0.0278089900	0.0381067453	0.0242741806	0.0017340191	0.0000124949	0.0007733399	0.0014521240	0.0005892358	0.0025198539	0.0020413599	0.0045612138
0.0859844961	0.9787982344	0.8871344016	0.8899225109	0.8479097621	0.9968670202	0.9527905539	0.0429399991	0.0036228227	0.0285430449	0.0393171763	0.0249202222	0.0018438435	0.0000131248	0.0008147054	0.0015458404	0.0006210175	0.0026716738	0.0021668578	0.0048385316
0.0859844961	0.9854649011	0.8882769995	0.8899982392	0.8485203727	0.9980660189	0.9533955633	0.0442271351	0.0037079145	0.0292629220	0.0405192206	0.0255550075	0.0019560395	0.0000137486	0.0008563186	0.0016418072	0.0006530584	0.0028261067	0.0022948656	0.0051209724
0.0886511628	0.5854649011	0.7913353000	0.8806347762	0.7783599759	0.8985964686	0.8838624103	-0.0713347238	-0.0068685858	-0.0570420615	-0.0644661381	-0.0501734758	0.0050886428	0.0000471775	0.0032537968	0.0041558830	0.0025173777	0.0083896171	0.0066732606	0.0150628777
0.0886511628	0.5921315678	0.7938018993	0.8808804881	0.7804598577	0.9011459670	0.8859997108	-0.0682225626	-0.0065896079	-0.0543478655	-0.0616329547	-0.0477582576	0.0046543180	0.0000434229	0.0029536905	0.0037986211	0.0022808512	0.0076514315	0.0060794723	0.0137309037
0.0886511628	0.5987982344	0.7962190220	0.8811226867	0.7825073621	0.9036414951	0.8880799166	-0.0651821944	-0.0063146951	-0.0517278418	-0.0588674993	-0.0454131467	0.0042487185	0.0000398754	0.0026757696	0.0034653825	0.0020623539	0.0069643635	0.0055277364	0.0124920998
0.0886511628	0.6054649011	0.7985883507	0.8813614039	0.7845042006	0.9060850034	0.8901050092	-0.0622108882	-0.0060438079	-0.0491792460	-0.0561670803	-0.0431354381	0.0038701946	0.0000365276	0.0024185982	0.0031547409	0.0018606660	0.0063253205	0.0050154069	0.0113407274
0.0886511628	0.6121315678	0.8009115056	0.8815966716	0.7864520194	0.9084783682	0.8920768927	-0.0593060345	-0.0057769069	-0.0466994572	-0.0535291276	-0.0409225503	0.0035172057	0.0000333727	0.0021808393	0.0028653675	0.0016746551	0.0057314177	0.0045400226	0.0102714403
0.0886511628	0.6187982344	0.8031900467	0.8818285216	0.7883524026	0.9108233937	0.8939973966	-0.0564651388	-0.0055139526	-0.0442859713	-0.0509511862	-0.0387720187	0.0031883119	0.0000304037	0.0019612473	0.0025960234	0.0015032694	0.0051799628	0.0040992928	0.0092792556
0.0886511628	0.6254649011	0.8054254759	0.8820569860	0.7902068739	0.9131218150	0.8958682788	-0.0536858163	-0.0052549060	-0.0419363958	-0.0484309103	-0.0366814898	0.0028821669	0.0000276140	0.0017586613	0.0023455531	0.0013455317	0.0046684422	0.0036910848	0.0083595270
0.0886511628	0.6321315678	0.8076192393	0.8822820962	0.7920168989	0.9153753009	0.8976912285	-0.0509657866	-0.0049997280	-0.0396484441	-0.0459660586	-0.0346487161	0.0025975114	0.0000249973	0.0015719991	0.0021128785	0.0012005335	0.0041945078	0.0033134121	0.0075079199
0.0886511628	0.6387982344	0.8097727292	0.8825038838	0.7937838876	0.9175854567	0.8994678689	-0.0483028685	-0.0047483802	-0.0374199303	-0.0435544884	-0.0326715501	0.0023331671	0.0000225471	0.0014002512	0.0018969935	0.0010674302	0.0037559654	0.0029644236	0.0067203891
0.0886511628	0.6454649011	0.8118872860	0.8827223795	0.7955091962	0.9197538261	0.9011997596	-0.0456949754	-0.0045008246	-0.0352487646	-0.0411941508	-0.0307479400	0.0020880308	0.0000202574	0.0012424754	0.0016969581	0.0009454358	0.0033507636	0.0026423939	0.0059931575
0.0886511628	0.6521315678	0.8139642003	0.8829376140	0.7971941294	0.9218818944	0.9028883997	-0.0431401106	-0.0042570240	-0.0331329484	-0.0388830866	-0.0288759244	0.0018610691	0.0000181223	0.0010977923	0.0015118944	0.0008338190	0.0029769837	0.0023457134	0.0053226971
0.0886511628	0.6587982344	0.8160047148	0.8831496173	0.7988399421	0.9239710903	0.9045352298	-0.0406363627	-0.0040169415	-0.0310705698	-0.0366194212	-0.0270536282	0.0016513140	0.0000161358	0.0009653803	0.0013409820	0.0007318988	0.0026328301	0.0020728808	0.0047057109
0.0886511628	0.6654649011	0.8180100261	0.8833584188	0.8004478415	0.9260227883	0.9061416345	-0.0381819023	-0.0037805413	-0.0290597998	-0.0344013610	-0.0252792585	0.0014578577	0.0000142925	0.0008444720	0.0011834536	0.0006390409	0.0023166221	0.0018224945	0.0041391167
0.0886511628	0.6721315678	0.8199812862	0.8835640472	0.8020189890	0.9280383112	0.9077089448	-0.0357749773	-0.0035477881	-0.0270988880	-0.0322271892	-0.0235511000	0.0012798490	0.0000125868	0.0007343497	0.0010385917	0.0005546543	0.0020267855	0.0015932460	0.0036200316
0.0886511628	0.6787982344	0.8219196048	0.8837665308	0.8035545018	0.9300189316	0.9092384401	-0.0334139097	-0.0033186475	-0.0251861592	-0.0300952622	-0.0218675117	0.0011164894	0.0000110134	0.0006343426	0.0009057248	0.0004781881	0.0017618454	0.0013839129	0.0031457583
0.0886511628	0.6854649011	0.8238260503	0.8839658969	0.8050554551	0.9319658747	0.9107313505	-0.0310970920	-0.0030930861	-0.0233200093	-0.0280040059	-0.0202269232	0.0009670291	0.0000095672	0.0005438228	0.0007842243	0.0004091284	0.0015204191	0.0011933528	0.0027137719
0.0886511628	0.6921315678	0.8257016519	0.8841621722	0.8065228828	0.9338803195	0.9121888587	-0.0288229836	-0.0028710713	-0.0214989025	-0.0259519123	-0.0186278312	0.0008307644	0.0000082431	0.0004622028	0.0006735018	0.0003469961	0.0013012102	0.0010204978	0.0023217081
0.0886511628	0.6987982344	0.8275474007	0.8843553827	0.8079577803	0.9357634011	0.9136121021	-0.0265901081	-0.0026525713	-0.0197213676	-0.0239375368	-0.0170687963	0.0007070339	0.0000070361	0.0003889323	0.0005730057	0.0002913438	0.0011030023	0.0008643495	0.0019673518
0.0886511628	0.7054649011	0.8293642517	0.8845455536	0.8093611050	0.9376162124	0.9150021745	-0.0243970502	-0.0024375555	-0.0179859955	-0.0219594947	-0.0155484400	0.0005952161	0.0000059417	0.0003234960	0.0004822194	0.0002417540	0.0009246538	0.0007239734	0.0016486272
0.0886511628	0.7121315678	0.8311531245	0.8847327092	0.8107337786	0.9394398058	0.9163601279	-0.0222424524	-0.0022259940	-0.0162914356	-0.0200164584	-0.0140654416	0.0004947267	0.0000049550	0.0002654109	0.0004006586	0.0001978366	0.0007650926	0.0005984953	0.0013635879
0.0886511628	0.7187982344	0.8329149054	0.8849168730	0.8120766878	0.9412351948	0.9176869745	-0.0201250131	-0.0020178581	-0.0146363938	-0.0181071550	-0.0126185357	0.0004050162	0.0000040718	0.0002142240	0.0003278691	0.0001592274	0.0006233119	0.0004870965	0.0011104084
0.0886511628	0.7254649011	0.8346504482	0.8850980678	0.8133906865	0.9430033559	0.9189836879	-0.0180434833	-0.0018131199	-0.0130196293	-0.0162303634	-0.0112065095	0.0003255673	0.0000032874	0.0001695107	0.0002634247	0.0001255859	0.0004983654	0.0003890106	0.0008873760
0.0886511628	0.7321315678	0.8363605760	0.8852763156	0.8146765962	0.9447452295	0.9202512050	-0.0159966646	-0.0016117525	-0.0114399526	-0.0143849120	-0.0098282001	0.0002558933	0.0000025977	0.0001308725	0.0002069257	0.0000965935	0.0003893635	0.0003035192	0.0006928827
0.0886511628	0.7387982344	0.8380460816	0.8854516374	0.8159352080	0.9464617221	0.9214904276	-0.0139834067	-0.0014137302	-0.0098962228	-0.0125696765	-0.0084824926	0.0001955357	0.0000019986	0.0000979352	0.0001579968	0.0000719527	0.0002954695	0.0002299494	0.0005254190
0.0886511628	0.7454649011	0.8397077294	0.8856240536	0.8171672835	0.9481537070	0.9227022236	-0.0120026055	-0.0012190280	-0.0083873453	-0.0107835775	-0.0071683174	0.0001440625	0.0000014860	0.0000703476	0.0001162855	0.0000513848	0.0002158961	0.0001676703	0.0003835664
0.0886511628	0.7521315678	0.8413462564	0.8857935837	0.8183735561	0.9498220261	0.9238874283	-0.0100532005	-0.0010276219	-0.0069122703	-0.0090255786	-0.0058846484	0.0001010668	0.0000010560	0.0000477795	0.0000814611	0.0000346291	0.0001499023	0.0001160902	0.0002659925
0.0886511628	0.7587982344	0.8429623729	0.8859602463	0.8195547318	0.9514674913	0.9250468463	-0.0081341734	-0.0008394890	-0.0054699899	-0.0072946844	-0.0046305009	0.0000661648	0.0000007047	0.0000299208	0.0000532124	0.0000214415	0.0000967903	0.0000746540	0.0001714443
0.0886511628	0.7654649011	0.8445567639	0.8861240593	0.8207114909	0.9530908850	0.9261812522	-0.0062445456	-0.0006546072	-0.0040595368	-0.0055899384	-0.0034049296	0.0000389944	0.0000004285	0.0000164798	0.0000312474	0.0000115935	0.0000559027	0.0000428410	0.0000987437
0.0886511628	0.7721315678	0.8461300900	0.8862850399	0.8218444883	0.9546929621	0.9272913920	-0.0043833771	-0.0004729555	-0.0026799824	-0.0039104216	-0.0022070269	0.0000192140	0.0000002237	0.0000071823	0.0000152914	0.0000048710	0.0000266200	0.0000201624	0.0000467824
0.0886511628	0.7787982344	0.8476829883	0.8864432044	0.8229543553	0.9562744507	0.9283779843	-0.0025497642	-0.0002945136	-0.0013304349	-0.0022552506	-0.0010359213	0.0000065013	0.0000000867	0.0000017701	0.0000050862	0.0000010731	0.0000083581	0.0000061593	0.0000145174
0.0886511628	0.7854649011	0.8492160735	0.8865985683	0.8240416997	0.9578360532	0.9294417215	-0.0007428382	-0.0001192623	-0.0000100376	-0.0006235759	0.0001092247	0.0000005518	0.0000000142	0.0000000001	0.0000003888	0.0000000119	0.0000005661	0.0000004008	0.0000009669
0.0886511628	0.7921315678	0.8507299383	0.8867511466	0.8251071074	0.9593784475	0.9304832709	0.0010382363	0.0000528168	0.0012820324	0.0009854195	0.0012292155	0.0000010779	0.0000000028	0.0000016436	0.0000009711	0.0000015110	0.0000027243	0.0000024820	0.0000052064
0.0886511628	0.7987982344	0.8522251551	0.8869009533	0.8261511429	0.9609022878	0.9315032754	0.0027942628	0.0002217414	0.0025465659	0.0025725214	0.0023248245	0.0000078079	0.0000000492	0.0000064850	0.0000066179	0.0000054048	0.0000143421	0.0000120227	0.0000263647
0.0886511628	0.8054649011	0.8537022757	0.8870480019	0.8271743506	0.9624082056	0.9325023548	0.0045260141	0.0003875281	0.0037843231	0.0041384860	0.0033967950	0.0000204848	0.0000001502	0.0000143211	0.0000171271	0.0000115382	0.0000349561	0.0000286653	0.0000636214
0.0886511628	0.8121315678	0.8551618333	0.8871923050	0.8281772547	0.9638968107	0.9334811067	0.0062342341	0.0005501928	0.0049960346	0.0056840413	0.0044458418	0.0000388657	0.0000003027	0.0000249604	0.0000323083	0.0000197655	0.0000641287	0.0000520738	0.0001162026
0.0886511628	0.8187982344	0.8566043421	0.8873338748	0.8291603612	0.9653686920	0.9344401073	0.0079196386	0.0007097507	0.0061824031	0.0072098879	0.0054726525	0.0000627207	0.0000005037	0.0000382221	0.0000519825	0.0000299499	0.0001014465	0.0000819324	0.0001833789
0.0886511628	0.8254649011	0.8580302989	0.8874727227	0.8301241576	0.9668244184	0.9353799124	0.0095829166	0.0008662160	0.0073441044	0.0087167006	0.0064778884	0.0000918323	0.0000007503	0.0000539359	0.0000759809	0.0000419630	0.0001465185	0.0001179439	0.0002644624
0.0886511628	0.8321315678	0.8594401832	0.8876088593	0.8310691141	0.9682645393	0.9363010581	0.0112247319	0.0010196024	0.0084817886	0.0102051295	0.0074621862	0.0001259946	0.0000010396	0.0000719407	0.0001041447	0.0000556842	0.0001989749	0.0001598289	0.0003588038
0.0886511628	0.8387982344	0.8608344583	0.8877422950	0.8319956844	0.9696895858	0.9372040615	0.0128457235	0.0011699227	0.0095960812	0.0116758009	0.0084261585	0.0001650126	0.0000013687	0.0000920848	0.0001363243	0.0000710001	0.0002584661	0.0002073245	0.0004657906
0.0886511628	0.8454649011	0.8622135716	0.8878730392	0.8329043060	0.9711000711	0.9380894218	0.0144465072	0.0013171891	0.0106875841	0.0131293181	0.0093703951	0.0002087016	0.0000017350	0.0001142245	0.0001723790	0.0000878043	0.0003246610	0.0002601833	0.0005848443
0.0886511628	0.8521315678	0.8635779553	0.8880011011	0.8337954010	0.9724964915	0.9389576207	0.0160276761	0.0014614131	0.0117568771	0.0145662631	0.0102954640	0.0002568864	0.0000021357	0.0001382242	0.0002121760	0.0001059966	0.0003972463	0.0003181726	0.0007154189
0.0886511628	0.8587982344	0.8649280271	0.8881264889	0.8346693769	0.9738793267	0.9398091232	0.0175898022	0.0016026055	0.0128045180	0.0159871967	0.0112019124	0.0003094011	0.0000025683	0.0001639557	0.0002555905	0.0001254828	0.0004759252	0.0003810733	0.0008569985
0.0886511628	0.8654649011	0.8662641907	0.8882492108	0.8355266268	0.9752490406	0.9406443784	0.0191334365	0.0017407766	0.0138310442	0.0173926599	0.0120902676	0.0003660884	0.0000030303	0.0001912978	0.0003025046	0.0001461746	0.0005604165	0.0004486792	0.0010090957
0.0886511628	0.8721315678	0.8675868363	0.8883692742	0.8363675303	0.9766060821	0.9414638199	0.0206591106	0.0018759360	0.0148369734	0.0187831746	0.0129610374	0.0004267989	0.0000035191	0.0002201358	0.0003528076	0.0001679885	0.0006504538	0.0005207961	0.0011712499
0.0886511628	0.8787982344	0.8688963410	0.8884866859	0.8371924538	0.9779508853	0.9422678664	0.0221673372	0.0020080927	0.0158228043	0.0201592445	0.0138147116	0.0004913908	0.0000040324	0.0002503611	0.0004063951	0.0001908463	0.0007457844	0.0005972414	0.0013430258
0.0886511628	0.8854649011	0.8701930697	0.8886014525	0.8380017513	0.9792838705	0.9430569227	0.0236586106	0.0021372552	0.0167890177	0.0215213553	0.0146517624	0.0005597299	0.0000045679	0.0002818711	0.0004631687	0.0002146741	0.0008461688	0.0006778429	0.0015240117
0.0886511628	0.8921315678	0.8714773750	0.8887135800	0.8387957643	0.9806054443	0.9438313797	0.0251334080	0.0022634315	0.0177360767	0.0228699765	0.0154726452	0.0006316882	0.0000051231	0.0003145684	0.0005230358	0.0002394027	0.0009513797	0.0007624386	0.0017138183
0.0886511628	0.8987982344	0.8727495981	0.8888230741	0.8395748232	0.9819160006	0.9445916153	0.0265921899	0.0023866291	0.0186644282	0.0242055608	0.0162777991	0.0007071446	0.0000056960	0.0003483609	0.0005859092	0.0002649667	0.0010612014	0.0008508759	0.0019120774
0.0886511628	0.9054649011	0.8740100692	0.8889299399	0.8403392468	0.9832159205	0.9453379947	0.0280354008	0.0025068549	0.0195745030	0.0255285459	0.0170676481	0.0007859837	0.0000062843	0.0003831612	0.0006517067	0.0002913046	0.0011754292	0.0009430113	0.0021184405
0.0886511628	0.9121315678	0.8752591076	0.8890341824	0.8410893434	0.9845055735	0.9460708711	0.0294634699	0.0026241154	0.0204667165	0.0268393545	0.0178426011	0.0008680961	0.0000068860	0.0004188865	0.0007203510	0.0003183584	0.0012938685	0.0010387094	0.0023325779
0.0886511628	0.9187982344	0.8764970225	0.8891358060	0.8418254109	0.9857853171	0.9467905861	0.0308768117	0.0027384167	0.0213414697	0.0281383950	0.0186030530	0.0009533775	0.0000074989	0.0004554583	0.0007917693	0.0003460736	0.0014163348	0.0011378429	0.0025541776
0.0886511628	0.9254649011	0.8777241130	0.8892348149	0.8425477373	0.9870554979	0.9474974700	0.0322758265	0.0028497645	0.0221991495	0.0294260620	0.0193493850	0.0010417290	0.0000081212	0.0004928022	0.0008658931	0.0003743987	0.0015426524	0.0012402918	0.0027829442
0.0886511628	0.9321315678	0.8789406688	0.8893312128	0.8432566010	0.9883164520	0.9481918423	0.0336609013	0.0029581641	0.0230401294	0.0307027372	0.0200819653	0.0011330563	0.0000087507	0.0005308476	0.0009426581	0.0004032853	0.0016726546	0.0013459434	0.0030185980
0.0886511628	0.9387982344	0.8801469705	0.8894250032	0.8439522714	0.9895685047	0.9488740122	0.0350324098	0.0030636203	0.0238647699	0.0319687895	0.0208011496	0.0012272697	0.0000093858	0.0005695272	0.0010220035	0.0004326878	0.0018061827	0.0014546913	0.0032608741
0.0886511628	0.9454649011	0.8813432897	0.8895161894	0.8446350088	0.9908119719	0.9495442791	0.0363907135	0.0031661377	0.0246734192	0.0332245758	0.0215072815	0.0013242840	0.0000100244	0.0006087776	0.0011038724	0.0004625632	0.0019430861	0.0015664356	0.0035095217
0.0886511628	0.9521315678	0.8825298896	0.8896047744	0.8453050654	0.9920471596	0.9502029325	0.0377361618	0.0032657205	0.0254664137	0.0344704413	0.0222006932	0.0014240179	0.0000106649	0.0006485382	0.0011882113	0.0004928708	0.0020832211	0.0016810821	0.0037643032
0.0886511628	0.9587982344	0.8837070251	0.8896907607	0.8459626849	0.9932743646	0.9508502530	0.0390690925	0.0033623726	0.0262440784	0.0357067199	0.0228817057	0.0015263940	0.0000113055	0.0006887516	0.0012749698	0.0005235725	0.0022264512	0.0017985423	0.0040249935
0.0886511628	0.9654649011	0.8848749433	0.8897741509	0.8466081035	0.9944938751	0.9514865122	0.0403898324	0.0034560977	0.0270067272	0.0369337348	0.0235506295	0.0016313386	0.0000119446	0.0007293633	0.0013641008	0.0005546322	0.0023726465	0.0019187329	0.0042913794
0.0886511628	0.9721315678	0.8860338838	0.8898549472	0.8472415495	0.9957059705	0.9521119730	0.0416986978	0.0035468989	0.0277546637	0.0381517989	0.0242077648	0.0017387814	0.0000125805	0.0007703214	0.0014555598	0.0005860159	0.0025216833	0.0020415756	0.0045632589
0.0886511628	0.9787982344	0.8871840786	0.8899331516	0.8478632442	0.9969109219	0.9527268904	0.0429959946	0.0036347795	0.0284881815	0.0393612151	0.0248534020	0.0018486556	0.0000132116	0.0008115765	0.0015493053	0.0006176916	0.0026734437	0.0021669968	0.0048404405
0.0886511628	0.9854649011	0.8883257529	0.8900087660	0.8484734019	0.9981089927	0.9533315112	0.0442820190	0.0037197422	0.0292075643	0.0405622767	0.0254878221	0.0019608972	0.0000138365	0.0008530818	0.0016452983	0.0006496291	0.0028278155	0.0022949274	0.0051227429
0.0913178295	0.5854649011	0.7915924505	0.8806661879	0.7785265564	0.8988564127	0.8840200374	-0.0710098189	-0.0068329170	-0.0568280697	-0.0641769019	-0.0499951527	0.0050423944	0.0000466888	0.0032294295	0.0041186747	0.0024995153	0.0083185126	0.0066181900	0.0149367027
0.0913178295	0.5921315678	0.7940495880	0.8809111267	0.7806159043	0.9013957980	0.8861460375	-0.0679105829	-0.0065548267	-0.0541479436	-0.0613557562	-0.0475931169	0.0046118473	0.0000429658	0.0029319998	0.0037645288	0.0022651048	0.0075868128	0.0060296336	0.0136164464
0.0913178295	0.5987982344	0.7964576926	0.8811525771	0.7826533701	0.9038817037	0.8882154924	-0.0648824843	-0.0062807727	-0.0515412693	-0.0586017117	-0.0452604966	0.0042097368	0.0000394481	0.0026565024	0.0034341606	0.0020485126	0.0069056873	0.0054826732	0.0123883605
0.0913178295	0.6054649011	0.7988184231	0.8813905701	0.7846406404	0.9063160535	0.8902303553	-0.0619228308	-0.0060107162	-0.0490053426	-0.0559121146	-0.0429946264	0.0038344370	0.0000361287	0.0024015236	0.0031261646	0.0018485379	0.0062720893	0.0049747025	0.0112467917
0.0913178295	0.6121315678	0.8011333775	0.8816251370	0.7865793383	0.9087006981	0.8921925036	-0.0590290487	-0.0057446189	-0.0465375801	-0.0532844298	-0.0407929612	0.0034844286	0.0000330006	0.0021657464	0.0028392305	0.0016640657	0.0056831756	0.0045032961	0.0101864717
0.0913178295	0.6187982344	0.8034040946	0.8818563090	0.7884710256	0.9110374177	0.8941037417	-0.0561986771	-0.0054824420	-0.0441355132	-0.0507162351	-0.0386530711	0.0031582913	0.0000300572	0.0019479435	0.0025721365	0.0014940599	0.0051362920	0.0040661964	0.0092024884
0.0913178295	0.6254649011	0.8056320565	0.8820841173	0.7903172052	0.9133279249	0.8959658038	-0.0534293629	-0.0052241473	-0.0417967822	-0.0482052157	-0.0365726349	0.0028546968	0.0000272917	0.0017469710	0.0023237428	0.0013375576	0.0046289595	0.0036613004	0.0082902600
0.0913178295	0.6321315678	0.8078186907	0.8823085928	0.7921193231	0.9155738675	0.8977803566	-0.0507188550	-0.0049696965	-0.0395191316	-0.0457491585	-0.0345494351	0.0025724023	0.0000246979	0.0015617618	0.0020929855	0.0011936635	0.0041588619	0.0032866490	0.0074455109
0.0913178295	0.6387982344	0.8099653718	0.8825297663	0.7938787707	0.9177768305	0.8995490022	-0.0480649998	-0.0047190521	-0.0373004048	-0.0433459477	-0.0325813527	0.0023102442	0.0000222695	0.0013913202	0.0018788712	0.0010615445	0.0037238339	0.0029404157	0.0066642496
0.0913178295	0.6454649011	0.8120734236	0.8827476680	0.7955968865	0.9199383392	0.9012732804	-0.0454657363	-0.0044721768	-0.0351385390	-0.0409935596	-0.0306663623	0.0020671332	0.0000200004	0.0012347169	0.0016804719	0.0009404258	0.0033218505	0.0026208977	0.0059427482
0.0913178295	0.6521315678	0.8141441213	0.8829623279	0.7972749585	0.9220598611	0.9029546713	-0.0429190920	-0.0042290340	-0.0330315615	-0.0386900581	-0.0288025275	0.0018420485	0.0000178847	0.0010910841	0.0014969206	0.0008295856	0.0029510172	0.0023265062	0.0052775234
0.0913178295	0.6587982344	0.8161786927	0.8831737752	0.7989142260	0.9241428082	0.9045945977	-0.0404231784	-0.0039895876	-0.0309775844	-0.0364335908	-0.0269879967	0.0016340334	0.0000159168	0.0009596107	0.0013274065	0.0007283520	0.0026095609	0.0020557585	0.0046653194
0.0913178295	0.6654649011	0.8181783205	0.8833820390	0.8005158811	0.9261885395	0.9061944275	-0.0379761870	-0.0037538026	-0.0289748014	-0.0342223845	-0.0252209989	0.0014421908	0.0000140910	0.0008395391	0.0011711716	0.0006360988	0.0022958209	0.0018072704	0.0041030913
0.0913178295	0.6721315678	0.8201441437	0.8835871473	0.8020810712	0.9281983630	0.9077554757	-0.0355763858	-0.0035216442	-0.0270214836	-0.0320547416	-0.0234998394	0.0012656792	0.0000124020	0.0007301606	0.0010275065	0.0005522425	0.0020082418	0.0015797489	0.0035879907
0.0913178295	0.6787982344	0.8220772594	0.8837891278	0.8036109002	0.9301735375	0.9092790066	-0.0332221154	-0.0032930788	-0.0251159756	-0.0299290365	-0.0218228968	0.0011037090	0.0000108444	0.0006308122	0.0008957472	0.0004762388	0.0017453655	0.0013719861	0.0031173516
0.0913178295	0.6854649011	0.8239787246	0.8839880074	0.8051064302	0.9321152750	0.9107662361	-0.0309117857	-0.0030680736	-0.0232566925	-0.0278437121	-0.0201886189	0.0009555385	0.0000094131	0.0005408737	0.0007752723	0.0004075803	0.0015058253	0.0011828526	0.0026886780
0.0913178295	0.6921315678	0.8258495572	0.8841838121	0.8065686836	0.9340247422	0.9122183335	-0.0286438729	-0.0028465966	-0.0214421162	-0.0257972763	-0.0185955196	0.0008204715	0.0000081031	0.0004597643	0.0006654995	0.0003457933	0.0012883389	0.0010112928	0.0022996317
0.0913178295	0.6987982344	0.8276907380	0.8843765674	0.8079986439	0.9359030626	0.9136364233	-0.0264169159	-0.0026286166	-0.0196707924	-0.0237882992	-0.0170421758	0.0006978534	0.0000069096	0.0003869401	0.0005658832	0.0002904358	0.0010917031	0.0008563189	0.0019480221
0.0913178295	0.7054649011	0.8295032120	0.8845662981	0.8093972581	0.9377513181	0.9150215873	-0.0242295138	-0.0024141036	-0.0179413278	-0.0218154102	-0.0155272241	0.0005870693	0.0000058279	0.0003218912	0.0004759121	0.0002410947	0.0009147885	0.0007170068	0.0016317953
0.0913178295	0.7121315678	0.8312878896	0.8847530278	0.8107654373	0.9395705507	0.9163748660	-0.0220803232	-0.0022030284	-0.0162523868	-0.0198772948	-0.0140493585	0.0004875407	0.0000048533	0.0002641401	0.0003951068	0.0001973845	0.0007565341	0.0005924913	0.0013490254
0.0913178295	0.7187982344	0.8330456484	0.8849367798	0.8121040587	0.9413617643	0.9176972607	-0.0199680550	-0.0019953626	-0.0146026895	-0.0179726924	-0.0126073269	0.0003987232	0.0000039815	0.0002132385	0.0003230177	0.0001589447	0.0006159432	0.0004819624	0.0010979056
0.0913178295	0.7254649011	0.8347773338	0.8851175764	0.8134139667	0.9431259259	0.9189897347	-0.0178914725	-0.0017910790	-0.0129910085	-0.0161003935	-0.0111999295	0.0003201048	0.0000032080	0.0001687663	0.0002592227	0.0001254384	0.0004920791	0.0003846611	0.0008767401
0.0913178295	0.7321315678	0.8364837607	0.8852954389	0.8146959742	0.9448639674	0.9202532153	-0.0158493887	-0.0015901513	-0.0114161668	-0.0142592375	-0.0098260155	0.0002512031	0.0000025286	0.0001303289	0.0002033259	0.0000965506	0.0003840606	0.0002998764	0.0006839370
0.0913178295	0.7387982344	0.8381657149	0.8854703881	0.8159508638	0.9465767869	0.9214885949	-0.0138406643	-0.0013925540	-0.0098770354	-0.0124481102	-0.0084844814	0.0001915640	0.0000019392	0.0000975558	0.0001549554	0.0000719864	0.0002910590	0.0002269419	0.0005180009
0.0913178295	0.7454649011	0.8398239535	0.8856424439	0.8171793891	0.9482652500	0.9226967325	-0.0118642049	-0.0011982629	-0.0083725313	-0.0106659421	-0.0071742684	0.0001407594	0.0000014358	0.0000700993	0.0001137623	0.0000514701	0.0002122945	0.0001652324	0.0003775269
0.0913178295	0.7521315678	0.8414592067	0.8858116253	0.8183822760	0.9499301913	0.9238784553	-0.0099189600	-0.0010072543	-0.0069016151	-0.0089117057	-0.0058943607	0.0000983858	0.0000010146	0.0000476323	0.0000794185	0.0000347435	0.0001470326	0.0001141620	0.0002611946
0.0913178295	0.7587982344	0.8430721787	0.8859779507	0.8195602235	0.9515724156	0.9250345596	-0.0080039201	-0.0008195059	-0.0054632891	-0.0071844142	-0.0046437832	0.0000640627	0.0000006716	0.0000298475	0.0000516158	0.0000215647	0.0000945819	0.0000731805	0.0001677624
0.0913178295	0.7654649011	0.8446635483	0.8861414375	0.8207139046	0.9531926988	0.9261658127	-0.0061181152	-0.0006349960	-0.0040565957	-0.0054831192	-0.0034215997	0.0000374313	0.0000004032	0.0000164560	0.0000300646	0.0000117073	0.0000542905	0.0000417719	0.0000960625
0.0913178295	0.7721315678	0.8462339705	0.8863021024	0.8218439681	0.9547917896	0.9272729534	-0.0042606133	-0.0004537039	-0.0026806154	-0.0038069094	-0.0022269114	0.0000181528	0.0000002058	0.0000071857	0.0000144926	0.0000049591	0.0000255444	0.0000194517	0.0000449961
0.0913178295	0.7787982344	0.8477840770	0.8864599616	0.8229510388	0.9563704102	0.9283566935	-0.0024305184	-0.0002756100	-0.0013344648	-0.0021549084	-0.0010588549	0.0000059074	0.0000000760	0.0000017808	0.0000046436	0.0000011212	0.0000077642	0.0000057648	0.0000135290
0.0913178295	0.7854649011	0.8493144773	0.8866150301	0.8240357188	0.9579292573	0.9294177189	-0.0006269688	-0.0001006952	-0.0000172957	-0.0005262736	0.0000833995	0.0000003931	0.0000000101	0.0000000003	0.0000002770	0.0000000070	0.0000004035	0.0000002839	0.0000006874
0.0913178295	0.7921315678	0.8508257594	0.8867673225	0.8250985881	0.9594690037	0.9304566905	0.0011508639	0.0000710584	0.0012717073	0.0010798055	0.0012006489	0.0000013245	0.0000000050	0.0000016172	0.0000011660	0.0000014416	0.0000029468	0.0000026075	0.0000055543
0.0913178295	0.7987982344	0.8523184908	0.8869168525	0.8261402061	0.9609902984	0.9314742456	0.0029037768	0.0002396680	0.0025333276	0.0026641088	0.0022936596	0.0000084319	0.0000000574	0.0000064177	0.0000070975	0.0000052609	0.0000149071	0.0000123584	0.0000272655
0.0913178295	0.8054649011	0.8537932192	0.8870636334	0.8271611118	0.9624937683	0.9324709983	0.0046325368	0.0004051499	0.0037683182	0.0042273869	0.0033631683	0.0000214604	0.0000001641	0.0000142002	0.0000178708	0.0000113109	0.0000358248	0.0000291817	0.0000650065
0.0913178295	0.8121315678	0.8552504734	0.8872076774	0.8281618248	0.9639800186	0.9334475409	0.0063378818	0.0005675197	0.0049774032	0.0057703621	0.0044098835	0.0000401687	0.0000003221	0.0000247745	0.0000332971	0.0000194471	0.0000652654	0.0000527442	0.0001180095
0.0913178295	0.8187982344	0.8566907639	0.8873489964	0.8291428461	0.9654496341	0.9344044445	0.0080205223	0.0007267922	0.0061612790	0.0072937301	0.0054344868	0.0000643288	0.0000005282	0.0000379614	0.0000531985	0.0000295336	0.0001028184	0.0000827321	0.0001855505
0.0913178295	0.8254649011	0.8581145836	0.8874876015	0.8301046589	0.9669031794	0.9353422600	0.0096811423	0.0008829813	0.0073206153	0.0087981610	0.0064376340	0.0000937245	0.0000007797	0.0000535914	0.0000774076	0.0000414431	0.0001480956	0.0001188508	0.0002669463
0.0913178295	0.8321315678	0.8595224085	0.8876235031	0.8310477292	0.9683412004	0.9362615189	0.0113204004	0.0010361003	0.0084560565	0.0102843001	0.0074199562	0.0001281515	0.0000010735	0.0000715049	0.0001057668	0.0000550557	0.0002007299	0.0001608226	0.0003615524
0.0913178295	0.8387982344	0.8609146983	0.8877567112	0.8319725065	0.9697642243	0.9371627340	0.0129389311	0.0011861617	0.0095682226	0.0117527694	0.0083820609	0.0001674159	0.0000014070	0.0000915509	0.0001381276	0.0000702589	0.0002603738	0.0002083865	0.0004687603
0.0913178295	0.8454649011	0.8622918974	0.8878872350	0.8328794245	0.9711727610	0.9380464001	0.0145373458	0.0013331775	0.0106577106	0.0132041684	0.0093245331	0.0002113344	0.0000017774	0.0001135868	0.0001743501	0.0000869469	0.0003266986	0.0002612970	0.0005879956
0.0913178295	0.8521315678	0.8636544349	0.8880150834	0.8337689016	0.9725673033	0.9389129951	0.0161162336	0.0014771588	0.0117250950	0.0146390748	0.0102479362	0.0002597330	0.0000021820	0.0001374779	0.0002143025	0.0001050202	0.0003993928	0.0003193227	0.0007187155
0.0913178295	0.8587982344	0.8650027256	0.8881402645	0.8346413417	0.9739483280	0.9397629801	0.0176761623	0.0016181162	0.0127709291	0.0160580461	0.0111528129	0.0003124467	0.0000026183	0.0001630966	0.0002578608	0.0001243852	0.0004781616	0.0003822461	0.0008604077
0.0913178295	0.8654649011	0.8663371703	0.8882627860	0.8354971345	0.9753162959	0.9405968005	0.0192176793	0.0017560596	0.0137957458	0.0174616197	0.0120396862	0.0003693192	0.0000030837	0.0001903226	0.0003049082	0.0001449540	0.0005627255	0.0004498622	0.0010125878
0.0913178295	0.8721315678	0.8676581566	0.8883826552	0.8363366565	0.9766716532	0.9414148864	0.0207413127	0.0018909984	0.0148000585	0.0188503143	0.0129090601	0.0004302021	0.0000035759	0.0002190417	0.0003553343	0.0001666438	0.0006528197	0.0005219782	0.0011747978
0.0913178295	0.8787982344	0.8689660591	0.8884998788	0.8371602708	0.9780148313	0.9422176533	0.0222475715	0.0020229414	0.0157843619	0.0202246301	0.0137614205	0.0004949544	0.0000040923	0.0002491461	0.0004090357	0.0001893767	0.0007481928	0.0005984124	0.0013466052
0.0913178295	0.8854649011	0.8702612403	0.8886144631	0.8379683284	0.9793462480	0.9430055026	0.0237369472	0.0021518968	0.0167491328	0.0215850504	0.0145972360	0.0005634427	0.0000046307	0.0002805335	0.0004659144	0.0002130793	0.0008486068	0.0006789937	0.0015276005
0.0913178295	0.8921315678	0.8715440506	0.8887264138	0.8387611682	0.9806663074	0.9437788223	0.0252099138	0.0022778724	0.0176948309	0.0229320414	0.0154169585	0.0006355398	0.0000051887	0.0003131070	0.0005258785	0.0002376826	0.0009538355	0.0007635611	0.0017173966
0.0913178295	0.8987982344	0.8728148289	0.8888357365	0.8395391176	0.9819754011	0.9445379873	0.0266669288	0.0024008753	0.0186218991	0.0242660535	0.0162210238	0.0007111251	0.0000057642	0.0003467751	0.0005888414	0.0002631216	0.0010636644	0.0008519630	0.0019156274
0.0913178295	0.9054649011	0.8740739033	0.8889424361	0.8403024930	0.9832739082	0.9452833602	0.0281084341	0.0025209123	0.0195307651	0.0255875217	0.0170098528	0.0007900841	0.0000063550	0.0003814508	0.0006547213	0.0002893351	0.0011778899	0.0009440564	0.0021219462
0.0913178295	0.9121315678	0.8753215913	0.8890465174	0.8410516001	0.9845621958	0.9460152913	0.0295348561	0.0026379898	0.0204218411	0.0268968663	0.0177838513	0.0008723077	0.0000069590	0.0004170516	0.0007234414	0.0003162654	0.0012963183	0.0010397068	0.0023360251
0.0913178295	0.9187982344	0.8765582000	0.8891479845	0.8417867345	0.9858406196	0.9467341198	0.0309466070	0.0027521136	0.0212955250	0.0281944934	0.0185434114	0.0009576925	0.0000075741	0.0004534994	0.0007949295	0.0003438581	0.0014187660	0.0011387876	0.0025575536
0.0913178295	0.9254649011	0.8777840268	0.8892468415	0.8425081817	0.9871095244	0.9474401734	0.0323440846	0.0028632891	0.0221522008	0.0294807955	0.0192889116	0.0010461398	0.0000081984	0.0004907200	0.0008691173	0.0003720621	0.0015450582	0.0012411794	0.0027862376
0.0913178295	0.9321315678	0.8789993597	0.8893430920	0.8432162181	0.9883692443	0.9481337694	0.0337276737	0.0029715215	0.0229922390	0.0307561522	0.0200207175	0.0011375560	0.0000088299	0.0005286431	0.0009459409	0.0004008291	0.0016750290	0.0013467700	0.0030217990
0.0913178295	0.9387982344	0.8802044777	0.8894367394	0.8439111109	0.9896201030	0.9488152148	0.0350977459	0.0030768154	0.0238159976	0.0320209304	0.0207391821	0.0012318518	0.0000094668	0.0005672017	0.0010253400	0.0004301137	0.0018085203	0.0014554537	0.0032639740
0.0913178295	0.9454649011	0.8813996507	0.8895277866	0.8445931185	0.9908624148	0.9494848066	0.0364546605	0.0031791753	0.0246238222	0.0332754852	0.0214446469	0.0013289423	0.0000101072	0.0006063326	0.0011072579	0.0004598729	0.0019453820	0.0015671308	0.0035125128
0.0913178295	0.9521315678	0.8825851405	0.8896162366	0.8452624910	0.9920964840	0.9501428326	0.0377987650	0.0032786051	0.0254160467	0.0345201599	0.0221374416	0.0014287466	0.0000107493	0.0006459754	0.0011916414	0.0004900663	0.0020854713	0.0016817078	0.0037671791
0.0913178295	0.9587982344	0.8837612006	0.8897020918	0.8459194704	0.9933226062	0.9507895712	0.0391303954	0.0033751085	0.0261929938	0.0357552869	0.0228178852	0.0015311878	0.0000113914	0.0006860729	0.0012784405	0.0005206559	0.0022286521	0.0017990964	0.0040277486
0.0913178295	0.9654649011	0.8849280767	0.8897853545	0.8465642909	0.9945410679	0.9514252921	0.0404498768	0.0034686891	0.0269549751	0.0369811877	0.0234862860	0.0016361925	0.0000120318	0.0007265707	0.0013676082	0.0005516056	0.0023747950	0.0019192139	0.0042940089
0.0913178295	0.9721315678	0.8860860070	0.8898660269	0.8471971793	0.9957521472	0.9520502566	0.0417575237	0.0035593500	0.0277022922	0.0381981736	0.0241429422	0.0017436908	0.0000126690	0.0007674170	0.0014591005	0.0005828817	0.0025237767	0.0020419821	0.0045657589
0.0913178295	0.9787982344	0.8872352225	0.8899441108	0.8478183552	0.9969561140	0.9526647178	0.0430536403	0.0036470941	0.0284352364	0.0394065462	0.0247881423	0.0018536159	0.0000133013	0.0008085627	0.0015528759	0.0006144520	0.0026754799	0.0021673279	0.0048428078
0.0913178295	0.9854649011	0.8883759470	0.8900196080	0.8484280313	0.9981532305	0.9532689209	0.0443385215	0.0037319241	0.0291540897	0.0406065974	0.0254221655	0.0019659045	0.0000139273	0.0008499609	0.0016488957	0.0006462865	0.0028297927	0.0022951823	0.0051249749
0.0939844961	0.5854649011	0.7918563067	0.8806984694	0.7787001963	0.8991230646	0.8841847958	-0.0706765511	-0.0067962620	-0.0566050580	-0.0638802891	-0.0498087960	0.0049951749	0.0000461892	0.0032041326	0.0040806913	0.0024809162	0.0082454967	0.0065616075	0.0148071042
0.0939844961	0.5921315678	0.7943037545	0.8809426142	0.7807787771	0.9016520959	0.8862992487	-0.0675905452	-0.0065190831	-0.0539393188	-0.0610714621	-0.0474202357	0.0045684818	0.0000424984	0.0029094501	0.0037297235	0.0022486788	0.0075204304	0.0059784022	0.0134988326
0.0939844961	0.5987982344	0.7967026229	0.8811832963	0.7828059811	0.9041281493	0.8883577167	-0.0645750071	-0.0062459108	-0.0513462965	-0.0583290963	-0.0451003858	0.0041699315	0.0000390114	0.0026364422	0.0034022835	0.0020340448	0.0068453851	0.0054363283	0.0122817134
0.0939844961	0.6054649011	0.7990545465	0.8814205457	0.7847834695	0.9065531208	0.8903621243	-0.0616272838	-0.0059767074	-0.0488233279	-0.0556505764	-0.0428466206	0.0037979221	0.0000357210	0.0023837174	0.0030969867	0.0018358329	0.0062173605	0.0049328195	0.0111501800
0.0939844961	0.6121315678	0.8013611003	0.8816543930	0.7867128417	0.9089288350	0.8923143217	-0.0587448382	-0.0057114352	-0.0463678680	-0.0530334030	-0.0406564327	0.0034509560	0.0000326205	0.0021499792	0.0028125418	0.0016529455	0.0056335557	0.0044654874	0.0100990430
0.0939844961	0.6187982344	0.8036238019	0.8818848688	0.7885956370	0.9112570476	0.8942160875	-0.0559252440	-0.0054500566	-0.0439774838	-0.0504751874	-0.0385274272	0.0031276329	0.0000297031	0.0019340191	0.0025477445	0.0014843626	0.0050913551	0.0040321072	0.0091234623
0.0939844961	0.6254649011	0.8058441131	0.8821120034	0.7904333370	0.9135394485	0.8960691318	-0.0531661799	-0.0051925339	-0.0416498497	-0.0479736460	-0.0364573157	0.0028266427	0.0000269624	0.0017347100	0.0023014707	0.0013291359	0.0045883151	0.0036306066	0.0082189216
0.0939844961	0.6321315678	0.8080234422	0.8823358271	0.7922273677	0.9157776636	0.8978750986	-0.0504654249	-0.0049388299	-0.0393827415	-0.0455265949	-0.0344439116	0.0025467591	0.0000243920	0.0015510003	0.0020726708	0.0011863830	0.0041221515	0.0032590539	0.0073812054
0.0939844961	0.6387982344	0.8101631461	0.8825563700	0.7939791014	0.9179732577	0.8996355683	-0.0478208533	-0.0046889078	-0.0371740324	-0.0431319456	-0.0324851246	0.0022868340	0.0000219859	0.0013819087	0.0018603647	0.0010552833	0.0036907286	0.0029156481	0.0066063766
0.0939844961	0.6454649011	0.8122645316	0.8827736616	0.7956898587	0.9201277370	0.9013520604	-0.0452304307	-0.0044427309	-0.0350216874	-0.0407876998	-0.0305789565	0.0020457919	0.0000197379	0.0012265186	0.0016636365	0.0009350726	0.0032920483	0.0025987090	0.0058907573
0.0939844961	0.6521315678	0.8143288577	0.8829877314	0.7973609107	0.9222425509	0.9030260358	-0.0426922090	-0.0042002636	-0.0329237598	-0.0384919455	-0.0287234962	0.0018226247	0.0000176422	0.0010839740	0.0014816299	0.0008250392	0.0029242409	0.0023066691	0.0052309100
0.0939844961	0.6587982344	0.8163573375	0.8831986079	0.7989934804	0.9243190945	0.9046588992	-0.0402043229	-0.0039614705	-0.0308783867	-0.0362428524	-0.0269169161	0.0016163876	0.0000156932	0.0009534748	0.0013135443	0.0007245204	0.0025855556	0.0020380647	0.0046236203
0.0939844961	0.6654649011	0.8183511393	0.8834063195	0.8005887448	0.9263587109	0.9062520011	-0.0377649855	-0.0037263171	-0.0288837846	-0.0340386684	-0.0251574675	0.0014261941	0.0000138854	0.0008342730	0.0011586309	0.0006328982	0.0022743526	0.0017915291	0.0040658817
0.0939844961	0.6721315678	0.8203113888	0.8836108937	0.8021478370	0.9283626929	0.9078066406	-0.0353724850	-0.0034947696	-0.0269382464	-0.0318777155	-0.0234434768	0.0012512127	0.0000122134	0.0007256691	0.0010161887	0.0005495966	0.0019890952	0.0015657853	0.0035548806
0.0939844961	0.6787982344	0.8222391704	0.8838123576	0.8036718470	0.9303322853	0.9093240665	-0.0330251813	-0.0032667949	-0.0250401372	-0.0297583864	-0.0217733424	0.0010906626	0.0000106719	0.0006270085	0.0008855616	0.0004740784	0.0017283430	0.0013596400	0.0030879830
0.0939844961	0.6854649011	0.8241355291	0.8840107375	0.8051618242	0.9322686865	0.9108054802	-0.0307215022	-0.0030423608	-0.0231878916	-0.0276791413	-0.0201455307	0.0009438107	0.0000092560	0.0005376783	0.0007661349	0.0004058424	0.0014907450	0.0011719773	0.0026627222
0.0939844961	0.6921315678	0.8260014717	0.8842060589	0.8066187785	0.9341730509	0.9122520372	-0.0284599404	-0.0028214360	-0.0213800094	-0.0256385044	-0.0185585734	0.0008099682	0.0000079605	0.0004571048	0.0006573329	0.0003444206	0.0012750335	0.0010017536	0.0022767871
0.0939844961	0.6987982344	0.8278379682	0.8843983468	0.8080436820	0.9360464899	0.9136648490	-0.0262390510	-0.0026039901	-0.0196150537	-0.0236350609	-0.0170110636	0.0006884878	0.0000067808	0.0003847503	0.0005586161	0.0002893763	0.0010800189	0.0008479924	0.0019280113
0.0939844961	0.7054649011	0.8296459536	0.8845876254	0.8094374704	0.9378900742	0.9150449850	-0.0240574478	-0.0023899935	-0.0178916472	-0.0216674543	-0.0155016538	0.0005787608	0.0000057121	0.0003201110	0.0004694786	0.0002403013	0.0009045839	0.0007097798	0.0016143638
0.0939844961	0.7121315678	0.8314263288	0.8847739179	0.8108010445	0.9397048353	0.9163934742	-0.0219138013	-0.0021794175	-0.0162084698	-0.0197343838	-0.0140290523	0.0004802147	0.0000047499	0.0002627145	0.0003894459	0.0001968143	0.0007476790	0.0005862602	0.0013339393
0.0939844961	0.7187982344	0.8331799622	0.8849572470	0.8121352715	0.9414917670	0.9177113067	-0.0198068358	-0.0019722345	-0.0145642559	-0.0178346013	-0.0125920214	0.0003923107	0.0000038897	0.0002121175	0.0003180730	0.0001585590	0.0006083180	0.0004766320	0.0010849500
0.0939844961	0.7254649011	0.8349076908	0.8851376345	0.8134409862	0.9432518269	0.9189994353	-0.0177353268	-0.0017684178	-0.0129577917	-0.0159669091	-0.0111893739	0.0003145418	0.0000031273	0.0001679044	0.0002549422	0.0001252021	0.0004855735	0.0003801443	0.0008657178
0.0939844961	0.7321315678	0.8366103216	0.8853151014	0.8147189927	0.9449859381	0.9202587773	-0.0156980991	-0.0015679415	-0.0113879131	-0.0141301577	-0.0098199716	0.0002464303	0.0000024584	0.0001296846	0.0001996614	0.0000964318	0.0003785733	0.0002960932	0.0006746665
0.0939844961	0.7387982344	0.8382886325	0.8854896679	0.8159700650	0.9466949902	0.9214902156	-0.0136940243	-0.0013707808	-0.0098535034	-0.0123232435	-0.0084827226	0.0001875263	0.0000018790	0.0000970915	0.0001518623	0.0000719566	0.0002864969	0.0002238189	0.0005103158
0.0939844961	0.7454649011	0.8399433735	0.8856613535	0.8171949487	0.9483798408	0.9226946004	-0.0117220186	-0.0011769118	-0.0083534910	-0.0105451068	-0.0071765792	0.0001374057	0.0000013851	0.0000697808	0.0001111993	0.0000515033	0.0002085717	0.0001627026	0.0003712742
0.0939844961	0.7521315678	0.8415752680	0.8858301769	0.8183943617	0.9500413171	0.9238727502	-0.0097810409	-0.0009863115	-0.0068868474	-0.0087947294	-0.0059005359	0.0000956688	0.0000009728	0.0000474287	0.0000773473	0.0000348163	0.0001440702	0.0001121636	0.0002562338
0.0939844961	0.7587982344	0.8431850136	0.8859961559	0.8195689958	0.9516802166	0.9250254534	-0.0078700913	-0.0007989579	-0.0054525854	-0.0070711333	-0.0046536275	0.0000619383	0.0000006383	0.0000297307	0.0000500009	0.0000216562	0.0000923074	0.0000716572	0.0001639645
0.0939844961	0.7654649011	0.8447732830	0.8861593077	0.8207195172	0.9532973086	0.9261534693	-0.0059882084	-0.0006148299	-0.0040497571	-0.0053733785	-0.0034349272	0.0000358586	0.0000003780	0.0000164005	0.0000288732	0.0000117987	0.0000526372	0.0000406719	0.0000933091
0.0939844961	0.7721315678	0.8463407254	0.8863196485	0.8218465677	0.9548933354	0.9272575296	-0.0041344684	-0.0004339072	-0.0026774523	-0.0037005612	-0.0022435451	0.0000170938	0.0000001883	0.0000071688	0.0000136942	0.0000050335	0.0000244509	0.0000187276	0.0000431785
0.0939844961	0.7787982344	0.8478879669	0.8864771940	0.8229507660	0.9564690131	0.9283383391	-0.0023079830	-0.0002561705	-0.0013347964	-0.0020518125	-0.0010786259	0.0000053268	0.0000000656	0.0000017817	0.0000042099	0.0000011634	0.0000071741	0.0000053734	0.0000125475
0.0939844961	0.7854649011	0.8494156118	0.8866319591	0.8240327079	0.9580250329	0.9293965770	-0.0005078981	-0.0000816013	-0.0000209494	-0.0004262967	0.0000606519	0.0000002580	0.0000000067	0.0000000004	0.0000001817	0.0000000037	0.0000002651	0.0000001854	0.0000004505
0.0939844961	0.7921315678	0.8509242432	0.8867839579	0.8250929680	0.9595620619	0.9304328981	0.0012666080	0.0000898179	0.0012648959	0.0011767901	0.0011750779	0.0000016043	0.0000000081	0.0000016000	0.0000013848	0.0000013808	0.0000032123	0.0000027656	0.0000059780
0.0939844961	0.7987982344	0.8524144237	0.8869332039	0.8261321000	0.9610807442	0.9314479335	0.0030163258	0.0002581040	0.0025235154	0.0027582218	0.0022654114	0.0000090982	0.0000000666	0.0000063681	0.0000076078	0.0000051321	0.0000155330	0.0000127399	0.0000282728
0.0939844961	0.8054649011	0.8538866967	0.8870797098	0.8271506376	0.9625817018	0.9324422917	0.0047420158	0.0004232730	0.0037556552	0.0043187428	0.0033323823	0.0000224867	0.0000001792	0.0000141049	0.0000186515	0.0000111048	0.0000367708	0.0000297563	0.0000665271
0.0939844961	0.8121315678	0.8553415867	0.8872234878	0.8281490955	0.9640655354	0.9334165595	0.0064444102	0.0005853399	0.0049620325	0.0058590703	0.0043766926	0.0000415304	0.0000003426	0.0000246218	0.0000343287	0.0000191554	0.0000664948	0.0000534841	0.0001199790
0.0939844961	0.8187982344	0.8567796000	0.8873645492	0.8291279699	0.9655328251	0.9343713028	0.0081242138	0.0007443192	0.0061433372	0.0073798946	0.0053990179	0.0000660028	0.0000005540	0.0000377406	0.0000544628	0.0000291494	0.0001042975	0.0000836122	0.0001879097
0.0939844961	0.8254649011	0.8582012258	0.8875029049	0.8300877395	0.9669841317	0.9353070677	0.0097821053	0.0009002246	0.0073002328	0.0088818807	0.0064000082	0.0000956896	0.0000008104	0.0000532934	0.0000788878	0.0000409601	0.0001497934	0.0001198479	0.0002696413
0.0939844961	0.8321315678	0.8596069364	0.8876385651	0.8310288659	0.9684199969	0.9362243808	0.0114187385	0.0010530690	0.0084333580	0.0103656695	0.0073802890	0.0001303876	0.0000011090	0.0000711215	0.0001074471	0.0000544687	0.0002026181	0.0001619158	0.0003645338
0.0939844961	0.8387982344	0.8609971882	0.8877715394	0.8319517945	0.9698409444	0.9371237505	0.0130347431	0.0012028646	0.0095433272	0.0118318785	0.0083404627	0.0001699045	0.0000014469	0.0000910751	0.0001399933	0.0000695633	0.0002624265	0.0002095567	0.0004719832
0.0939844961	0.8454649011	0.8623724220	0.8879018368	0.8328569550	0.9712474806	0.9380056674	0.0146307258	0.0013496229	0.0106307321	0.0132811029	0.0092811092	0.0002140581	0.0000018215	0.0001130125	0.0001763877	0.0000861390	0.0003288921	0.0002625267	0.0005914188
0.0939844961	0.8521315678	0.8637330639	0.8880294659	0.8337447620	0.9726400948	0.9388706051	0.0162072716	0.0014933550	0.0116961422	0.0147139167	0.0102027872	0.0002626757	0.0000022301	0.0001367997	0.0002164993	0.0001040969	0.0004017055	0.0003205962	0.0007223017
0.0939844961	0.8587982344	0.8650795257	0.8881544347	0.8346156158	0.9740192605	0.9397190210	0.0177649443	0.0016340709	0.0127401059	0.0161308733	0.0111060350	0.0003155932	0.0000026702	0.0001623103	0.0002602051	0.0001233440	0.0004805737	0.0003835491	0.0008641228
0.0939844961	0.8654649011	0.8664122054	0.8882767504	0.8354699027	0.9753854358	0.9405513567	0.0193042874	0.0017717805	0.0137631517	0.0175325069	0.0119913712	0.0003726555	0.0000031392	0.0001894243	0.0003073888	0.0001437930	0.0005652191	0.0004511818	0.0010164008
0.0939844961	0.8721315678	0.8677314878	0.8883964203	0.8363079957	0.9767390637	0.9413680387	0.0208258253	0.0019064928	0.0147657885	0.0189193325	0.0128592957	0.0004337150	0.0000036347	0.0002180285	0.0003579411	0.0001653615	0.0006553782	0.0005233026	0.0011786809
0.0939844961	0.8787982344	0.8690377450	0.8885134506	0.8371302550	0.9780805731	0.9421694791	0.0223300637	0.0020382163	0.0157485070	0.0202918475	0.0137102907	0.0004986317	0.0000041543	0.0002480155	0.0004117591	0.0001879721	0.0007508015	0.0005997311	0.0013505327
0.0939844961	0.8854649011	0.8703313370	0.8886278476	0.8379370283	0.9794103790	0.9429560761	0.0238174907	0.0021669589	0.0167117798	0.0216505317	0.0145448209	0.0005672729	0.0000046957	0.0002792836	0.0004687455	0.0002115518	0.0008512522	0.0006802973	0.0015315495
0.0939844961	0.8921315678	0.8716126118	0.8887396168	0.8387286518	0.9807288832	0.9437282146	0.0252885771	0.0022927283	0.0176560630	0.0229958488	0.0153633347	0.0006395121	0.0000052566	0.0003117366	0.0005288091	0.0002360321	0.0009565053	0.0007648411	0.0017213464
0.0939844961	0.8987982344	0.8728819063	0.8888487634	0.8395054501	0.9820364749	0.9444862666	0.0267437776	0.0024155313	0.0185817959	0.0243282463	0.0161662646	0.0007152296	0.0000058348	0.0003452831	0.0005918636	0.0002613481	0.0010663476	0.0008532117	0.0019195593
0.0939844961	0.9054649011	0.8741395462	0.8889552923	0.8402677368	0.9833335308	0.9452305916	0.0281835312	0.0025353745	0.0194894027	0.0256481567	0.0169540282	0.0007943114	0.0000064281	0.0003798368	0.0006578279	0.0002874391	0.0011805764	0.0009452670	0.0021258434
0.0939844961	0.9121315678	0.8753858471	0.8890592078	0.8410158151	0.9846204160	0.9459615375	0.0296082616	0.0026522640	0.0203792923	0.0269559977	0.0177270284	0.0008766492	0.0000070345	0.0004153156	0.0007266258	0.0003142475	0.0012989992	0.0010408733	0.0023398726
0.0939844961	0.9187982344	0.8766211141	0.8891605143	0.8417499782	0.9858974843	0.9466794406	0.0310183785	0.0027662054	0.0212518595	0.0282521731	0.0184856542	0.0009621398	0.0000076519	0.0004516415	0.0007981853	0.0003417194	0.0014214332	0.0011399047	0.0025613379
0.0939844961	0.9254649011	0.8778456429	0.8892592153	0.8424705094	0.9871650783	0.9473846263	0.0324142772	0.0028772039	0.0221074853	0.0295370733	0.0192302814	0.0010506854	0.0000082783	0.0004887409	0.0008724387	0.0003698037	0.0015477046	0.0012422424	0.0027899470
0.0939844961	0.9321315678	0.8790597197	0.8893553144	0.8431776826	0.9884235304	0.9480774095	0.0337963402	0.0029852646	0.0229465374	0.0308110757	0.0199612728	0.0011421926	0.0000089118	0.0005265436	0.0009493224	0.0003984524	0.0016776480	0.0013477748	0.0030254228
0.0939844961	0.9387982344	0.8802636216	0.8894488148	0.8438717630	0.9896731627	0.9487580949	0.0351649370	0.0030903918	0.0237693709	0.0320745452	0.0206789791	0.0012365728	0.0000095505	0.0005649830	0.0010287764	0.0004276202	0.0018111063	0.0014563966	0.0032675029
0.0939844961	0.9454649011	0.8814576171	0.8895397193	0.8445530070	0.9909142875	0.9494269774	0.0365204247	0.0031925898	0.0245763289	0.0333278349	0.0213837392	0.0013337414	0.0000101926	0.0006039959	0.0011107446	0.0004572643	0.0019479300	0.0015680089	0.0035159389
0.0939844961	0.9521315678	0.8826419665	0.8896280306	0.8452216625	0.9921472078	0.9500843425	0.0378631488	0.0032918623	0.0253677428	0.0345712864	0.0220758805	0.0014336180	0.0000108364	0.0006435224	0.0011951738	0.0004873445	0.0020879768	0.0016825183	0.0037704951
0.0939844961	0.9587982344	0.8838169217	0.8897137510	0.8458779698	0.9933722174	0.9507304668	0.0391934434	0.0033882131	0.0261439328	0.0358052303	0.0227557197	0.0015361260	0.0000114800	0.0006835052	0.0012820145	0.0005178228	0.0022311112	0.0017998373	0.0040309485
0.0939844961	0.9654649011	0.8849827271	0.8897968828	0.8465221612	0.9945896015	0.9513656179	0.0405116318	0.0034816453	0.0269052084	0.0370299865	0.0234235631	0.0016411923	0.0000121219	0.0007238902	0.0013712199	0.0005486633	0.0023772044	0.0019198832	0.0042970876
0.0939844961	0.9721315678	0.8861396196	0.8898774279	0.8471544619	0.9957996369	0.9519900554	0.0418180268	0.0035721620	0.0276518689	0.0382458648	0.0240797069	0.0017487474	0.0000127603	0.0007646259	0.0014627462	0.0005798323	0.0025261336	0.0020425785	0.0045687120
0.0939844961	0.9787982344	0.8872878288	0.8899553880	0.8477750896	0.9970025921	0.9526040305	0.0431129310	0.0036597658	0.0283842034	0.0394531651	0.0247244376	0.0018587248	0.0000133939	0.0008056630	0.0015565522	0.0006112978	0.0026777817	0.0021678501	0.0048456318
0.0939844961	0.9854649011	0.8884275773	0.8900307648	0.8483842555	0.9981987280	0.9532077868	0.0443966375	0.0037444595	0.0291024920	0.0406521780	0.0253580325	0.0019710614	0.0000140210	0.0008469550	0.0016525996	0.0006430298	0.0028320374	0.0022956294	0.0051276668
0.0966511628	0.5854649011	0.7921267932	0.8807316152	0.7788808117	0.8993963422	0.8843565943	-0.0703350242	-0.0067586268	-0.0563731401	-0.0635763974	-0.0496145133	0.0049470156	0.0000456790	0.0031779309	0.0040419583	0.0024615999	0.0081706256	0.0065035582	0.0146741838
0.0966511628	0.5921315678	0.7945643276	0.8809749456	0.7809483968	0.9019147837	0.8864592581	-0.0672625468	-0.0064823828	-0.0537220983	-0.0607801640	-0.0472397154	0.0045242502	0.0000420213	0.0028860638	0.0036942283	0.0022315907	0.0074523353	0.0059258190	0.0133781544
0.0966511628	0.5987982344	0.7969537456	0.8812148394	0.7829651198	0.9043807593	0.8885065081	-0.0642598542	-0.0062101151	-0.0511430245	-0.0580497391	-0.0449329094	0.0041293289	0.0000385655	0.0026156090	0.0033697722	0.0020189663	0.0067835033	0.0053887386	0.0121722419
0.0966511628	0.6054649011	0.7992966571	0.8814513260	0.7849326165	0.9067961368	0.8905002391	-0.0613243332	-0.0059417868	-0.0486332973	-0.0553825464	-0.0426915105	0.0037606738	0.0000353048	0.0023651976	0.0030672264	0.0018225651	0.0061611763	0.0048897915	0.0110509678
0.0966511628	0.6121315678	0.8015946141	0.8816844351	0.7868524620	0.9091627142	0.8924422738	-0.0584534843	-0.0056773612	-0.0461904106	-0.0527761231	-0.0405130494	0.0034168098	0.0000322324	0.0021335540	0.0027853192	0.0016413072	0.0055825963	0.0044266263	0.0100092226
0.0966511628	0.6187982344	0.8038491119	0.8819141965	0.7887261727	0.9114822226	0.8943343647	-0.0556449158	-0.0054168015	-0.0438119682	-0.0502281143	-0.0383951667	0.0030963567	0.0000293417	0.0019194886	0.0025228635	0.0014741888	0.0050451869	0.0039970523	0.0090422392
0.0966511628	0.6254649011	0.8060615920	0.8821406399	0.7905552085	0.9137563281	0.8961781973	-0.0528963391	-0.0051600709	-0.0414956785	-0.0477362683	-0.0363356076	0.0027980227	0.0000266263	0.0017218913	0.0022787513	0.0013202764	0.0045465404	0.0035990277	0.0081455681
0.0966511628	0.6321315678	0.8082334433	0.8823637949	0.7923409748	0.9159866349	0.8979753922	-0.0502055639	-0.0049071330	-0.0392393497	-0.0452984309	-0.0343322167	0.0025205986	0.0000240800	0.0015397266	0.0020519478	0.0011787011	0.0040844052	0.0032306489	0.0073150541
0.0966511628	0.6387982344	0.8103660041	0.8825836908	0.7940848248	0.9181746870	0.8997275080	-0.0475704931	-0.0046579517	-0.0370408849	-0.0429125413	-0.0323829331	0.0022629518	0.0000216965	0.0013720272	0.0018414862	0.0010486544	0.0036566755	0.0028901406	0.0065468160
0.0966511628	0.6454649011	0.8124605643	0.8828003566	0.7957880607	0.9203219711	0.9014360435	-0.0449891189	-0.0044124915	-0.0348982777	-0.0405766274	-0.0304857862	0.0020240208	0.0000194701	0.0012178898	0.0016464627	0.0009293832	0.0032613807	0.0025758458	0.0058372265
0.0966511628	0.6521315678	0.8145183665	0.8830138209	0.7974519362	0.9224299181	0.9031024400	-0.0424595184	-0.0041707172	-0.0328096079	-0.0382888013	-0.0286388908	0.0018028107	0.0000173949	0.0010764704	0.0014660323	0.0008201861	0.0028966760	0.0022862184	0.0051828943
0.0966511628	0.6587982344	0.8165406083	0.8832241118	0.7990776580	0.9244999060	0.9047280836	-0.0399798498	-0.0039325942	-0.0307730376	-0.0360472556	-0.0268404434	0.0015983884	0.0000154653	0.0009469798	0.0012994046	0.0007204094	0.0025608335	0.0020198140	0.0045806476
0.0966511628	0.6654649011	0.8185284437	0.8834312568	0.8006663877	0.9265332616	0.9063143075	-0.0375483483	-0.0036980889	-0.0287868071	-0.0338502594	-0.0250887182	0.0014098785	0.0000136759	0.0008286803	0.0011458401	0.0006294438	0.0022522346	0.0017752838	0.0040275184
0.0966511628	0.6721315678	0.8204829847	0.8836352831	0.8022192435	0.9285312622	0.9078623940	-0.0351633230	-0.0034671680	-0.0268492312	-0.0316961549	-0.0233820631	0.0012364593	0.0000120213	0.0007208812	0.0010046462	0.0005467209	0.0019693618	0.0015513671	0.0035207289
0.0966511628	0.6787982344	0.8224053029	0.8838362169	0.8037373016	0.9304951383	0.9093735765	-0.0328231529	-0.0032397993	-0.0249586961	-0.0295833535	-0.0217188968	0.0010773594	0.0000104963	0.0006229365	0.0008751748	0.0004717105	0.0017107922	0.0013468853	0.0030576775
0.0966511628	0.6854649011	0.8242964309	0.8840340841	0.8052215982	0.9324260747	0.9108490415	-0.0305262841	-0.0030159512	-0.0231136558	-0.0275103329	-0.0200977046	0.0009318540	0.0000090960	0.0005342411	0.0007568184	0.0004039177	0.0014751911	0.0011607361	0.0026359272
0.0966511628	0.6921315678	0.8261573641	0.8842289097	0.8066731306	0.9343252126	0.9122899305	-0.0282712268	-0.0027955931	-0.0213126290	-0.0254756337	-0.0185170359	0.0007992623	0.0000078153	0.0004542282	0.0006490079	0.0003428806	0.0012613058	0.0009918885	0.0022531943
0.0966511628	0.6987982344	0.8279890617	0.8844207181	0.8080928592	0.9361936517	0.9136973418	-0.0260565519	-0.0025786950	-0.0195541960	-0.0234778569	-0.0169755010	0.0006789439	0.0000066497	0.0003823666	0.0005512098	0.0002881676	0.0010679601	0.0008393774	0.0019073375
0.0966511628	0.7054649011	0.8297924482	0.8846095328	0.8094817083	0.9380324510	0.9150723322	-0.0238808885	-0.0023652281	-0.0178369961	-0.0215156604	-0.0154717680	0.0005702968	0.0000055943	0.0003181584	0.0004629236	0.0002393756	0.0008940496	0.0007022992	0.0015963488
0.0966511628	0.7121315678	0.8315684150	0.8847953766	0.8108405680	0.9398426314	0.9164159188	-0.0217429214	-0.0021551644	-0.0161597248	-0.0195877570	-0.0140045604	0.0004727546	0.0000046447	0.0002611367	0.0003836802	0.0001961277	0.0007385361	0.0005798079	0.0013183440
0.0966511628	0.7187982344	0.8333178212	0.8849782718	0.8121702954	0.9416251763	0.9177290802	-0.0196413882	-0.0019484768	-0.0145211310	-0.0176929114	-0.0125726543	0.0003857841	0.0000037966	0.0002108632	0.0003130391	0.0001580716	0.0006004439	0.0004711108	0.0010715547
0.0966511628	0.7254649011	0.8350414951	0.8851582396	0.8134717158	0.9433810338	0.9190127588	-0.0175750772	-0.0017451390	-0.0129200151	-0.0158299383	-0.0111748761	0.0003088833	0.0000030455	0.0001669268	0.0002505869	0.0001248779	0.0004788556	0.0003754648	0.0008543204
0.0966511628	0.7321315678	0.8367402355	0.8853353006	0.8147456239	0.9451111177	0.9202678616	-0.0155428252	-0.0015451259	-0.0113552261	-0.0139976993	-0.0098101002	0.0002415794	0.0000023874	0.0001289412	0.0001959356	0.0000962381	0.0003729080	0.0002921737	0.0006650816
0.0966511628	0.7387982344	0.8384148124	0.8855094745	0.8159927851	0.9468163092	0.9214952619	-0.0135435147	-0.0013484131	-0.0098256595	-0.0121951017	-0.0084772464	0.0001834268	0.0000018182	0.0000965436	0.0001487205	0.0000718637	0.0002817886	0.0002205842	0.0005023728
0.0966511628	0.7454649011	0.8400659686	0.8856807803	0.8172139367	0.9484974578	0.9226958006	-0.0115760729	-0.0011549772	-0.0083302556	-0.0104210956	-0.0071752784	0.0001340055	0.0000013340	0.0000693932	0.0001085992	0.0000514846	0.0002047326	0.0001600839	0.0003648164
0.0966511628	0.7521315678	0.8416944203	0.8858492363	0.8184097889	0.9501553828	0.9238702877	-0.0096394685	-0.0009647958	-0.0068679971	-0.0086746727	-0.0059032013	0.0000929194	0.0000009308	0.0000471694	0.0000752499	0.0000348478	0.0001410196	0.0001100977	0.0002511173
0.0966511628	0.7587982344	0.8433008586	0.8860148600	0.8195810257	0.9517908747	0.9250195033	-0.0077327109	-0.0007778474	-0.0054379072	-0.0069548636	-0.0046600599	0.0000597948	0.0000006050	0.0000295708	0.0000483701	0.0000217162	0.0000899707	0.0000700863	0.0001600570
0.0966511628	0.7654649011	0.8448859499	0.8861776680	0.8207283063	0.9534046958	0.9261441988	-0.0058548479	-0.0005941112	-0.0040390481	-0.0052607367	-0.0034449370	0.0000342792	0.0000003530	0.0000163139	0.0000276754	0.0000118676	0.0000509461	0.0000395429	0.0000904891
0.0966511628	0.7721315678	0.8464503374	0.8863376762	0.8218522659	0.9549975818	0.9272450985	-0.0040049639	-0.0004135674	-0.0026705190	-0.0035913965	-0.0022569515	0.0000160397	0.0000001710	0.0000071317	0.0000128981	0.0000050938	0.0000233424	0.0000179920	0.0000413344
0.0966511628	0.7787982344	0.8479946416	0.8864949000	0.8229535164	0.9565702427	0.9283229000	-0.0021821787	-0.0002361973	-0.0013314543	-0.0019459814	-0.0010952569	0.0000047619	0.0000000558	0.0000017728	0.0000037868	0.0000011996	0.0000065905	0.0000049864	0.0000115769
0.0966511628	0.7854649011	0.8495194614	0.8866493537	0.8240326477	0.9581233639	0.9293782759	-0.0003856455	-0.0000619828	-0.0000210225	-0.0003236627	0.0000409603	0.0000001487	0.0000000038	0.0000000004	0.0000001048	0.0000000017	0.0000001530	0.0000001064	0.0000002594
0.0966511628	0.7921315678	0.8510253748	0.8868010513	0.8250902284	0.9596576070	0.9304118745	0.0013854501	0.0001090934	0.0012615755	0.0012763567	0.0011524821	0.0000019195	0.0000000119	0.0000015916	0.0000016291	0.0000013282	0.0000035229	0.0000029573	0.0000064802
0.0966511628	0.7987982344	0.8525129396	0.8869500058	0.8261268066	0.9611736108	0.9314243207	0.0031318919	0.0002770476	0.0025171080	0.0028548443	0.0022400604	0.0000098087	0.0000000768	0.0000063358	0.0000081501	0.0000050179	0.0000162213	0.0000131680	0.0000293893
0.0966511628	0.8054649011	0.8539826947	0.8870962295	0.8271429108	0.9626719923	0.9324162174	0.0048544341	0.0004418954	0.0037463137	0.0044125388	0.0033044184	0.0000235655	0.0000001953	0.0000140349	0.0000194705	0.0000109192	0.0000377957	0.0000303897	0.0000681853
0.0966511628	0.8121315678	0.8554351600	0.8872397344	0.8281390504	0.9641533476	0.9333881456	0.0065538030	0.0006036515	0.0049499030	0.0059501514	0.0043462514	0.0000429523	0.0000003644	0.0000245015	0.0000354043	0.0000188899	0.0000678183	0.0000542942	0.0001221125
0.0966511628	0.8187982344	0.8568708380	0.8873805315	0.8291157170	0.9656182523	0.9343406662	0.0082306975	0.0007623301	0.0061285590	0.0074683674	0.0053662289	0.0000677444	0.0000005811	0.0000375592	0.0000557765	0.0000287964	0.0001058848	0.0000845729	0.0001904577
0.0966511628	0.8254649011	0.8582902137	0.8875186313	0.8300733844	0.9670672630	0.9352743200	0.0098857911	0.0009179444	0.0072829392	0.0089678467	0.0063649948	0.0000977289	0.0000008426	0.0000530412	0.0000804223	0.0000405132	0.0001516127	0.0001209354	0.0002725481
0.0966511628	0.8321315678	0.8596937557	0.8876540438	0.8310125099	0.9685009174	0.9361896289	0.0115197323	0.0010705070	0.0084136762	0.0104492253	0.0073431692	0.0001327042	0.0000011460	0.0000707899	0.0001091863	0.0000539221	0.0002046402	0.0001631084	0.0003677486
0.0966511628	0.8387982344	0.8610819170	0.8877867782	0.8319335347	0.9699197353	0.9370870969	0.0131331459	0.0012200297	0.0095213788	0.0119131162	0.0083013490	0.0001724795	0.0000014885	0.0000906567	0.0001419223	0.0000689124	0.0002646246	0.0002108347	0.0004754594
0.0966511628	0.8454649011	0.8624551348	0.8879168434	0.8328368843	0.9713242194	0.9379672100	0.0147266344	0.0013665240	0.0106066332	0.0133601104	0.0092401092	0.0002168738	0.0000018674	0.0001125007	0.0001784925	0.0000853796	0.0003312418	0.0002638722	0.0005951140
0.0966511628	0.8521315678	0.8638138322	0.8880442475	0.8337229696	0.9727148558	0.9388304377	0.0163007780	0.0015100002	0.0116700038	0.0147907778	0.0101600036	0.0002657154	0.0000022801	0.0001361890	0.0002187671	0.0001032257	0.0004041845	0.0003219928	0.0007261772
0.0966511628	0.8587982344	0.8651584178	0.8881689983	0.8345921872	0.9740921147	0.9396772335	0.0178561365	0.0016504685	0.0127120343	0.0162056681	0.0110615659	0.0003188416	0.0000027240	0.0001615958	0.0002626237	0.0001223582	0.0004831615	0.0003849819	0.0008681434
0.0966511628	0.8654649011	0.8664892867	0.8882911030	0.8354449197	0.9754564510	0.9405080350	0.0193932496	0.0017879381	0.0137332483	0.0176053116	0.0119453103	0.0003760981	0.0000031967	0.0001886021	0.0003099470	0.0001426904	0.0005678970	0.0004526374	0.0010205344
0.0966511628	0.8721315678	0.8678068211	0.8884105682	0.8362815370	0.9768083048	0.9413232653	0.0209126379	0.0019224179	0.0147341505	0.0189902200	0.0128117326	0.0004373384	0.0000036957	0.0002170952	0.0003606285	0.0001641405	0.0006581293	0.0005247689	0.0011828983
0.0966511628	0.8787982344	0.8691113903	0.8885274003	0.8371023958	0.9781481021	0.9421233330	0.0224148036	0.0020539161	0.0157152270	0.0203608875	0.0136613109	0.0005024234	0.0000042186	0.0002469684	0.0004145657	0.0001866314	0.0007536103	0.0006011972	0.0013548075
0.0966511628	0.8854649011	0.8704033517	0.8886416050	0.8379078409	0.9794762554	0.9429086329	0.0239002312	0.0021824404	0.0166769468	0.0217177908	0.0144945063	0.0005712211	0.0000047630	0.0002781206	0.0004716624	0.0002100907	0.0008541047	0.0006817531	0.0015358578
0.0966511628	0.8921315678	0.8716830510	0.8887531878	0.8386982055	0.9807931639	0.9436795467	0.0253693886	0.0023079982	0.0176197617	0.0230613905	0.0153117635	0.0006436059	0.0000053269	0.0003104560	0.0005318277	0.0002344501	0.0009593887	0.0007662778	0.0017256666
0.0966511628	0.8987982344	0.8729508228	0.8888621538	0.8394738112	0.9820992143	0.9444364435	0.0268227274	0.0024305960	0.0185441077	0.0243921314	0.0161135117	0.0007194587	0.0000059078	0.0003438839	0.0005949761	0.0002596453	0.0010692504	0.0008546213	0.0019238718
0.0966511628	0.9054649011	0.8742069908	0.8889685074	0.8402349692	0.9833947812	0.9451796798	0.0282606836	0.0025502403	0.0194504053	0.0257104433	0.0169001650	0.0007986662	0.0000065037	0.0003783183	0.0006610269	0.0002856156	0.0011834882	0.0009466425	0.0021301307
0.0966511628	0.9121315678	0.8754518682	0.8890722530	0.8409819799	0.9846802274	0.9459096008	0.0296836783	0.0026669368	0.0203390601	0.0270167414	0.0176721233	0.0008811208	0.0000071126	0.0004136774	0.0007299043	0.0003123039	0.0013019107	0.0010422083	0.0023441189
0.0966511628	0.9187982344	0.8766857584	0.8891733944	0.8417151340	0.9859559045	0.9466265402	0.0310921183	0.0027806910	0.0212104637	0.0283114273	0.0184297727	0.0009667198	0.0000077322	0.0004498838	0.0008015369	0.0003396565	0.0014243358	0.0011411934	0.0025655293
0.0966511628	0.9254649011	0.8779089551	0.8892719354	0.8424347125	0.9872221534	0.9473308208	0.0324863968	0.0028915080	0.0220649940	0.0295948888	0.0191734860	0.0010553660	0.0000083608	0.0004868640	0.0008758574	0.0003676226	0.0015505908	0.0012434800	0.0027940708
0.0966511628	0.9321315678	0.8791217426	0.8893678791	0.8431409870	0.9884793045	0.9480227551	0.0338668937	0.0029993924	0.0229030158	0.0308675013	0.0199036234	0.0011469665	0.0000089964	0.0005245481	0.0009528026	0.0003961542	0.0016805110	0.0013489569	0.0030294678
0.0966511628	0.9387982344	0.8803243964	0.8894612286	0.8438342205	0.9897276779	0.9487026453	0.0352339762	0.0031043485	0.0237248815	0.0321296277	0.0206205330	0.0012414331	0.0000096370	0.0005628700	0.0010323130	0.0004252064	0.0018139401	0.0014575194	0.0032714594
0.0966511628	0.9454649011	0.8815171834	0.8895519866	0.8445146672	0.9909675845	0.9493707843	0.0365879994	0.0032063803	0.0245309314	0.0333816191	0.0213245511	0.0013386817	0.0000102809	0.0006017666	0.0011143325	0.0004547365	0.0019507292	0.0015690690	0.0035197981
0.0966511628	0.9521315678	0.8827003622	0.8896401555	0.8451825733	0.9921993254	0.9500274555	0.0379293067	0.0033054915	0.0253214944	0.0346238152	0.0220160029	0.0014386323	0.0000109263	0.0006411781	0.0011988086	0.0004847044	0.0020907367	0.0016835130	0.0037742496
0.0966511628	0.9587982344	0.8838741833	0.8897257377	0.8458381768	0.9934231931	0.9506729332	0.0392582303	0.0034016855	0.0260968883	0.0358565448	0.0226952028	0.0015412086	0.0000115715	0.0006810476	0.0012856918	0.0005150722	0.0022338277	0.0018007640	0.0040345917
0.0966511628	0.9654649011	0.8850388897	0.8898087351	0.8464817084	0.9946394711	0.9513074833	0.0405750916	0.0034949654	0.0268574202	0.0370801262	0.0233624548	0.0016463381	0.0000122148	0.0007213210	0.0013749358	0.0005458043	0.0023798739	0.0019207400	0.0043006139
0.0966511628	0.9721315678	0.8861947168	0.8898891495	0.8471133913	0.9958484349	0.9519313633	0.0418802015	0.0035853340	0.0276033871	0.0382948674	0.0240180530	0.0017539513	0.0000128546	0.0007619470	0.0014664969	0.0005768669	0.0025287529	0.0020433637	0.0045721166
0.0966511628	0.9787982344	0.8873418929	0.8899669826	0.8477334417	0.9970503516	0.9525448228	0.0431738611	0.0036727940	0.0283350762	0.0395010671	0.0246622822	0.0018639823	0.0000134894	0.0008028765	0.0015603343	0.0006082282	0.0026803482	0.0021685625	0.0048489107
0.0966511628	0.9854649011	0.8884806396	0.8900422358	0.8483420692	0.9982454808	0.9531481036	0.0444563617	0.0037573477	0.0290527653	0.0406990141	0.0252954176	0.0019763681	0.0000141177	0.0008440632	0.0016564097	0.0006398582	0.0028345489	0.0022962679	0.0051308168
0.0993178295	0.5854649011	0.7924038327	0.8807656202	0.7790683175	0.8996761620	0.8845353402	-0.0699853439	-0.0067200177	-0.0561324317	-0.0632653262	-0.0494124140	0.0048979484	0.0000451586	0.0031508499	0.0040025015	0.0024415867	0.0080939569	0.0064440882	0.0145380450
0.0993178295	0.5921315678	0.7948312344	0.8810081157	0.7811246824	0.9021837827	0.8866259782	-0.0669266872	-0.0064447320	-0.0534963909	-0.0604819552	-0.0470516589	0.0044791815	0.0000415346	0.0028618638	0.0036580669	0.0022138586	0.0073825799	0.0058719255	0.0132545054
0.0993178295	0.5987982344	0.7972109920	0.8812472014	0.7831307097	0.9046394595	0.8886617835	-0.0639371191	-0.0061733914	-0.0509315560	-0.0577637277	-0.0447581647	0.0040879552	0.0000381108	0.0025940234	0.0033366482	0.0020032933	0.0067200894	0.0053399415	0.0120600309
0.0993178295	0.6054649011	0.7995446903	0.8814829060	0.7850880089	0.9070450315	0.8906446212	-0.0610140671	-0.0059059601	-0.0484353478	-0.0551081070	-0.0425293877	0.0037227164	0.0000348804	0.0023459829	0.0030369035	0.0018087488	0.0061035797	0.0048456523	0.0109492320
0.0993178295	0.6121315678	0.8018338574	0.8817152584	0.7869981304	0.9094022699	0.8925762857	-0.0581550695	-0.0056424022	-0.0460052998	-0.0525126673	-0.0403628976	0.0033820121	0.0000318367	0.0021164876	0.0027575802	0.0016291635	0.0055303364	0.0043867437	0.0099170802
0.0993178295	0.6187982344	0.8040799667	0.8819442876	0.7888625672	0.9117128803	0.8944585030	-0.0553577703	-0.0053826818	-0.0436390530	-0.0499750885	-0.0382563712	0.0030644827	0.0000289733	0.0019043669	0.0024975095	0.0014635499	0.0049978229	0.0039610594	0.0089588823
0.0993178295	0.6254649011	0.8062844385	0.8821700225	0.7906827574	0.9139785052	0.8962929335	-0.0526199140	-0.0051267631	-0.0413343506	-0.0474931509	-0.0362075875	0.0027688553	0.0000262837	0.0017085285	0.0022555994	0.0013109894	0.0045036676	0.0035665888	0.0080702564
0.0993178295	0.6321315678	0.8084486420	0.8823924921	0.7924600855	0.9162007261	0.8980811743	-0.0499393412	-0.0048746105	-0.0390890335	-0.0450647308	-0.0342144230	0.0024939378	0.0000237618	0.0015279525	0.0020308300	0.0011706267	0.0040456522	0.0032014567	0.0072471089
0.0993178295	0.6387982344	0.8105738968	0.8826117248	0.7941958848	0.9183810662	0.8998247615	-0.0473139842	-0.0046261887	-0.0369010356	-0.0426877955	-0.0322748468	0.0022386131	0.0000214016	0.0013616864	0.0018222479	0.0010416657	0.0036217011	0.0028639136	0.0064856148
0.0993178295	0.6454649011	0.8126614753	0.8828277490	0.7958914390	0.9205209920	0.9015251729	-0.0447418623	-0.0043814630	-0.0347683792	-0.0403603993	-0.0303869162	0.0020018342	0.0000191972	0.0012088402	0.0016289618	0.0009233647	0.0032298717	0.0025523265	0.0057821982
0.0993178295	0.6521315678	0.8147126036	0.8830405927	0.7975479843	0.9226219161	0.9031838298	-0.0422210782	-0.0041403990	-0.0326891713	-0.0380806793	-0.0285487724	0.0017826194	0.0000171429	0.0010685819	0.0014501381	0.0008150324	0.0028683443	0.0022651705	0.0051335148
0.0993178295	0.6587982344	0.8167284635	0.8832502832	0.7991667107	0.9246851986	0.9048020996	-0.0397498140	-0.0039029630	-0.0306615995	-0.0358468510	-0.0267586365	0.0015800477	0.0000152331	0.0009401337	0.0012849967	0.0007160246	0.0025354145	0.0020010214	0.0045364359
0.0993178295	0.6654649011	0.8187101943	0.8834568475	0.8007487639	0.9267121497	0.9063812977	-0.0373263274	-0.0036691220	-0.0286839279	-0.0336572055	-0.0250148059	0.0013932547	0.0000134625	0.0008227677	0.0011328075	0.0006257405	0.0022294849	0.0017585480	0.0039880329
0.0993178295	0.6721315678	0.8206588942	0.8836603120	0.8022952471	0.9287040314	0.9079226895	-0.0349489486	-0.0034388435	-0.0267544940	-0.0315101051	-0.0233156506	0.0012214290	0.0000118256	0.0007158030	0.0009928867	0.0005436196	0.0019490576	0.0015365063	0.0034855639
0.0993178295	0.6787982344	0.8225756214	0.8838607025	0.8038072224	0.9306620591	0.9094274925	-0.0326160763	-0.0032120959	-0.0248717053	-0.0294039804	-0.0216596094	0.0010638084	0.0000103176	0.0006186017	0.0008645941	0.0004691387	0.0016927277	0.0013337327	0.0030264605
0.0993178295	0.6854649011	0.8244613963	0.8840580442	0.8052857126	0.9325874039	0.9108968782	-0.0303261754	-0.0029888485	-0.0230340357	-0.0273373270	-0.0200451872	0.0009196769	0.0000089332	0.0005305668	0.0007473294	0.0004018095	0.0014591769	0.0011491390	0.0026083159
0.0993178295	0.6921315678	0.8263172025	0.8842523615	0.8067317022	0.9344811939	0.9123319737	-0.0280777735	-0.0027690711	-0.0212400228	-0.0253087023	-0.0184709517	0.0007883614	0.0000076678	0.0004511386	0.0006405304	0.0003411761	0.0012471677	0.0009817065	0.0022288742
0.0993178295	0.6987982344	0.8281439880	0.8844436782	0.8081461395	0.9363445162	0.9137338639	-0.0258694578	-0.0025527347	-0.0194882647	-0.0233167231	-0.0169355301	0.0006692288	0.0000065165	0.0003797925	0.0005436696	0.0002868122	0.0010555378	0.0008304818	0.0018860195
0.0993178295	0.7054649011	0.8299426670	0.8846320174	0.8095299374	0.9381784185	0.9151035928	-0.0236998731	-0.0023398108	-0.0177774176	-0.0213600622	-0.0154376068	0.0005616840	0.0000054747	0.0003160366	0.0004562523	0.0002383197	0.0008831953	0.0006945720	0.0015777672
0.0993178295	0.7121315678	0.8317141209	0.8848174014	0.8108839751	0.9399839103	0.9164421652	-0.0215677186	-0.0021302722	-0.0161061927	-0.0194374463	-0.0139759205	0.0004651665	0.0000045381	0.0002594094	0.0003778143	0.0001953264	0.0007291140	0.0005731407	0.0013022547
0.0993178295	0.7187982344	0.8334591993	0.8849998517	0.8122090994	0.9417619649	0.9177505485	-0.0194717456	-0.0019240924	-0.0144733541	-0.0175476533	-0.0125492617	0.0003791489	0.0000037021	0.0002094780	0.0003079201	0.0001574840	0.0005923290	0.0004654041	0.0010577331
0.0993178295	0.7254649011	0.8351787219	0.8851793893	0.8135061256	0.9435135205	0.9190296741	-0.0174107555	-0.0017212456	-0.0128777160	-0.0156895099	-0.0111564704	0.0003031344	0.0000029627	0.0001658356	0.0002461607	0.0001244668	0.0004719327	0.0003706276	0.0008425602
0.0993178295	0.7321315678	0.8368734788	0.8853560341	0.8147758393	0.9452394817	0.9202804385	-0.0153835969	-0.0015217073	-0.0113181411	-0.0138618896	-0.0097964338	0.0002366551	0.0000023156	0.0001281003	0.0001921520	0.0000959701	0.0003670710	0.0002881221	0.0006551931
0.0993178295	0.7387982344	0.8385442322	0.8855298055	0.8160189969	0.9469407207	0.9215037053	-0.0133891642	-0.0013254536	-0.0097935374	-0.0120637105	-0.0084680838	0.0001792697	0.0000017568	0.0000959134	0.0001455331	0.0000717084	0.0002769399	0.0002172416	0.0004941815
0.0993178295	0.7454649011	0.8401917173	0.8857007220	0.8172363273	0.9486180788	0.9227003061	-0.0114263949	-0.0011324618	-0.0083028573	-0.0102939331	-0.0071703955	0.0001305625	0.0000012825	0.0000689374	0.0001059651	0.0000514146	0.0002007824	0.0001573796	0.0003581620
0.0993178295	0.7521315678	0.8418166433	0.8858688014	0.8184285326	0.9502723675	0.9238710420	-0.0094942684	-0.0009427098	-0.0068450947	-0.0085515586	-0.0059023849	0.0000901411	0.0000008887	0.0000468553	0.0000731292	0.0000348381	0.0001378852	0.0001079673	0.0002458525
0.0993178295	0.7587982344	0.8434196943	0.8860340608	0.8195962894	0.9519043699	0.9250166846	-0.0075918035	-0.0007561767	-0.0054192837	-0.0068356268	-0.0046631070	0.0000576355	0.0000005718	0.0000293686	0.0000467258	0.0000217446	0.0000875759	0.0000684704	0.0001560463
0.0993178295	0.7654649011	0.8450015305	0.8861965163	0.8207402494	0.9535148412	0.9261379776	-0.0057180570	-0.0005728421	-0.0040244964	-0.0051452149	-0.0034516543	0.0000326962	0.0000003281	0.0000161966	0.0000264732	0.0000119139	0.0000492209	0.0000383872	0.0000876081
0.0993178295	0.7721315678	0.8465627889	0.8863561836	0.8218610409	0.9551045105	0.9272356374	-0.0038721221	-0.0003926869	-0.0026598419	-0.0034794352	-0.0022671549	0.0000149933	0.0000001542	0.0000070748	0.0000121065	0.0000051400	0.0000222223	0.0000172465	0.0000394688
0.0993178295	0.7787982344	0.8481040842	0.8865130775	0.8229592693	0.9566740816	0.9283103546	-0.0020531265	-0.0002156926	-0.0013244636	-0.0018374339	-0.0011087710	0.0000042153	0.0000000465	0.0000017542	0.0000033762	0.0000012294	0.0000060161	0.0000046055	0.0000106216
0.0993178295	0.7854649011	0.8496260100	0.8866672121	0.8240355183	0.9582242338	0.9293627949	-0.0002602312	-0.0000418416	-0.0000175389	-0.0002183896	0.0000243027	0.0000000677	0.0000000018	0.0000000003	0.0000000477	0.0000000006	0.0000000698	0.0000000483	0.0000001181
0.0993178295	0.7921315678	0.8511291388	0.8868186008	0.8250903504	0.9597556231	0.9303935999	0.0015073710	0.0001288829	0.0012617234	0.0013784881	0.0011328405	0.0000022722	0.0000000166	0.0000015919	0.0000019002	0.0000012833	0.0000038807	0.0000031836	0.0000070643
0.0993178295	0.7987982344	0.8526140239	0.8869672564	0.8261243080	0.9612688831	0.9314033884	0.0032504570	0.0002964968	0.0025140835	0.0029539602	0.0022175867	0.0000105655	0.0000000879	0.0000063206	0.0000087259	0.0000049177	0.0000169740	0.0000136436	0.0000306176
0.0993178295	0.8054649011	0.8540811991	0.8871131909	0.8271379141	0.9627646255	0.9323927573	0.0049697746	0.0004610153	0.0037402729	0.0045087592	0.0032792575	0.0000246987	0.0000002125	0.0000139896	0.0000203289	0.0000107535	0.0000389008	0.0000310824	0.0000699833
0.0993178295	0.8121315678	0.8555311801	0.8872564159	0.8281316731	0.9642434417	0.9333622821	0.0066660437	0.0006224529	0.0049409946	0.0060435909	0.0043185418	0.0000444361	0.0000003874	0.0000244134	0.0000365250	0.0000186498	0.0000692370	0.0000551748	0.0001244118
0.0993178295	0.8187982344	0.8569644651	0.8873969420	0.8291060715	0.9657059028	0.9343125182	0.0083399578	0.0007808231	0.0061169254	0.0075591347	0.0053361024	0.0000695549	0.0000006097	0.0000374168	0.0000571405	0.0000284740	0.0001075814	0.0000856145	0.0001931959
0.0993178295	0.8254649011	0.8583815350	0.8875347795	0.8300615784	0.9671525610	0.9352440012	0.0099921845	0.0009361389	0.0072687163	0.0090560456	0.0063325774	0.0000998438	0.0000008764	0.0000528342	0.0000820120	0.0000401015	0.0001535543	0.0001221135	0.0002756678
0.0993178295	0.8321315678	0.8597828548	0.8876699380	0.8309986466	0.9685839499	0.9361572484	0.0116233673	0.0010884126	0.0083969936	0.0105349547	0.0073085810	0.0001351027	0.0000011846	0.0000705095	0.0001109853	0.0000534154	0.0002067968	0.0001644006	0.0003711974
0.0993178295	0.8387982344	0.8611688735	0.8878024265	0.8319177130	0.9700005855	0.9370527588	0.0132341261	0.0012376557	0.0095023607	0.0119964704	0.0082647050	0.0001751421	0.0000015318	0.0000902949	0.0001439153	0.0000683053	0.0002669687	0.0002122206	0.0004791894
0.0993178295	0.8454649011	0.8625400253	0.8879322535	0.8328191990	0.9714029668	0.9379310142	0.0148250584	0.0013838791	0.0105853980	0.0134411793	0.0092015189	0.0002197824	0.0000019151	0.0001120507	0.0001806653	0.0000846679	0.0003337481	0.0002653332	0.0005990814
0.0993178295	0.8521315678	0.8638967297	0.8880594269	0.8337035116	0.9727915762	0.9387924798	0.0163967402	0.0015270931	0.0116466648	0.0148696471	0.0101195717	0.0002688531	0.0000023320	0.0001356448	0.0002211064	0.0001024057	0.0004068299	0.0003235121	0.0007303420
0.0993178295	0.8587982344	0.8652393923	0.8881839542	0.8345710435	0.9741668808	0.9396376049	0.0179497271	0.0016673074	0.0126866998	0.0162824197	0.0110193924	0.0003221927	0.0000027799	0.0001609524	0.0002651172	0.0001214270	0.0004859250	0.0003865442	0.0008724692
0.0993178295	0.8654649011	0.8665684051	0.8883058424	0.8354221739	0.9755293321	0.9404668235	0.0194845546	0.0018045310	0.0137060219	0.0176800236	0.0119014909	0.0003796479	0.0000032563	0.0001878550	0.0003125832	0.0001416455	0.0005707592	0.0004542287	0.0010249880
0.0993178295	0.8721315678	0.8678841475	0.8884250978	0.8362572689	0.9768793674	0.9412805547	0.0210017396	0.0019387724	0.0147051311	0.0190629672	0.0127663587	0.0004410731	0.0000037588	0.0002162409	0.0003633967	0.0001629799	0.0006610728	0.0005263766	0.0011874494
0.0993178295	0.8787982344	0.8691869863	0.8885417266	0.8370766824	0.9782174098	0.9420792038	0.0225017806	0.0020700396	0.0156845094	0.0204317410	0.0136144698	0.0005063301	0.0000042851	0.0002460038	0.0004174560	0.0001853538	0.0007566190	0.0006028098	0.0013594289
0.0993178295	0.8854649011	0.8704772761	0.8886557343	0.8378807558	0.9795438689	0.9428631622	0.0239851588	0.0021983401	0.0166446215	0.0217868187	0.0144462814	0.0005752878	0.0000048327	0.0002770434	0.0004746655	0.0002086950	0.0008571640	0.0006833605	0.0015405245
0.0993178295	0.8921315678	0.8717553603	0.8887671260	0.8386698192	0.9808591416	0.9436328084	0.0254523388	0.0023236809	0.0175859155	0.0231286579	0.0152622346	0.0006478216	0.0000053995	0.0003092644	0.0005349348	0.0002329358	0.0009624855	0.0007678706	0.0017303561
0.0993178295	0.8987982344	0.8730215710	0.8888759067	0.8394441915	0.9821636119	0.9443885083	0.0269037690	0.0024460684	0.0185088235	0.0244577006	0.0160627551	0.0007238128	0.0000059833	0.0003425765	0.0005981791	0.0002580121	0.0010723726	0.0008561912	0.0019285638
0.0993178295	0.9054649011	0.8742762298	0.8889820806	0.8402041810	0.9834576521	0.9451306155	0.0283398825	0.0025655087	0.0194137623	0.0257743738	0.0168482537	0.0008031489	0.0000065818	0.0003768942	0.0006643183	0.0002838637	0.0011866249	0.0009481820	0.0021348069
0.0993178295	0.9121315678	0.8755196477	0.8890856519	0.8409500857	0.9847416229	0.9458594725	0.0297610976	0.0026820074	0.0203011344	0.0270790902	0.0176191270	0.0008857229	0.0000071932	0.0004121361	0.0007332771	0.0003104336	0.0013050522	0.0010437108	0.0023487629
0.0993178295	0.9187982344	0.8767521262	0.8891866242	0.8416821934	0.9860158737	0.9465754101	0.0311678184	0.0027955696	0.0211713279	0.0283722488	0.0183757583	0.0009714329	0.0000078152	0.0004482251	0.0008049845	0.0003376685	0.0014274732	0.0011426530	0.0025701262
0.0993178295	0.9254649011	0.8779739568	0.8892850010	0.8424007829	0.9872807433	0.9472787486	0.0325604357	0.0029062004	0.0220247176	0.0296542353	0.0191185172	0.0010601820	0.0000084460	0.0004850882	0.0008793737	0.0003655177	0.0015537162	0.0012448914	0.0027986075
0.0993178295	0.9321315678	0.8791854223	0.8893807854	0.8431061235	0.9885365602	0.9479697981	0.0339393267	0.0030139040	0.0228616654	0.0309254227	0.0198477614	0.0011518779	0.0000090836	0.0005226557	0.0009563818	0.0003939336	0.0016836173	0.0013503154	0.0030339327
0.0993178295	0.9387982344	0.8803867962	0.8894739802	0.8437984759	0.9897836428	0.9486488585	0.0353048565	0.0031186846	0.0236825208	0.0321861719	0.0205638362	0.0012464329	0.0000097262	0.0005608618	0.0010359497	0.0004228714	0.0018170209	0.0014588210	0.0032758419
0.0993178295	0.9454649011	0.8815783439	0.8895645879	0.8444780922	0.9910223000	0.9493162202	0.0366573779	0.0032205461	0.0244876215	0.0334368319	0.0212670755	0.0013437634	0.0000103719	0.0005996436	0.0011180217	0.0004522885	0.0019537789	0.0015703102	0.0035240891
0.0993178295	0.9521315678	0.8827603222	0.8896526109	0.8451452164	0.9922528315	0.9499721645	0.0379972324	0.0033194918	0.0252772937	0.0346777405	0.0219578019	0.0014437897	0.0000110190	0.0006389416	0.0012025457	0.0004821451	0.0020937503	0.0016846908	0.0037784410
0.0993178295	0.9587982344	0.8839329802	0.8897380512	0.8458000848	0.9934755280	0.9506169638	0.0393247499	0.0034155251	0.0260518527	0.0359092248	0.0226363276	0.0015464360	0.0000116658	0.0006786990	0.0012894724	0.0005124033	0.0022368008	0.0018018758	0.0040386765
0.0993178295	0.9654649011	0.8850965594	0.8898209108	0.8464429260	0.9946906716	0.9512508818	0.0406402501	0.0035086488	0.0268116032	0.0371316013	0.0233029544	0.0016516299	0.0000123106	0.0007188621	0.0013787558	0.0005430277	0.0023828026	0.0019217835	0.0043045861
0.0993178295	0.9721315678	0.8862512937	0.8899011912	0.8470739616	0.9958985363	0.9518741743	0.0419440420	0.0035988656	0.0275568400	0.0383451764	0.0239579744	0.0017593027	0.0000129518	0.0007593794	0.0014703526	0.0005739845	0.0025316339	0.0020443371	0.0045759710
0.0993178295	0.9787982344	0.8873974103	0.8899788939	0.8476934058	0.9970993878	0.9524870889	0.0432364250	0.0036861779	0.0282878481	0.0395502471	0.0246016702	0.0018693885	0.0000135879	0.0008002023	0.0015642220	0.0006052422	0.0026831787	0.0021694642	0.0048526429
0.0993178295	0.9854649011	0.8885351293	0.8900540203	0.8483014667	0.9982934844	0.9530898657	0.0445176889	0.0037705880	0.0290049032	0.0407471009	0.0252343151	0.0019818246	0.0000142173	0.0008412844	0.0016603262	0.0006367707	0.0028373264	0.0022970969	0.0051344233
0.1019844961	0.5854649011	0.7926873469	0.8808004786	0.7792626267	0.8999624389	0.8847209393	-0.0696276180	-0.0066804411	-0.0558830504	-0.0629471769	-0.0492026093	0.0048480052	0.0000446283	0.0031229153	0.0039623471	0.0024208968	0.0080155488	0.0063832438	0.0143987926
0.1019844961	0.5921315678	0.7951044009	0.8810421191	0.7813075519	0.9024590127	0.8867993198	-0.0665830677	-0.0064061368	-0.0532623078	-0.0601769309	-0.0468561711	0.0044333049	0.0000410386	0.0028368734	0.0036212630	0.0021955008	0.0073112169	0.0058167638	0.0131279807
0.1019844961	0.5987982344	0.7974742921	0.8812803772	0.7833026729	0.9049041743	0.8888234586	-0.0636068971	-0.0061357457	-0.0507119959	-0.0574711514	-0.0445762502	0.0040458374	0.0000376474	0.0025717065	0.0033029332	0.0019870421	0.0066551913	0.0052899753	0.0119451666
0.1019844961	0.6054649011	0.7997985797	0.8815152809	0.7852495728	0.9072997338	0.8907951907	-0.0606965750	-0.0058692330	-0.0482295783	-0.0548273420	-0.0423603453	0.0036840742	0.0000344479	0.0023260922	0.0030060374	0.0017943989	0.0060446143	0.0048004363	0.0108450506
0.1019844961	0.6121315678	0.8020787679	0.8817468583	0.7871497767	0.9096474349	0.8927162817	-0.0578496782	-0.0056065638	-0.0458126289	-0.0522431145	-0.0402060651	0.0033465853	0.0000314336	0.0020987970	0.0027293430	0.0016165277	0.0054768158	0.0043458707	0.0098226865
0.1019844961	0.6187982344	0.8043163072	0.8819751375	0.7890047541	0.9119489575	0.8945884307	-0.0550638869	-0.0053477030	-0.0434588263	-0.0497161839	-0.0381111233	0.0030320316	0.0000285979	0.0018886696	0.0024716989	0.0014524577	0.0049492991	0.0039241567	0.0088734558
0.1019844961	0.6254649011	0.8065125967	0.8822001468	0.7908159206	0.9142059199	0.8964132725	-0.0523369792	-0.0050926158	-0.0411659493	-0.0472443634	-0.0360733335	0.0027391594	0.0000259347	0.0016946354	0.0022320299	0.0013012854	0.0044597295	0.0035333153	0.0079930448
0.1019844961	0.6321315678	0.8086689854	0.8824219142	0.7925846396	0.9164198807	0.8981923803	-0.0496668274	-0.0048412674	-0.0389318718	-0.0448255600	-0.0340906044	0.0024667937	0.0000234379	0.0015156906	0.0020093308	0.0011621693	0.0040059223	0.0031715001	0.0071774224
0.1019844961	0.6387982344	0.8107867742	0.8826404677	0.7943122243	0.9185923418	0.8999272675	-0.0470513932	-0.0045936235	-0.0367545590	-0.0424577698	-0.0321609356	0.0022138336	0.0000211014	0.0013508976	0.0018026622	0.0010343258	0.0035858326	0.0028369880	0.0064228206
0.1019844961	0.6454649011	0.8128672173	0.8828558348	0.7959999397	0.9207247494	0.9016193904	-0.0444887238	-0.0043496500	-0.0346320626	-0.0401390738	-0.0302824126	0.0019792465	0.0000189195	0.0011993798	0.0016111452	0.0009170245	0.0031975458	0.0025281698	0.0057257155
0.1019844961	0.6521315678	0.8149115241	0.8830680428	0.7976490036	0.9228184971	0.9032701502	-0.0419769477	-0.0041093135	-0.0325625170	-0.0378676342	-0.0284532035	0.0017620641	0.0000168865	0.0010603175	0.0014339577	0.0008095848	0.0028392681	0.0022435425	0.0050828106
0.1019844961	0.6587982344	0.8169208605	0.8832771184	0.7992605894	0.9248749271	0.9048808950	-0.0395142714	-0.0038725811	-0.0305441356	-0.0356416903	-0.0266715545	0.0015613776	0.0000149969	0.0009329442	0.0012703301	0.0007113718	0.0025093188	0.0019817019	0.0044910207
0.1019844961	0.6654649011	0.8188963508	0.8834830879	0.8008358266	0.9268953328	0.9064529221	-0.0370989756	-0.0036394204	-0.0285752071	-0.0334595552	-0.0249357867	0.0013763340	0.0000132454	0.0008165425	0.0011195418	0.0006217935	0.0022061218	0.0017413353	0.0039474571
0.1019844961	0.6721315678	0.8208390788	0.8836859771	0.8023758033	0.9288809601	0.9079874799	-0.0347294117	-0.0034097999	-0.0266540918	-0.0313196119	-0.0232442920	0.0012061320	0.0000116267	0.0007104406	0.0009809181	0.0005402971	0.0019281994	0.0015212152	0.0034494146
0.1019844961	0.6787982344	0.8227500896	0.8838858111	0.8038815671	0.9308330095	0.9094857696	-0.0324039989	-0.0031836885	-0.0247792189	-0.0292203104	-0.0215955304	0.0010500191	0.0000101359	0.0006140097	0.0008538265	0.0004663669	0.0016741647	0.0013201935	0.0029943582
0.1019844961	0.6854649011	0.8246303908	0.8840826145	0.8053541271	0.9327526379	0.9109489474	-0.0301212208	-0.0029610563	-0.0229490825	-0.0271601645	-0.0199880262	0.0009072879	0.0000087679	0.0005266604	0.0007376745	0.0003995212	0.0014427162	0.0011371957	0.0025799119
0.1019844961	0.6921315678	0.8264809540	0.8842764111	0.8067944549	0.9346409603	0.9123781260	-0.0278796227	-0.0027418738	-0.0211622395	-0.0251377489	-0.0184203657	0.0007772734	0.0000075179	0.0004478404	0.0006319064	0.0003393099	0.0012326316	0.0009712163	0.0022038479
0.1019844961	0.6987982344	0.8283027161	0.8844672243	0.8082034864	0.9364990509	0.9137743765	-0.0256778089	-0.0025261126	-0.0194173062	-0.0231516963	-0.0168911936	0.0006593499	0.0000063812	0.0003770318	0.0005360010	0.0002853124	0.0010427629	0.0008213135	0.0018640764
0.1019844961	0.7054649011	0.8300965805	0.8846550764	0.8095821229	0.9383279457	0.9151387298	-0.0235144396	-0.0023137450	-0.0177129557	-0.0212006946	-0.0153992107	0.0005529289	0.0000053534	0.0003137488	0.0004494695	0.0002371357	0.0008720311	0.0006866051	0.0015586362
0.1019844961	0.7121315678	0.8318634184	0.8848399893	0.8109312326	0.9401286429	0.9164721785	-0.0213882289	-0.0021047442	-0.0160479154	-0.0192834847	-0.0139431712	0.0004574563	0.0000044299	0.0002575356	0.0003718528	0.0001944120	0.0007194219	0.0005662648	0.0012856867
0.1019844961	0.7187982344	0.8336040700	0.8850219840	0.8122516516	0.9419021053	0.9177756782	-0.0192979422	-0.0018990844	-0.0144209647	-0.0173988578	-0.0125218803	0.0003724106	0.0000036065	0.0002079642	0.0003027203	0.0001567975	0.0005839813	0.0004595177	0.0010434991
0.1019844961	0.7254649011	0.8353193457	0.8852010809	0.8135441854	0.9436492609	0.9190501491	-0.0172423939	-0.0016967406	-0.0128309322	-0.0155456533	-0.0111341917	0.0002973001	0.0000028789	0.0001646328	0.0002416673	0.0001239702	0.0004648119	0.0003656376	0.0008304495
0.1019844961	0.7321315678	0.8370100274	0.8853772995	0.8148096099	0.9453710049	0.9202964775	-0.0152204451	-0.0014976886	-0.0112766941	-0.0137227565	-0.0097790055	0.0002316619	0.0000022431	0.0001271638	0.0001883140	0.0000956289	0.0003610688	0.0002839430	0.0006450118
0.1019844961	0.7387982344	0.8386768689	0.8855506586	0.8160486727	0.9470682007	0.9215155167	-0.0132310017	-0.0013019052	-0.0097571715	-0.0119290965	-0.0084552662	0.0001750594	0.0000016950	0.0000952024	0.0001423033	0.0000714915	0.0002719568	0.0002137949	0.0004857516
0.1019844961	0.7454649011	0.8403205978	0.8857211763	0.8172620940	0.9487416812	0.9227080891	-0.0112730125	-0.0011093682	-0.0082713287	-0.0101636443	-0.0071619605	0.0001270808	0.0000012307	0.0000684149	0.0001032997	0.0000512937	0.0001967264	0.0001545933	0.0003513197
0.1019844961	0.7521315678	0.8419419160	0.8858888699	0.8184505678	0.9503922497	0.9238749866	-0.0093454671	-0.0009200561	-0.0068181713	-0.0084254110	-0.0058981152	0.0000873378	0.0000008465	0.0000464875	0.0000709876	0.0000347878	0.0001346717	0.0001057753	0.0002404470
0.1019844961	0.7587982344	0.8435415008	0.8860537561	0.8196147627	0.9520206817	0.9250169723	-0.0074473941	-0.0007339483	-0.0053967443	-0.0067134458	-0.0046627960	0.0000554637	0.0000005387	0.0000291248	0.0000450704	0.0000217417	0.0000851272	0.0000668120	0.0001519392
0.1019844961	0.7654649011	0.8451200058	0.8862158506	0.8207553234	0.9536277254	0.9261347817	-0.0055778596	-0.0005510252	-0.0040061303	-0.0050268344	-0.0034551051	0.0000311125	0.0000003036	0.0000160491	0.0000252691	0.0000119378	0.0000474652	0.0000372068	0.0000846720
0.1019844961	0.7721315678	0.8466780618	0.8863751686	0.8218728708	0.9552141031	0.9272291236	-0.0037359656	-0.0003712679	-0.0026454479	-0.0033646976	-0.0022741800	0.0000139574	0.0000001378	0.0000069984	0.0000113212	0.0000051719	0.0000210937	0.0000164931	0.0000375868
0.1019844961	0.7787982344	0.8482162776	0.8865317246	0.8229680038	0.9567805122	0.9283006812	-0.0019208480	-0.0001946586	-0.0013138502	-0.0017261894	-0.0011191916	0.0000036897	0.0000000379	0.0000017262	0.0000029797	0.0000012526	0.0000054538	0.0000042323	0.0000096861
0.1019844961	0.7854649011	0.8497352411	0.8866855323	0.8240412996	0.9583276259	0.9293501130	-0.0001316758	-0.0000211799	-0.0000105230	-0.0001104958	0.0000106569	0.0000000173	0.0000000004	0.0000000001	0.0000000122	0.0000000001	0.0000000179	0.0000000123	0.0000000302
0.1019844961	0.7921315678	0.8512355197	0.8868366046	0.8250933147	0.9598560944	0.9303780543	0.0016323511	0.0001491843	0.0012653161	0.0014831668	0.0011161318	0.0000026646	0.0000000223	0.0000016010	0.0000021998	0.0000012458	0.0000042879	0.0000034455	0.0000077334
0.1019844961	0.7987982344	0.8527176615	0.8869849541	0.8261245857	0.9613665458	0.9313851175	0.0033720024	0.0003164496	0.0025144196	0.0030555527	0.0021979700	0.0000113704	0.0000001001	0.0000063223	0.0000093364	0.0000048311	0.0000177928	0.0000141675	0.0000319603
0.1019844961	0.8054649011	0.8541821957	0.8871305923	0.8271356299	0.9628595869	0.9323718933	0.0050880193	0.0004806309	0.0037375113	0.0046073884	0.0032568804	0.0000258879	0.0000002310	0.0000139690	0.0000212280	0.0000106073	0.0000400879	0.0000318353	0.0000719232
0.1019844961	0.8121315678	0.8556296333	0.8872735305	0.8281269467	0.9643358039	0.9333389515	0.0067811155	0.0006417421	0.0049352872	0.0061393735	0.0042935452	0.0000459835	0.0000004118	0.0000243571	0.0000376919	0.0000184345	0.0000707524	0.0000561264	0.0001268789
0.1019844961	0.8187982344	0.8570604682	0.8874137790	0.8290990172	0.9657957634	0.9342868420	0.0084519784	0.0007997964	0.0061084171	0.0076521820	0.0053086207	0.0000714359	0.0000006397	0.0000373128	0.0000585559	0.0000281815	0.0001093884	0.0000867373	0.0001961257
0.1019844961	0.8254649011	0.8584751773	0.8875513478	0.8300523060	0.9672400131	0.9352160955	0.0101012702	0.0009548065	0.0072575455	0.0091464637	0.0063027390	0.0001020357	0.0000009117	0.0000526720	0.0000836578	0.0000397245	0.0001556193	0.0001233823	0.0002790016
0.1019844961	0.8321315678	0.8598742216	0.8876862461	0.8309872612	0.9686690825	0.9361272239	0.0117296289	0.0011067843	0.0083832927	0.0106228447	0.0072765084	0.0001375842	0.0000012250	0.0000702796	0.0001128448	0.0000529476	0.0002090888	0.0001657924	0.0003748812
0.1019844961	0.8387982344	0.8612580465	0.8878184827	0.8319043153	0.9700834836	0.9370207216	0.0133376694	0.0012557409	0.0094862559	0.0120819286	0.0082305151	0.0001778934	0.0000015769	0.0000899891	0.0001459730	0.0000677414	0.0002694594	0.0002137144	0.0004831737
0.1019844961	0.8454649011	0.8626270825	0.8879480657	0.8328038856	0.9714837115	0.9378970660	0.0149259845	0.0014016869	0.0105670103	0.0135242976	0.0091653235	0.0002227850	0.0000019647	0.0001116617	0.0001829066	0.0000840032	0.0003364114	0.0002669098	0.0006033212
0.1019844961	0.8521315678	0.8639817459	0.8880750028	0.8336863749	0.9728702454	0.9387567179	0.0164951455	0.0015446322	0.0116261097	0.0149505133	0.0100814775	0.0002720898	0.0000023859	0.0001351664	0.0002235178	0.0001016362	0.0004096421	0.0003251540	0.0007347962
0.1019844961	0.8587982344	0.8653224390	0.8881993012	0.8345521722	0.9742435485	0.9396001225	0.0180457037	0.0016845863	0.0126640876	0.0163611174	0.0109795013	0.0003256474	0.0000028378	0.0001603791	0.0002676862	0.0001205494	0.0004888644	0.0003882356	0.0008771000
0.1019844961	0.8654649011	0.8666495509	0.8883209676	0.8354016530	0.9756040695	0.9404277097	0.0195781906	0.0018215578	0.0136814582	0.0177566328	0.0118599004	0.0003833055	0.0000033181	0.0001871823	0.0003152980	0.0001406572	0.0005738059	0.0004559552	0.0010297612
0.1019844961	0.8721315678	0.8679634580	0.8884400081	0.8362351801	0.9769522423	0.9412398952	0.0210931191	0.0019555550	0.0146787168	0.0191375641	0.0127231618	0.0004449197	0.0000038242	0.0002154647	0.0003662464	0.0001618788	0.0006642086	0.0005281252	0.0011923338
0.1019844961	0.8787982344	0.8692645243	0.8885564286	0.8370531038	0.9782884872	0.9420370804	0.0225909841	0.0020865857	0.0156563412	0.0205043985	0.0135697555	0.0005103526	0.0000043538	0.0002451210	0.0004204304	0.0001841383	0.0007598274	0.0006045686	0.0013643960
0.1019844961	0.8854649011	0.8705531019	0.8886702343	0.8378557623	0.9796132111	0.9428196534	0.0240722633	0.0022146569	0.0166147917	0.0218576065	0.0144001349	0.0005794739	0.0000049047	0.0002760513	0.0004777550	0.0002073639	0.0008604299	0.0006851188	0.0015455487
0.1019844961	0.8921315678	0.8718295316	0.8887814303	0.8386434829	0.9809268081	0.9435879894	0.0255374179	0.0023397753	0.0175545125	0.0231976425	0.0152147372	0.0006521597	0.0000054745	0.0003081609	0.0005381306	0.0002314882	0.0009657952	0.0007696188	0.0017354140
0.1019844961	0.8987982344	0.8730941431	0.8888900212	0.8394165813	0.9822296598	0.9443424511	0.0269868930	0.0024619473	0.0184759318	0.0245249458	0.0160139845	0.0007282924	0.0000060612	0.0003413601	0.0006014730	0.0002564477	0.0010757136	0.0008579207	0.0019336343
0.1019844961	0.9054649011	0.8743472558	0.8889960110	0.8401753631	0.9835221362	0.9450833892	0.0284211189	0.0025811786	0.0193794630	0.0258399404	0.0167982844	0.0008077600	0.0000066625	0.0003755636	0.0006677025	0.0002821824	0.0011899861	0.0009498849	0.0021398709
0.1019844961	0.9121315678	0.8755891785	0.8890994036	0.8409201234	0.9848045954	0.9458111433	0.0298405110	0.0026974745	0.0202655048	0.0271430364	0.0175680302	0.0008904561	0.0000072764	0.0004106907	0.0007367444	0.0003086357	0.0013084231	0.0010453801	0.0023538033
0.1019844961	0.9187982344	0.8768202105	0.8892002027	0.8416511479	0.9860773849	0.9465260415	0.0312454706	0.0028108402	0.0211344421	0.0284346305	0.0183236019	0.0009762794	0.0000079008	0.0004466646	0.0008085282	0.0003357544	0.0014308449	0.0011442826	0.0025751275
0.1019844961	0.9254649011	0.8780406416	0.8892984113	0.8423687125	0.9873408414	0.9472284014	0.0326363858	0.0029212801	0.0219866466	0.0297151058	0.0190653665	0.0010651337	0.0000085339	0.0004834126	0.0008829875	0.0003634882	0.0015570802	0.0012464757	0.0028035559
0.1019844961	0.9321315678	0.8792507525	0.8893940324	0.8430730843	0.9885952913	0.9479185306	0.0340136316	0.0030287985	0.0228224771	0.0309848331	0.0197936786	0.0011569271	0.0000091736	0.0005208655	0.0009600599	0.0003917897	0.0016869662	0.0013518496	0.0030388158
0.1019844961	0.9387982344	0.8804508151	0.8894870686	0.8437645217	0.9898410512	0.9485967267	0.0353775705	0.0031333994	0.0236422803	0.0322441712	0.0205088809	0.0012515725	0.0000098182	0.0005589574	0.0010396866	0.0004206142	0.0018203481	0.0014603008	0.0032806489
0.1019844961	0.9454649011	0.8816410927	0.8895775224	0.8444432746	0.9910784283	0.9492632776	0.0367285533	0.0032350862	0.0244463910	0.0334934670	0.0212113047	0.0013489866	0.0000104658	0.0005976260	0.0011218123	0.0004499194	0.0019570784	0.0015717318	0.0035288102
0.1019844961	0.9521315678	0.8828218409	0.8896653958	0.8451095851	0.9923077204	0.9499184626	0.0380669189	0.0033338625	0.0252351328	0.0347330565	0.0219012703	0.0014490903	0.0000111146	0.0006368119	0.0012063852	0.0004796656	0.0020970169	0.0016860509	0.0037830677
0.1019844961	0.9587982344	0.8839933070	0.8897506908	0.8457636872	0.9935292168	0.9505625519	0.0393929957	0.0034297310	0.0260088184	0.0359632647	0.0225790874	0.0015518081	0.0000117631	0.0006764586	0.0012933564	0.0005098152	0.0022400298	0.0018031716	0.0040432014
0.1019844961	0.9654649011	0.8851557309	0.8898334091	0.8464058078	0.9947431979	0.9511958072	0.0407071011	0.0035226946	0.0267677502	0.0371844065	0.0232450556	0.0016570681	0.0000124094	0.0007165125	0.0013826801	0.0005403326	0.0023859899	0.0019230127	0.0043090026
0.1019844961	0.9721315678	0.8863093454	0.8899135522	0.8470361665	0.9959499361	0.9518184822	0.0420095424	0.0036127558	0.0275122207	0.0383967866	0.0238994649	0.0017648017	0.0000130520	0.0007569223	0.0014743132	0.0005711844	0.0025347759	0.0020454976	0.0045802736
0.1019844961	0.9787982344	0.8874543761	0.8899911214	0.8476549761	0.9971496960	0.9524308228	0.0433006172	0.0036999169	0.0282425125	0.0396007003	0.0245425956	0.0018749435	0.0000136894	0.0007976395	0.0015682155	0.0006023390	0.0026862723	0.0021705545	0.0048568268
0.1019844961	0.9854649011	0.8885910418	0.8900661179	0.8482624425	0.9983427343	0.9530330674	0.0445806136	0.0037841799	0.0289588993	0.0407964337	0.0251747195	0.0019874311	0.0000143200	0.0008386179	0.0016643490	0.0006337665	0.0028403690	0.0022981155	0.0051384845
0.1046511628	0.5854649011	0.7929772555	0.8808361848	0.7794636512	0.9002550862	0.8849132956	-0.0692619559	-0.0066399035	-0.0556251161	-0.0626220525	-0.0489852126	0.0047972185	0.0000440883	0.0030941535	0.0039215215	0.0023995511	0.0079354604	0.0063210725	0.0142565329
0.1046511628	0.5921315678	0.7953837516	0.8810769503	0.7814969215	0.9027403921	0.8869791921	-0.0662317910	-0.0063666035	-0.0530199619	-0.0598651876	-0.0466533585	0.0043866501	0.0000405336	0.0028111164	0.0035838407	0.0021765359	0.0072383002	0.0057603765	0.0129986767
0.1046511628	0.5987982344	0.7977435746	0.8813143615	0.7834809300	0.9051748269	0.8889914476	-0.0632692848	-0.0060971841	-0.0504844506	-0.0571721008	-0.0443872665	0.0040030024	0.0000371757	0.0025486797	0.0032686491	0.0019702294	0.0065888578	0.0052388785	0.0118277363
0.1046511628	0.6054649011	0.8000582582	0.8815484455	0.7854172328	0.9075601712	0.8909518663	-0.0603719479	-0.0058316114	-0.0480160893	-0.0545403365	-0.0421844779	0.0036447721	0.0000340077	0.0023055448	0.0029746483	0.0017795302	0.0059843246	0.0047541785	0.0107385031
0.1046511628	0.6121315678	0.8023292818	0.8817792297	0.7873073295	0.9098981409	0.8928621848	-0.0575373962	-0.0055698516	-0.0456124928	-0.0519675446	-0.0400426412	0.0033105520	0.0000310232	0.0020804995	0.0027006257	0.0016034131	0.0054220747	0.0043040388	0.0097261135
0.1046511628	0.6187982344	0.8045580731	0.8820067414	0.7891526656	0.9121903897	0.8947240747	-0.0547633464	-0.0053118705	-0.0432713779	-0.0494514759	-0.0379595074	0.0029990241	0.0000282160	0.0018724121	0.0024454485	0.0014409242	0.0048996522	0.0038863727	0.0087860249
0.1046511628	0.6254649011	0.8067460096	0.8822310081	0.7909546339	0.9144385112	0.8965391452	-0.0520476110	-0.0050576342	-0.0409905594	-0.0469899768	-0.0359329252	0.0027089538	0.0000255797	0.0016802260	0.0022080579	0.0012911751	0.0044147594	0.0034992330	0.0079139925
0.1046511628	0.6321315678	0.8088944197	0.8824520570	0.7927145762	0.9166440412	0.8983089448	-0.0493880942	-0.0048071088	-0.0387679450	-0.0445809854	-0.0339608361	0.0024391838	0.0000231083	0.0015029536	0.0019874643	0.0011533384	0.0039652457	0.0031408026	0.0071060483
0.1046511628	0.6387982344	0.8110045851	0.8826699154	0.7944337855	0.9188084594	0.9000349640	-0.0467827878	-0.0045602609	-0.0366015313	-0.0422225269	-0.0320412704	0.0021886292	0.0000207960	0.0013396721	0.0017827418	0.0010266430	0.0035490973	0.0028093848	0.0063584821
0.1046511628	0.6454649011	0.8130777419	0.8828846100	0.7961135073	0.9209331918	0.9017186372	-0.0442297671	-0.0043170573	-0.0344893998	-0.0399127098	-0.0301723425	0.0019562723	0.0000186370	0.0011895187	0.0015930244	0.0009103703	0.0031644280	0.0025033947	0.0056678226
0.1046511628	0.6521315678	0.8151150822	0.8830961674	0.7977549416	0.9230196125	0.9033613451	-0.0417271872	-0.0040774653	-0.0324297130	-0.0376497218	-0.0283522477	0.0017411581	0.0000166257	0.0010516863	0.0014175016	0.0008038499	0.0028094702	0.0022213515	0.0050308217
0.1046511628	0.6587982344	0.8171177559	0.8833046136	0.7993592442	0.9250690456	0.9049644165	-0.0392732791	-0.0038414529	-0.0304207106	-0.0354318261	-0.0265792577	0.0015423904	0.0000147568	0.0009254196	0.0012554143	0.0007064569	0.0024825668	0.0019618712	0.0044444381
0.1046511628	0.6654649011	0.8190868719	0.8835099743	0.8009275285	0.9270827672	0.9065291301	-0.0368663467	-0.0036089885	-0.0284607059	-0.0332573582	-0.0248517174	0.0013591275	0.0000130248	0.0008100118	0.0011060519	0.0006176079	0.0021821641	0.0017236597	0.0039058238
0.1046511628	0.6721315678	0.8210234996	0.8837122747	0.8024608670	0.9290620070	0.9080567171	-0.0345047635	-0.0033800413	-0.0265480827	-0.0311247222	-0.0231680414	0.0011905787	0.0000114247	0.0007048007	0.0009687483	0.0005367581	0.0019068041	0.0015055065	0.0034123105
0.1046511628	0.6787982344	0.8229286705	0.8839115391	0.8039602927	0.9310079505	0.9095483621	-0.0321869689	-0.0031545811	-0.0246812919	-0.0290323878	-0.0215267108	0.0010360010	0.0000099514	0.0006091662	0.0008428795	0.0004633993	0.0016551185	0.0013062788	0.0029613973
0.1046511628	0.6854649011	0.8248033793	0.8841077916	0.8054268007	0.9329217400	0.9110052058	-0.0299114658	-0.0029325784	-0.0228588485	-0.0269788874	-0.0199262701	0.0008946958	0.0000086000	0.0005225270	0.0007278604	0.0003970562	0.0014258228	0.0011249166	0.0025507394
0.1046511628	0.6921315678	0.8266485855	0.8843010554	0.8068613495	0.9348044768	0.9124283462	-0.0276768178	-0.0027140048	-0.0210793289	-0.0249628130	-0.0183653241	0.0007660062	0.0000073658	0.0004443381	0.0006231420	0.0003372851	0.0012177102	0.0009604272	0.0021781373
0.1046511628	0.6987982344	0.8284652143	0.8844913532	0.8082648626	0.9366572227	0.9138188403	-0.0254816459	-0.0024988322	-0.0193413676	-0.0229828137	-0.0168425354	0.0006493143	0.0000062442	0.0003740885	0.0005282097	0.0002836710	0.0010296469	0.0008118807	0.0018415277
0.1046511628	0.7054649011	0.8302541585	0.8846787068	0.8096382293	0.9384810012	0.9151777058	-0.0233246266	-0.0022870339	-0.0176436552	-0.0210375928	-0.0153566213	0.0005440382	0.0000052305	0.0003112986	0.0004425803	0.0002358258	0.0008605673	0.0006784061	0.0015389734
0.1046511628	0.7121315678	0.8320162788	0.8848631376	0.8109823065	0.9402767993	0.9165059229	-0.0212044891	-0.0020785836	-0.0159849356	-0.0191259055	-0.0139063520	0.0004496304	0.0000043205	0.0002555182	0.0003658003	0.0001933866	0.0007094690	0.0005591869	0.0012686559
0.1046511628	0.7187982344	0.8337524059	0.8850446660	0.8122979197	0.9420455689	0.9178044352	-0.0191200128	-0.0018734561	-0.0143640035	-0.0172465567	-0.0124905474	0.0003655749	0.0000035098	0.0002063246	0.0002974437	0.0001560138	0.0005754093	0.0004534575	0.0010288668
0.1046511628	0.7254649011	0.8354633408	0.8852233118	0.8135858643	0.9437882280	0.9190741516	-0.0170700255	-0.0016716270	-0.0127797023	-0.0153983986	-0.0111080754	0.0002913858	0.0000027943	0.0001633208	0.0002371107	0.0001233893	0.0004575009	0.0003605000	0.0008180009
0.1046511628	0.7321315678	0.8371498566	0.8853990941	0.8148469064	0.9455056620	0.9203159478	-0.0150534011	-0.0014730727	-0.0112309219	-0.0135803283	-0.0097578492	0.0002266049	0.0000021699	0.0001261336	0.0001844253	0.0000952156	0.0003549084	0.0002796409	0.0006345494
0.1046511628	0.7387982344	0.8388126990	0.8855720312	0.8160817845	0.9471987252	0.9215306669	-0.0130690572	-0.0012777707	-0.0097165966	-0.0117912865	-0.0084388259	0.0001708003	0.0000016327	0.0000944122	0.0001390344	0.0000712138	0.0002668452	0.0002102482	0.0004770934
0.1046511628	0.7454649011	0.8404525878	0.8857421407	0.8172912100	0.9488682418	0.9227191216	-0.0111159539	-0.0010856991	-0.0082357030	-0.0100302547	-0.0071500039	0.0001235644	0.0000011787	0.0000678268	0.0001006060	0.0000511226	0.0001925700	0.0001517286	0.0003442985
0.1046511628	0.7521315678	0.8420702174	0.8859094395	0.8184758687	0.9505150073	0.9238820947	-0.0091930913	-0.0008968372	-0.0067872586	-0.0082962541	-0.0058904214	0.0000845129	0.0000008043	0.0000460669	0.0000688278	0.0000346971	0.0001313841	0.0001035249	0.0002349090
0.1046511628	0.7587982344	0.8436662580	0.8860739437	0.8196364213	0.9521397892	0.9250203407	-0.0072995081	-0.0007111648	-0.0053703194	-0.0065883433	-0.0046591546	0.0000532828	0.0000005058	0.0000288403	0.0000434063	0.0000217077	0.0000826289	0.0000651140	0.0001477429
0.1046511628	0.7654649011	0.8452413566	0.8862356687	0.8207735048	0.9537433286	0.9261345867	-0.0054342799	-0.0005286628	-0.0039839785	-0.0049056171	-0.0034553157	0.0000295314	0.0000002795	0.0000158721	0.0000240651	0.0000119392	0.0000456830	0.0000360043	0.0000816873
0.1046511628	0.7721315678	0.8467961377	0.8863946293	0.8218877332	0.9553263407	0.9272255336	-0.0035965175	-0.0003493129	-0.0026273646	-0.0032472046	-0.0022780517	0.0000129349	0.0000001220	0.0000069030	0.0000105443	0.0000051895	0.0000199600	0.0000157339	0.0000356939
0.1046511628	0.7787982344	0.8483312041	0.8865508394	0.8229796984	0.9568895165	0.9282938572	-0.0017853652	-0.0001730975	-0.0012996401	-0.0016122677	-0.0011265426	0.0000031875	0.0000000300	0.0000016891	0.0000025994	0.0000012691	0.0000049066	0.0000038685	0.0000087751
0.1046511628	0.7854649011	0.8498471380	0.8867043124	0.8240499711	0.9584335229	0.9293402091	0.0000000000	0.0000000000	0.0000000000	0.0000000000	0.0000000000	0.0000000000	0.0000000000	0.0000000000	0.0000000000	0.0000000000	0.0000000000	0.0000000000	0.0000000000
0.1046511628	0.7921315678	0.8513445014	0.8868550610	0.8250991017	0.9599590044	0.9303652175	0.0017603705	0.0001699955	0.0012723298	0.0015903750	0.0011023343	0.0000030989	0.0000000289	0.0000016188	0.0000025293	0.0000012151	0.0000047466	0.0000037444	0.0000084911
0.1046511628	0.7987982344	0.8528238372	0.8870030971	0.8261276208	0.9614665834	0.9313694885	0.0034965091	0.0003369041	0.0025180935	0.0031596050	0.0021811895	0.0000122256	0.0000001135	0.0000063408	0.0000099831	0.0000047576	0.0000186799	0.0000147407	0.0000334206
0.1046511628	0.8054649011	0.8542856698	0.8871484320	0.8271360402	0.9629568615	0.9323536066	0.0052091502	0.0005007401	0.0037380073	0.0047084101	0.0032372672	0.0000271352	0.0000002507	0.0000139727	0.0000221691	0.0000104799	0.0000413587	0.0000326490	0.0000740077
0.1046511628	0.8121315678	0.8557305056	0.8872910767	0.8281248538	0.9644304199	0.9333181360	0.0068990011	0.0006615172	0.0049327599	0.0062374838	0.0042712427	0.0000475962	0.0000004376	0.0000243321	0.0000389062	0.0000182435	0.0000723659	0.0000571497	0.0001295157
0.1046511628	0.8187982344	0.8571588340	0.8874310411	0.8290945376	0.9658878204	0.9342636208	0.0085667430	0.0008192483	0.0061030142	0.0077474947	0.0052837659	0.0000733891	0.0000006712	0.0000372468	0.0000600237	0.0000279182	0.0001113070	0.0000879419	0.0001992489
0.1046511628	0.8254649011	0.8585711278	0.8875683348	0.8300455514	0.9673296063	0.9351905864	0.0102130325	0.0009739455	0.0072494079	0.0092390871	0.0062754625	0.0001043060	0.0000009486	0.0000525539	0.0000853607	0.0000393814	0.0001578085	0.0001247422	0.0002825507
0.1046511628	0.8321315678	0.8599678440	0.8877029667	0.8309783386	0.9687563027	0.9360995398	0.0118385022	0.0011256203	0.0083725552	0.0107128819	0.0072469349	0.0001401501	0.0000012670	0.0000700997	0.0001147658	0.0000525181	0.0002115168	0.0001672839	0.0003788007
0.1046511628	0.8387982344	0.8613494241	0.8878349454	0.8318933271	0.9701684177	0.9369909705	0.0134437617	0.0012742836	0.0094730474	0.0121694781	0.0081987638	0.0001807347	0.0000016238	0.0000897386	0.0001480962	0.0000672197	0.0002720972	0.0002153159	0.0004874131
0.1046511628	0.8454649011	0.8627162953	0.8879642787	0.8327909300	0.9715664425	0.9378653512	0.0150293990	0.0014199456	0.0105514537	0.0136094534	0.0091315080	0.0002258828	0.0000020162	0.0001113332	0.0001852172	0.0000833844	0.0003392323	0.0002686017	0.0006078339
0.1046511628	0.8521315678	0.8640688701	0.8880909739	0.8336715462	0.9729508525	0.9387231384	0.0165959808	0.0015626160	0.0116083226	0.0150333648	0.0100457066	0.0002754266	0.0000024418	0.0001347532	0.0002260021	0.0001009162	0.0004126215	0.0003269183	0.0007395398
0.1046511628	0.8587982344	0.8654075478	0.8882150380	0.8345355606	0.9743221076	0.9395647731	0.0181440539	0.0017023037	0.0126441826	0.0164417502	0.0109418789	0.0003292067	0.0000028978	0.0001598754	0.0002703311	0.0001197247	0.0004919799	0.0003900559	0.0008820357
0.1046511628	0.8654649011	0.8667327144	0.8883364773	0.8353833451	0.9756806532	0.9403906813	0.0196741457	0.0018390172	0.0136595428	0.0178351285	0.0118205256	0.0003870720	0.0000033820	0.0001865831	0.0003180918	0.0001397248	0.0005770371	0.0004578166	0.0010348537
0.1046511628	0.8721315678	0.8680447431	0.8884552978	0.8362152588	0.9770269200	0.9412012748	0.0211867651	0.0019727645	0.0146548940	0.0192140006	0.0126821295	0.0004488790	0.0000038918	0.0002147659	0.0003691778	0.0001608364	0.0006675367	0.0005300142	0.0011975510
0.1046511628	0.8787982344	0.8693439953	0.8885715050	0.8370316487	0.9783613253	0.9419969513	0.0226824032	0.0021035529	0.0156307092	0.0205788504	0.0135271563	0.0005144914	0.0000044249	0.0002443191	0.0004234891	0.0001829840	0.0007632354	0.0006064730	0.0013697085
0.1046511628	0.8854649011	0.8706308204	0.8886851041	0.8378328499	0.9796842733	0.9427780954	0.0241615342	0.0022313893	0.0165874448	0.0219301449	0.0143560555	0.0005837797	0.0000049791	0.0002751433	0.0004809313	0.0002060963	0.0008639022	0.0006870276	0.0015509297
0.1046511628	0.8921315678	0.8719055566	0.8887960997	0.8386191862	0.9809961552	0.9435450791	0.0256246157	0.0023562802	0.0175255406	0.0232683355	0.0151692604	0.0006566209	0.0000055521	0.0003071446	0.0005414154	0.0002301065	0.0009693176	0.0007715219	0.0017408395
0.1046511628	0.8987982344	0.8731685312	0.8889044962	0.8393909706	0.9822973502	0.9442982617	0.0270720899	0.0024782315	0.0184454213	0.0245938584	0.0159671897	0.0007328981	0.0000061416	0.0003402336	0.0006048579	0.0002549511	0.0010792732	0.0008598090	0.0019390823
0.1046511628	0.9054649011	0.8744200611	0.8890102975	0.8401485058	0.9835882257	0.9450379913	0.0285043837	0.0025972489	0.0193474962	0.0259071349	0.0167502473	0.0008124999	0.0000067457	0.0003743256	0.0006711796	0.0002805708	0.0011935712	0.0009517504	0.0021453216
0.1046511628	0.9121315678	0.8756604532	0.8891135073	0.8408920842	0.9848691376	0.9457646040	0.0299219097	0.0027133373	0.0202321606	0.0272085724	0.0175188233	0.0008953207	0.0000073622	0.0004093403	0.0007403064	0.0003069092	0.0013120232	0.0010472156	0.0023592388
0.1046511628	0.9187982344	0.8768900045	0.8892141289	0.8416219887	0.9861404312	0.9464784255	0.0313250665	0.0028265016	0.0210997962	0.0284985648	0.0182732946	0.0009812598	0.0000079891	0.0004452014	0.0008121682	0.0003339133	0.0014344503	0.0011460815	0.0025805318
0.1046511628	0.9254649011	0.8781090028	0.8893121653	0.8423384928	0.9874024409	0.9471797707	0.0327142393	0.0029367462	0.0219507713	0.0297774931	0.0190140252	0.0010702215	0.0000086245	0.0004818364	0.0008866991	0.0003615332	0.0015606823	0.0012482323	0.0028089145
0.1046511628	0.9321315678	0.8793177268	0.8894076193	0.8430418613	0.9886554913	0.9478689445	0.0340898007	0.0030440750	0.0227854417	0.0310457258	0.0197413667	0.0011621145	0.0000092664	0.0005191764	0.0009638371	0.0003897216	0.0016905573	0.0013535586	0.0030441159
0.1046511628	0.9387982344	0.8805164467	0.8895004932	0.8437323501	0.9898998971	0.9485462420	0.0354521109	0.0031484918	0.0236041510	0.0323036192	0.0204556592	0.0012568522	0.0000099130	0.0005571559	0.0010435238	0.0004184340	0.0018239211	0.0014619578	0.0032858789
0.1046511628	0.9454649011	0.8817054240	0.8895907893	0.8444102071	0.9911359634	0.9492119492	0.0368015182	0.0032499999	0.0244072313	0.0335515183	0.0211572314	0.0013543517	0.0000105625	0.0005957129	0.0011257044	0.0004476284	0.0019606272	0.0015733328	0.0035339600
0.1046511628	0.9521315678	0.8828849125	0.8896785096	0.8450756720	0.9923639865	0.9498663426	0.0381383596	0.0033486025	0.0251950034	0.0347897571	0.0218464009	0.0014545345	0.0000112131	0.0006347882	0.0012103272	0.0004772652	0.0021005358	0.0016875924	0.0037881282
0.1046511628	0.9587982344	0.8840551581	0.8897636558	0.8457289771	0.9935842539	0.9505096905	0.0394629611	0.0034443024	0.0259677777	0.0360186588	0.0225234753	0.0015573253	0.0000118632	0.0006743255	0.0012973438	0.0005073069	0.0022435140	0.0018046507	0.0040481647
0.1046511628	0.9654649011	0.8852163992	0.8898462295	0.8463703472	0.9947970445	0.9511422526	0.0407756383	0.0035371021	0.0267258538	0.0372385362	0.0231887517	0.0016626527	0.0000125111	0.0007142713	0.0013867086	0.0005377182	0.0023894350	0.0019244268	0.0043138618
0.1046511628	0.9721315678	0.8863688669	0.8899262319	0.8470000000	0.9960026293	0.9517642807	0.0420766966	0.0036270040	0.0274695220	0.0384496927	0.0238425180	0.0017704484	0.0000131552	0.0007545746	0.0014783789	0.0005684657	0.0025381782	0.0020468445	0.0045850227
0.1046511628	0.9787982344	0.8875127854	0.8900036644	0.8476181464	0.9972012712	0.9523760186	0.0433664318	0.0037140101	0.0281990627	0.0396524216	0.0244850525	0.0018806474	0.0000137939	0.0007951871	0.0015723145	0.0005995178	0.0026896284	0.0021718323	0.0048614607
0.1046511628	0.9854649011	0.8886483724	0.8900785278	0.8482249908	0.9983932256	0.9529777028	0.0446451301	0.0037981225	0.0289147473	0.0408470076	0.0251166248	0.0019931876	0.0000144257	0.0008360626	0.0016684780	0.0006308448	0.0028436760	0.0022993229	0.0051429989
0.1073178295	0.5854649011	0.7932734774	0.8808727331	0.7796713013	0.9005540160	0.8851123119	-0.0688884692	-0.0065984117	-0.0553587504	-0.0622900575	-0.0487603387	0.0047456212	0.0000435390	0.0030645912	0.0038800513	0.0023775706	0.0078537515	0.0062576219	0.0141113734
0.1073178295	0.5921315678	0.7956692095	0.8811126037	0.7816927063	0.9030278379	0.8871655031	-0.0658729621	-0.0063261386	-0.0527694680	-0.0595468236	-0.0464433294	0.0043392471	0.0000400200	0.0027846167	0.0035458242	0.0021569828	0.0071638839	0.0057028070	0.0128666910
0.1073178295	0.5987982344	0.7980187669	0.8813491488	0.7836654006	0.9054513390	0.8891656634	-0.0629243810	-0.0060577128	-0.0502490284	-0.0568666682	-0.0441913156	0.0039594777	0.0000366959	0.0025249649	0.0032338180	0.0019528724	0.0065211385	0.0051866903	0.0117078288
0.1073178295	0.6054649011	0.8003236569	0.8815823947	0.7855909126	0.9078262698	0.8911145656	-0.0600402786	-0.0057931014	-0.0477949831	-0.0542471772	-0.0420018817	0.0036048351	0.0000335600	0.0022843604	0.0029427562	0.0017641581	0.0059227555	0.0047069143	0.0106296698
0.1073178295	0.6121315678	0.8025853342	0.8818123677	0.7874707165	0.9101543181	0.8930139169	-0.0572183108	-0.0055322715	-0.0454049881	-0.0516860393	-0.0398727166	0.0032739351	0.0000306060	0.0020616129	0.0026714467	0.0015898335	0.0053661541	0.0042612802	0.0096274342
0.1073178295	0.6187982344	0.8048052032	0.8820390945	0.7893062330	0.9124371110	0.8948653612	-0.0544562311	-0.0052751899	-0.0430767991	-0.0491810411	-0.0378016092	0.0029654811	0.0000278276	0.0018556106	0.0024187748	0.0014289617	0.0048489194	0.0038477365	0.0086966558
0.1073178295	0.6254649011	0.8069846192	0.8822626018	0.7910988318	0.9146762172	0.8966704814	-0.0517518868	-0.0050218237	-0.0408082673	-0.0467300630	-0.0357864436	0.0026782578	0.0000252187	0.0016653147	0.0021836988	0.0012806695	0.0043687912	0.0034643683	0.0078331595
0.1073178295	0.6321315678	0.8091248900	0.8824829159	0.7928498331	0.9168731490	0.8984308011	-0.0491032147	-0.0047721400	-0.0385973345	-0.0443310747	-0.0338251945	0.0024111257	0.0000227733	0.0014897542	0.0019652442	0.0011441438	0.0039236532	0.0031093880	0.0070330412
0.1073178295	0.6387982344	0.8112272777	0.8827000633	0.7945605092	0.9190293639	0.9001477877	-0.0465082370	-0.0045261060	-0.0364420295	-0.0419821309	-0.0319159234	0.0021630161	0.0000204856	0.0013280215	0.0017624993	0.0010186262	0.0035115233	0.0027811255	0.0062926487
0.1073178295	0.6454649011	0.8132929999	0.8829140702	0.7962320860	0.9211462671	0.9018228533	-0.0439650575	-0.0042836897	-0.0343404640	-0.0396813678	-0.0300567743	0.0019329263	0.0000183500	0.0011792675	0.0015746110	0.0009034097	0.0031305437	0.0024780206	0.0056085644
0.1073178295	0.6521315678	0.8153232314	0.8831249623	0.7978657450	0.9232252130	0.9034573578	-0.0414718581	-0.0040448591	-0.0322908287	-0.0374269989	-0.0282459696	0.0017199150	0.0000163609	0.0010426976	0.0014007803	0.0007978348	0.0027789735	0.0021986150	0.0049775886
0.1073178295	0.6587982344	0.8173191055	0.8833327649	0.7994626245	0.9252675073	0.9050526101	-0.0390268950	-0.0038095830	-0.0302913901	-0.0352173120	-0.0264818071	0.0015230985	0.0000145129	0.0009175683	0.0012402591	0.0007012861	0.0024551798	0.0019415452	0.0043967249
0.1073178295	0.6654649011	0.8192817157	0.8835375031	0.8010238213	0.9272744087	0.9066098705	-0.0366284957	-0.0035778307	-0.0283404866	-0.0330506650	-0.0247626559	0.0013416467	0.0000128009	0.0008031832	0.0010923465	0.0006131891	0.0021576307	0.0017055356	0.0038631663
0.1073178295	0.6721315678	0.8212121168	0.8837392012	0.8025503921	0.9292471304	0.9081303523	-0.0342750556	-0.0033495720	-0.0264365257	-0.0309254836	-0.0230869537	0.0011747794	0.0000112196	0.0006988899	0.0009563855	0.0005330074	0.0018848890	0.0014893930	0.0033742819
0.1073178295	0.6787982344	0.8231113263	0.8839378831	0.8040433553	0.9311868424	0.9096152237	-0.0319650352	-0.0031247776	-0.0245779804	-0.0288402576	-0.0214532028	0.0010217635	0.0000097642	0.0006040771	0.0008317605	0.0004602399	0.0016356048	0.0012920004	0.0029276052
0.1073178295	0.6854649011	0.8249803259	0.8841335722	0.8055036916	0.9330946724	0.9110656093	-0.0296969570	-0.0029034188	-0.0227633870	-0.0267935381	-0.0198599681	0.0008819093	0.0000084298	0.0005181718	0.0007178937	0.0003944183	0.0014085109	0.0011123120	0.0025208229
0.1073178295	0.6921315678	0.8268200627	0.8843262911	0.8069323464	0.9349717079	0.9124825922	-0.0274694026	-0.0026854678	-0.0209913413	-0.0247839349	-0.0183058736	0.0007545681	0.0000072117	0.0004406364	0.0006142434	0.0003351050	0.0012024162	0.0009493484	0.0021517647
0.1073178295	0.6987982344	0.8286314503	0.8845160617	0.8083302302	0.9368189976	0.9138672152	-0.0252810107	-0.0024708973	-0.0192604969	-0.0228101134	-0.0167895996	0.0006391295	0.0000061053	0.0003709667	0.0005203013	0.0002818907	0.0010162016	0.0008021919	0.0018183935
0.1073178295	0.7054649011	0.8304153703	0.8847029056	0.8096982204	0.9386375529	0.9152204828	-0.0231304739	-0.0022596811	-0.0175695618	-0.0208707927	-0.0153098807	0.0005350188	0.0000051062	0.0003086895	0.0004355900	0.0002343924	0.0008488145	0.0006699824	0.0015187969
0.1073178295	0.7121315678	0.8321726731	0.8848868432	0.8110371624	0.9404283490	0.9165433621	-0.0210165366	-0.0020517938	-0.0159172966	-0.0189647428	-0.0138655029	0.0004416948	0.0000042099	0.0002533603	0.0003596615	0.0001922522	0.0006992650	0.0005519136	0.0012511786
0.1073178295	0.7187982344	0.8339041792	0.8850678947	0.8123478709	0.9421923269	0.9178367849	-0.0189379929	-0.0018472106	-0.0143025118	-0.0170907823	-0.0124553011	0.0003586476	0.0000034122	0.0002045618	0.0002920948	0.0001551345	0.0005666216	0.0004472294	0.0010138510
0.1073178295	0.7254649011	0.8356106806	0.8852460792	0.8136311309	0.9439303943	0.9191016487	-0.0168936841	-0.0016459079	-0.0127240655	-0.0152477762	-0.0110781576	0.0002853966	0.0000027090	0.0001619018	0.0002324947	0.0001227256	0.0004500074	0.0003552203	0.0008052277
0.1073178295	0.7321315678	0.8372929412	0.8854214153	0.8148876988	0.9456434267	0.9203388180	-0.0148824968	-0.0014478627	-0.0111808618	-0.0134346342	-0.0097329991	0.0002214887	0.0000020963	0.0001250117	0.0001804894	0.0000947313	0.0003485967	0.0002752207	0.0006238174
0.1073178295	0.7387982344	0.8389516986	0.8855939208	0.8161183036	0.9473322692	0.9215491258	-0.0129033610	-0.0012530529	-0.0096718483	-0.0116503081	-0.0084187954	0.0001664967	0.0000015701	0.0000935446	0.0001357297	0.0000708761	0.0002616115	0.0002066058	0.0004682173
0.1073178295	0.7454649011	0.8405876644	0.8857636129	0.8173236480	0.9489977373	0.9227333750	-0.0109552479	-0.0010614574	-0.0081960142	-0.0098937905	-0.0071345568	0.0001200175	0.0000011267	0.0000671746	0.0000978871	0.0000509019	0.0001883188	0.0001487890	0.0003371078
0.1073178295	0.7521315678	0.8422015255	0.8859305079	0.8185044092	0.9506406180	0.9238923391	-0.0090371686	-0.0008730559	-0.0067523889	-0.0081641127	-0.0058793330	0.0000816704	0.0000007622	0.0000455948	0.0000666527	0.0000345666	0.0001280274	0.0001012193	0.0002292467
0.1073178295	0.7587982344	0.8437939450	0.8860946214	0.8196612400	0.9522616712	0.9250267637	-0.0071481718	-0.0006878288	-0.0053400397	-0.0064603431	-0.0046522109	0.0000510964	0.0000004731	0.0000285160	0.0000417360	0.0000216431	0.0000800855	0.0000633791	0.0001434646
0.1073178295	0.7654649011	0.8453655631	0.8862559685	0.8207947697	0.9538616304	0.9261373676	-0.0052873428	-0.0005057574	-0.0039580704	-0.0047815854	-0.0034523129	0.0000279560	0.0000002558	0.0000156663	0.0000228636	0.0000119185	0.0000438781	0.0000347820	0.0000786601
0.1073178295	0.7721315678	0.8469169977	0.8864145635	0.8219056051	0.9554412040	0.9272248438	-0.0034538014	-0.0003268241	-0.0026056198	-0.0031269773	-0.0022787957	0.0000119287	0.0000001068	0.0000067893	0.0000097780	0.0000051929	0.0000188248	0.0000149709	0.0000337957
0.1073178295	0.7787982344	0.8484488458	0.8865704198	0.8229943311	0.9570010760	0.9282898602	-0.0016467006	-0.0001510117	-0.0012818600	-0.0014956889	-0.0011308484	0.0000027116	0.0000000228	0.0000016432	0.0000022371	0.0000012788	0.0000043776	0.0000035159	0.0000078935
0.1073178295	0.7854649011	0.8499616835	0.8867235506	0.8240615119	0.9585419074	0.9293330614	0.0001347746	0.0000216960	0.0000140048	0.0001130786	-0.0000076912	0.0000000182	0.0000000005	0.0000000002	0.0000000128	0.0000000001	0.0000000188	0.0000000128	0.0000000317
0.1073178295	0.7921315678	0.8514560675	0.8868739679	0.8251076913	0.9600643364	0.9303550687	0.0018914089	0.0001913144	0.0012827402	0.0017000946	0.0010914258	0.0000035774	0.0000000366	0.0000016454	0.0000028903	0.0000011912	0.0000052595	0.0000040815	0.0000093410
0.1073178295	0.7987982344	0.8529325354	0.8870216835	0.8261333942	0.9615689800	0.9313564816	0.0036239578	0.0003578581	0.0025250821	0.0032660997	0.0021672240	0.0000131331	0.0000001281	0.0000063760	0.0000106674	0.0000046969	0.0000196372	0.0000153643	0.0000350014
0.1073178295	0.8054649011	0.8543916066	0.8871667083	0.8271391267	0.9630564342	0.9323378785	0.0053331488	0.0005213410	0.0037417388	0.0048118078	0.0032203978	0.0000284425	0.0000002718	0.0000140006	0.0000231535	0.0000103710	0.0000427149	0.0000335245	0.0000762393
0.1073178295	0.8121315678	0.8558337828	0.8873090527	0.8281253769	0.9645272752	0.9332998175	0.0070196827	0.0006817765	0.0049333917	0.0063379063	0.0042516153	0.0000492759	0.0000004648	0.0000243384	0.0000401691	0.0000180762	0.0000740791	0.0000582453	0.0001323244
0.1073178295	0.8187982344	0.8572595489	0.8874487264	0.8290926160	0.9659820600	0.9342428372	0.0086842347	0.0008391768	0.0061006965	0.0078450579	0.0052615196	0.0000754159	0.0000007042	0.0000372185	0.0000615449	0.0000276836	0.0001133386	0.0000892285	0.0002025672
0.1073178295	0.8254649011	0.8586693735	0.8875857388	0.8300412986	0.9674213273	0.9351674575	0.0103274553	0.0009935539	0.0072442843	0.0093339014	0.0062507304	0.0001066563	0.0000009871	0.0000524797	0.0000871217	0.0000390716	0.0001601231	0.0001261933	0.0002863165
0.1073178295	0.8321315678	0.8600637095	0.8877200983	0.8309718633	0.9688455979	0.9360741802	0.0119499717	0.0011449189	0.0083647628	0.0108050528	0.0072198439	0.0001428018	0.0000013108	0.0000699693	0.0001167492	0.0000521261	0.0002140819	0.0001688753	0.0003829572
0.1073178295	0.8387982344	0.8614429946	0.8878518132	0.8318847336	0.9702553757	0.9369634901	0.0135523883	0.0012932823	0.0094627173	0.0122591060	0.0081694350	0.0001836672	0.0000016726	0.0000895430	0.0001502857	0.0000667397	0.0002748828	0.0002170253	0.0004919082
0.1073178295	0.8454649011	0.8628076522	0.8879808910	0.8327803183	0.9716511480	0.9378358551	0.0151352879	0.0014386538	0.0105387112	0.0136966341	0.0091000574	0.0002290769	0.0000020697	0.0001110644	0.0001875978	0.0000828110	0.0003422111	0.0002704088	0.0006126199
0.1073178295	0.8521315678	0.8641580915	0.8881073388	0.8336590119	0.9730333865	0.9386917274	0.0166992327	0.0015810429	0.0115932875	0.0151181898	0.0100122447	0.0002788644	0.0000024997	0.0001344043	0.0002285597	0.0001002450	0.0004157684	0.0003288047	0.0007445731
0.1073178295	0.8587982344	0.8654947083	0.8882311632	0.8345211957	0.9744025476	0.9395315435	0.0182447649	0.0017204582	0.0126269694	0.0165243068	0.0109065113	0.0003328714	0.0000029600	0.0001594404	0.0002730527	0.0001189520	0.0004952718	0.0003920047	0.0008872765
0.1073178295	0.8654649011	0.8668178854	0.8883523702	0.8353672376	0.9757590732	0.9403557255	0.0197724077	0.0018569078	0.0136402611	0.0179154999	0.0117833533	0.0003909481	0.0000034481	0.0001860567	0.0003209651	0.0001388474	0.0005804529	0.0004598126	0.0010402655
0.1073178295	0.8721315678	0.8681279933	0.8884709657	0.8361974932	0.9771033909	0.9411646812	0.0212826659	0.0019903993	0.0146336484	0.0192922665	0.0126432490	0.0004529519	0.0000039617	0.0002141437	0.0003721915	0.0001598517	0.0006710572	0.0005320433	0.0012031005
0.1073178295	0.8787982344	0.8694253902	0.8885869548	0.8370123058	0.9784359150	0.9419588047	0.0227760268	0.0021209400	0.0156076000	0.0206550868	0.0134866600	0.0005187474	0.0000044984	0.0002435972	0.0004266326	0.0001818900	0.0007668430	0.0006085226	0.0013753656
0.1073178295	0.8854649011	0.8707104228	0.8887003424	0.8378120074	0.9797570466	0.9427384770	0.0242529608	0.0022485363	0.0165625678	0.0220044245	0.0143140316	0.0005882061	0.0000050559	0.0002743187	0.0004841947	0.0002048915	0.0008675807	0.0006890862	0.0015566669
0.1073178295	0.8921315678	0.8719834269	0.8888111331	0.8385969186	0.9810671744	0.9435040667	0.0257139222	0.0023731944	0.0174989876	0.0233407279	0.0151257933	0.0006612058	0.0000056321	0.0003062146	0.0005447896	0.0002287896	0.0009730524	0.0007735792	0.0017466316
0.1073178295	0.8987982344	0.8732447271	0.8889193307	0.8393673494	0.9823666748	0.9442559301	0.0271593499	0.0024949200	0.0184172800	0.0246644299	0.0159223600	0.0007376303	0.0000062246	0.0003391962	0.0006083341	0.0002535215	0.0010830511	0.0008618556	0.0019449068
0.1073178295	0.9054649011	0.8744946382	0.8890249392	0.8401235995	0.9836559128	0.9449944117	0.0285896675	0.0026137184	0.0193178506	0.0259759491	0.0167041322	0.0008173691	0.0000068315	0.0003731794	0.0006747499	0.0002790280	0.0011973800	0.0009537780	0.0021511579
0.1073178295	0.9121315678	0.8757334645	0.8891279620	0.8408659586	0.9849352420	0.9457198452	0.0300052847	0.0027295946	0.0202010913	0.0272756901	0.0174714967	0.0009003171	0.0000074507	0.0004080841	0.0007439633	0.0003052532	0.0013158519	0.0010492165	0.0023650684
0.1073178295	0.9187982344	0.8769615010	0.8892284021	0.8415947069	0.9862050053	0.9464325531	0.0314065973	0.0028425529	0.0210673800	0.0285640444	0.0182248271	0.0009863744	0.0000080801	0.0004438345	0.0008159046	0.0003321443	0.0014382890	0.0011480490	0.0025863379
0.1073178295	0.9254649011	0.8781790334	0.8893262623	0.8423101154	0.9874655350	0.9471328477	0.0327939878	0.0029525976	0.0219170819	0.0298413902	0.0189644843	0.0010754456	0.0000087178	0.0004803585	0.0008905086	0.0003596517	0.0015645219	0.0012501602	0.0028146822
0.1073178295	0.9321315678	0.8793863386	0.8894215453	0.8430124463	0.9887171537	0.9478210314	0.0341678261	0.0030597324	0.0227505496	0.0311080937	0.0196908172	0.0011674403	0.0000093620	0.0005175875	0.0009677135	0.0003877283	0.0016943898	0.0013554418	0.0030498316
0.1073178295	0.9387982344	0.8805836847	0.8895142531	0.8437019534	0.9899601739	0.9484973967	0.0355284701	0.0031639609	0.0235681238	0.0323645092	0.0204041629	0.0012622722	0.0000100106	0.0005554565	0.0010474615	0.0004163299	0.0018277393	0.0014637913	0.0032915306
0.1073178295	0.9454649011	0.8817713316	0.8896043880	0.8443788821	0.9911948991	0.9491622271	0.0368762656	0.0032652862	0.0243701337	0.0336109794	0.0211048476	0.0013598590	0.0000106621	0.0005939034	0.0011296979	0.0004454146	0.0019644245	0.0015751125	0.0035395370
0.1073178295	0.9521315678	0.8829495313	0.8896919516	0.8450434702	0.9924216239	0.9498157972	0.0382115474	0.0033637111	0.0251568974	0.0348478363	0.0217931863	0.0014601224	0.0000113146	0.0006328695	0.0012143717	0.0004749430	0.0021043064	0.0016893147	0.0037936211
0.1073178295	0.9587982344	0.8841185280	0.8897769455	0.8456959477	0.9936406337	0.9504583727	0.0395346395	0.0034592384	0.0259287225	0.0360754011	0.0224694841	0.0015629877	0.0000119663	0.0006722987	0.0013014346	0.0005048777	0.0022472527	0.0018063123	0.0040535650
0.1073178295	0.9654649011	0.8852785586	0.8898593711	0.8463365375	0.9948522062	0.9510902115	0.0408458553	0.0035518705	0.0266859064	0.0372939849	0.0231340359	0.0016683839	0.0000126158	0.0007121376	0.0013908413	0.0005351836	0.0023931373	0.0019260249	0.0043191622
0.1073178295	0.9721315678	0.8864298527	0.8899392297	0.8469654555	0.9960566106	0.9517115632	0.0421454985	0.0036416093	0.0274287366	0.0385038891	0.0237871273	0.0017762430	0.0000132613	0.0007523356	0.0014825495	0.0005658274	0.0025418400	0.0020483769	0.0045902169
0.1073178295	0.9787982344	0.8875726333	0.8900165222	0.8475829106	0.9972541084	0.9523226699	0.0434338627	0.0037284570	0.0281574915	0.0397054057	0.0244290345	0.0018865004	0.0000139014	0.0007928443	0.0015765192	0.0005967777	0.0026932462	0.0021732970	0.0048665431
0.1073178295	0.9854649011	0.8887071164	0.8900912495	0.8481891057	0.9984449537	0.9529237661	0.0447112327	0.0038124152	0.0288724403	0.0408988175	0.0250600251	0.0019990943	0.0000145345	0.0008336178	0.0016727133	0.0006280049	0.0028472466	0.0023007181	0.0051479648
0.1099844961	0.5854649011	0.7935759296	0.8809101174	0.7798854858	0.9008591386	0.8853178893	-0.0685072708	-0.0065559725	-0.0550840768	-0.0619512983	-0.0485281043	0.0046932461	0.0000429808	0.0030342555	0.0038379634	0.0023549769	0.0077704824	0.0061929403	0.0139634227
0.1099844961	0.5921315678	0.7959606965	0.8811490735	0.7818948200	0.9033212658	0.8873581593	-0.0655066873	-0.0062847487	-0.0525109424	-0.0592219385	-0.0462261937	0.0042911261	0.0000394981	0.0027573991	0.0035072380	0.0021368610	0.0070880232	0.0056440990	0.0127321222
0.1099844961	0.5987982344	0.7982997952	0.8813847336	0.7838560027	0.9057336312	0.8893460174	-0.0625722855	-0.0060173382	-0.0500058392	-0.0565549473	-0.0439885011	0.0039152909	0.0000362084	0.0025005840	0.0031984621	0.0019349882	0.0064520832	0.0051334503	0.0115855335
0.1099844961	0.6054649011	0.8005947062	0.8816171230	0.7857705347	0.9080979548	0.8912832047	-0.0597016613	-0.0057537090	-0.0475663634	-0.0539479523	-0.0418126544	0.0035642884	0.0000331052	0.0022625589	0.0029103816	0.0017482981	0.0058599525	0.0046586796	0.0105186321
0.1099844961	0.6121315678	0.8028468593	0.8818462671	0.7876398638	0.9104158959	0.8931713987	-0.0568925105	-0.0054938293	-0.0451902128	-0.0513986812	-0.0396963835	0.0032367578	0.0000301822	0.0020421553	0.0026418244	0.0015758029	0.0053090953	0.0042176273	0.0095267225
0.1099844961	0.6187982344	0.8050576350	0.8820721919	0.7894653862	0.9126890548	0.8950122150	-0.0541426244	-0.0052376670	-0.0428751826	-0.0489049574	-0.0376375156	0.0029314238	0.0000274332	0.0018382813	0.0023916949	0.0014165826	0.0047971382	0.0038082774	0.0086054157
0.1099844961	0.6254649011	0.8072283665	0.8822949230	0.7912484481	0.9149189749	0.8968072098	-0.0514498854	-0.0049851899	-0.0406191606	-0.0464646955	-0.0356339706	0.0026470907	0.0000248521	0.0016499162	0.0021589679	0.0012697799	0.0043218590	0.0034287478	0.0077506068
0.1099844961	0.6321315678	0.8093603404	0.8825144862	0.7929903474	0.9171071445	0.8985578818	-0.0488122631	-0.0047363662	-0.0384201233	-0.0440758970	-0.0336837571	0.0023826370	0.0000224332	0.0014761059	0.0019426847	0.0011345955	0.0038811761	0.0030772802	0.0069584563
0.1099844961	0.6387982344	0.8114547990	0.8827309072	0.7946923355	0.9192549988	0.9002656745	-0.0462278108	-0.0044911641	-0.0362761322	-0.0417366467	-0.0317849681	0.0021370105	0.0000201706	0.0013159578	0.0017419477	0.0010102842	0.0034731388	0.0027522319	0.0062253707
0.1099844961	0.6454649011	0.8135129412	0.8829442112	0.7963556187	0.9213639218	0.9019319778	-0.0436946610	-0.0042495522	-0.0341853294	-0.0394451089	-0.0299357772	0.0019092234	0.0000180587	0.0011686367	0.0015559166	0.0008961508	0.0030959188	0.0024520674	0.0055479862
0.1099844961	0.6521315678	0.8155359241	0.8831544233	0.7979813595	0.9234352481	0.9035581303	-0.0412110229	-0.0040114996	-0.0321459345	-0.0371995233	-0.0281344348	0.0016983484	0.0000160921	0.0010333611	0.0013838045	0.0007915464	0.0027478016	0.0021753510	0.0049231526
0.1099844961	0.6587982344	0.8175248643	0.8833615683	0.7995706785	0.9254702646	0.9051454209	-0.0387751782	-0.0037769760	-0.0301562409	-0.0349982023	-0.0263792649	0.0015035144	0.0000142655	0.0009093989	0.0012248742	0.0006958656	0.0024271789	0.0019207398	0.0043479186
0.1099844961	0.6654649011	0.8194808396	0.8835656702	0.8011246558	0.9274702122	0.9066950910	-0.0363854783	-0.0035459512	-0.0282146125	-0.0328395270	-0.0246686612	0.0013239030	0.0000125738	0.0007960644	0.0010784345	0.0006085428	0.0021325412	0.0016869774	0.0038195185
0.1099844961	0.6721315678	0.8214048898	0.8837667529	0.8026443321	0.9294362875	0.9082083360	-0.0340403410	-0.0033183962	-0.0263194808	-0.0307219448	-0.0230010845	0.0011587448	0.0000110118	0.0006927151	0.0009438379	0.0005290499	0.0018624716	0.0014728878	0.0033353594
0.1099844961	0.6787982344	0.8232980186	0.8839648395	0.8041307105	0.9313696447	0.9096863071	-0.0317382480	-0.0030942823	-0.0244693415	-0.0286439657	-0.0213750592	0.0010073164	0.0000095746	0.0005987487	0.0008204768	0.0004568932	0.0016156396	0.0012773699	0.0028930096
0.1099844961	0.6854649011	0.8251611942	0.8841599528	0.8055847576	0.9332713968	0.9111301129	-0.0294777415	-0.0028735815	-0.0226627519	-0.0266041600	-0.0197891705	0.0008689372	0.0000082575	0.0005136003	0.0007077813	0.0003916113	0.0013907950	0.0010993926	0.0024901876
0.1099844961	0.6921315678	0.8269953511	0.8843521147	0.8070074051	0.9351426172	0.9125408213	-0.0272574220	-0.0026562667	-0.0208983283	-0.0246011553	-0.0182420617	0.0007429671	0.0000070558	0.0004367401	0.0006052168	0.0003327728	0.0011867629	0.0009379897	0.0021247526
0.1099844961	0.6987982344	0.8288013912	0.8845413467	0.8083995506	0.9369843414	0.9139194608	-0.0250759456	-0.0024423114	-0.0191747430	-0.0226336341	-0.0167324315	0.0006288030	0.0000059649	0.0003676708	0.0005122814	0.0002799743	0.0010024387	0.0007922557	0.0017946944
0.1099844961	0.7054649011	0.8305801846	0.8847276695	0.8097620594	0.9387975681	0.9152670220	-0.0229320214	-0.0022316902	-0.0174907219	-0.0207003312	-0.0152590317	0.0005258776	0.0000049804	0.0003059254	0.0004285037	0.0002328380	0.0008367834	0.0006613418	0.0014981252
0.1099844961	0.7121315678	0.8323325713	0.8849111033	0.8110957652	0.9405832611	0.9165844594	-0.0208244095	-0.0020243782	-0.0158450426	-0.0188000314	-0.0138206644	0.0004336560	0.0000040981	0.0002510654	0.0003534412	0.0001910108	0.0006888195	0.0005444519	0.0012332715
0.1099844961	0.7187982344	0.8340593617	0.8850916673	0.8124014717	0.9423423500	0.9178726924	-0.0187519187	-0.0018203513	-0.0142365314	-0.0169315674	-0.0124161801	0.0003516345	0.0000033137	0.0002026788	0.0002866780	0.0001541615	0.0005576270	0.0004408395	0.0009984665
0.1099844961	0.7254649011	0.8357613382	0.8852693804	0.8136799533	0.9440757319	0.9191326067	-0.0167134039	-0.0016195865	-0.0126640618	-0.0150938174	-0.0110444752	0.0002793379	0.0000026231	0.0001603785	0.0002278233	0.0001219804	0.0004423394	0.0003498038	0.0007921431
0.1099844961	0.7321315678	0.8374392558	0.8854442605	0.8149319565	0.9457842725	0.9203650561	-0.0147077650	-0.0014220615	-0.0111265519	-0.0132857034	-0.0097044903	0.0002163184	0.0000020223	0.0001238002	0.0001765099	0.0000941771	0.0003421408	0.0002706870	0.0006128278
0.1099844961	0.7387982344	0.8390938433	0.8856163249	0.8161582009	0.9474688076	0.9215708630	-0.0127339440	-0.0012277549	-0.0096229629	-0.0115061891	-0.0083952080	0.0001621533	0.0000015074	0.0000926014	0.0001323924	0.0000704795	0.0002562621	0.0002028719	0.0004591340
0.1099844961	0.7454649011	0.8407258044	0.8857855903	0.8173593801	0.9491301435	0.9227508203	-0.0107909240	-0.0010366459	-0.0081522968	-0.0097542781	-0.0071156509	0.0001164440	0.0000010746	0.0000664599	0.0000951459	0.0000506325	0.0001839786	0.0001457784	0.0003297570
0.1099844961	0.7521315678	0.8423358183	0.8859520725	0.8185361627	0.9507690590	0.9239056921	-0.0088777268	-0.0008487149	-0.0067135951	-0.0080290119	-0.0058648802	0.0000788140	0.0000007203	0.0000450724	0.0000644650	0.0000343968	0.0001246067	0.0000988619	0.0002234686
0.1099844961	0.7587982344	0.8439245408	0.8861157868	0.8196891935	0.9523863059	0.9250362150	-0.0069934117	-0.0006639429	-0.0053059365	-0.0063294688	-0.0046419936	0.0000489078	0.0000004408	0.0000281530	0.0000400622	0.0000215481	0.0000775016	0.0000616103	0.0001391119
0.1099844961	0.7654649011	0.8454926051	0.8862767477	0.8208190940	0.9539826102	0.9261430994	-0.0051370735	-0.0004823117	-0.0039284358	-0.0046547618	-0.0034461241	0.0000263895	0.0000002326	0.0000154326	0.0000216668	0.0000118758	0.0000420548	0.0000335426	0.0000755973
0.1099844961	0.7721315678	0.8470406228	0.8864349690	0.8219264635	0.9555586732	0.9272270299	-0.0033078413	-0.0003038041	-0.0025802420	-0.0030040372	-0.0022764380	0.0000109418	0.0000000923	0.0000066576	0.0000090242	0.0000051822	0.0000176918	0.0000142064	0.0000318982
0.1099844961	0.7787982344	0.8485691844	0.8865904638	0.8230118799	0.9571151721	0.9282886671	-0.0015048770	-0.0001284035	-0.0012605372	-0.0013764735	-0.0011321337	0.0000022647	0.0000000165	0.0000015890	0.0000018947	0.0000012817	0.0000038701	0.0000031764	0.0000070465
0.1099844961	0.7854649011	0.8500788602	0.8867432447	0.8240759007	0.9586527615	0.9293286479	0.0002726263	0.0000439058	0.0000314655	0.0002287206	-0.0000124403	0.0000000743	0.0000000019	0.0000000010	0.0000000523	0.0000000002	0.0000000772	0.0000000525	0.0000001297
0.1099844961	0.7921315678	0.8515702014	0.8868933235	0.8251190634	0.9601720735	0.9303475869	0.0020254455	0.0002131387	0.0012965225	0.0018123068	0.0010833839	0.0000041024	0.0000000454	0.0000016810	0.0000032845	0.0000011737	0.0000058288	0.0000044582	0.0000102870
0.1099844961	0.7987982344	0.8530437402	0.8870407115	0.8261418866	0.9616737192	0.9313460768	0.0037543286	0.0003793094	0.0025353617	0.0033750192	0.0021560523	0.0000140950	0.0000001439	0.0000064281	0.0000113908	0.0000046486	0.0000206669	0.0000160393	0.0000367062
0.1099844961	0.8054649011	0.8544999908	0.8871854193	0.8271448707	0.9631582894	0.9323246897	0.0054599962	0.0005424315	0.0037486833	0.0049175647	0.0032062517	0.0000298116	0.0000002942	0.0000140526	0.0000241824	0.0000102801	0.0000441584	0.0000344625	0.0000786209
0.1099844961	0.8121315678	0.8559394504	0.8873274568	0.8281284984	0.9646263550	0.9332839777	0.0071431425	0.0007025177	0.0049371610	0.0064406247	0.0042346432	0.0000510245	0.0000004935	0.0000243756	0.0000414816	0.0000179322	0.0000758936	0.0000594139	0.0001353074
0.1099844961	0.8187982344	0.8573625991	0.8874668335	0.8290932353	0.9660784682	0.9342244736	0.0088044363	0.0008595801	0.0061014434	0.0079448561	0.0052418633	0.0000775181	0.0000007389	0.0000372276	0.0000631207	0.0000274771	0.0001154846	0.0000905979	0.0002060825
0.1099844961	0.8254649011	0.8587699012	0.8876035583	0.8300395312	0.9675151628	0.9351466918	0.0104445223	0.0010136301	0.0072421550	0.0094308922	0.0062285249	0.0001090880	0.0000010274	0.0000524488	0.0000889417	0.0000387945	0.0001625643	0.0001277362	0.0002903005
0.1099844961	0.8321315678	0.8601618055	0.8877376394	0.8309678198	0.9689369553	0.9360511292	0.0120640218	0.0011646784	0.0083598968	0.0108993434	0.0071952184	0.0001455406	0.0000013565	0.0000698879	0.0001187957	0.0000517712	0.0002167850	0.0001705669	0.0003873518
0.1099844961	0.8387982344	0.8615387458	0.8878690847	0.8318785199	0.9703443454	0.9369382652	0.0136635341	0.0013127351	0.0094552478	0.0123507990	0.0081425127	0.0001866922	0.0000017233	0.0000894017	0.0001525422	0.0000663005	0.0002778172	0.0002188427	0.0004966599
0.1099844961	0.8454649011	0.8629011417	0.8879979013	0.8327720360	0.9717378165	0.9378085632	0.0152436370	0.0014578098	0.0105287658	0.0137858272	0.0090709560	0.0002323685	0.0000021252	0.0001108549	0.0001900490	0.0000822822	0.0003453486	0.0002723313	0.0006176799
0.1099844961	0.8521315678	0.8642493988	0.8881240962	0.8336487584	0.9731178363	0.9386624707	0.0168048876	0.0015999114	0.0115809881	0.0152049762	0.0099810767	0.0002824042	0.0000025597	0.0001341193	0.0002311913	0.0000996219	0.0004190832	0.0003308132	0.0007498964
0.1099844961	0.8587982344	0.8655839097	0.8882476755	0.8345090643	0.9744848577	0.9395004201	0.0183478237	0.0017390482	0.0126124324	0.0166087755	0.0108733842	0.0003366426	0.0000030243	0.0001590735	0.0002758514	0.0001182305	0.0004987404	0.0003940819	0.0008928223
0.1099844961	0.8654649011	0.8669050539	0.8883686452	0.8353533179	0.9758393192	0.9403228293	0.0198729641	0.0018752280	0.0136235979	0.0179977361	0.0117483699	0.0003949347	0.0000035165	0.0001856024	0.0003239185	0.0001380242	0.0005840536	0.0004619427	0.0010459963
0.1099844961	0.8721315678	0.8682131987	0.8884870106	0.8361818709	0.9771816451	0.9411301020	0.0213808095	0.0020084582	0.0146149658	0.0193723513	0.0126065075	0.0004571390	0.0000040339	0.0002135972	0.0003752880	0.0001589240	0.0006747701	0.0005342120	0.0012089822
0.1099844961	0.8787982344	0.8695086995	0.8886027768	0.8369950634	0.9785122466	0.9419226287	0.0228718433	0.0021387456	0.0155869999	0.0207330977	0.0134482543	0.0005231212	0.0000045742	0.0002429546	0.0004298613	0.0001808555	0.0007706500	0.0006107169	0.0013813669
0.1099844961	0.8854649011	0.8707919002	0.8887159483	0.8377932237	0.9798315220	0.9427007869	0.0243465322	0.0022660964	0.0165401477	0.0220804358	0.0142740513	0.0005927536	0.0000051352	0.0002735765	0.0004875456	0.0002037485	0.0008714653	0.0006912942	0.0015627595
0.1099844961	0.8921315678	0.8720631339	0.8888265293	0.8385766694	0.9811398570	0.9434649415	0.0258053269	0.0023905165	0.0174748409	0.0234148104	0.0150843244	0.0006659149	0.0000057146	0.0003053701	0.0005482533	0.0002275368	0.0009769995	0.0007757902	0.0017527897
0.1099844961	0.8987982344	0.8733227227	0.8889345238	0.8393457074	0.9824376255	0.9442154456	0.0272486628	0.0025120114	0.0183914960	0.0247366514	0.0158794846	0.0007424896	0.0000063102	0.0003382471	0.0006119019	0.0002521580	0.0010870470	0.0008640600	0.0019511069
0.1099844961	0.9054649011	0.8745709789	0.8890399351	0.8401006344	0.9837251897	0.9449526407	0.0286769607	0.0026305861	0.0192905149	0.0260463746	0.0166599288	0.0008223681	0.0000069200	0.0003721240	0.0006784136	0.0002775532	0.0012014120	0.0009559669	0.0021573789
0.1099844961	0.9121315678	0.8758082046	0.8891427667	0.8408417372	0.9850029010	0.9456768573	0.0300906268	0.0027462452	0.0201722856	0.0273443816	0.0174260404	0.0009054458	0.0000075419	0.0004069211	0.0007477152	0.0003036669	0.0013199088	0.0010513821	0.0023712909
0.1099844961	0.9187982344	0.8770346926	0.8892430212	0.8415692935	0.9862710999	0.9463884151	0.0314900543	0.0028589930	0.0210371828	0.0286310613	0.0181781898	0.0009916235	0.0000081738	0.0004425631	0.0008197377	0.0003304466	0.0014423604	0.0011501843	0.0025925447
0.1099844961	0.9254649011	0.8782507265	0.8893407013	0.8422835715	0.9875301167	0.9470876237	0.0328756228	0.0029688334	0.0218855682	0.0299067894	0.0189167348	0.0010808066	0.0000088140	0.0004789781	0.0008944161	0.0003578429	0.0015685986	0.0012522589	0.0028208576
0.1099844961	0.9321315678	0.8794565811	0.8894358094	0.8429848311	0.9887802715	0.9477747828	0.0342476997	0.0030757699	0.0227177912	0.0311719298	0.0196420214	0.0011729049	0.0000094604	0.0005160980	0.0009716892	0.0003858090	0.0016984633	0.0013574982	0.0030559615
0.1099844961	0.9387982344	0.8806525227	0.8895283475	0.8436733235	0.9900218753	0.9484501825	0.0356066401	0.0031798058	0.0235341896	0.0324268343	0.0203543838	0.0012678328	0.0000101112	0.0005538581	0.0010514996	0.0004143009	0.0018318021	0.0014658005	0.0032976026
0.1099844961	0.9454649011	0.8818388093	0.8896183174	0.8443492920	0.9912552294	0.9491141038	0.0369527878	0.0032809441	0.0243350895	0.0336718437	0.0210541454	0.0013655085	0.0000107646	0.0005921966	0.0011337931	0.0004432770	0.0019684697	0.0015770701	0.0035455398
0.1099844961	0.9521315678	0.8830156912	0.8897057208	0.8450129722	0.9924806265	0.9497668188	0.0382864751	0.0033791875	0.0251208063	0.0349072877	0.0217416188	0.0014658542	0.0000114189	0.0006310549	0.0012185187	0.0004726980	0.0021083280	0.0016912167	0.0037995447
0.1099844961	0.9587982344	0.8841834109	0.8897905591	0.8456645919	0.9936983506	0.9504085914	0.0396080239	0.0034745383	0.0258916449	0.0361334856	0.0224171066	0.0015687956	0.0000120724	0.0006703773	0.0013056288	0.0005025267	0.0022512452	0.0018081554	0.0040594007
0.1099844961	0.9654649011	0.8853422037	0.8898728334	0.8463043720	0.9949086774	0.9510396770	0.0409177455	0.0035669989	0.0266479001	0.0373507466	0.0230809012	0.0016742619	0.0000127235	0.0007101106	0.0013950783	0.0005327280	0.0023970960	0.0019278063	0.0043249022
0.1099844961	0.9721315678	0.8864922978	0.8899525448	0.8469325266	0.9961118747	0.9516603233	0.0422159415	0.0036565711	0.0273898572	0.0385593705	0.0237332861	0.0017821857	0.0000133705	0.0007502043	0.0014868251	0.0005632689	0.0025457605	0.0020500939	0.0045958544
0.1099844961	0.9787982344	0.8876339145	0.8900296942	0.8475492627	0.9973082025	0.9522707705	0.0435029040	0.0037432567	0.0281177920	0.0397596473	0.0243745353	0.0018925027	0.0000140120	0.0007906102	0.0015808296	0.0005941180	0.0026971248	0.0021749475	0.0048720724
0.1099844961	0.9854649011	0.8887672687	0.8901042824	0.8481547812	0.9984979134	0.9528712512	0.0447789156	0.0038270572	0.0288319715	0.0409518584	0.0250049143	0.0020051513	0.0000146464	0.0008312826	0.0016770547	0.0006252457	0.0028510802	0.0023023004	0.0051533807
0.1126511628	0.5854649011	0.7938845282	0.8809483317	0.7801061125	0.9011703634	0.8855299277	-0.0681184755	-0.0065125930	-0.0548012205	-0.0616058825	-0.0482886276	0.0046401267	0.0000424139	0.0030031738	0.0037952848	0.0023317916	0.0076857143	0.0061270763	0.0138127906
0.1126511628	0.5921315678	0.7962581333	0.8811863540	0.7821031750	0.9036205902	0.8875570660	-0.0651330743	-0.0062424407	-0.0522445034	-0.0588906336	-0.0460020627	0.0042423174	0.0000389681	0.0027294881	0.0034681067	0.0021161898	0.0070107736	0.0055842965	0.0125950701
0.1126511628	0.5987982344	0.7985865845	0.8814211103	0.7840526533	0.9060216226	0.8895324201	-0.0622130999	-0.0059760668	-0.0497549947	-0.0562370330	-0.0437789278	0.0038704698	0.0000357134	0.0024755595	0.0031626039	0.0019165945	0.0063817427	0.0050791984	0.0114609411
0.1126511628	0.6054649011	0.8008713353	0.8816526249	0.7859560203	0.9083751499	0.8914576989	-0.0593561915	-0.0057134407	-0.0473303356	-0.0536427508	-0.0416168950	0.0035231575	0.0000326434	0.0022401607	0.0028775447	0.0017319659	0.0057959615	0.0046095107	0.0104054722
0.1126511628	0.6121315678	0.8031137900	0.8818809226	0.7878146969	0.9106828024	0.8933345497	-0.0565600856	-0.0054545313	-0.0449682666	-0.0511055543	-0.0395137353	0.0031990433	0.0000297519	0.0020221450	0.0026117777	0.0015613353	0.0052509402	0.0041731130	0.0094240532
0.1126511628	0.6187982344	0.8053153052	0.8821060283	0.7896300544	0.9129461532	0.8951645597	-0.0538226113	-0.0051993076	-0.0426666224	-0.0486233038	-0.0374673148	0.0028968735	0.0000270328	0.0018204407	0.0023642257	0.0014037997	0.0047443470	0.0037680253	0.0085123723
0.1126511628	0.6254649011	0.8074771914	0.8823279668	0.7914034153	0.9151667201	0.8969492581	-0.0511416868	-0.0049477384	-0.0404233282	-0.0461939484	-0.0354755898	0.0026154721	0.0000244801	0.0016340455	0.0021338809	0.0012585175	0.0042739977	0.0033923983	0.0076663960
0.1126511628	0.6321315678	0.8096007141	0.8825467633	0.7931360550	0.9173459671	0.8986901182	-0.0485153151	-0.0046997929	-0.0382363957	-0.0438155222	-0.0335366028	0.0023537358	0.0000220881	0.0014620220	0.0019198000	0.0011247037	0.0038378458	0.0030445037	0.0068823495
0.1126511628	0.6387982344	0.8116870952	0.8827624423	0.7948292037	0.9194853069	0.9003885594	-0.0459415804	-0.0044554402	-0.0361039191	-0.0414861402	-0.0316484789	0.0021106288	0.0000198509	0.0013034930	0.0017210998	0.0010016262	0.0034339727	0.0027227261	0.0061566988
0.1126511628	0.6454649011	0.8137375148	0.8829750286	0.7964840476	0.9215861020	0.9020459490	-0.0434186450	-0.0042146498	-0.0340240716	-0.0392039952	-0.0298094218	0.0018851787	0.0000177633	0.0011576374	0.0015369532	0.0008886016	0.0030605795	0.0024255549	0.0054861343
0.1126511628	0.6521315678	0.8157531120	0.8831845464	0.7981017302	0.9236496668	0.9036636040	-0.0409447453	-0.0039773918	-0.0319951019	-0.0369673535	-0.0280177101	0.0016764722	0.0000158196	0.0010236865	0.0013665852	0.0007849921	0.0027159784	0.0021515773	0.0048675557
0.1126511628	0.6587982344	0.8177349865	0.8833910196	0.7996833541	0.9256772691	0.9052427933	-0.0385181889	-0.0037436365	-0.0300153307	-0.0347745524	-0.0262716942	0.0014836509	0.0000140148	0.0009009201	0.0012092695	0.0006902019	0.0023985858	0.0018994714	0.0042980572
0.1126511628	0.6654649011	0.8196842001	0.8835944717	0.8012299823	0.9276701319	0.9067847388	-0.0361373513	-0.0035133548	-0.0280831479	-0.0326239965	-0.0245697930	0.0013059082	0.0000123437	0.0007886632	0.0010643251	0.0006036747	0.0021069150	0.0016679999	0.0037749149
0.1126511628	0.6721315678	0.8216017776	0.8837949259	0.8027426393	0.9296294350	0.9082906179	-0.0338006734	-0.0032865184	-0.0261970090	-0.0305141550	-0.0229104907	0.0011424855	0.0000108012	0.0006862833	0.0009311137	0.0005248906	0.0018395700	0.0014560042	0.0032955742
0.1126511628	0.6787982344	0.8234887083	0.8839924046	0.8042223130	0.9315563165	0.9097615645	-0.0315066580	-0.0030630993	-0.0243554329	-0.0284435587	-0.0212923336	0.0009926695	0.0000093826	0.0005931871	0.0008090360	0.0004533635	0.0015952392	0.0012623995	0.0028576387
0.1126511628	0.6854649011	0.8253459469	0.8841869299	0.8056699555	0.9334518743	0.9111986712	-0.0292538676	-0.0028430704	-0.0225569984	-0.0264107971	-0.0197139280	0.0008557888	0.0000080830	0.0005088182	0.0006975302	0.0003886390	0.0013726900	0.0010861692	0.0024588592
0.1126511628	0.6921315678	0.8271744154	0.8843785230	0.8070864846	0.9353171678	0.9126029902	-0.0270409215	-0.0026264054	-0.0208003421	-0.0244145161	-0.0181739367	0.0007312114	0.0000068980	0.0004326542	0.0005960686	0.0003302920	0.0011707637	0.0009263606	0.0020971242
0.1126511628	0.6987982344	0.8289750033	0.8845672049	0.8084727849	0.9371532188	0.9139755356	-0.0248664937	-0.0024130785	-0.0190841554	-0.0224534153	-0.0166710769	0.0006183425	0.0000058229	0.0003642050	0.0005041559	0.0002779248	0.0009883704	0.0007820807	0.0017704511
0.1126511628	0.7054649011	0.8307485696	0.8847529956	0.8098297091	0.9389610137	0.9153172843	-0.0227293102	-0.0022030648	-0.0174071827	-0.0205262454	-0.0152041179	0.0005166215	0.0000048535	0.0003030100	0.0004213267	0.0002311652	0.0008244850	0.0006524919	0.0014769770
0.1126511628	0.7121315678	0.8324959432	0.8849359146	0.8111580794	0.9407415040	0.9166291773	-0.0206281468	-0.0019963403	-0.0157682184	-0.0186318065	-0.0137718781	0.0004255204	0.0000039854	0.0002486367	0.0003471442	0.0001896646	0.0006781425	0.0005368088	0.0012149514
0.1126511628	0.7187982344	0.8342179246	0.8851159809	0.8124586881	0.9424956080	0.9179121218	-0.0185618269	-0.0017928816	-0.0141661052	-0.0167689454	-0.0123732236	0.0003445414	0.0000032144	0.0002006785	0.0002811975	0.0001530967	0.0005484344	0.0004342942	0.0009827286
0.1126511628	0.7254649011	0.8359152862	0.8852932124	0.8137322990	0.9442242123	0.9191669919	-0.0165292200	-0.0015926662	-0.0125997317	-0.0149365537	-0.0110070655	0.0002732151	0.0000025366	0.0001587532	0.0002231006	0.0001211555	0.0004345049	0.0003442561	0.0007787611
0.1126511628	0.7321315678	0.8375887740	0.8854676268	0.8149796486	0.9459281725	0.9203946298	-0.0145292387	-0.0013956725	-0.0110680308	-0.0131335662	-0.0096723582	0.0002110988	0.0000019479	0.0001225013	0.0001724906	0.0000935545	0.0003355480	0.0002660451	0.0006015931
0.1126511628	0.7387982344	0.8392391082	0.8856392408	0.8162014468	0.9476083145	0.9215958476	-0.0125608378	-0.0012018796	-0.0095699771	-0.0113589582	-0.0083680975	0.0001577746	0.0000014445	0.0000915845	0.0001290259	0.0000700251	0.0002508036	0.0001990510	0.0004498546
0.1126511628	0.7454649011	0.8408669841	0.8858080704	0.8173983781	0.9492654360	0.9227714280	-0.0106230121	-0.0010112675	-0.0081045858	-0.0096117445	-0.0070933182	0.0001128484	0.0000010227	0.0000656843	0.0000923856	0.0000503152	0.0001795554	0.0001427008	0.0003222562
0.1126511628	0.7521315678	0.8424730732	0.8859741311	0.8185711024	0.9509003069	0.9239221255	-0.0087147945	-0.0008238171	-0.0066709105	-0.0078909774	-0.0058470934	0.0000759476	0.0000006787	0.0000445010	0.0000622675	0.0000341885	0.0001211274	0.0000964560	0.0002175834
0.1126511628	0.7587982344	0.8440580238	0.8861374376	0.8197202561	0.9525136711	0.9250486678	-0.0068352547	-0.0006395098	-0.0052680417	-0.0061957450	-0.0046285319	0.0000467207	0.0000004090	0.0000277523	0.0000383873	0.0000214233	0.0000748819	0.0000598106	0.0001346925
0.1126511628	0.7654649011	0.8456224623	0.8862980040	0.8208464529	0.9541062469	0.9261517562	-0.0049834977	-0.0004583282	-0.0038951051	-0.0045251695	-0.0034367769	0.0000248352	0.0000002101	0.0000151718	0.0000204772	0.0000118114	0.0000402172	0.0000322886	0.0000725058
0.1126511628	0.7721315678	0.8471669933	0.8864558436	0.8219502847	0.9556787283	0.9272320676	-0.0031586618	-0.0002802554	-0.0025512603	-0.0028784065	-0.0022710049	0.0000099771	0.0000000785	0.0000065089	0.0000082852	0.0000051575	0.0000165646	0.0000134427	0.0000300073
0.1126511628	0.7787982344	0.8486922012	0.8866109692	0.8230323222	0.9572317857	0.9282902545	-0.0013599178	-0.0001052754	-0.0012356991	-0.0012546424	-0.0011304237	0.0000018494	0.0000000111	0.0000015270	0.0000015741	0.0000012779	0.0000033874	0.0000028520	0.0000062394
0.1126511628	0.7854649011	0.8501986504	0.8867633928	0.8240931160	0.9587660669	0.9293269464	0.0004135329	0.0000666269	0.0000523557	0.0003469059	-0.0000142712	0.0000001710	0.0000000044	0.0000000027	0.0000001203	0.0000000002	0.0000001782	0.0000001205	0.0000002987
0.1126511628	0.7921315678	0.8516868861	0.8869131259	0.8251331972	0.9602821981	0.9303427507	0.0021624591	0.0002354662	0.0013136518	0.0019269929	0.0010781856	0.0000046762	0.0000000554	0.0000017257	0.0000037133	0.0000011625	0.0000064574	0.0000048758	0.0000113331
0.1126511628	0.7987982344	0.8531574352	0.8870601793	0.8261530782	0.9617807846	0.9313382536	0.0038876014	0.0004012560	0.0025489084	0.0034863453	0.0021476524	0.0000151134	0.0000001610	0.0000064969	0.0000121546	0.0000046124	0.0000217714	0.0000167670	0.0000385384
0.1126511628	0.8054649011	0.8546108070	0.8872045632	0.8271532534	0.9632624114	0.9323140206	0.0055896732	0.0005640096	0.0037588177	0.0050256636	0.0031948081	0.0000312444	0.0000003181	0.0000141287	0.0000252573	0.0000102068	0.0000456913	0.0000354641	0.0000811554
0.1126511628	0.8121315678	0.8560474935	0.8873462873	0.8281342000	0.9647276444	0.9332705978	0.0072693620	0.0007237391	0.0049440459	0.0065456229	0.0042203068	0.0000528436	0.0000005238	0.0000244436	0.0000428452	0.0000178110	0.0000778110	0.0000606562	0.0001384672
0.1126511628	0.8187982344	0.8574679703	0.8874853606	0.8290963782	0.9661770305	0.9342085121	0.0089273303	0.0008804563	0.0061052341	0.0080468740	0.0052247779	0.0000796972	0.0000007752	0.0000372739	0.0000647522	0.0000272983	0.0001177463	0.0000920505	0.0002097968
0.1126511628	0.8254649011	0.8588726972	0.8876217916	0.8300402326	0.9676110989	0.9351282724	0.0105642166	0.0010341721	0.0072430000	0.0095300445	0.0062088279	0.0001116027	0.0000010695	0.0000524610	0.0000908217	0.0000385495	0.0001651332	0.0001293713	0.0002945045
0.1126511628	0.8321315678	0.8602621189	0.8877555883	0.8309661920	0.9690303618	0.9360303702	0.0121806367	0.0011848969	0.0083579379	0.0109957397	0.0071730410	0.0001483679	0.0000014040	0.0000698551	0.0001209063	0.0000514525	0.0002196270	0.0001723588	0.0003919858
0.1126511628	0.8387982344	0.8616366652	0.8878867582	0.8318746707	0.9704353143	0.9369152800	0.0137771841	0.0013326405	0.0094506207	0.0124445436	0.0081179802	0.0001898108	0.0000017759	0.0000893142	0.0001548667	0.0000659016	0.0002809010	0.0002207683	0.0005016692
0.1126511628	0.8454649011	0.8629967518	0.8880153081	0.8327660685	0.9718264358	0.9377834603	0.0153544316	0.0014774119	0.0105216000	0.0138770197	0.0090441881	0.0002357586	0.0000021827	0.0001107041	0.0001925717	0.0000817973	0.0003486454	0.0002743690	0.0006230144
0.1126511628	0.8521315678	0.8643427808	0.8881412446	0.8336407716	0.9732041903	0.9386353541	0.0169129316	0.0016192198	0.0115714075	0.0152937118	0.0099521877	0.0002860473	0.0000026219	0.0001338975	0.0002338976	0.0000990460	0.0004225666	0.0003329437	0.0007555103
0.1126511628	0.8587982344	0.8656751412	0.8882645737	0.8344991531	0.9745690269	0.9394713893	0.0184532170	0.0017580721	0.0126005556	0.0166951448	0.0108424834	0.0003405212	0.0000030908	0.0001587740	0.0002787279	0.0001175594	0.0005023860	0.0003962873	0.0008986733
0.1126511628	0.8654649011	0.8669942094	0.8883853009	0.8353415731	0.9759213806	0.9402919795	0.0199758022	0.0018939764	0.0136095382	0.0180818258	0.0117155617	0.0003990327	0.0000035871	0.0001852195	0.0003269524	0.0001372544	0.0005878394	0.0004642068	0.0010520462
0.1126511628	0.8721315678	0.8683003494	0.8885034313	0.8361683799	0.9772616726	0.9410975247	0.0214811838	0.0020269396	0.0145988315	0.0194542442	0.0125718918	0.0004614413	0.0000041085	0.0002131259	0.0003784676	0.0001580525	0.0006786756	0.0005365201	0.0012151957
0.1126511628	0.8787982344	0.8695939137	0.8886189697	0.8369799097	0.9785903107	0.9418884114	0.0229698412	0.0021569683	0.0155688948	0.0208128729	0.0134119265	0.0005276136	0.0000046525	0.0002423905	0.0004331757	0.0001798798	0.0007746566	0.0006130555	0.0013877121
0.1126511628	0.8854649011	0.8708752434	0.8887319204	0.8377764876	0.9799076903	0.9426650134	0.0244422372	0.0022840683	0.0165201710	0.0221581689	0.0142361027	0.0005974230	0.0000052170	0.0002729161	0.0004909844	0.0002026666	0.0008755560	0.0006936511	0.0015692070
0.1126511628	0.8921315678	0.8721446687	0.8888422873	0.8385584279	0.9812141942	0.9434276922	0.0258988190	0.0024082454	0.0174530876	0.0234905737	0.0150448423	0.0006707488	0.0000057996	0.0003046103	0.0005518071	0.0002263473	0.0009811587	0.0007781543	0.0017593131
0.1126511628	0.8987982344	0.8734025095	0.8889500742	0.8393260343	0.9825101936	0.9441767976	0.0273400186	0.0025295046	0.0183680570	0.0248105141	0.0158385524	0.0007474766	0.0000063984	0.0003373855	0.0006155616	0.0002508597	0.0010912605	0.0008664214	0.0019576819
0.1126511628	0.9054649011	0.8746490752	0.8890552842	0.8400796005	0.9837960482	0.9449126679	0.0287662534	0.0026478507	0.0192654772	0.0261184027	0.0166176265	0.0008274973	0.0000070111	0.0003711586	0.0006821710	0.0002761455	0.0012056671	0.0009583165	0.0021639835
0.1126511628	0.9121315678	0.8758846659	0.8891579203	0.8408194106	0.9850721068	0.9456356305	0.0301779267	0.0027632881	0.0201457325	0.0274146386	0.0173824444	0.0009107073	0.0000076358	0.0004058505	0.0007515624	0.0003021494	0.0013241936	0.0010537118	0.0023779053
0.1126511628	0.9187982344	0.8771095720	0.8892579853	0.8415457393	0.9863387076	0.9463460022	0.0315754285	0.0028758207	0.0210091940	0.0286996077	0.0181333732	0.0009970077	0.0000082703	0.0004413862	0.0008236675	0.0003288192	0.0014466643	0.0011524867	0.0025991510
0.1126511628	0.9254649011	0.8783240749	0.8893554814	0.8422588524	0.9875961787	0.9470440898	0.0329591357	0.0029854524	0.0218562200	0.0299736834	0.0188707676	0.0010863046	0.0000089129	0.0004776944	0.0008984217	0.0003561059	0.0015729119	0.0012545276	0.0028274395
0.1126511628	0.9321315678	0.8795284475	0.8894504108	0.8429590071	0.9888448381	0.9477301903	0.0343294131	0.0030921863	0.0226871568	0.0312372269	0.0195949705	0.0011785086	0.0000095616	0.0005147071	0.0009757643	0.0003839629	0.0017027773	0.0013597272	0.0030625045
0.1126511628	0.9387982344	0.8807229540	0.8895427755	0.8436464523	0.9900849946	0.9484045912	0.0356866132	0.0031960255	0.0235023389	0.0324905878	0.0203063134	0.0012735344	0.0000102146	0.0005523599	0.0010556383	0.0004123464	0.0018361089	0.0014679847	0.0033040935
0.1126511628	0.9454649011	0.8819078507	0.8896325769	0.8443214290	0.9913169477	0.9490675712	0.0370310773	0.0032969727	0.0243020895	0.0337341046	0.0210051168	0.0013713007	0.0000108700	0.0005905916	0.0011379898	0.0004412149	0.0019727623	0.0015792047	0.0035519670
0.1126511628	0.9521315678	0.8830833861	0.8897198166	0.8449841704	0.9925409882	0.9497194000	0.0383631355	0.0033950306	0.0250867213	0.0349681049	0.0216916908	0.0014717302	0.0000115262	0.0006293436	0.0012227684	0.0004705294	0.0021126000	0.0016932978	0.0038058978
0.1126511628	0.9587982344	0.8842498009	0.8898044958	0.8456349025	0.9937573985	0.9503603392	0.0396831073	0.0034902011	0.0258565365	0.0361929062	0.0223663353	0.0015747490	0.0000121815	0.0006685605	0.0013099265	0.0005002530	0.0022554910	0.0018101794	0.0040656704
0.1126511628	0.9654649011	0.8854073289	0.8898866155	0.8462738439	0.9949664524	0.9509906421	0.0409913021	0.0035824865	0.0266118271	0.0374088156	0.0230293406	0.0016802868	0.0000128342	0.0007081893	0.0013994195	0.0005303505	0.0024013104	0.0019297700	0.0043310804
0.1126511628	0.9721315678	0.8865561966	0.8899661766	0.8469012066	0.9961684161	0.9516105543	0.0422880194	0.0036718884	0.0273528761	0.0386161310	0.0236809877	0.0017882766	0.0000134828	0.0007481798	0.0014912056	0.0005607892	0.0025499392	0.0020519948	0.0046019339
0.1126511628	0.9787982344	0.8876966239	0.8900431798	0.8475171961	0.9973635483	0.9522203140	0.0435735493	0.0037584083	0.0280799568	0.0398151409	0.0243215485	0.0018986542	0.0000141256	0.0007884840	0.0015852454	0.0005915377	0.0027012638	0.0021767832	0.0048780470
0.1126511628	0.9854649011	0.8888288243	0.8901176257	0.8481220113	0.9985520999	0.9528201520	0.0448481727	0.0038420478	0.0287933341	0.0410061249	0.0249512863	0.0020113586	0.0000147613	0.0008290561	0.0016815023	0.0006225667	0.0028551760	0.0023040690	0.0051592450
0.1153178295	0.5854649011	0.7941991879	0.8809873697	0.7803330876	0.9014875981	0.8857483256	-0.0677221995	-0.0064682803	-0.0545103087	-0.0612539192	-0.0480420284	0.0045862963	0.0000418387	0.0029713738	0.0037520426	0.0023080365	0.0075995087	0.0060600791	0.0136595878
0.1153178295	0.5921315678	0.7965614393	0.8812244391	0.7823176826	0.9039257242	0.8877621272	-0.0647522326	-0.0061992214	-0.0519702708	-0.0585530112	-0.0457710494	0.0041928516	0.0000384303	0.0027009091	0.0034284551	0.0020949890	0.0069321910	0.0055234441	0.0124556351
0.1153178295	0.5987982344	0.7988790587	0.8814582730	0.7842552684	0.9063152314	0.8897247804	-0.0618469272	-0.0059339054	-0.0494966078	-0.0559130217	-0.0435627024	0.0038250424	0.0000352112	0.0024499142	0.0031262660	0.0018977090	0.0063101678	0.0050239750	0.0113341429
0.1153178295	0.6054649011	0.8011534721	0.8816888950	0.7861472894	0.9086577779	0.8916379620	-0.0590039662	-0.0056723028	-0.0470870066	-0.0533316635	-0.0414147038	0.0034814680	0.0000321750	0.0022171862	0.0028442663	0.0017151777	0.0057308292	0.0045594440	0.0102902733
0.1153178295	0.6121315678	0.8033860582	0.8819163289	0.7879951400	0.9109549647	0.8935032884	-0.0562211273	-0.0054143835	-0.0447392503	-0.0508067437	-0.0393248668	0.0031608152	0.0000293155	0.0020016005	0.0025813252	0.0015464451	0.0051917312	0.0041277704	0.0093195016
0.1153178295	0.6187982344	0.8055781494	0.8821405986	0.7898001657	0.9132083374	0.8953223181	-0.0534962779	-0.0051601177	-0.0424512140	-0.0483361603	-0.0372910963	0.0028618518	0.0000266268	0.0018021056	0.0023363844	0.0013906259	0.0046905841	0.0037270103	0.0084175944
0.1153178295	0.6254649011	0.8077310332	0.8823617283	0.7915636651	0.9154193878	0.8970965531	-0.0508273723	-0.0049094751	-0.0402208606	-0.0459178972	-0.0353113855	0.0025834218	0.0000241029	0.0016177176	0.0021084533	0.0012468939	0.0042252423	0.0033553472	0.0075805896
0.1153178295	0.6321315678	0.8098459534	0.8825797422	0.7932868910	0.9175895556	0.8988274409	-0.0482124470	-0.0046624257	-0.0380462371	-0.0435500213	-0.0333838114	0.0023244401	0.0000217382	0.0014475162	0.0018966044	0.0011144789	0.0037936944	0.0030110832	0.0068047776
0.1153178295	0.6387982344	0.8119241117	0.8827946641	0.7949710521	0.9197202303	0.9005163765	-0.0456496183	-0.0044189398	-0.0359254711	-0.0412306785	-0.0315065314	0.0020838876	0.0000195270	0.0012906395	0.0016999688	0.0009926615	0.0033940542	0.0026926304	0.0060866845
0.1153178295	0.6454649011	0.8139666689	0.8830065178	0.7966173140	0.9218127528	0.9021647043	-0.0431370777	-0.0041789878	-0.0338567672	-0.0389580899	-0.0296777794	0.0018608075	0.0000174639	0.0011462807	0.0015177328	0.0008807706	0.0030245521	0.0023985034	0.0054230555
0.1153178295	0.6521315678	0.8159747460	0.8832153270	0.7982268012	0.9238684170	0.9037737196	-0.0406730897	-0.0039425406	-0.0318384035	-0.0367305491	-0.0278958629	0.0016543002	0.0000155436	0.0010136839	0.0013491332	0.0007781792	0.0026835278	0.0021273124	0.0048108402
0.1153178295	0.6587982344	0.8179494256	0.8834211147	0.7998005981	0.9258884715	0.9053446706	-0.0382559878	-0.0037095694	-0.0298687284	-0.0345464185	-0.0261591591	0.0014635206	0.0000137609	0.0008921409	0.0011934550	0.0006843016	0.0023694224	0.0018777566	0.0042471791
0.1153178295	0.6654649011	0.8198917531	0.8836239037	0.8013397502	0.9278741212	0.9068787601	-0.0358841724	-0.0034800460	-0.0279461580	-0.0324041264	-0.0244661120	0.0012876738	0.0000121107	0.0007809877	0.0010500274	0.0005985906	0.0020807723	0.0016486180	0.0037293903
0.1153178295	0.6721315678	0.8218027382	0.8838237164	0.8028452658	0.9298265287	0.9083771468	-0.0335561072	-0.0032539429	-0.0260691724	-0.0303021643	-0.0228152295	0.0011260123	0.0000105881	0.0006796017	0.0009182212	0.0005205347	0.0018162022	0.0014387559	0.0032549581
0.1153178295	0.6787982344	0.8236833556	0.8840205747	0.8043181172	0.9317468158	0.9098409474	-0.0312703168	-0.0030312329	-0.0242363136	-0.0282390839	-0.0212050806	0.0009778327	0.0000091884	0.0005873989	0.0007974459	0.0004496554	0.0015744200	0.0012471013	0.0028215213
0.1153178295	0.6854649011	0.8255345464	0.8842144998	0.8057592417	0.9336360653	0.9112712379	-0.0290253840	-0.0028118898	-0.0224461823	-0.0262134942	-0.0196342924	0.0008424729	0.0000079067	0.0005038311	0.0006871473	0.0003855054	0.0013542107	0.0010726527	0.0024268635
0.1153178295	0.6921315678	0.8273572196	0.8844055124	0.8071695433	0.9354953220	0.9126690550	-0.0268199475	-0.0025958879	-0.0206974356	-0.0242240595	-0.0181015477	0.0007193096	0.0000067386	0.0004283838	0.0005868051	0.0003276660	0.0011544321	0.0009144711	0.0020689031
0.1153178295	0.6987982344	0.8291522527	0.8845936328	0.8085498932	0.9373255944	0.9140353980	-0.0246526991	-0.0023832023	-0.0189887847	-0.0222694968	-0.0166055824	0.0006077556	0.0000056797	0.0003605739	0.0004959305	0.0002757454	0.0009740092	0.0007716759	0.0017456850
0.1153178295	0.7054649011	0.8309204928	0.8847788804	0.8099011317	0.9391278558	0.9153712296	-0.0225223819	-0.0021738087	-0.0173189920	-0.0203485732	-0.0151451834	0.0005072577	0.0000047254	0.0002999475	0.0004140644	0.0002293766	0.0008119306	0.0006434410	0.0014553716
0.1153178295	0.7121315678	0.8326627581	0.8849612742	0.8112240688	0.9409030455	0.9166774779	-0.0204277877	-0.0019676838	-0.0156868696	-0.0184601039	-0.0137191858	0.0004172945	0.0000038718	0.0002460779	0.0003407754	0.0001882161	0.0006672442	0.0005289915	0.0011962357
0.1153178295	0.7187982344	0.8343798384	0.8851408323	0.8125194856	0.9426520707	0.9179550372	-0.0183677552	-0.0017648049	-0.0140912764	-0.0166029503	-0.0123264715	0.0003373744	0.0000031145	0.0001985641	0.0002756580	0.0001519419	0.0005390530	0.0004275999	0.0009666529
0.1153178295	0.7254649011	0.8360724967	0.8853175725	0.8137881352	0.9443758067	0.9192047696	-0.0163411677	-0.0015651502	-0.0125311166	-0.0147760175	-0.0109659664	0.0002670338	0.0000024497	0.0001570289	0.0002183307	0.0001202524	0.0004265123	0.0003385831	0.0007650955
0.1153178295	0.7321315678	0.8377414695	0.8854915115	0.8150307437	0.9460750991	0.9204275062	-0.0143469517	-0.0013686988	-0.0110053377	-0.0129782530	-0.0096366390	0.0002058350	0.0000018733	0.0001211175	0.0001684350	0.0000928648	0.0003288258	0.0002612999	0.0005901257
0.1153178295	0.7387982344	0.8393874681	0.8856626657	0.8162480113	0.9477507640	0.9216240483	-0.0123840745	-0.0011754303	-0.0095129284	-0.0112086442	-0.0083374981	0.0001533653	0.0000013816	0.0000904958	0.0001256337	0.0000695139	0.0002452427	0.0001951476	0.0004403903
0.1153178295	0.7454649011	0.8410111795	0.8858310505	0.8174406133	0.9494035900	0.9227951682	-0.0104515426	-0.0009853253	-0.0080529168	-0.0094662173	-0.0070675915	0.0001092347	0.0000009709	0.0000648495	0.0000896093	0.0000499508	0.0001750551	0.0001395601	0.0003146152
0.1153178295	0.7521315678	0.8426132672	0.8859966810	0.8186092007	0.9510343383	0.9239416109	-0.0085484006	-0.0007983653	-0.0066243691	-0.0077500353	-0.0058260038	0.0000730752	0.0000006374	0.0000438823	0.0000600630	0.0000339423	0.0001175948	0.0000940054	0.0002116002
0.1153178295	0.7587982344	0.8441943722	0.8861595713	0.8197544015	0.9526437445	0.9250640946	-0.0066737287	-0.0006145324	-0.0052263876	-0.0060591963	-0.0046118552	0.0000445387	0.0000003777	0.0000273151	0.0000367139	0.0000212692	0.0000722314	0.0000579831	0.0001302145
0.1153178295	0.7654649011	0.8457551136	0.8863197351	0.8208768215	0.9542325192	0.9261633122	-0.0048266418	-0.0004338095	-0.0038581091	-0.0043928322	-0.0034242996	0.0000232965	0.0000001882	0.0000148850	0.0000192970	0.0000117258	0.0000383697	0.0000310228	0.0000693925
0.1153178295	0.7721315678	0.8472960893	0.8864771851	0.8219770448	0.9558013489	0.9272399320	-0.0030062879	-0.0002561806	-0.0025187040	-0.0027501073	-0.0022625234	0.0000090378	0.0000000656	0.0000063439	0.0000075631	0.0000051190	0.0000154473	0.0000126821	0.0000281294
0.1153178295	0.7787982344	0.8488178772	0.8866319338	0.8230556350	0.9573508971	0.9282945985	-0.0012118467	-0.0000816299	-0.0012073740	-0.0011302168	-0.0011257440	0.0000014686	0.0000000067	0.0000014578	0.0000012774	0.0000012673	0.0000029330	0.0000025447	0.0000054777
0.1153178295	0.7854649011	0.8503210357	0.8867839927	0.8241131358	0.9588818051	0.9293279340	0.0005574716	0.0000898571	0.0000766486	0.0004676145	-0.0000132085	0.0000003108	0.0000000081	0.0000000059	0.0000002187	0.0000000002	0.0000003247	0.0000002188	0.0000005436
0.1153178295	0.7921315678	0.8518061042	0.8869333729	0.8251500717	0.9603946928	0.9303405384	0.0023024281	0.0002582945	0.0013341023	0.0020441335	0.0010758077	0.0000053012	0.0000000667	0.0000017798	0.0000041785	0.0000011574	0.0000071477	0.0000053358	0.0000124836
0.1153178295	0.7987982344	0.8532736041	0.8870800848	0.8261669488	0.9618901593	0.9313329912	0.0040237555	0.0004236956	0.0025656977	0.0036000599	0.0021420020	0.0000161906	0.0000001795	0.0000065828	0.0000129604	0.0000045882	0.0000229529	0.0000175486	0.0000405015
0.1153178295	0.8054649011	0.8547240393	0.8872241382	0.8271642556	0.9633687842	0.9323058515	0.0057221602	0.0005860730	0.0037721188	0.0051360872	0.0031860459	0.0000327431	0.0000003435	0.0000142289	0.0000263794	0.0000101509	0.0000473155	0.0000365303	0.0000838458
0.1153178295	0.8121315678	0.8561578970	0.8873655423	0.8281424633	0.9648311278	0.9332596589	0.0073983226	0.0007454384	0.0049540241	0.0066528842	0.0042085857	0.0000547352	0.0000005557	0.0000245424	0.0000442609	0.0000177122	0.0000798332	0.0000619731	0.0001418063
0.1153178295	0.8187982344	0.8575756481	0.8875043059	0.8291020270	0.9662777322	0.9341949346	0.0090528989	0.0009018032	0.0061120473	0.0081510956	0.0052102441	0.0000819550	0.0000008132	0.0000373571	0.0000664404	0.0000271466	0.0001201253	0.0000935870	0.0002137124
0.1153178295	0.8254649011	0.8589777479	0.8876404371	0.8300433859	0.9677091218	0.9351121819	0.0106865213	0.0010551780	0.0072467990	0.0096313433	0.0061916210	0.0001142017	0.0000011134	0.0000525161	0.0000927628	0.0000383362	0.0001678312	0.0001310989	0.0002989302
0.1153178295	0.8321315678	0.8603646367	0.8877739435	0.8309669639	0.9691258039	0.9360118868	0.0122997999	0.0012055727	0.0083588668	0.0110942272	0.0071532942	0.0001512851	0.0000014534	0.0000698707	0.0001230819	0.0000511696	0.0002226091	0.0001742515	0.0003968606
0.1153178295	0.8387982344	0.8617367403	0.8879048323	0.8318731705	0.9705282694	0.9368945188	0.0138933227	0.0013529965	0.0094488173	0.0125403261	0.0080958208	0.0001930244	0.0000018306	0.0000892801	0.0001572598	0.0000655423	0.0002841352	0.0002228021	0.0005069373
0.1153178295	0.8454649011	0.8630944705	0.8880331099	0.8327624011	0.9719169937	0.9377605314	0.0154676571	0.0014974584	0.0105171960	0.0139701986	0.0090197376	0.0002392484	0.0000022424	0.0001106114	0.0001951665	0.0000813557	0.0003521022	0.0002765221	0.0006286243
0.1153178295	0.8521315678	0.8644382259	0.8881587827	0.8336350374	0.9732924368	0.9386103629	0.0170233505	0.0016389665	0.0115645289	0.0153843840	0.0099255623	0.0002897945	0.0000026862	0.0001337383	0.0002366793	0.0000985168	0.0004262190	0.0003351961	0.0007614151
0.1153178295	0.8587982344	0.8657683918	0.8882818563	0.8344914483	0.9746550441	0.9394444369	0.0185609312	0.0017775285	0.0125913227	0.0167834027	0.0108137942	0.0003445082	0.0000031596	0.0001585414	0.0002816826	0.0001169381	0.0005062092	0.0003986208	0.0009048299
0.1153178295	0.8654649011	0.8670853412	0.8884023359	0.8353319902	0.9760052469	0.9402631628	0.0200809091	0.0019131515	0.0135980663	0.0181677576	0.0116849148	0.0004032429	0.0000036601	0.0001849074	0.0003300674	0.0001365372	0.0005918105	0.0004666046	0.0010584151
0.1153178295	0.8721315678	0.8683894351	0.8885202264	0.8361570074	0.9773434631	0.9410669364	0.0215837764	0.0020458422	0.0145852307	0.0195379342	0.0125393886	0.0004658594	0.0000041855	0.0002127290	0.0003817309	0.0001572363	0.0006827738	0.0005389671	0.0012217410
0.1153178295	0.8787982344	0.8696810230	0.8886355323	0.8369668326	0.9786700974	0.9418561404	0.0230700085	0.0021756067	0.0155532706	0.0208944019	0.0133776639	0.0005322253	0.0000047333	0.0002419042	0.0004365760	0.0001789619	0.0007788628	0.0006155379	0.0013944007
0.1153178295	0.8854649011	0.8709604429	0.8887482576	0.8377617875	0.9799855420	0.9426311448	0.0245400645	0.0023024507	0.0165026243	0.0222376138	0.0142001736	0.0006022148	0.0000053013	0.0002723366	0.0004945115	0.0002016449	0.0008798527	0.0006961564	0.0015760090
0.1153178295	0.8921315678	0.8722280225	0.8888584060	0.8385421828	0.9812901770	0.9433923077	0.0259943878	0.0024263796	0.0174337149	0.0235680082	0.0150073353	0.0006757082	0.0000058873	0.0003039344	0.0005554510	0.0002252201	0.0009855299	0.0007806711	0.0017662011
0.1153178295	0.8987982344	0.8734840788	0.8889659809	0.8393083193	0.9825843706	0.9441399754	0.0274334068	0.0025473982	0.0183469506	0.0248860086	0.0157995524	0.0007525918	0.0000064892	0.0003366106	0.0006193134	0.0002496259	0.0010956916	0.0008689393	0.0019646309
0.1153178295	0.9054649011	0.8747289189	0.8890709853	0.8400604876	0.9838684800	0.9448744830	0.0288575357	0.0026655110	0.0192427257	0.0261920248	0.0165772147	0.0008327574	0.0000071049	0.0003702825	0.0006860222	0.0002748040	0.0012101448	0.0009608262	0.0021709710
0.1153178295	0.9121315678	0.8759628403	0.8891734220	0.8407989688	0.9851428514	0.9455961548	0.0302671747	0.0027807220	0.0201214205	0.0274864527	0.0173406985	0.0009161019	0.0000077324	0.0004048716	0.0007555051	0.0003006998	0.0013287058	0.0010562049	0.0023849108
0.1153178295	0.9187982344	0.8771861314	0.8892732934	0.8415240349	0.9864078208	0.9463053048	0.0316627107	0.0028930350	0.0209834026	0.0287696757	0.0180903675	0.0010025272	0.0000083697	0.0004403032	0.0008276942	0.0003272614	0.0014512001	0.0011549556	0.0026061557
0.1153178295	0.9254649011	0.8783990713	0.8893706016	0.8422359490	0.9876637137	0.9470022367	0.0330445178	0.0030024535	0.0218290268	0.0300420643	0.0188265733	0.0010919402	0.0000090147	0.0004765064	0.0009025256	0.0003544399	0.0015774613	0.0012569655	0.0028344268
0.1153178295	0.9321315678	0.8796019307	0.8894653487	0.8429349658	0.9889108462	0.9476872449	0.0344129580	0.0031089806	0.0226586362	0.0313039774	0.0195496556	0.0011842517	0.0000096658	0.0005134138	0.0009799390	0.0003821890	0.0017073312	0.0013621280	0.0030694593
0.1153178295	0.9387982344	0.8807949719	0.8895575362	0.8436213316	0.9901495250	0.9483606145	0.0357683813	0.0032126189	0.0234725621	0.0325557623	0.0202599431	0.0012793771	0.0000103209	0.0005509612	0.0010598777	0.0004104653	0.0018406592	0.0014703430	0.0033110021
0.1153178295	0.9454649011	0.8819784494	0.8896471656	0.8442952852	0.9913800476	0.9490226213	0.0371111263	0.0033133712	0.0242711247	0.0337977552	0.0209577536	0.0013772357	0.0000109784	0.0005890875	0.0011422883	0.0004392274	0.0019773016	0.0015815157	0.0035588173
0.1153178295	0.9521315678	0.8831526097	0.8897342382	0.8449570574	0.9926027030	0.9496735331	0.0384415210	0.0034112395	0.0250546338	0.0350302815	0.0216433943	0.0014777505	0.0000116366	0.0006277347	0.0012271206	0.0004684365	0.0021171218	0.0016955571	0.0038126789
0.1153178295	0.9587982344	0.8843176920	0.8898187549	0.8456068722	0.9938177715	0.9503136088	0.0397598826	0.0035062260	0.0258233888	0.0362536566	0.0223171628	0.0015808483	0.0000122936	0.0006668474	0.0013143276	0.0004980558	0.0022599893	0.0018123834	0.0040723727
0.1153178295	0.9654649011	0.8854739283	0.8899007167	0.8462449460	0.9950255254	0.9509430997	0.0410665182	0.0035983324	0.0265776794	0.0374681858	0.0229793469	0.0016864589	0.0000129480	0.0007063730	0.0014038649	0.0005280504	0.0024057800	0.0019319153	0.0043376953
0.1153178295	0.9721315678	0.8866215435	0.8899801243	0.8468714890	0.9962262294	0.9515622494	0.0423617254	0.0036875604	0.0273177856	0.0386741650	0.0236302252	0.0017945158	0.0000135981	0.0007462614	0.0014956910	0.0005583875	0.0025543753	0.0020540786	0.0046084539
0.1153178295	0.9787982344	0.8877607561	0.8900569782	0.8474867045	0.9974201404	0.9521712939	0.0436457923	0.0037739113	0.0280439786	0.0398718811	0.0242700674	0.0019049552	0.0000142424	0.0007864647	0.0015897669	0.0005890362	0.0027056623	0.0021788031	0.0048844654
0.1153178295	0.9854649011	0.8888917780	0.8901312788	0.8480907899	0.9986075080	0.9527704622	0.0449189980	0.0038573863	0.0287565209	0.0410616118	0.0248991347	0.0020177164	0.0000148794	0.0008269375	0.0016860560	0.0006199669	0.0028595333	0.0023060229	0.0051655562
0.1179844961	0.5854649011	0.7945198222	0.8810272252	0.7805663164	0.9018107494	0.8859729803	-0.0673185607	-0.0064230418	-0.0542114697	-0.0608955189	-0.0477884279	0.0045317886	0.0000412555	0.0029388834	0.0037082642	0.0022837338	0.0075119275	0.0059919981	0.0135039256
0.1179844961	0.5921315678	0.7968705329	0.8812633227	0.7825382528	0.9042365799	0.8879732456	-0.0643642731	-0.0061550979	-0.0516883660	-0.0582091752	-0.0455332681	0.0041427597	0.0000378852	0.0026716872	0.0033883081	0.0020732785	0.0068523321	0.0054615866	0.0123139186
0.1179844961	0.5987982344	0.7991771405	0.8814962159	0.7844637626	0.9066143746	0.8899230064	-0.0614738716	-0.0058908608	-0.0492307932	-0.0555830109	-0.0433399325	0.0037790369	0.0000347022	0.0024236710	0.0030894711	0.0018783497	0.0062374101	0.0049678208	0.0112052310
0.1179844961	0.6054649011	0.8014410437	0.8817259275	0.7863442614	0.9089457605	0.8918239067	-0.0586450837	-0.0056303019	-0.0468364845	-0.0530147818	-0.0412061827	0.0034392458	0.0000317003	0.0021936563	0.0028105671	0.0016979495	0.0056646024	0.0045085166	0.0101731190
0.1179844961	0.6121315678	0.8036635950	0.8819524804	0.7881811162	0.9112323089	0.8936775322	-0.0558757282	-0.0053733924	-0.0445032663	-0.0505023357	-0.0391298739	0.0031220970	0.0000288733	0.0019805407	0.0025504859	0.0015311470	0.0051315111	0.0040816329	0.0092131440
0.1179844961	0.6187982344	0.8058461023	0.8821758976	0.7899756471	0.9134755376	0.8954854120	-0.0531637115	-0.0051201034	-0.0422290541	-0.0480436081	-0.0371089507	0.0028263802	0.0000262155	0.0017832930	0.0023081883	0.0013770742	0.0046358887	0.0036852625	0.0083211512
0.1179844961	0.6254649011	0.8079898298	0.8823962024	0.7917291283	0.9156769121	0.8972490205	-0.0505070240	-0.0048704057	-0.0400118491	-0.0456366184	-0.0351414434	0.0025509595	0.0000237209	0.0016009481	0.0020827009	0.0012349210	0.0041756284	0.0033176220	0.0074932504
0.1179844961	0.6321315678	0.8100959997	0.8826134180	0.7934427896	0.9178378474	0.8989697793	-0.0479037368	-0.0046242703	-0.0378497340	-0.0432794665	-0.0332254638	0.0022947680	0.0000213839	0.0014326024	0.0018731122	0.0011039314	0.0037487542	0.0029770437	0.0067257979
0.1179844961	0.6387982344	0.8121657930	0.8828275677	0.7951178179	0.9199597099	0.9006490588	-0.0453519977	-0.0043816684	-0.0357408703	-0.0409703293	-0.0313592019	0.0020568037	0.0000191990	0.0012774098	0.0016785679	0.0009833995	0.0033534125	0.0026619674	0.0060153799
0.1179844961	0.6454649011	0.8142003510	0.8830386743	0.7967553585	0.9220438183	0.9022881801	-0.0428500284	-0.0041425714	-0.0336834940	-0.0387074570	-0.0295409226	0.0018361249	0.0000171609	0.0011345778	0.0014982672	0.0008726661	0.0029878636	0.0023709333	0.0053587969
0.1179844961	0.6521315678	0.8162007763	0.8832467607	0.7983565161	0.9240914461	0.9038884166	-0.0403961215	-0.0039069511	-0.0316759130	-0.0364891704	-0.0277689619	0.0016318466	0.0000152643	0.0010033635	0.0013314596	0.0007711152	0.0026504744	0.0021025748	0.0047530492
0.1179844961	0.6587982344	0.8181681342	0.8834518492	0.7999223566	0.9261038221	0.9054509958	-0.0379886371	-0.0036747796	-0.0297165039	-0.0343138575	-0.0260417244	0.0014431365	0.0000135040	0.0008830706	0.0011774408	0.0006781714	0.0023397112	0.0018556122	0.0041953234
0.1179844961	0.6654649011	0.8201034538	0.8836539619	0.8014539082	0.9280821329	0.9069771005	-0.0356260002	-0.0034460296	-0.0278037091	-0.0321799706	-0.0243576795	0.0012692119	0.0000118751	0.0007730462	0.0010355505	0.0005932966	0.0020541333	0.0016288471	0.0036829803
0.1179844961	0.6721315678	0.8220077290	0.8838531204	0.8029521627	0.9300275238	0.9084678711	-0.0333066979	-0.0032206744	-0.0259360337	-0.0300860236	-0.0227153594	0.0011093361	0.0000103727	0.0006726778	0.0009051688	0.0005159876	0.0017923867	0.0014211564	0.0032135431
0.1179844961	0.6787982344	0.8238819200	0.8840493458	0.8044180764	0.9319411003	0.9099244066	-0.0310292769	-0.0029986877	-0.0241120431	-0.0280305892	-0.0211133554	0.0009628160	0.0000089921	0.0005813906	0.0007857139	0.0004457738	0.0015531988	0.0012314877	0.0027846865
0.1179844961	0.6854649011	0.8257269543	0.8842426588	0.8058525719	0.9338239296	0.9113477663	-0.0287923406	-0.0027800440	-0.0223303601	-0.0260122966	-0.0195503161	0.0008289989	0.0000077286	0.0004986450	0.0006766396	0.0003822149	0.0013353725	0.0010588544	0.0023942269
0.1179844961	0.6921315678	0.8275437274	0.8844330793	0.8072565389	0.9356770419	0.9127389712	-0.0265945469	-0.0025647184	-0.0205896628	-0.0240298285	-0.0180249444	0.0007072699	0.0000065778	0.0004239342	0.0005774327	0.0003248986	0.0011377819	0.0009023313	0.0020401132
0.1179844961	0.6987982344	0.8293331046	0.8846206270	0.8086308353	0.9375014320	0.9140990054	-0.0244346063	-0.0023526868	-0.0188886819	-0.0220819195	-0.0165359951	0.0005970500	0.0000055351	0.0003567823	0.0004876112	0.0002734391	0.0009593674	0.0007610503	0.0017204177
0.1179844961	0.7054649011	0.8310959212	0.8848053207	0.8099762887	0.9392980600	0.9154288177	-0.0223112787	-0.0021439256	-0.0172261986	-0.0201673531	-0.0150822730	0.0004977932	0.0000045964	0.0002967419	0.0004067221	0.0002274750	0.0007991315	0.0006341971	0.0014333286
0.1179844961	0.7121315678	0.8328329844	0.8849871787	0.8112936968	0.9410678532	0.9167293226	-0.0202233725	-0.0019384123	-0.0156010425	-0.0182849602	-0.0136626302	0.0004089848	0.0000037574	0.0002433925	0.0003343398	0.0001866675	0.0006561348	0.0005210072	0.0011771420
0.1179844961	0.7187982344	0.8345450735	0.8851662186	0.8125838294	0.9428117069	0.9180014017	-0.0181697414	-0.0017361248	-0.0140120891	-0.0164336166	-0.0122759643	0.0003301395	0.0000030141	0.0001963386	0.0002700638	0.0001506993	0.0005294923	0.0004207631	0.0009502553
0.1179844961	0.7254649011	0.8362329413	0.8853424575	0.8138474286	0.9445304856	0.9192459050	-0.0161492834	-0.0015370420	-0.0124582584	-0.0146122414	-0.0109212164	0.0002607994	0.0000023625	0.0001552082	0.0002135176	0.0001192730	0.0004183701	0.0003327906	0.0007511606
0.1179844961	0.7321315678	0.8378973150	0.8855159117	0.8150852100	0.9462250243	0.9204636520	-0.0141609384	-0.0013411436	-0.0109385127	-0.0128197948	-0.0095973691	0.0002005322	0.0000017987	0.0001196511	0.0001643471	0.0000921095	0.0003219819	0.0002564566	0.0005784385
0.1179844961	0.7387982344	0.8395388971	0.8856865969	0.8162978641	0.9478961294	0.9216554332	-0.0122036866	-0.0011484100	-0.0094518547	-0.0110552766	-0.0083034448	0.0001489300	0.0000013188	0.0000893376	0.0001222191	0.0000689472	0.0002395864	0.0001911663	0.0004307527
0.1179844961	0.7454649011	0.8411583659	0.8858545281	0.8174860566	0.9495445801	0.9228220105	-0.0102765467	-0.0009588222	-0.0079973261	-0.0093177245	-0.0070385038	0.0001056074	0.0000009193	0.0000639572	0.0000868200	0.0000495405	0.0001704840	0.0001363605	0.0003068445
0.1179844961	0.7521315678	0.8427563770	0.8860197197	0.8186504299	0.9511711289	0.9239641191	-0.0083785746	-0.0007723625	-0.0065740055	-0.0076062121	-0.0058016430	0.0000702005	0.0000005965	0.0000432175	0.0000578545	0.0000336591	0.0001140146	0.0000915135	0.0002055281
0.1179844961	0.7587982344	0.8443335637	0.8861821855	0.8197916032	0.9527765030	0.9250824680	-0.0065088614	-0.0005890134	-0.0051810071	-0.0059198480	-0.0045919937	0.0000423653	0.0000003469	0.0000268428	0.0000350446	0.0000210864	0.0000695550	0.0000561310	0.0001256861
0.1179844961	0.7654649011	0.8458905378	0.8863419385	0.8209101743	0.9543614051	0.9261777409	-0.0046665323	-0.0004087586	-0.0038174793	-0.0042577737	-0.0034087207	0.0000217765	0.0000001671	0.0000145731	0.0000181286	0.0000116194	0.0000365168	0.0000297480	0.0000662648
0.1179844961	0.7721315678	0.8474278905	0.8864989912	0.8220067195	0.9559265142	0.9272505978	-0.0028507449	-0.0002315823	-0.0024826030	-0.0026191626	-0.0022510207	0.0000081267	0.0000000536	0.0000061633	0.0000068600	0.0000050671	0.0000143437	0.0000119271	0.0000262708
0.1179844961	0.7787982344	0.8489461932	0.8866533554	0.8230817952	0.9574724868	0.9283016753	-0.0010606880	-0.0000574695	-0.0011755902	-0.0010032185	-0.0011181207	0.0000011251	0.0000000033	0.0000013820	0.0000010064	0.0000012502	0.0000025104	0.0000022566	0.0000047670
0.1179844961	0.7854649011	0.8504459978	0.8868050423	0.8241359380	0.9589999574	0.9293315878	0.0007044196	0.0001135939	0.0001043170	0.0005908257	-0.0000092769	0.0000004962	0.0000000129	0.0000000109	0.0000003491	0.0000000001	0.0000005200	0.0000003492	0.0000008692
0.1179844961	0.7921315678	0.8519278381	0.8869540625	0.8251696657	0.9605095394	0.9303409281	0.0024453305	0.0002816214	0.0013578480	0.0021637091	0.0010762266	0.0000059796	0.0000000793	0.0000018438	0.0000046816	0.0000011583	0.0000079027	0.0000058399	0.0000137426
0.1179844961	0.7987982344	0.8533922298	0.8871004260	0.8261834782	0.9620018261	0.9313302687	0.0041627701	0.0004466260	0.0025857048	0.0037161442	0.0021390788	0.0000173287	0.0000001995	0.0000066859	0.0000138097	0.0000045757	0.0000242140	0.0000183854	0.0000425994
0.1179844961	0.8054649011	0.8548396716	0.8872441423	0.8271778577	0.9634773913	0.9323001621	0.0058574371	0.0006086195	0.0037885630	0.0052488176	0.0031799434	0.0000343096	0.0000003704	0.0000143532	0.0000275501	0.0000101120	0.0000490332	0.0000376621	0.0000866953
0.1179844961	0.8121315678	0.8562706455	0.8873852201	0.8281532698	0.9649367898	0.9332511417	0.0075300052	0.0007676136	0.0049670730	0.0067623916	0.0041994594	0.0000567010	0.0000005892	0.0000246718	0.0000457299	0.0000176355	0.0000819620	0.0000633654	0.0001453274
0.1179844961	0.8187982344	0.8576856177	0.8875236677	0.8291101639	0.9663805585	0.9341837227	0.0091811238	0.0009236190	0.0061218614	0.0082575048	0.0051982424	0.0000842930	0.0000008531	0.0000374772	0.0000681864	0.0000270217	0.0001226233	0.0000952081	0.0002178314
0.1179844961	0.8254649011	0.8590850390	0.8876594931	0.8300489740	0.9678092170	0.9350984026	0.0108114191	0.0010766459	0.0072535313	0.0097347733	0.0061768854	0.0001168868	0.0000011592	0.0000526137	0.0000947658	0.0000381539	0.0001706597	0.0001329197	0.0003035794
0.1179844961	0.8321315678	0.8604693452	0.8877927033	0.8309701191	0.9692232680	0.9359956620	0.0124214950	0.0012267037	0.0083626638	0.0111947913	0.0071359601	0.0001542935	0.0000015048	0.0000699341	0.0001253234	0.0000509219	0.0002257325	0.0001762453	0.0004019778
0.1179844961	0.8387982344	0.8618389581	0.8879233053	0.8318740037	0.9706231979	0.9368759652	0.0140119340	0.0013738015	0.0094498188	0.0126381325	0.0080760173	0.0001963343	0.0000018873	0.0000892991	0.0001597224	0.0000652221	0.0002875207	0.0002249444	0.0005124652
0.1179844961	0.8454649011	0.8631942855	0.8880513052	0.8327610185	0.9720094779	0.9377397608	0.0155832982	0.0015179476	0.0105155359	0.0140653506	0.0089975883	0.0002428392	0.0000023042	0.0001105765	0.0001978341	0.0000809566	0.0003557198	0.0002787907	0.0006345105
0.1179844961	0.8521315678	0.8645357222	0.8881767089	0.8336315412	0.9733825640	0.9385874824	0.0171361299	0.0016591499	0.0115603349	0.0154769800	0.0099011850	0.0002936469	0.0000027528	0.0001336413	0.0002395369	0.0000980335	0.0004300411	0.0003375704	0.0007676114
0.1179844961	0.8587982344	0.8658636500	0.8882995218	0.8344859362	0.9747428978	0.9394195490	0.0186709525	0.0017974157	0.0125847174	0.0168735369	0.0107873017	0.0003486045	0.0000032307	0.0001583751	0.0002847162	0.0001163659	0.0005102103	0.0004010821	0.0009112924
0.1179844961	0.8654649011	0.8671784386	0.8884197489	0.8353245559	0.9760909071	0.9402363657	0.0201882715	0.0019327517	0.0135891664	0.0182555198	0.0116564148	0.0004075663	0.0000037355	0.0001846654	0.0003332640	0.0001358720	0.0005959673	0.0004691360	0.0010651033
0.1179844961	0.8721315678	0.8684804456	0.8885373947	0.8361477409	0.9774270062	0.9410383242	0.0216885747	0.0020651643	0.0145741484	0.0196234104	0.0125089841	0.0004703943	0.0000042649	0.0002124058	0.0003850782	0.0001564747	0.0006870650	0.0005415529	0.0012286179
0.1179844961	0.8787982344	0.8697700175	0.8886524633	0.8369558201	0.9787515968	0.9418258033	0.0231723333	0.0021946594	0.0155401128	0.0209776740	0.0133454535	0.0005369570	0.0000048165	0.0002414951	0.0004400628	0.0001781011	0.0007832687	0.0006181639	0.0014014326
0.1179844961	0.8854649011	0.8710474894	0.8887649586	0.8377491117	0.9800650677	0.9425991692	0.0246400026	0.0023212423	0.0164874936	0.0223187603	0.0141662514	0.0006071297	0.0000053882	0.0002718374	0.0004981271	0.0002006827	0.0008843553	0.0006988097	0.0015831651
0.1179844961	0.8921315678	0.8723131860	0.8888748841	0.8385279231	0.9813677961	0.9433587765	0.0260920221	0.0024449179	0.0174167094	0.0236471041	0.0149717914	0.0006807936	0.0000059776	0.0003033418	0.0005591855	0.0002241545	0.0009901130	0.0007833401	0.0017734531
0.1179844961	0.8987982344	0.8735674219	0.8889822427	0.8392925519	0.9826601476	0.9441049681	0.0275288169	0.0025656910	0.0183281642	0.0249631258	0.0157624732	0.0007578358	0.0000065828	0.0003359216	0.0006231577	0.0002484556	0.0011003401	0.0008716132	0.0019719533
0.1179844961	0.9054649011	0.8748105015	0.8890870374	0.8400432854	0.9839424766	0.9448380756	0.0289507975	0.0026835657	0.0192222482	0.0262672318	0.0165386825	0.0008381487	0.0000072015	0.0003694948	0.0006899675	0.0002735280	0.0012148450	0.0009634955	0.0021783405
0.1179844961	0.9121315678	0.8760427199	0.8891892705	0.8407804021	0.9852151268	0.9455584204	0.0303583612	0.0027985458	0.0200993380	0.0275598154	0.0173007922	0.0009216301	0.0000078319	0.0004039834	0.0007595434	0.0002993174	0.0013334453	0.0010588608	0.0023923062
0.1179844961	0.9187982344	0.8772643631	0.8892889444	0.8415041709	0.9864784316	0.9462663132	0.0317518916	0.0029106348	0.0209597975	0.0288412569	0.0180491627	0.0010081826	0.0000084718	0.0004393131	0.0008318181	0.0003257723	0.0014559675	0.0011575904	0.0026135579
0.1179844961	0.9254649011	0.8784757081	0.8893860610	0.8422148523	0.9877327143	0.9469620553	0.0331317601	0.0030198358	0.0218039780	0.0301119243	0.0187841423	0.0010977135	0.0000091194	0.0004754135	0.0009067280	0.0003528440	0.0015822464	0.0012595720	0.0028418184
0.1179844961	0.9321315678	0.8796770235	0.8894806220	0.8429126983	0.9889782889	0.9476459380	0.0344983258	0.0031261517	0.0226322193	0.0313721740	0.0195060676	0.0011901345	0.0000097728	0.0005122174	0.0009842133	0.0003804867	0.0017121247	0.0013647000	0.0030768246
0.1179844961	0.9387982344	0.8808685696	0.8895726287	0.8435979530	0.9902154598	0.9483182437	0.0358519360	0.0032295851	0.0234448494	0.0326223508	0.0202152643	0.0012853613	0.0000104302	0.0005496610	0.0010642178	0.0004086569	0.0018454525	0.0014728747	0.0033183272
0.1179844961	0.9454649011	0.8820505988	0.8896620826	0.8442708524	0.9914445226	0.9489792461	0.0371929270	0.0033301383	0.0242421857	0.0338627886	0.0209120474	0.0013833138	0.0000110898	0.0005876836	0.0011466885	0.0004373137	0.0019820872	0.0015840022	0.0035660894
0.1179844961	0.9521315678	0.8832233558	0.8897489846	0.8449316255	0.9926657643	0.9496292101	0.0385216241	0.0034278134	0.0250245348	0.0350938107	0.0215967215	0.0014839155	0.0000117499	0.0006262273	0.0012315756	0.0004664184	0.0021218928	0.0016979939	0.0038198867
0.1179844961	0.9587982344	0.8843870782	0.8898333356	0.8455804936	0.9938794634	0.9502683926	0.0398383424	0.0035226120	0.0257921935	0.0363157304	0.0222695815	0.0015870935	0.0000124088	0.0006652372	0.0013188323	0.0004959343	0.0022647396	0.0018147665	0.0040795061
0.1179844961	0.9654649011	0.8855419961	0.8899151363	0.8462176713	0.9950858907	0.9508970427	0.0411433869	0.0036145359	0.0265454486	0.0375288510	0.0229309127	0.0016927783	0.0000130649	0.0007046608	0.0014084147	0.0005258268	0.0024105040	0.0019342414	0.0043447454
0.1179844961	0.9721315678	0.8866883330	0.8899943872	0.8468433668	0.9962853089	0.9515154016	0.0424370529	0.0037035863	0.0272845778	0.0387334665	0.0235809915	0.0018009035	0.0000137166	0.0007444482	0.0015002814	0.0005560632	0.0025590682	0.0020563446	0.0046154128
0.1179844961	0.9787982344	0.8878263057	0.8900710887	0.8474577814	0.9974779734	0.9521237035	0.0437196266	0.0037897646	0.0280098499	0.0399298620	0.0242200853	0.0019114058	0.0000143623	0.0007845517	0.0015943939	0.0005866125	0.0027103198	0.0021810064	0.0048913262
0.1179844961	0.9854649011	0.8889561248	0.8901452410	0.8480611105	0.9986641324	0.9527221754	0.0449913852	0.0038730717	0.0287215248	0.0411183135	0.0248484531	0.0020242247	0.0000150007	0.0008249260	0.0016907157	0.0006174456	0.0028641514	0.0023081613	0.0051723127
0.1206511628	0.5854649011	0.7948463436	0.8810678916	0.7808057028	0.9021397230	0.8862037878	-0.0669076781	-0.0063768849	-0.0539048338	-0.0605307932	-0.0475279488	0.0044766374	0.0000406647	0.0029057311	0.0036639769	0.0022589059	0.0074230332	0.0059228828	0.0133459160
0.1206511628	0.5921315678	0.7971853312	0.8813029985	0.7827647947	0.9045530681	0.8881903228	-0.0639693078	-0.0061100774	-0.0513989117	-0.0578592304	-0.0452888343	0.0040920723	0.0000373330	0.0026418481	0.0033476905	0.0020510785	0.0067712535	0.0053987691	0.0121700226
0.1206511628	0.5987982344	0.7994807518	0.8815349330	0.7846780496	0.9069189682	0.8901270049	-0.0610940389	-0.0058469398	-0.0489576668	-0.0552470991	-0.0431107271	0.0037324816	0.0000341867	0.0023968531	0.0030522420	0.0018585348	0.0061635214	0.0049107767	0.0110742982
0.1206511628	0.6054649011	0.8017339761	0.8817637166	0.7865468541	0.9092390183	0.8920154450	-0.0582796434	-0.0055874447	-0.0465788790	-0.0526921987	-0.0409914343	0.0033965168	0.0000312195	0.0021695920	0.0027764678	0.0016802977	0.0055973283	0.0044567655	0.0100540938
0.1206511628	0.6121315678	0.8039463303	0.8819893715	0.7883725478	0.9115147600	0.8938571975	-0.0555239820	-0.0053315644	-0.0442604181	-0.0501924176	-0.0389288537	0.0030829126	0.0000284256	0.0019589846	0.0025192788	0.0015154556	0.0050703228	0.0040347344	0.0091050572
0.1206511628	0.6187982344	0.8061190975	0.8822119197	0.7901564248	0.9137476829	0.8956537620	-0.0528250004	-0.0050792709	-0.0420002407	-0.0477457295	-0.0369209698	0.0027904807	0.0000257990	0.0017640202	0.0022796547	0.0013631580	0.0045802999	0.0036428127	0.0082231126
0.1206511628	0.6254649011	0.8082535186	0.8824313837	0.7918997347	0.9159392261	0.8974065852	-0.0501807256	-0.0048305362	-0.0397963864	-0.0453501894	-0.0349658502	0.0025181052	0.0000233341	0.0015837524	0.0020566397	0.0012226107	0.0041251917	0.0032792504	0.0074044420
0.1206511628	0.6321315678	0.8103507937	0.8826477858	0.7936036842	0.9180907795	0.8991170623	-0.0475892631	-0.0045853324	-0.0376469743	-0.0430039306	-0.0330616419	0.0022647380	0.0000210253	0.0014172947	0.0018493381	0.0010930722	0.0037030579	0.0029424102	0.0066454681
0.1206511628	0.6387982344	0.8124120829	0.8828611483	0.7952694380	0.9202036860	0.9007865388	-0.0450487929	-0.0043436315	-0.0355501996	-0.0407051614	-0.0312065681	0.0020293937	0.0000188671	0.0012638167	0.0016569102	0.0009738499	0.0033120776	0.0026307601	0.0059428376
0.1206511628	0.6454649011	0.8144385078	0.8830714934	0.7968981207	0.9222792422	0.9024163124	-0.0425575673	-0.0041054060	-0.0335043305	-0.0384521614	-0.0293989245	0.0018111465	0.0000168544	0.0011225402	0.0014785687	0.0008642968	0.0029505411	0.0023428655	0.0052934065
0.1206511628	0.6521315678	0.8164311524	0.8832788431	0.7984908173	0.9243187004	0.9040076342	-0.0401139072	-0.0038706285	-0.0315077049	-0.0362432787	-0.0276370765	0.0016091255	0.0000149818	0.0009927355	0.0013135753	0.0007638080	0.0026168428	0.0020773832	0.0046942260
0.1206511628	0.6587982344	0.8183910645	0.8834832189	0.8000485751	0.9263232701	0.9055617107	-0.0377161993	-0.0036392721	-0.0295587279	-0.0340769272	-0.0259194558	0.0014225117	0.0000132443	0.0008737184	0.0011612370	0.0006718182	0.0023094744	0.0018330552	0.0041425296
0.1206511628	0.6654649011	0.8203192565	0.8836846422	0.8015724045	0.9282941191	0.9070797049	-0.0353628940	-0.0034113104	-0.0276558684	-0.0319515835	-0.0242445580	0.0012505343	0.0000116370	0.0007648471	0.0010209037	0.0005877986	0.0020270184	0.0016087023	0.0036357206
0.1206511628	0.6721315678	0.8222167068	0.8838831338	0.8030632804	0.9302323750	0.9085627384	-0.0330525018	-0.0031867175	-0.0257976568	-0.0298657842	-0.0226109392	0.0010924679	0.0000101552	0.0006655191	0.0008919651	0.0005112546	0.0017681421	0.0014032196	0.0031713618
0.1206511628	0.6787982344	0.8240843607	0.8840787141	0.8045221435	0.9321391269	0.9100118922	-0.0307835915	-0.0029654680	-0.0239826820	-0.0278181235	-0.0210172140	0.0009476295	0.0000087940	0.0005751690	0.0007738480	0.0004417233	0.0015315925	0.0012155713	0.0027471638
0.1206511628	0.6854649011	0.8259231315	0.8842714031	0.8059499011	0.9340154263	0.9114282089	-0.0285547876	-0.0027475372	-0.0222095894	-0.0258072503	-0.0194620522	0.0008153759	0.0000075490	0.0004932659	0.0006660142	0.0003787715	0.0013161907	0.0010447856	0.0023609764
0.1206511628	0.6921315678	0.8277339017	0.8844612201	0.8073474287	0.9358622887	0.9128126935	-0.0263647676	-0.0025329010	-0.0204770782	-0.0238318666	-0.0179441772	0.0006951010	0.0000064156	0.0004193107	0.0005679579	0.0003219935	0.0011208273	0.0008899514	0.0020107787
0.1206511628	0.6987982344	0.8295175238	0.8846481840	0.8087155705	0.9376806947	0.9141663150	-0.0242122605	-0.0023215360	-0.0187838990	-0.0218907244	-0.0164623630	0.0005862336	0.0000053895	0.0003528349	0.0004792038	0.0002710094	0.0009444579	0.0007502132	0.0016946712
0.1206511628	0.7054649011	0.8312748215	0.8848323131	0.8100551411	0.9394715916	0.9154900077	-0.0220960437	-0.0021134195	-0.0171288518	-0.0199826242	-0.0150154323	0.0004882351	0.0000044665	0.0002933976	0.0003993053	0.0002254632	0.0007860993	0.0006247685	0.0014108677
0.1206511628	0.7121315678	0.8330065904	0.8850136249	0.8113669263	0.9412358939	0.9167846725	-0.0200149418	-0.0019085295	-0.0155107840	-0.0181064123	-0.0136022544	0.0004005979	0.0000036425	0.0002405844	0.0003278422	0.0001850213	0.0006448248	0.0005128635	0.0011576883
0.1206511628	0.7187982344	0.8347135994	0.8851921366	0.8126516839	0.9429744853	0.9180511782	-0.0179678243	-0.0017068449	-0.0139285879	-0.0162609795	-0.0122217430	0.0003228427	0.0000029133	0.0001940056	0.0002644195	0.0001493710	0.0005197616	0.0004137905	0.0009335520
0.1206511628	0.7254649011	0.8363965911	0.8853678645	0.8139101451	0.9446882191	0.9192903625	-0.0159536037	-0.0015083451	-0.0123811996	-0.0144452586	-0.0108728545	0.0002545175	0.0000022751	0.0001532941	0.0002086655	0.0001182190	0.0004100867	0.0003268845	0.0007369711
0.1206511628	0.7321315678	0.8380562832	0.8855408244	0.8151430151	0.9463779197	0.9205030334	-0.0139712336	-0.0013130104	-0.0108675961	-0.0126582232	-0.0095545857	0.0001951954	0.0000017240	0.0001181046	0.0001602306	0.0000912901	0.0003150240	0.0002515207	0.0005665447
0.1206511628	0.7387982344	0.8396933691	0.8857110315	0.8163509742	0.9480443837	0.9216899701	-0.0120197073	-0.0011208219	-0.0093867947	-0.0108988853	-0.0082659728	0.0001444734	0.0000012562	0.0000881119	0.0001187857	0.0000683263	0.0002338415	0.0001871120	0.0004209535
0.1206511628	0.7454649011	0.8413085185	0.8858785003	0.8175346787	0.9496883808	0.9228519243	-0.0100980557	-0.0009317615	-0.0079378504	-0.0091662942	-0.0070060889	0.0001019707	0.0000008682	0.0000630095	0.0000840210	0.0000490853	0.0001658484	0.0001331062	0.0002989546
0.1206511628	0.7521315678	0.8429023788	0.8860432445	0.8186947617	0.9513106544	0.9239896210	-0.0082053464	-0.0007458117	-0.0065198546	-0.0074595347	-0.0057740429	0.0000673277	0.0000005562	0.0000425085	0.0000556447	0.0000333396	0.0001103924	0.0000889842	0.0001993767
0.1206511628	0.7587982344	0.8444755756	0.8862052775	0.8198318342	0.9529119235	0.9251037598	-0.0063406815	-0.0005629558	-0.0051319337	-0.0057777256	-0.0045689778	0.0000402042	0.0000003169	0.0000263367	0.0000333821	0.0000208756	0.0000668579	0.0000542577	0.0001211156
0.1206511628	0.7654649011	0.8460287134	0.8863646119	0.8209464855	0.9544928826	0.9261950155	-0.0045031964	-0.0003831781	-0.0037732474	-0.0041200183	-0.0033900694	0.0000202788	0.0000001468	0.0000142374	0.0000169746	0.0000114926	0.0000346630	0.0000284671	0.0000631301
0.1206511628	0.7721315678	0.8475623764	0.8865212595	0.8220392842	0.9560542032	0.9272640395	-0.0026920586	-0.0002064632	-0.0024429877	-0.0024855954	-0.0022365245	0.0000072472	0.0000000426	0.0000059682	0.0000061782	0.0000050020	0.0000132580	0.0000111802	0.0000244382
0.1206511628	0.7787982344	0.8490771293	0.8866752318	0.8231107792	0.9575965346	0.9283114603	-0.0009064662	-0.0000327969	-0.0011403769	-0.0008736694	-0.0011075800	0.0000008217	0.0000000011	0.0000013005	0.0000007633	0.0000012267	0.0000021232	0.0000019900	0.0000041132
0.1206511628	0.7854649011	0.8505735179	0.8868265395	0.8241615000	0.9591205044	0.9293378844	0.0008543533	0.0001378347	0.0001353332	0.0007165186	-0.0000025015	0.0000007299	0.0000000190	0.0000000183	0.0000005134	0.0000000000	0.0000007672	0.0000005134	0.0000012806
0.1206511628	0.7921315678	0.8520520698	0.8869751927	0.8251919577	0.9606267197	0.9303438974	0.0025911442	0.0003054444	0.0013848627	0.0022856998	0.0010794182	0.0000067140	0.0000000933	0.0000019178	0.0000052244	0.0000011651	0.0000087252	0.0000063896	0.0000151147
0.1206511628	0.7987982344	0.8535132953	0.8871212011	0.8262026456	0.9621157676	0.9313300648	0.0043046239	0.0004700447	0.0026089045	0.0038345792	0.0021388598	0.0000185298	0.0000002209	0.0000068064	0.0000147040	0.0000045747	0.0000255571	0.0000192787	0.0000448358
0.1206511628	0.8054649011	0.8549576876	0.8872645735	0.8271940400	0.9635882160	0.9322969322	0.0059954839	0.0006316471	0.0038081260	0.0053638368	0.0031764789	0.0000359458	0.0000003990	0.0000145018	0.0000287707	0.0000100900	0.0000508466	0.0000388608	0.0000897074
0.1206511628	0.8121315678	0.8563857235	0.8874053186	0.8281666004	0.9650446143	0.9332450268	0.0076643906	0.0007902626	0.0049831697	0.0068741280	0.0041929071	0.0000587429	0.0000006245	0.0000248320	0.0000472536	0.0000175805	0.0000841994	0.0000648341	0.0001490335
0.1206511628	0.8187982344	0.8577978643	0.8875434442	0.8291207708	0.9664854943	0.9341748578	0.0093119868	0.0009459015	0.0061346543	0.0083660852	0.0051887528	0.0000867131	0.0000008947	0.0000376340	0.0000699914	0.0000269232	0.0001252418	0.0000969145	0.0002221563
0.1206511628	0.8254649011	0.8591945563	0.8876789577	0.8300569796	0.9679113702	0.9350869167	0.0109388923	0.0010985737	0.0072631760	0.0098403186	0.0061646023	0.0001196594	0.0000012069	0.0000527537	0.0000968319	0.0000380023	0.0001736200	0.0001348342	0.0003084541
0.1206511628	0.8321315678	0.8605762308	0.8878118660	0.8309756409	0.9693227403	0.9359816788	0.0125457051	0.0012482881	0.0083693087	0.0112974170	0.0071210206	0.0001573947	0.0000015582	0.0000700453	0.0001276316	0.0000507089	0.0002289983	0.0001783406	0.0004073388
0.1206511628	0.8387982344	0.8619433055	0.8879421756	0.8318771542	0.9707200865	0.9368596031	0.0141330020	0.0013950535	0.0094536061	0.0127379485	0.0080585526	0.0001997417	0.0000019462	0.0000893707	0.0001622553	0.0000649403	0.0002910586	0.0002271956	0.0005182542
0.1206511628	0.8454649011	0.8632961842	0.8880698923	0.8327619057	0.9721038756	0.9377211331	0.0157013396	0.0015388777	0.0105166012	0.0141624619	0.0089777235	0.0002465321	0.0000023681	0.0001105989	0.0002005753	0.0000805995	0.0003594991	0.0002811748	0.0006406740
0.1206511628	0.8521315678	0.8646352577	0.8881950218	0.8336302684	0.9734745596	0.9385666976	0.0172512550	0.0016797682	0.0115588082	0.0155714868	0.0098790400	0.0002976058	0.0000028216	0.0001336060	0.0002424712	0.0000975954	0.0004340335	0.0003400666	0.0007741001
0.1206511628	0.8587982344	0.8659609044	0.8883175690	0.8344826027	0.9748325764	0.9393967111	0.0187832669	0.0018177319	0.0125807227	0.0169655350	0.0107629907	0.0003528111	0.0000033041	0.0001582746	0.0002878294	0.0001158420	0.0005143898	0.0004036713	0.0009180612
0.1206511628	0.8654649011	0.8672734905	0.8884375385	0.8353192568	0.9761783500	0.9402115743	0.0202978760	0.0019527754	0.0135828226	0.0183451006	0.0116300472	0.0004120038	0.0000038133	0.0001844931	0.0003365427	0.0001352580	0.0006003102	0.0004718007	0.0010721109
0.1206511628	0.8721315678	0.8685733703	0.8885549348	0.8361405674	0.9775122913	0.9410116748	0.0217955658	0.0020849045	0.0145655691	0.0197106613	0.0124806646	0.0004750467	0.0000043468	0.0002121558	0.0003885102	0.0001557670	0.0006915493	0.0005442772	0.0012358265
0.1206511628	0.8787982344	0.8698608870	0.8886697615	0.8369468597	0.9788347985	0.9417973874	0.0232768032	0.0022141248	0.0155294068	0.0210626784	0.0133152820	0.0005418096	0.0000049023	0.0002411625	0.0004436364	0.0001772967	0.0007878744	0.0006209332	0.0014088075
0.1206511628	0.8854649011	0.8711363729	0.8887820224	0.8377384483	0.9801462575	0.9425690745	0.0247420395	0.0023404414	0.0164747649	0.0224015981	0.0141343235	0.0006121685	0.0000054777	0.0002714179	0.0005018316	0.0001997791	0.0008890641	0.0007016107	0.0015906748
0.1206511628	0.8921315678	0.8724001500	0.8888917204	0.8385156373	0.9814470423	0.9433270871	0.0261917106	0.0024638590	0.0174020577	0.0237278517	0.0149381987	0.0006860057	0.0000060706	0.0003028316	0.0005630109	0.0002231498	0.0009949079	0.0007861607	0.0017810686
0.1206511628	0.8987982344	0.8736525298	0.8889988586	0.8392787209	0.9827375158	0.9440717644	0.0276262378	0.0025843817	0.0183116848	0.0250418561	0.0157273030	0.0007632090	0.0000066790	0.0003353178	0.0006270946	0.0002473481	0.0011052058	0.0008744426	0.0019796485
0.1206511628	0.9054649011	0.8748938144	0.8891034393	0.8400279835	0.9840180295	0.9448034349	0.0290460284	0.0027020136	0.0192040324	0.0263440148	0.0165020187	0.0008436718	0.0000073009	0.0003687949	0.0006940071	0.0002723166	0.0012197675	0.0009663237	0.0021860912
0.1206511628	0.9121315678	0.8761242964	0.8892054650	0.8407637003	0.9852889246	0.9455224168	0.0304514761	0.0028167582	0.0200794732	0.0276347179	0.0172627150	0.0009272924	0.0000079341	0.0004031852	0.0007636776	0.0002980013	0.0013384118	0.0010616790	0.0024000907
0.1206511628	0.9187982344	0.8773442593	0.8893049375	0.8414861376	0.9865505321	0.9462290178	0.0318429617	0.0029286187	0.0209383674	0.0289143430	0.0180097487	0.0010139742	0.0000085768	0.0004384152	0.0008360392	0.0003243510	0.0014609662	0.0011603903	0.0026213565
0.1206511628	0.9254649011	0.8785539779	0.8894018586	0.8421955530	0.9878031729	0.9469235361	0.0332208534	0.0030375980	0.0217810628	0.0301832555	0.0187434649	0.0011036251	0.0000092270	0.0004744147	0.0009110289	0.0003513175	0.0015872668	0.0012623464	0.0028496132
0.1206511628	0.9321315678	0.8797537187	0.8894962298	0.8428921959	0.9890471587	0.9476062604	0.0345855076	0.0031436987	0.0226078957	0.0314418089	0.0194641971	0.0011961573	0.0000098828	0.0005111169	0.0009885874	0.0003788550	0.0017171571	0.0013674423	0.0030845994
0.1206511628	0.9387982344	0.8809437399	0.8895880522	0.8435763079	0.9902827918	0.9482774704	0.0359372690	0.0032469231	0.0234191911	0.0326903459	0.0201722680	0.0012914873	0.0000105425	0.0005484585	0.0010686587	0.0004069204	0.0018504883	0.0014755791	0.0033260674
0.1206511628	0.9454649011	0.8821242920	0.8896773271	0.8442481227	0.9915103658	0.9489374372	0.0372764711	0.0033472733	0.0242152629	0.0339291978	0.0208679896	0.0013895353	0.0000112042	0.0005863790	0.0011511905	0.0004354730	0.0019871185	0.0015866635	0.0035737820
0.1206511628	0.9521315678	0.8832956178	0.8897640551	0.8449078666	0.9927301657	0.9495864232	0.0386034370	0.0034447512	0.0249964152	0.0351586859	0.0215516641	0.0014902253	0.0000118663	0.0006248208	0.0012361332	0.0004644742	0.0021269124	0.0017006074	0.0038275198
0.1206511628	0.9587982344	0.8844579531	0.8898482371	0.8455557591	0.9939424682	0.9502246831	0.0399184793	0.0035393582	0.0257629416	0.0363791211	0.0222235834	0.0015934850	0.0000125271	0.0006637292	0.0013234405	0.0004938877	0.0022697412	0.0018173281	0.0040870693
0.1206511628	0.9654649011	0.8856115262	0.8899298734	0.8461920126	0.9951475422	0.9508524637	0.0412219009	0.0036310959	0.0265151265	0.0375908050	0.0228840306	0.0016992451	0.0000131849	0.0007030519	0.0014130686	0.0005236789	0.0024154819	0.0019367475	0.0043522294
0.1206511628	0.9721315678	0.8867565592	0.8900089645	0.8468168330	0.9963456488	0.9514700040	0.0425139949	0.0037199653	0.0272532449	0.0387940296	0.0235332795	0.0018074398	0.0000138381	0.0007427394	0.0015049767	0.0005538152	0.0025640173	0.0020587920	0.0046228092
0.1206511628	0.9787982344	0.8878932672	0.8900855106	0.8474304199	0.9975370418	0.9520775362	0.0437950455	0.0038059676	0.0279775629	0.0399890779	0.0241715953	0.0019180060	0.0000144854	0.0007827440	0.0015991264	0.0005842660	0.0027152354	0.0021833924	0.0048986278
0.1206511628	0.9854649011	0.8890218591	0.8901595117	0.8480329668	0.9987219677	0.9526752853	0.0450653280	0.0038891034	0.0286883383	0.0411762246	0.0247992349	0.0020308838	0.0000151251	0.0008230208	0.0016954815	0.0006150021	0.0028690297	0.0023104835	0.0051795132
0.1233178295	0.5854649011	0.7951786634	0.8811093623	0.7810511497	0.9024744231	0.8864406430	-0.0664896723	-0.0063298173	-0.0535905324	-0.0601598550	-0.0472607151	0.0044208765	0.0000400666	0.0028719452	0.0036192082	0.0022335752	0.0073328883	0.0058527833	0.0131856716
0.1233178295	0.5921315678	0.7975057505	0.8813434601	0.7829972161	0.9048750987	0.8884132594	-0.0635674503	-0.0060641673	-0.0511020321	-0.0575032830	-0.0450378648	0.0040408207	0.0000367741	0.0026114177	0.0033066276	0.0020284093	0.0066890125	0.0053350368	0.0120240494
0.1233178295	0.5987982344	0.7997898133	0.8815744180	0.7848980420	0.9072289270	0.8903366818	-0.0607075358	-0.0058021496	-0.0486773460	-0.0549053862	-0.0428751964	0.0036854049	0.0000336649	0.0023694840	0.0030146014	0.0018382825	0.0060885539	0.0048528839	0.0109414378
0.1233178295	0.6054649011	0.8020321943	0.8818022564	0.7867549847	0.9095374711	0.8922124876	-0.0579077460	-0.0055437380	-0.0463143008	-0.0523640080	-0.0407705628	0.0033533071	0.0000307330	0.0021450145	0.0027419893	0.0016622388	0.0055290545	0.0044042281	0.0099332827
0.1233178295	0.6121315678	0.8042341932	0.8820269965	0.7885693562	0.9118022423	0.8940421997	-0.0551659838	-0.0052889060	-0.0440108105	-0.0498770778	-0.0387219045	0.0030432858	0.0000279725	0.0019369514	0.0024877229	0.0014993859	0.0050082097	0.0039871088	0.0089953185
0.1233178295	0.6187982344	0.8063970680	0.8822486595	0.7903424241	0.9140247019	0.8958272881	-0.0524802342	-0.0050376267	-0.0417648729	-0.0474426075	-0.0367272462	0.0027541750	0.0000253777	0.0017443046	0.0022508010	0.0013488906	0.0045238573	0.0035996916	0.0081235489
0.1233178295	0.6254649011	0.8085220361	0.8824672670	0.7920754133	0.9162062621	0.8975691711	-0.0498485614	-0.0047898730	-0.0395745665	-0.0450586884	-0.0347846935	0.0024848791	0.0000229429	0.0015661463	0.0020302854	0.0012099749	0.0040739683	0.0032402603	0.0073142286
0.1233178295	0.6321315678	0.8106102751	0.8826828403	0.7937695072	0.9183482879	0.8992692176	-0.0472691056	-0.0045456180	-0.0374380468	-0.0427234875	-0.0328924287	0.0022343683	0.0000206626	0.0014016073	0.0018252964	0.0010819119	0.0036566383	0.0029072083	0.0065638466
0.1233178295	0.6387982344	0.8126629242	0.8828954010	0.7954258482	0.9204520981	0.9009287479	-0.0447400794	-0.0043048349	-0.0353535433	-0.0404352445	-0.0310487084	0.0020016747	0.0000185316	0.0012498730	0.0016350090	0.0009640223	0.0032700793	0.0025990313	0.0058691106
0.1233178295	0.6454649011	0.8146810850	0.8831049703	0.7970455397	0.9225189670	0.9025490360	-0.0422597657	-0.0040674971	-0.0333193566	-0.0381922686	-0.0292518595	0.0017858878	0.0000165445	0.0011101795	0.0014586494	0.0008556713	0.0029126119	0.0023143207	0.0052269325
0.1233178295	0.6521315678	0.8166658228	0.8833115695	0.7986296470	0.9245501259	0.9041313106	-0.0398265140	-0.0038335781	-0.0313338550	-0.0359929359	-0.0275002769	0.0015861512	0.0000146963	0.0009818105	0.0012954914	0.0007562652	0.0025826580	0.0020517567	0.0046344147
0.1233178295	0.6587982344	0.8186181676	0.8835152193	0.8001791983	0.9265467643	0.9056767567	-0.0374387383	-0.0036030521	-0.0293954721	-0.0338356862	-0.0257924200	0.0014016591	0.0000129820	0.0008640938	0.0011448537	0.0006652489	0.0022787349	0.0018101026	0.0040888375
0.1233178295	0.6654649011	0.8205391151	0.8837159403	0.8016951864	0.9285100310	0.9071865176	-0.0350949139	-0.0033758934	-0.0275027039	-0.0317190206	-0.0241268105	0.0012316530	0.0000113967	0.0007563987	0.0010060963	0.0005821030	0.0019994484	0.0015881992	0.0035876476
0.1233178295	0.6721315678	0.8224296277	0.8839137525	0.8031785690	0.9304410362	0.9086616956	-0.0327935756	-0.0031520770	-0.0256541060	-0.0296414986	-0.0225020290	0.0010754186	0.0000099356	0.0006581332	0.0008786184	0.0005063413	0.0017434873	0.0013849597	0.0031284471
0.1233178295	0.6787982344	0.8242906358	0.8841086756	0.8046302708	0.9323408519	0.9101033538	-0.0305333145	-0.0029315785	-0.0238482916	-0.0276017360	-0.0209167131	0.0009322833	0.0000085942	0.0005687410	0.0007618558	0.0004375089	0.0015096185	0.0011993647	0.0027089832
0.1233178295	0.6854649011	0.8261230385	0.8843007289	0.8060511839	0.9342105140	0.9115125178	-0.0283127761	-0.0027143739	-0.0220839285	-0.0255984022	-0.0193695546	0.0008016133	0.0000073678	0.0004876999	0.0006552782	0.0003751796	0.0012966810	0.0010304578	0.0023271389
0.1233178295	0.6921315678	0.8279277049	0.8844899311	0.8074421692	0.9360510230	0.9128901763	-0.0261306580	-0.0025004400	-0.0203597372	-0.0236302180	-0.0178592972	0.0006828113	0.0000062522	0.0004145189	0.0005583872	0.0003189545	0.0011035824	0.0008773417	0.0019809241
0.1233178295	0.6987982344	0.8297054746	0.8846763003	0.8088040572	0.9378633455	0.9142372831	-0.0239857076	-0.0022897541	-0.0186744886	-0.0216959535	-0.0163847345	0.0005753142	0.0000052430	0.0003487365	0.0004707144	0.0002684595	0.0009292937	0.0007391739	0.0016684676
0.1233178295	0.7054649011	0.8314571595	0.8848598541	0.8101376496	0.9396484151	0.9155547580	-0.0218767203	-0.0020822943	-0.0170270017	-0.0197944259	-0.0149447073	0.0004785909	0.0000043359	0.0002899188	0.0003918193	0.0002233443	0.0007728456	0.0006151636	0.0013880092
0.1233178295	0.7121315678	0.8331835438	0.8850406095	0.8114437195	0.9414071341	0.9168434881	-0.0198025371	-0.0018780394	-0.0154161417	-0.0179244977	-0.0135381023	0.0003921405	0.0000035270	0.0002376574	0.0003212876	0.0001832802	0.0006333249	0.0005045678	0.0011378928
0.1233178295	0.7187982344	0.8348853854	0.8852185830	0.8127230133	0.9431403739	0.9181043291	-0.0177620432	-0.0016769689	-0.0138408182	-0.0160850743	-0.0121638494	0.0003154902	0.0000028122	0.0001915682	0.0002587296	0.0001479592	0.0005098707	0.0004066888	0.0009165595
0.1233178295	0.7254649011	0.8365634169	0.8853937903	0.8139762506	0.9448489768	0.9193381064	-0.0157541658	-0.0014790629	-0.0122999832	-0.0142751029	-0.0108209203	0.0002481937	0.0000021876	0.0001512896	0.0002037786	0.0001170923	0.0004016710	0.0003208709	0.0007225418
0.1233178295	0.7321315678	0.8382183462	0.8855662467	0.8152041262	0.9465337566	0.9205456161	-0.0137778727	-0.0012843026	-0.0107926291	-0.0124935701	-0.0095083265	0.0001898298	0.0000016494	0.0001164808	0.0001560893	0.0000904083	0.0003079601	0.0002464976	0.0005544576
0.1233178295	0.7387982344	0.8398508575	0.8857359668	0.8164073103	0.9481954995	0.9217276264	-0.0118321702	-0.0010926695	-0.0093177875	-0.0107395006	-0.0082251179	0.0001400003	0.0000011939	0.0000868212	0.0001153369	0.0000676526	0.0002280153	0.0001829894	0.0004110048
0.1233178295	0.7454649011	0.8414616119	0.8859029644	0.8175864494	0.9498349658	0.9228848783	-0.0099161017	-0.0009041463	-0.0078745269	-0.0090119555	-0.0069703807	0.0000983291	0.0000008175	0.0000620082	0.0000812153	0.0000485862	0.0001611547	0.0001298015	0.0002909563
0.1233178295	0.7521315678	0.8430512484	0.8860672529	0.8187421677	0.9514528900	0.9240180867	-0.0080287465	-0.0007187159	-0.0064619519	-0.0073100306	-0.0057432360	0.0000644608	0.0000005166	0.0000417568	0.0000534365	0.0000329848	0.0001067341	0.0000864213	0.0001931555
0.1233178295	0.7587982344	0.8446203849	0.8862288449	0.8198750672	0.9530499822	0.9251279417	-0.0061692178	-0.0005363626	-0.0050792011	-0.0056328552	-0.0045428385	0.0000380592	0.0000002877	0.0000257983	0.0000317291	0.0000206374	0.0000641452	0.0000523664	0.0001165117
0.1233178295	0.7654649011	0.8461696183	0.8863877527	0.8209857290	0.9546269291	0.9262151090	-0.0043366616	-0.0003570708	-0.0037254458	-0.0039795908	-0.0033683750	0.0000188066	0.0000001275	0.0000138789	0.0000158371	0.0000113460	0.0000328131	0.0000271831	0.0000599962
0.1233178295	0.7721315678	0.8476995259	0.8865439876	0.8220747139	0.9561843944	0.9272802312	-0.0025302553	-0.0001808261	-0.0023998889	-0.0023494292	-0.0022190628	0.0000064022	0.0000000327	0.0000057595	0.0000055198	0.0000049242	0.0000121944	0.0000104441	0.0000226384
0.1233178295	0.7787982344	0.8492106656	0.8866975606	0.8231425630	0.9577230200	0.9283239287	-0.0007492063	-0.0000076145	-0.0011017633	-0.0007415918	-0.0010941488	0.0000005613	0.0000000001	0.0000012139	0.0000005500	0.0000011972	0.0000017753	0.0000017471	0.0000035224
0.1233178295	0.7854649011	0.8507035768	0.8868484819	0.8241897989	0.9592434268	0.9293468002	0.0010072489	0.0001625770	0.0001696692	0.0008446719	0.0000070922	0.0000010146	0.0000000264	0.0000000288	0.0000007135	0.0000000001	0.0000010698	0.0000007135	0.0000017833
0.1233178295	0.7921315678	0.8521787812	0.8869967612	0.8252169257	0.9607462152	0.9303494238	0.0027398463	0.0003297611	0.0014151194	0.0024100852	0.0010853583	0.0000075068	0.0000001087	0.0000020026	0.0000058085	0.0000011780	0.0000096181	0.0000069865	0.0000166046
0.1233178295	0.7987982344	0.8536367832	0.8871424077	0.8262244302	0.9622319661	0.9313323577	0.0044492953	0.0004939495	0.0026352713	0.0039553458	0.0021413218	0.0000197962	0.0000002440	0.0000069447	0.0000156448	0.0000045853	0.0000269849	0.0000202300	0.0000472149
0.1233178295	0.8054649011	0.8550780705	0.8872854300	0.8272127824	0.9637012415	0.9322961410	0.0061362797	0.0006551533	0.0038307836	0.0054811264	0.0031756303	0.0000376539	0.0000004292	0.0000146749	0.0000300427	0.0000100846	0.0000527581	0.0000401274	0.0000928854
0.1233178295	0.8121315678	0.8565031149	0.8874258361	0.8281824360	0.9651545854	0.9332412944	0.0078014589	0.0008133830	0.0050022908	0.0069880758	0.0041889077	0.0000608628	0.0000006616	0.0000250229	0.0000488332	0.0000175469	0.0000865473	0.0000663802	0.0001529274
0.1233178295	0.8187982344	0.8579123726	0.8875636335	0.8291338291	0.9665925239	0.9341683208	0.0094454689	0.0009686487	0.0061504039	0.0084768202	0.0051817552	0.0000892169	0.0000009383	0.0000378275	0.0000718565	0.0000268506	0.0001279826	0.0000987071	0.0002266897
0.1233178295	0.8254649011	0.8593062852	0.8876988293	0.8300673850	0.9680155666	0.9350777061	0.0110689230	0.0011209594	0.0072757117	0.0099479636	0.0061547522	0.0001225211	0.0000012566	0.0000529360	0.0000989620	0.0000378810	0.0001767136	0.0001368430	0.0003135565
0.1233178295	0.8321315678	0.8606852797	0.8878314300	0.8309835124	0.9694242067	0.9359699199	0.0126724132	0.0012703240	0.0083787813	0.0114020891	0.0071084573	0.0001605901	0.0000016137	0.0000702040	0.0001300076	0.0000505302	0.0002324078	0.0001805378	0.0004129456
0.1233178295	0.8387982344	0.8620497692	0.8879614416	0.8318826059	0.9708189217	0.9368454157	0.0142565103	0.0014167506	0.0094601595	0.0128397597	0.0080434089	0.0002032481	0.0000020072	0.0000894946	0.0001648594	0.0000646964	0.0002947499	0.0002295559	0.0005243057
0.1233178295	0.8454649011	0.8634001537	0.8880888698	0.8327650470	0.9722001740	0.9377046322	0.0158217656	0.0015602468	0.0105203733	0.0142615188	0.0089601265	0.0002503283	0.0000024344	0.0001106783	0.0002033909	0.0000802839	0.0003634409	0.0002836748	0.0006471157
0.1233178295	0.8521315678	0.8647368202	0.8882137197	0.8336312042	0.9735684115	0.9385479932	0.0173687110	0.0017008196	0.0115599307	0.0156678914	0.0098591111	0.0003016721	0.0000028928	0.0001336320	0.0002454828	0.0000972021	0.0004381969	0.0003426849	0.0007808818
0.1233178295	0.8587982344	0.8660601433	0.8883359961	0.8344814335	0.9749240683	0.9393759086	0.0188978601	0.0018384756	0.0125793216	0.0170593845	0.0107408460	0.0003571291	0.0000033800	0.0001582393	0.0002910226	0.0001153658	0.0005187484	0.0004063884	0.0009251368
0.1233178295	0.8654649011	0.8673704856	0.8884557033	0.8353160792	0.9762675645	0.9401887748	0.0204097090	0.0019732210	0.0135790185	0.0184364880	0.0116057976	0.0004165562	0.0000038936	0.0001843897	0.0003399041	0.0001346945	0.0006048396	0.0004745986	0.0010794382
0.1233178295	0.8721315678	0.8686681983	0.8885728453	0.8361354737	0.9775993076	0.9409869750	0.0219047366	0.0021050612	0.0145594773	0.0197996754	0.0124544160	0.0004798175	0.0000044313	0.0002119784	0.0003920271	0.0001551125	0.0006962271	0.0005471396	0.0012433668
0.1233178295	0.8787982344	0.8699536212	0.8886874256	0.8369399388	0.9789196923	0.9417708800	0.0233834057	0.0022340016	0.0155211376	0.0211494041	0.0132871360	0.0005467837	0.0000049908	0.0002409057	0.0004472973	0.0001765480	0.0007926801	0.0006238453	0.0014165254
0.1233178295	0.8854649011	0.8712270838	0.8887994475	0.8377297853	0.9802291015	0.9425408485	0.0248461635	0.0023600468	0.0164644240	0.0224861166	0.0141043771	0.0006173318	0.0000055698	0.0002710773	0.0005056254	0.0001989335	0.0008939789	0.0007045589	0.0015985378
0.1233178295	0.8921315678	0.8724889049	0.8889089138	0.8385053139	0.9815279061	0.9432972275	0.0262934419	0.0024832013	0.0173897461	0.0238102406	0.0149065447	0.0006913451	0.0000061663	0.0003024033	0.0005669276	0.0002222051	0.0009999146	0.0007891326	0.0017890473
0.1233178295	0.8987982344	0.8737393935	0.8890158273	0.8392668155	0.9828164659	0.9440403531	0.0277256588	0.0026034690	0.0182974993	0.0251221898	0.0156940303	0.0007687122	0.0000067781	0.0003347985	0.0006311244	0.0002463026	0.0011102887	0.0008774270	0.0019877157
0.1233178295	0.9054649011	0.8749788489	0.8891201901	0.8400145712	0.9840951299	0.9447705502	0.0291432178	0.0027208535	0.0191880657	0.0264223644	0.0164672122	0.0008493271	0.0000074030	0.0003681819	0.0006981413	0.0002711691	0.0012249121	0.0009693104	0.0021942225
0.1233178295	0.9121315678	0.8762075613	0.8892220042	0.8407488533	0.9853642366	0.9454881338	0.0305465094	0.0028353581	0.0200618141	0.0277111514	0.0172264560	0.0009330892	0.0000080393	0.0004024764	0.0007679079	0.0002967508	0.0013436049	0.0010646587	0.0024082636
0.1233178295	0.9187982344	0.8774258118	0.8893212715	0.8414699252	0.9866241143	0.9461934085	0.0319359112	0.0029469857	0.0209191008	0.0289889256	0.0179721151	0.0010199024	0.0000086847	0.0004376088	0.0008403578	0.0003229969	0.0014661959	0.0011633547	0.0026295507
0.1233178295	0.9254649011	0.8786338729	0.8894179934	0.8421780417	0.9878750818	0.9468866696	0.0333117885	0.0030557389	0.0217602702	0.0302560495	0.0187045312	0.0011096753	0.0000093375	0.0004735094	0.0009154285	0.0003498595	0.0015925222	0.0012652880	0.0028578102
0.1233178295	0.9321315678	0.8798320089	0.8895121711	0.8428734495	0.9891174483	0.9475682030	0.0346744946	0.0031616202	0.0225856549	0.0315128744	0.0194240347	0.0012023206	0.0000099958	0.0005101118	0.0009930613	0.0003772931	0.0017224282	0.0013703544	0.0030927826
0.1233178295	0.9387982344	0.8810204758	0.8896038057	0.8435563877	0.9903515140	0.9482382857	0.0360243716	0.0032646317	0.0233955768	0.0327597400	0.0201309451	0.0012977554	0.0000106578	0.0005473530	0.0010732006	0.0004052550	0.0018557662	0.0014784555	0.0033342217
0.1233178295	0.9454649011	0.8821995223	0.8896928981	0.8442270875	0.9915775704	0.9488971861	0.0373617506	0.0033647750	0.0241903468	0.0339969755	0.0208255718	0.0013959004	0.0000113217	0.0005851729	0.0011557943	0.0004337044	0.0019923950	0.0015894988	0.0035818938
0.1233178295	0.9521315678	0.8833693892	0.8897794488	0.8448857730	0.9927959006	0.9495451643	0.0386869518	0.0034620519	0.0249702657	0.0352248999	0.0215082138	0.0014966802	0.0000119858	0.0006235142	0.0012407936	0.0004626033	0.0021321802	0.0017033968	0.0038355771
0.1233178295	0.9587982344	0.8845303104	0.8898634585	0.8455326612	0.9940067793	0.9501824726	0.0400002858	0.0035564637	0.0257356244	0.0364438221	0.0221791608	0.0016000229	0.0000126484	0.0006623224	0.0013281522	0.0004919152	0.0022749937	0.0018200673	0.0040950610
0.1233178295	0.9654649011	0.8856825127	0.8899449273	0.8461679625	0.9952104737	0.9508093553	0.0413020530	0.0036480115	0.0264867046	0.0376540414	0.0228386930	0.0017058596	0.0000133080	0.0007015455	0.0014178268	0.0005216059	0.0024207131	0.0019394327	0.0043601458
0.1233178295	0.9721315678	0.8868262163	0.8900238555	0.8467918808	0.9964072432	0.9514260495	0.0425925445	0.0037366965	0.0272237785	0.0388558480	0.0234870820	0.0018141248	0.0000139629	0.0007411341	0.0015097769	0.0005516430	0.0025692219	0.0020614199	0.0046306418
0.1233178295	0.9787982344	0.8879616347	0.8901002431	0.8474046135	0.9975973399	0.9520327852	0.0438720423	0.0038225192	0.0279471099	0.0400495231	0.0241245906	0.0019247561	0.0000146117	0.0007810409	0.0016039643	0.0005819959	0.0027204087	0.0021859602	0.0049063689
0.1233178295	0.9854649011	0.8890889755	0.8901740900	0.8480063523	0.9987810087	0.9526297853	0.0451408199	0.0039054806	0.0286569541	0.0412353393	0.0247514735	0.0020376936	0.0000152528	0.0008212210	0.0017003532	0.0006126354	0.0028741674	0.0023129886	0.0051871561
0.1259844961	0.5854649011	0.7955166920	0.8811516307	0.7813025588	0.9028147532	0.8866834397	-0.0660646651	-0.0062818467	-0.0532686986	-0.0597828184	-0.0469868519	0.0043645400	0.0000394616	0.0028375542	0.0035739854	0.0022077642	0.0072415558	0.0057817496	0.0130233054
0.1259844961	0.5921315678	0.7978317060	0.8813847012	0.7832354239	0.9052025806	0.8886419549	-0.0631588151	-0.0060173750	-0.0507978528	-0.0571414401	-0.0447804778	0.0039890359	0.0000362088	0.0025804218	0.0032651442	0.0020052912	0.0066056666	0.0052704354	0.0118761019
0.1259844961	0.5987982344	0.8001042448	0.8816146647	0.7851236515	0.9075441651	0.8905519418	-0.0603144704	-0.0057564974	-0.0483899494	-0.0545579730	-0.0426334520	0.0036378353	0.0000331373	0.0023415872	0.0029765724	0.0018176112	0.0060125598	0.0047941836	0.0108067434
0.1259844961	0.6054649011	0.8023356225	0.8818415408	0.7869685694	0.9098410376	0.8924149442	-0.0575294934	-0.0054991889	-0.0460428622	-0.0520303045	-0.0405436733	0.0033096426	0.0000302411	0.0021199452	0.0027071526	0.0016437894	0.0054598288	0.0043509420	0.0098107709
0.1259844961	0.6121315678	0.8045271119	0.8820653496	0.7887714616	0.9120946790	0.8942324534	-0.0548018294	-0.0052454241	-0.0437545495	-0.0495564053	-0.0385091255	0.0030032405	0.0000275145	0.0019144606	0.0024558373	0.0014829527	0.0049452156	0.0039387901	0.0088840056
0.1259844961	0.6187982344	0.8066799459	0.8822861114	0.7905335693	0.9143065220	0.8960059090	-0.0521295034	-0.0049951771	-0.0415230510	-0.0471343263	-0.0365278739	0.0027174851	0.0000249518	0.0017241638	0.0022216447	0.0013342856	0.0044666007	0.0035559303	0.0080225310
0.1259844961	0.6254649011	0.8087953179	0.8825038468	0.7922560924	0.9164779517	0.8977367014	-0.0495106169	-0.0047484221	-0.0393464841	-0.0447621948	-0.0345980620	0.0024513012	0.0000225475	0.0015481458	0.0020036541	0.0011970259	0.0040219945	0.0032006800	0.0072226745
0.1259844961	0.6321315678	0.8108743830	0.8827185763	0.7939401903	0.9186103077	0.8994261723	-0.0469433450	-0.0045051332	-0.0372230413	-0.0424382118	-0.0327179081	0.0022036776	0.0000202962	0.0013855548	0.0018010018	0.0010704615	0.0036095287	0.0028714633	0.0064809920
0.1259844961	0.6387982344	0.8129182592	0.8829303206	0.7955869834	0.9207048848	0.9010756170	-0.0444259333	-0.0042652844	-0.0351509865	-0.0401606489	-0.0308857021	0.0019736636	0.0000181927	0.0012355919	0.0016128777	0.0009539266	0.0032274481	0.0025668043	0.0057942524
0.1259844961	0.6454649011	0.8149280280	0.8831391001	0.7971975537	0.9227629349	0.9026862852	-0.0419566955	-0.0040288503	-0.0331286530	-0.0379278452	-0.0290998026	0.0017603643	0.0000162316	0.0010975076	0.0014385214	0.0008467985	0.0028741036	0.0022853200	0.0051594235
0.1259844961	0.6521315678	0.8169047357	0.8833449352	0.7987729462	0.9247856677	0.9042593832	-0.0395340101	-0.0037958054	-0.0311544397	-0.0357382047	-0.0273586342	0.0015629380	0.0000144081	0.0009705991	0.0012772193	0.0007484949	0.0025479452	0.0020257141	0.0045736593
0.1259844961	0.6587982344	0.8188493944	0.8835478458	0.8003141704	0.9267742526	0.9057960745	-0.0371563182	-0.0035661247	-0.0292268091	-0.0335901935	-0.0256606844	0.0013805920	0.0000127172	0.0008542064	0.0011283011	0.0006584707	0.0022475156	0.0017867718	0.0040342874
0.1259844961	0.6654649011	0.8207629828	0.8837478517	0.8018222006	0.9287298196	0.9072974821	-0.0348221211	-0.0033397835	-0.0273442843	-0.0314823375	-0.0240045008	0.0012125801	0.0000111542	0.0007477099	0.0009911376	0.0005762161	0.0019714442	0.0015673536	0.0035387978
0.1259844961	0.6721315678	0.8226464474	0.8839449722	0.8032979777	0.9306534607	0.9087646890	-0.0325299773	-0.0031167578	-0.0255054469	-0.0294132195	-0.0223886891	0.0010581994	0.0000097142	0.0006505278	0.0008651375	0.0005012534	0.0017184414	0.0013663909	0.0030848323
0.1259844961	0.6787982344	0.8245007033	0.8841392262	0.8047424100	0.9325462312	0.9101987404	-0.0302785007	-0.0028970239	-0.0237089340	-0.0273814768	-0.0208119101	0.0009167876	0.0000083927	0.0005621135	0.0007497453	0.0004331356	0.0014872939	0.0011828809	0.0026701748
0.1259844961	0.6854649011	0.8263266352	0.8843306323	0.8061563742	0.9344091509	0.9116006443	-0.0280663581	-0.0026805587	-0.0219534363	-0.0253857994	-0.0192728776	0.0007877205	0.0000071854	0.0004819534	0.0006444388	0.0003714438	0.0012768592	0.0010158826	0.0022927418
0.1259844961	0.6921315678	0.8281250988	0.8845192085	0.8075407165	0.9362432052	0.9129713734	-0.0258922672	-0.0024673397	-0.0202376959	-0.0234249274	-0.0177703561	0.0006704095	0.0000060878	0.0004095643	0.0005487272	0.0003157856	0.0010860616	0.0008645128	0.0019505744
0.1259844961	0.6987982344	0.8298969208	0.8847049721	0.8088962537	0.9380493464	0.9143118658	-0.0237549943	-0.0022573453	-0.0185605040	-0.0214976491	-0.0163031587	0.0005642998	0.0000050956	0.0003444923	0.0004621489	0.0002657930	0.0009138877	0.0007279419	0.0016418296
0.1259844961	0.7054649011	0.8316429008	0.8848879402	0.8102237741	0.9398284947	0.9156230267	-0.0216533527	-0.0020505541	-0.0169206988	-0.0196027986	-0.0148701447	0.0004688677	0.0000042048	0.0002863100	0.0003842697	0.0002211212	0.0007593825	0.0006053909	0.0013647734
0.1259844961	0.7121315678	0.8333638116	0.8850681291	0.8115240384	0.9415815396	0.9169057294	-0.0195862001	-0.0018469458	-0.0153171639	-0.0177392544	-0.0134702181	0.0003836192	0.0000034112	0.0002346155	0.0003146811	0.0001814468	0.0006216460	0.0004961279	0.0011177739
0.1259844961	0.7187982344	0.8350604003	0.8852455546	0.8127977810	0.9433093405	0.9181608163	-0.0175524377	-0.0016465005	-0.0137488259	-0.0159059372	-0.0121023254	0.0003080881	0.0000027110	0.0001890302	0.0002529988	0.0001464663	0.0004998292	0.0003994651	0.0008992944
0.1259844961	0.7254649011	0.8367333889	0.8854202319	0.8140457103	0.9450127282	0.9193891002	-0.0155510076	-0.0014491992	-0.0122146530	-0.0141018084	-0.0107654538	0.0002418338	0.0000021002	0.0001491977	0.0001988610	0.0001158950	0.0003931318	0.0003147560	0.0007078878
0.1259844961	0.7321315678	0.8383834757	0.8855921756	0.8152685102	0.9466925056	0.9205913655	-0.0135808916	-0.0012550236	-0.0107136533	-0.0123258680	-0.0094586296	0.0001844406	0.0000015751	0.0001147824	0.0001519270	0.0000894657	0.0003007981	0.0002413927	0.0005421908
0.1259844961	0.7387982344	0.8400113353	0.8857613997	0.8164668407	0.9483494490	0.9217683690	-0.0116411094	-0.0010639561	-0.0092448726	-0.0105771533	-0.0081809165	0.0001355154	0.0000011320	0.0000854677	0.0001118762	0.0000669274	0.0002221151	0.0001788036	0.0004009187
0.1259844961	0.7454649011	0.8416176203	0.8859279175	0.8176413386	0.9499843088	0.9229208409	-0.0097307171	-0.0008759797	-0.0078073935	-0.0088547374	-0.0069314137	0.0000946869	0.0000007673	0.0000609554	0.0000784064	0.0000480445	0.0001564096	0.0001264509	0.0002828605
0.1259844961	0.7521315678	0.8432029614	0.8860917419	0.8187926188	0.9515978104	0.9240494862	-0.0078488057	-0.0006910784	-0.0064003335	-0.0071577273	-0.0057092551	0.0000616038	0.0000004776	0.0000409643	0.0000512331	0.0000325956	0.0001030456	0.0000838287	0.0001868743
0.1259844961	0.7587982344	0.8447679682	0.8862528850	0.8199212745	0.9531906552	0.9251549849	-0.0059944998	-0.0005092367	-0.0050228437	-0.0054852631	-0.0045136070	0.0000359340	0.0000002593	0.0000252290	0.0000300881	0.0000203726	0.0000614223	0.0000504608	0.0001118831
0.1259844961	0.7654649011	0.8463132303	0.8864113585	0.8210278784	0.9547635218	0.9262379938	-0.0041669559	-0.0003304398	-0.0036741071	-0.0038365161	-0.0033436674	0.0000173635	0.0000001092	0.0000134991	0.0000147189	0.0000111801	0.0000309718	0.0000258990	0.0000568707
0.1259844961	0.7721315678	0.8478393178	0.8865671732	0.8221129832	0.9563170659	0.9272991467	-0.0023653615	-0.0001546737	-0.0023533379	-0.0022106878	-0.0021986641	0.0000055949	0.0000000239	0.0000055382	0.0000048871	0.0000048341	0.0000111571	0.0000097213	0.0000208783
0.1259844961	0.7787982344	0.8493467817	0.8867203395	0.8231771225	0.9578519223	0.9283390556	-0.0005889336	0.0000180747	-0.0010597794	-0.0006070084	-0.0010778541	0.0000003468	0.0000000003	0.0000011231	0.0000003685	0.0000011618	0.0000014703	0.0000015302	0.0000030005
0.1259844961	0.7854649011	0.8508361552	0.8868708674	0.8242208116	0.9593687047	0.9293583112	0.0011630824	0.0001878183	0.0002072966	0.0009752641	0.0000194783	0.0000013528	0.0000000353	0.0000000430	0.0000009511	0.0000000004	0.0000014310	0.0000009515	0.0000023825
0.1259844961	0.7921315678	0.8523079537	0.8870187660	0.8252445476	0.9608680069	0.9303574842	0.0028914139	0.0003545689	0.0014485911	0.0025368450	0.0010940221	0.0000083603	0.0000001257	0.0000020984	0.0000064356	0.0000011969	0.0000105844	0.0000076325	0.0000182169
0.1259844961	0.7987982344	0.8537626757	0.8871640440	0.8262488107	0.9623504035	0.9313371256	0.0045967623	0.0005183379	0.0026647791	0.0040784244	0.0021464413	0.0000211302	0.0000002687	0.0000071010	0.0000166335	0.0000046072	0.0000284999	0.0000212408	0.0000497407
0.1259844961	0.8054649011	0.8552008035	0.8873067096	0.8272340646	0.9638164507	0.9322977676	0.0062798037	0.0006791358	0.0038565109	0.0056006678	0.0031773751	0.0000394359	0.0000004612	0.0000148727	0.0000313675	0.0000100957	0.0000547698	0.0000414632	0.0000962330
0.1259844961	0.8121315678	0.8566228036	0.8874467705	0.8282007570	0.9652666865	0.9332399244	0.0079411902	0.0008369728	0.0050244126	0.0071042174	0.0041874397	0.0000630625	0.0000007005	0.0000252447	0.0000504699	0.0000175347	0.0000890077	0.0000680046	0.0001570123
0.1259844961	0.8187982344	0.8580291272	0.8875842337	0.8291493204	0.9667016319	0.9341640927	0.0095815510	0.0009918583	0.0061690874	0.0085896928	0.0051772292	0.0000918061	0.0000009838	0.0000380576	0.0000737828	0.0000268037	0.0001308475	0.0001005865	0.0002314341
0.1259844961	0.8254649011	0.8594202110	0.8877191060	0.8300801724	0.9681217912	0.9350707525	0.0112014930	0.0011438010	0.0072911168	0.0100576920	0.0061473158	0.0001254734	0.0000013083	0.0000531604	0.0001011572	0.0000377895	0.0001799421	0.0001389467	0.0003188888
0.1259844961	0.8321315678	0.8607964775	0.8878513934	0.8309937165	0.9695276529	0.9359603676	0.0128016017	0.0012928094	0.0083910608	0.0115087923	0.0070982515	0.0001638810	0.0000016714	0.0000704099	0.0001324523	0.0000503852	0.0002359623	0.0001828375	0.0004187997
0.1259844961	0.8387982344	0.8621583357	0.8879811016	0.8318903424	0.9709196898	0.9368333863	0.0143824423	0.0014388910	0.0094694595	0.0129435513	0.0080305685	0.0002068546	0.0000020704	0.0000896707	0.0001675355	0.0000644900	0.0002985957	0.0002320256	0.0005306213
0.1259844961	0.8454649011	0.8635061813	0.8881082360	0.8327704267	0.9722983599	0.9376902420	0.0159445604	0.0015820531	0.0105268334	0.0143625073	0.0089447803	0.0002542290	0.0000025029	0.0001108142	0.0002062816	0.0000800091	0.0003675461	0.0002862907	0.0006538368
0.1259844961	0.8521315678	0.8648403974	0.8882328013	0.8336343335	0.9736641071	0.9385313538	0.0174884826	0.0017223024	0.0115636845	0.0157661802	0.0098413821	0.0003058470	0.0000029663	0.0001337188	0.0002485724	0.0000968528	0.0004425321	0.0003454252	0.0007879574
0.1259844961	0.8587982344	0.8661613548	0.8883548019	0.8344824143	0.9750173613	0.9393571268	0.0190147175	0.0018596450	0.0125804969	0.0171550725	0.0107208519	0.0003615595	0.0000034583	0.0001582689	0.0002942965	0.0001149367	0.0005232867	0.0004092332	0.0009325198
0.1259844961	0.8654649011	0.8674694127	0.8884742419	0.8353150092	0.9763585390	0.9401679529	0.0205237565	0.0019940868	0.0135777376	0.0185296697	0.0115836508	0.0004212246	0.0000039764	0.0001843550	0.0003433487	0.0001341810	0.0006095559	0.0004775296	0.0010870855
0.1259844961	0.8721315678	0.8687649188	0.8885911249	0.8361324468	0.9776880440	0.9409642111	0.0220160738	0.0021256328	0.0145558570	0.0198904410	0.0124302242	0.0004847075	0.0000045183	0.0002118730	0.0003956296	0.0001545105	0.0007010988	0.0005501401	0.0012512389
0.1259844961	0.8787982344	0.8700482098	0.8887054541	0.8369350448	0.9790062677	0.9417462680	0.0234921280	0.0022542881	0.0155152901	0.0212378399	0.0132610020	0.0005518801	0.0000050818	0.0002407242	0.0004510458	0.0001758542	0.0007976861	0.0006269000	0.0014245861
0.1259844961	0.8854649011	0.8713196119	0.8888172327	0.8377231105	0.9803135896	0.9425144785	0.0249523621	0.0023800570	0.0164564562	0.0225723051	0.0140763993	0.0006226204	0.0000056647	0.0002708150	0.0005095090	0.0001981450	0.0008991000	0.0007076540	0.0016067540
0.1259844961	0.8921315678	0.8725794411	0.8889264630	0.8384969412	0.9816103777	0.9432691860	0.0263972043	0.0025029435	0.0173797607	0.0238942608	0.0148768172	0.0006968124	0.0000062647	0.0003020561	0.0005709357	0.0002213197	0.0010051332	0.0007922554	0.0017973886
0.1259844961	0.8987982344	0.8738280037	0.8890331476	0.8392568242	0.9828969887	0.9440107227	0.0278270686	0.0026229514	0.0182855945	0.0252041172	0.0156626431	0.0007743457	0.0000068799	0.0003343630	0.0006352475	0.0002453184	0.0011155886	0.0008805659	0.0019961545
0.1259844961	0.9054649011	0.8750655962	0.8891372884	0.8400030377	0.9841737689	0.9447394105	0.0292423550	0.0027400839	0.0191743355	0.0265022711	0.0164342516	0.0008551153	0.0000075081	0.0003676551	0.0007023704	0.0002700846	0.0012302785	0.0009724550	0.0022027335
0.1259844961	0.9121315678	0.8762925063	0.8892388871	0.8407358507	0.9854410541	0.9454555608	0.0306434508	0.0028543440	0.0200463485	0.0277891068	0.0171920045	0.0009390211	0.0000081473	0.0004018561	0.0007722345	0.0002955650	0.0013490244	0.0010677995	0.0024168239
0.1259844961	0.9187982344	0.8775090125	0.8893379453	0.8414555238	0.9866991700	0.9461594753	0.0320307304	0.0029657344	0.0209019861	0.0290649959	0.0179362516	0.0010259677	0.0000087956	0.0004368930	0.0008447740	0.0003217091	0.0014716563	0.0011664831	0.0026381394
0.1259844961	0.9254649011	0.8787153852	0.8894344643	0.8421623088	0.9879484330	0.9468514462	0.0334045558	0.0030742575	0.0217415889	0.0303302983	0.0186673313	0.0011158644	0.0000094511	0.0004726967	0.0009199270	0.0003484693	0.0015980121	0.0012683963	0.0028664084
0.1259844961	0.9321315678	0.8799118864	0.8895284450	0.8428564500	0.9891891500	0.9475317566	0.0347652777	0.0031799154	0.0225654862	0.0315853624	0.0193855708	0.0012086245	0.0000101119	0.0005092012	0.0009976351	0.0003758004	0.0017279376	0.0013734355	0.0031013730
0.1259844961	0.9387982344	0.8810987700	0.8896198882	0.8435381837	0.9904216190	0.9482006808	0.0361132353	0.0032827098	0.0233739964	0.0328305255	0.0200912866	0.0013041658	0.0000107762	0.0005463437	0.0010778434	0.0004036598	0.0018612857	0.0014815032	0.0033427889
0.1259844961	0.9454649011	0.8822762826	0.8897087947	0.8442077386	0.9916461294	0.9488584844	0.0374487569	0.0033826424	0.0241674274	0.0340661145	0.0207847850	0.0014024094	0.0000114423	0.0005840645	0.0011605002	0.0004320073	0.0019979162	0.0015925074	0.0035904237
0.1259844961	0.9521315678	0.8834446632	0.8897951649	0.8448653364	0.9928629623	0.9495054253	0.0387721606	0.0034797146	0.0249460769	0.0352924460	0.0214663623	0.0015032804	0.0000121084	0.0006223068	0.0012455567	0.0004608047	0.0021376956	0.0017063615	0.0038440571
0.1259844961	0.9587982344	0.8846041437	0.8898789990	0.8455111921	0.9940723904	0.9501417531	0.0400837541	0.0035739274	0.0257102329	0.0365098266	0.0221363054	0.0016067073	0.0000127730	0.0006610161	0.0013329674	0.0004900160	0.0022804964	0.0018229835	0.0041034798
0.1259844961	0.9654649011	0.8857549492	0.8899602971	0.8461455136	0.9952746792	0.9507677099	0.0413838357	0.0036652819	0.0264601741	0.0377185538	0.0227948922	0.0017126219	0.0000134343	0.0007001408	0.0014226893	0.0005196071	0.0024261970	0.0019422964	0.0043684934
0.1259844961	0.9721315678	0.8868972982	0.8900390594	0.8467685028	0.9964700862	0.9513835308	0.0426726944	0.0037537789	0.0271961704	0.0389189156	0.0234423915	0.0018209589	0.0000140909	0.0007396317	0.0015146820	0.0005495457	0.0025746814	0.0020642277	0.0046389091
0.1259844961	0.9787982344	0.8880314027	0.8901152855	0.8473803552	0.9976588619	0.9519894434	0.0439506102	0.0038394188	0.0279184829	0.0401111913	0.0240790640	0.0019316561	0.0000147411	0.0007794417	0.0016089077	0.0005798013	0.0027258390	0.0021887090	0.0049145480
0.1259844961	0.9854649011	0.8891574686	0.8901889754	0.8479812604	0.9988412496	0.9525856687	0.0452178543	0.0039222023	0.0286273644	0.0412956520	0.0247051621	0.0020446543	0.0000153837	0.0008195260	0.0017053309	0.0006103450	0.0028795640	0.0023156759	0.0051952399
0.1286511628	0.5854649011	0.7958603385	0.8811946898	0.7815598310	0.9031606156	0.8869320708	-0.0656327793	-0.0062329810	-0.0529394665	-0.0593997983	-0.0467064855	0.0043076617	0.0000388501	0.0028025871	0.0035283360	0.0021814958	0.0071490989	0.0057098318	0.0128589307
0.1286511628	0.5921315678	0.7981631120	0.8814267150	0.7834793240	0.9055354216	0.8888763077	-0.0627435180	-0.0059697081	-0.0504865005	-0.0567738099	-0.0445167924	0.0039367491	0.0000356374	0.0025488867	0.0032232655	0.0019817448	0.0065212732	0.0052050103	0.0117262835
0.1286511628	0.5987982344	0.8004239653	0.8816556668	0.7853547888	0.9078645955	0.8907726888	-0.0599149517	-0.0057099906	-0.0480955966	-0.0542049611	-0.0423856061	0.0035898014	0.0000326040	0.0023131864	0.0029381778	0.0017965396	0.0059355918	0.0047347174	0.0106703093
0.1286511628	0.6054649011	0.8026441839	0.8818815636	0.7871875235	0.9101496358	0.8926227239	-0.0571449883	-0.0054538044	-0.0457646763	-0.0516911839	-0.0403108719	0.0032655497	0.0000297440	0.0020944056	0.0026719785	0.0016249664	0.0053896993	0.0042969449	0.0096866441
0.1286511628	0.6121315678	0.8048250139	0.8821044248	0.7889787836	0.9123919927	0.8944278721	-0.0544316159	-0.0052011254	-0.0434917424	-0.0492304905	-0.0382906170	0.0029628008	0.0000270517	0.0018915317	0.0024236412	0.0014661713	0.0048813842	0.0038898125	0.0087711967
0.1286511628	0.6187982344	0.8069676623	0.8823242696	0.7907297840	0.9145930699	0.8961895431	-0.0517728996	-0.0049519288	-0.0412748764	-0.0468209708	-0.0363229476	0.0026804331	0.0000245216	0.0017036154	0.0021922033	0.0013193565	0.0044085702	0.0035115598	0.0079201300
0.1286511628	0.6254649011	0.8090732988	0.8825411176	0.7924416991	0.9167542255	0.8979090983	-0.0491669785	-0.0047061900	-0.0391122354	-0.0444607885	-0.0344060454	0.0024173918	0.0000221482	0.0015297670	0.0019767617	0.0011837760	0.0039693070	0.0031605377	0.0071298446
0.1286511628	0.6321315678	0.8111430556	0.8827549885	0.7941156646	0.9188767735	0.8995878528	-0.0466120630	-0.0044638839	-0.0370020486	-0.0421481790	-0.0325381647	0.0021726844	0.0000199263	0.0013691516	0.0017764690	0.0010587322	0.0035617623	0.0028352012	0.0063969634
0.1286511628	0.6387982344	0.8131780293	0.8829659021	0.7957527781	0.9209619844	0.9012270759	-0.0441064318	-0.0042249859	-0.0349426153	-0.0398814458	-0.0307176294	0.0019453773	0.0000178505	0.0012209864	0.0015905297	0.0009435728	0.0031842142	0.0025341025	0.0057183167
0.1286511628	0.6454649011	0.8151792812	0.8831738779	0.7973541002	0.9230110872	0.9028279936	-0.0416484296	-0.0039894714	-0.0329323012	-0.0376589582	-0.0289428298	0.0017345917	0.0000159159	0.0010845365	0.0014181971	0.0008376874	0.0028350440	0.0022558845	0.0050909286
0.1286511628	0.6521315678	0.8171478384	0.8833789354	0.7989206557	0.9250252702	0.9043917889	-0.0392364643	-0.0037573159	-0.0309695363	-0.0354791485	-0.0272122204	0.0015395001	0.0000141174	0.0009591122	0.0012587700	0.0007405049	0.0025127297	0.0019992749	0.0045120047
0.1286511628	0.6587982344	0.8190846949	0.8835810938	0.8004534346	0.9270056825	0.9059196041	-0.0368690045	-0.0035284953	-0.0290528122	-0.0333405092	-0.0255243169	0.0013593235	0.0000124503	0.0008440659	0.0011115896	0.0006514908	0.0022158397	0.0017630803	0.0039789200
0.1286511628	0.6654649011	0.8209908123	0.8837803720	0.8019533933	0.9289534349	0.9074125413	-0.0345445771	-0.0033029860	-0.0271806795	-0.0312415911	-0.0238776935	0.0011933278	0.0000109097	0.0007387893	0.0009760370	0.0005701442	0.0019430269	0.0015461813	0.0034892081
0.1286511628	0.6721315678	0.8228671208	0.8839767886	0.8034214552	0.9308696013	0.9088716645	-0.0322617651	-0.0030807648	-0.0253517456	-0.0291810004	-0.0222709808	0.0010408215	0.0000094911	0.0006427110	0.0008515308	0.0004959966	0.0016930236	0.0013475274	0.0030405510
0.1286511628	0.6787982344	0.8247145202	0.8841703618	0.8048585122	0.9327552199	0.9102980002	-0.0300192053	-0.0028618088	-0.0235646719	-0.0271573964	-0.0207028631	0.0009011527	0.0000081899	0.0005552938	0.0007375242	0.0004286085	0.0014646364	0.0011661327	0.0026307691
0.1286511628	0.6854649011	0.8265338810	0.8843611092	0.8062654254	0.9346112944	0.9116925393	-0.0278155858	-0.0026460960	-0.0218181725	-0.0251694899	-0.0191720765	0.0007737068	0.0000070018	0.0004760326	0.0006335032	0.0003675685	0.0012567413	0.0010010717	0.0022578130
0.1286511628	0.6921315678	0.8283260448	0.8845490483	0.8076430263	0.9364387948	0.9130562379	-0.0256496448	-0.0024336046	-0.0201110109	-0.0232160402	-0.0176774063	0.0006579043	0.0000059224	0.0004044528	0.0005389845	0.0003124907	0.0010682795	0.0008514752	0.0019197547
0.1286511628	0.6987982344	0.8300918256	0.8847341957	0.8089921176	0.9382386592	0.9143900184	-0.0235201677	-0.0022243137	-0.0184419991	-0.0212958540	-0.0162176853	0.0005531983	0.0000049476	0.0003401073	0.0004535134	0.0002630133	0.0008982532	0.0007165267	0.0016147799
0.1286511628	0.7054649011	0.8318320105	0.8849165678	0.8103134742	0.9400117941	0.9156947714	-0.0214259856	-0.0020182030	-0.0168099946	-0.0194077827	-0.0147917916	0.0004590729	0.0000040731	0.0002825759	0.0003766620	0.0002187971	0.0007457219	0.0005954591	0.0013411810
0.1286511628	0.7121315678	0.8335473608	0.8850961802	0.8116078444	0.9417590760	0.9169713559	-0.0193659735	-0.0018152526	-0.0152138993	-0.0175507209	-0.0133986467	0.0003750409	0.0000032951	0.0002314627	0.0003080278	0.0001795237	0.0006097988	0.0004875515	0.0010973503
0.1286511628	0.7187982344	0.8352386123	0.8852730480	0.8128759503	0.9434813521	0.9182206011	-0.0173390483	-0.0016154436	-0.0136526574	-0.0157236047	-0.0120372138	0.0003006426	0.0000026097	0.0001863951	0.0002472317	0.0001448945	0.0004896473	0.0003921263	0.0008817736
0.1286511628	0.7254649011	0.8369064770	0.8854471859	0.8141184890	0.9451794419	0.9194433073	-0.0153441674	-0.0014187577	-0.0121252533	-0.0139254097	-0.0107064957	0.0002354435	0.0000020129	0.0001470218	0.0001939170	0.0001146291	0.0003844781	0.0003085461	0.0006930242
0.1286511628	0.7321315678	0.8385516428	0.8856186078	0.8153361335	0.9468541372	0.9206402466	-0.0133803267	-0.0012251771	-0.0106307107	-0.0121551496	-0.0094055336	0.0001790331	0.0000015011	0.0001130120	0.0001477477	0.0000884641	0.0002935462	0.0002362117	0.0005297579
0.1286511628	0.7387982344	0.8401747753	0.8857873272	0.8165295333	0.9485062040	0.9218121644	-0.0114465596	-0.0010346851	-0.0091680903	-0.0104118745	-0.0081334052	0.0001310237	0.0000010706	0.0000840539	0.0001084071	0.0000661523	0.0002161482	0.0001745594	0.0003907076
0.1286511628	0.7454649011	0.8417765179	0.8859533568	0.8176993156	0.9501363829	0.9229597804	-0.0095419348	-0.0008472653	-0.0077364884	-0.0086946695	-0.0068892231	0.0000910485	0.0000007179	0.0000598533	0.0000755973	0.0000474614	0.0001516196	0.0001230587	0.0002746783
0.1286511628	0.7521315678	0.8433574928	0.8861167089	0.8188460858	0.9517453901	0.9240837889	-0.0076655554	-0.0006629023	-0.0063350359	-0.0070026531	-0.0056721336	0.0000587607	0.0000004394	0.0000401327	0.0000490372	0.0000321731	0.0000993329	0.0000812103	0.0001805431
0.1286511628	0.7587982344	0.8449183018	0.8862773951	0.8199704281	0.9533339183	0.9251848604	-0.0058165572	-0.0004815812	-0.0049628963	-0.0053349761	-0.0044813151	0.0000338323	0.0000002319	0.0000246303	0.0000284620	0.0000200822	0.0000586946	0.0000485442	0.0001072388
0.1286511628	0.7654649011	0.8464595267	0.8864354265	0.8210729068	0.9549026375	0.9262636423	-0.0039941077	-0.0003032879	-0.0036192647	-0.0036908198	-0.0033159768	0.0000159529	0.0000000920	0.0000130991	0.0000136222	0.0000109957	0.0000291440	0.0000246179	0.0000537618
0.1286511628	0.7721315678	0.8479817304	0.8865908135	0.8221540665	0.9564521958	0.9273207594	-0.0021974044	-0.0001280090	-0.0023033663	-0.0020693953	-0.0021753572	0.0000048286	0.0000000164	0.0000053055	0.0000042824	0.0000047322	0.0000101505	0.0000090146	0.0000191650
0.1286511628	0.7787982344	0.8494854572	0.8867435661	0.8232144332	0.9579832204	0.9283568155	-0.0004256739	0.0000442682	-0.0010144553	-0.0004699421	-0.0010587234	0.0000001812	0.0000000020	0.0000010291	0.0000002208	0.0000011209	0.0000012123	0.0000013417	0.0000025540
0.1286511628	0.7854649011	0.8509712334	0.8868936935	0.8242545145	0.9594963180	0.9293723932	0.0013218291	0.0002135558	0.0002481864	0.0011082733	0.0000346306	0.0000017472	0.0000000456	0.0000000616	0.0000012283	0.0000000012	0.0000018544	0.0000012295	0.0000030839
0.1286511628	0.7921315678	0.8524395684	0.8870412046	0.8252748008	0.9609920757	0.9303680556	0.0030458236	0.0003798653	0.0014852501	0.0026659583	0.0011053848	0.0000092770	0.0000001443	0.0000022060	0.0000071073	0.0000012219	0.0000116273	0.0000083292	0.0000199565
0.1286511628	0.7987982344	0.8538909549	0.8871861076	0.8262757655	0.9624710616	0.9313443464	0.0047470026	0.0005432074	0.0026974018	0.0042037951	0.0021541943	0.0000225340	0.0000002951	0.0000072760	0.0000176719	0.0000046406	0.0000301051	0.0000223124	0.0000524175
0.1286511628	0.8054649011	0.8553258694	0.8873284103	0.8272578660	0.9639338259	0.9323017909	0.0064260345	0.0007035923	0.0038852828	0.0057224422	0.0031816904	0.0000412939	0.0000004950	0.0000150954	0.0000327463	0.0000101232	0.0000568844	0.0000428695	0.0000997539
0.1286511628	0.8121315678	0.8567447731	0.8874681199	0.8282215439	0.9653809009	0.9332408966	0.0080835643	0.0008610296	0.0050495110	0.0072225347	0.0041884815	0.0000653440	0.0000007414	0.0000254976	0.0000521650	0.0000175434	0.0000915829	0.0000697084	0.0001612913
0.1286511628	0.8187982344	0.8581481122	0.8876052430	0.8291672257	0.9668128022	0.9341621540	0.0097202139	0.0010155281	0.0061906820	0.0087046858	0.0051751539	0.0000944826	0.0000010313	0.0000383245	0.0000757716	0.0000267822	0.0001338384	0.0001025538	0.0002363922
0.1286511628	0.8254649011	0.8595363185	0.8877397859	0.8300953237	0.9682300288	0.9350660372	0.0113365837	0.0011670963	0.0073093694	0.0101694874	0.0061422730	0.0001285181	0.0000013621	0.0000534269	0.0001034185	0.0000377275	0.0001833071	0.0001411460	0.0003244531
0.1286511628	0.8321315678	0.8609098100	0.8878717545	0.8310062359	0.9696330643	0.9359530042	0.0129332530	0.0013157421	0.0084061263	0.0116175110	0.0070903842	0.0001672690	0.0000017312	0.0000706630	0.0001349666	0.0000502735	0.0002396632	0.0001852401	0.0004249033
0.1286511628	0.8387982344	0.8622689912	0.8880011539	0.8319003471	0.9710223769	0.9368234978	0.0145107811	0.0014614726	0.0094814859	0.0130493085	0.0080200133	0.0002105628	0.0000021359	0.0000898986	0.0001702845	0.0000643206	0.0003025972	0.0002346051	0.0005372023
0.1286511628	0.8454649011	0.8636142536	0.8881279892	0.8327780290	0.9723984202	0.9376779464	0.0160697078	0.0016042947	0.0105359623	0.0144654130	0.0089316675	0.0002582355	0.0000025738	0.0001110065	0.0002092482	0.0000797747	0.0003718158	0.0002890229	0.0006608386
0.1286511628	0.8521315678	0.8649459764	0.8882522648	0.8336396410	0.9737616337	0.9385167639	0.0176105544	0.0017442147	0.0115700512	0.0158663396	0.0098258365	0.0003101316	0.0000030423	0.0001338661	0.0002517407	0.0000965471	0.0004470400	0.0003482878	0.0007953278
0.1286511628	0.8587982344	0.8662645268	0.8883739847	0.8344855304	0.9751124433	0.9393403508	0.0191338245	0.0018812384	0.0125842310	0.0172525860	0.0107029926	0.0003661032	0.0000035391	0.0001583629	0.0002976517	0.0001145541	0.0005280052	0.0004122058	0.0009402109
0.1286511628	0.8654649011	0.8675702600	0.8884931527	0.8353160328	0.9764512618	0.9401490943	0.0206400043	0.0020153711	0.0135789630	0.0186246332	0.0115635919	0.0004260098	0.0000040617	0.0001843882	0.0003468770	0.0001337167	0.0006144597	0.0004805936	0.0010950534
0.1286511628	0.8721315678	0.8688635206	0.8886097721	0.8361314729	0.9777784894	0.9409433693	0.0221295639	0.0021466178	0.0145546924	0.0199829461	0.0124080746	0.0004897176	0.0000046080	0.0002118391	0.0003993181	0.0001539603	0.0007061646	0.0005532785	0.0012594431
0.1286511628	0.8787982344	0.8701446419	0.8887238458	0.8369321647	0.9790945139	0.9417235383	0.0236029572	0.0022749828	0.0155118488	0.0213279744	0.0132368660	0.0005570996	0.0000051755	0.0002406175	0.0004548825	0.0001752146	0.0008028926	0.0006300971	0.0014329897
0.1286511628	0.8854649011	0.8714139470	0.8888353766	0.8377184116	0.9803997117	0.9424899521	0.0250606232	0.0024004704	0.0164508470	0.0226601528	0.0140503766	0.0006280348	0.0000057623	0.0002706304	0.0005134825	0.0001974131	0.0009044275	0.0007108956	0.0016153231
0.1286511628	0.8921315678	0.8726717489	0.8889443668	0.8384905073	0.9816944473	0.9432429504	0.0265029859	0.0025230842	0.0173720875	0.0239799018	0.0148490033	0.0007024083	0.0000063660	0.0003017894	0.0005750357	0.0002204929	0.0010105636	0.0007955286	0.0018060922
0.1286511628	0.8987982344	0.8739183510	0.8890508184	0.8392487358	0.9829790749	0.9439828618	0.0279304557	0.0026428276	0.0182759569	0.0252876281	0.0156331293	0.0007801104	0.0000069845	0.0003340106	0.0006394641	0.0002443947	0.0011211055	0.0008838589	0.0020049644
0.1286511628	0.9054649011	0.8751540472	0.8891547331	0.8399933721	0.9842539375	0.9447100047	0.0293434292	0.0027597036	0.0191628288	0.0265837256	0.0164031252	0.0008610368	0.0000076160	0.0003672140	0.0007066945	0.0002690625	0.0012358668	0.0009757570	0.0022116238
0.1286511628	0.9121315678	0.8763791225	0.8892561126	0.8407246821	0.9855193684	0.9454246872	0.0307422899	0.0028737149	0.0200330641	0.0278685751	0.0171593492	0.0009450884	0.0000082582	0.0004013237	0.0007766575	0.0002944433	0.0013546703	0.0010711007	0.0024257710
0.1286511628	0.9187982344	0.8775938531	0.8893549580	0.8414429233	0.9867756909	0.9461272079	0.0321274091	0.0029848638	0.0208870113	0.0291425453	0.0179021475	0.0010321704	0.0000089094	0.0004362672	0.0008492879	0.0003204869	0.0014773471	0.0011697748	0.0026471219
0.1286511628	0.9254649011	0.8787985069	0.8894512703	0.8421483448	0.9880232186	0.9468178561	0.0334991459	0.0030931525	0.0217250076	0.0304059933	0.0186318551	0.0011221928	0.0000095676	0.0004719760	0.0009245244	0.0003471460	0.0016037363	0.0012716705	0.0028754068
0.1286511628	0.9321315678	0.8799933436	0.8895450504	0.8428411881	0.9892622562	0.9474969118	0.0348578477	0.0031985829	0.0225473787	0.0316592649	0.0193487958	0.0012150695	0.0000102309	0.0005083843	0.0010023091	0.0003743759	0.0017336848	0.0013766850	0.0031103697
0.1286511628	0.9387982344	0.8811786151	0.8896362989	0.8435216868	0.9904930996	0.9481646465	0.0362038511	0.0033011564	0.0233544395	0.0329026947	0.0200532831	0.0013107188	0.0000108976	0.0005454298	0.0010825873	0.0004021342	0.0018670463	0.0014847215	0.0033517678
0.1286511628	0.9454649011	0.8823545659	0.8897250161	0.8441900673	0.9917160358	0.9488213235	0.0375374818	0.0034008745	0.0241464948	0.0341366073	0.0207456204	0.0014090625	0.0000115659	0.0005830532	0.0011653080	0.0004303808	0.0020036817	0.0015956887	0.0035993704
0.1286511628	0.9521315678	0.8835214330	0.8898112023	0.8448465488	0.9929313439	0.9494671977	0.0388590550	0.0034977382	0.0249238392	0.0353613168	0.0214261010	0.0015100262	0.0000122342	0.0006211978	0.0012504227	0.0004590778	0.0021434581	0.0017095005	0.0038529586
0.1286511628	0.9587982344	0.8846794464	0.8898948577	0.8454913438	0.9941392949	0.9501025166	0.0401688763	0.0035917485	0.0256867577	0.0365771278	0.0220950093	0.0016135386	0.0000129007	0.0006598095	0.0013378863	0.0004881894	0.0022862488	0.0018260757	0.0041123245
0.1286511628	0.9654649011	0.8858288295	0.8899759821	0.8461246583	0.9953401522	0.9507275200	0.0414672416	0.0036829061	0.0264355264	0.0377843355	0.0227526203	0.0017195321	0.0000135638	0.0006988371	0.0014276560	0.0005176817	0.0024319330	0.0019453377	0.0043772707
0.1286511628	0.9721315678	0.8869697990	0.8900545753	0.8467466919	0.9965341717	0.9513424405	0.0427544376	0.0037712116	0.0271704122	0.0389832260	0.0233992006	0.0018279419	0.0000142220	0.0007382313	0.0015196919	0.0005475226	0.0025803953	0.0020672145	0.0046476098
0.1286511628	0.9787982344	0.8881025652	0.8901306371	0.8473576381	0.9977216020	0.9519475038	0.0440307421	0.0038566654	0.0278916738	0.0401740767	0.0240350084	0.0019387062	0.0000148739	0.0007779455	0.0016139564	0.0005776816	0.0027315256	0.0021916381	0.0049231637
0.1286511628	0.9854649011	0.8892273326	0.8902041670	0.8479576845	0.9989026850	0.9525429288	0.0452964244	0.0039392677	0.0285995616	0.0413571567	0.0246602939	0.0020517661	0.0000155178	0.0008179349	0.0017104144	0.0006081301	0.0028852188	0.0023185445	0.0052037633
0.1313178295	0.5854649011	0.7962095115	0.8812385327	0.7818228661	0.9035119118	0.8871864281	-0.0651941390	-0.0061832283	-0.0526029716	-0.0590109107	-0.0464197433	0.0042502758	0.0000382323	0.0027670726	0.0034822876	0.0021547926	0.0070555807	0.0056370802	0.0126926609
0.1313178295	0.5921315678	0.7984998818	0.8814694949	0.7837288214	0.9058735288	0.8891162155	-0.0623216760	-0.0059211745	-0.0501681032	-0.0564005014	-0.0442469287	0.0038839913	0.0000350603	0.0025168386	0.0031810166	0.0019577907	0.0064358902	0.0051388073	0.0115746974
0.1313178295	0.5987982344	0.8007488928	0.8816974177	0.7855913638	0.9081901305	0.8909988257	-0.0595090898	-0.0056626366	-0.0477944088	-0.0538464533	-0.0421317723	0.0035413318	0.0000320655	0.0022843055	0.0028994405	0.0017750862	0.0058577027	0.0046745268	0.0105322295
0.1313178295	0.6054649011	0.8029578011	0.8819223187	0.7874117612	0.9104631826	0.8928357345	-0.0567543346	-0.0054075917	-0.0454798575	-0.0513467428	-0.0400722657	0.0032210545	0.0000292420	0.0020684174	0.0026364880	0.0016057865	0.0053187140	0.0042422745	0.0095609885
0.1313178295	0.6121315678	0.8051278256	0.8821442161	0.7891912410	0.9126941048	0.8946283687	-0.0540554412	-0.0051560169	-0.0432224971	-0.0488994243	-0.0380664802	0.0029219907	0.0000265845	0.0018681843	0.0023911537	0.0014490569	0.0048167595	0.0038402106	0.0086569701
0.1313178295	0.6187982344	0.8072601478	0.8823631282	0.7909309910	0.9148842716	0.8963781075	-0.0514105152	-0.0049078886	-0.0410204514	-0.0465026267	-0.0361125629	0.0026430411	0.0000240874	0.0016826774	0.0021624943	0.0013041172	0.0043498059	0.0034666115	0.0078164174
0.1313178295	0.6254649011	0.8093559129	0.8825790737	0.7926321602	0.9170350136	0.8980862835	-0.0488177335	-0.0046631831	-0.0388719171	-0.0441545504	-0.0342087340	0.0023831711	0.0000217453	0.0015110259	0.0019496243	0.0011702375	0.0039159423	0.0031198618	0.0070358041
0.1313178295	0.6321315678	0.8114162305	0.8827920715	0.7942958603	0.9191476190	0.8997541844	-0.0462753419	-0.0044218766	-0.0367751608	-0.0418534653	-0.0323532842	0.0021414073	0.0000195530	0.0013524124	0.0017517126	0.0010467350	0.0035133727	0.0027984476	0.0063118203
0.1313178295	0.6387982344	0.8134421754	0.8830021402	0.7959231659	0.9212233340	0.9013830541	-0.0437816527	-0.0041839455	-0.0347285167	-0.0395977072	-0.0305445712	0.0019168331	0.0000175054	0.0012060699	0.0015679784	0.0009329708	0.0031404084	0.0025009492	0.0056413576
0.1313178295	0.6454649011	0.8154347886	0.8832092986	0.7975151161	0.9232633645	0.9029740939	-0.0413350417	-0.0039493661	-0.0327303838	-0.0373856756	-0.0287810177	0.0017085857	0.0000155975	0.0010712780	0.0013976887	0.0008283470	0.0027954612	0.0022260357	0.0050214969
0.1313178295	0.6521315678	0.8173950777	0.8834135652	0.7990727152	0.9252688773	0.9045284640	-0.0389339464	-0.0037181151	-0.0307792232	-0.0352158313	-0.0270611081	0.0015158522	0.0000138244	0.0009473606	0.0012401548	0.0007323036	0.0024770371	0.0019724583	0.0044494955
0.1313178295	0.6587982344	0.8193240185	0.8836149586	0.8005969339	0.9272410008	0.9060472847	-0.0365768630	-0.0034901693	-0.0288735558	-0.0330866937	-0.0253833865	0.0013378669	0.0000121813	0.0008336822	0.0010947293	0.0006443163	0.0021837304	0.0017390456	0.0039227760
0.1313178295	0.6654649011	0.8212225554	0.8838134967	0.8020887100	0.9291808265	0.9075316376	-0.0342623445	-0.0032655060	-0.0270119599	-0.0309968385	-0.0237464539	0.0011739082	0.0000106635	0.0007296460	0.0009608040	0.0005638941	0.0019142178	0.0015246981	0.0034389158
0.1313178295	0.6721315678	0.8230916022	0.8840091974	0.8035489495	0.9310894102	0.9089825671	-0.0319889983	-0.0030441030	-0.0251930689	-0.0289448953	-0.0221489659	0.0010232960	0.0000092666	0.0006346907	0.0008378070	0.0004905767	0.0016672533	0.0013283837	0.0029956370
0.1313178295	0.6787982344	0.8249320434	0.8842020780	0.8049785278	0.9329677728	0.9104010812	-0.0297554843	-0.0028259383	-0.0234155691	-0.0269295460	-0.0205896308	0.0008853888	0.0000079859	0.0005482889	0.0007252004	0.0004239329	0.0014416636	0.0011491333	0.0025907970
0.1313178295	0.6854649011	0.8267447346	0.8843921556	0.8063782903	0.9348169015	0.9117881532	-0.0275605125	-0.0026109906	-0.0216781975	-0.0249495219	-0.0190672069	0.0007595819	0.0000068173	0.0004699442	0.0006224786	0.0003635584	0.0012363434	0.0009860370	0.0022223804
0.1313178295	0.6921315678	0.8285305038	0.8845794467	0.8077490534	0.9366377512	0.9131447225	-0.0254028414	-0.0023992392	-0.0199797398	-0.0230036022	-0.0175805006	0.0006453043	0.0000057563	0.0003991900	0.0005291657	0.0003090740	0.0010502507	0.0008382397	0.0018884904
0.1313178295	0.6987982344	0.8302901517	0.8847639674	0.8090916059	0.9384312453	0.9144716961	-0.0232812756	-0.0021906639	-0.0183190285	-0.0210906117	-0.0161283646	0.0005420178	0.0000047990	0.0003355868	0.0004448139	0.0002601241	0.0008824036	0.0007049380	0.0015873417
0.1313178295	0.7054649011	0.8320244531	0.8849457332	0.8104067091	0.9401982764	0.9157699492	-0.0211946645	-0.0019852451	-0.0166949410	-0.0192094194	-0.0147096959	0.0004492138	0.0000039412	0.0002787211	0.0003690018	0.0002163752	0.0007318761	0.0005853769	0.0013172530
0.1313178295	0.7121315678	0.8337341574	0.8851247592	0.8116950984	0.9419397082	0.9170403268	-0.0191419001	-0.0017829639	-0.0151063975	-0.0173589362	-0.0133234336	0.0003664123	0.0000031790	0.0002282032	0.0003013327	0.0001775139	0.0005977945	0.0004788465	0.0010766411
0.1313178295	0.7187982344	0.8354199895	0.8853010598	0.8129574839	0.9436563757	0.9182836447	-0.0171219158	-0.0015838021	-0.0135523598	-0.0155381137	-0.0119685577	0.0002931600	0.0000025084	0.0001836665	0.0002414330	0.0001432464	0.0004793349	0.0003846793	0.0008640142
0.1313178295	0.7254649011	0.8370826505	0.8854746491	0.8141945511	0.9453490864	0.9195006903	-0.0151336839	-0.0013877420	-0.0120318289	-0.0137459419	-0.0106440870	0.0002290284	0.0000019258	0.0001447649	0.0001889509	0.0001132966	0.0003757191	0.0003022475	0.0006779666
0.1313178295	0.7321315678	0.8387228185	0.8856455403	0.8154069620	0.9470186213	0.9206922238	-0.0131762150	-0.0011947667	-0.0105438442	-0.0119814483	-0.0093490775	0.0001736126	0.0000014275	0.0001111726	0.0001435551	0.0000874053	0.0002862128	0.0002309604	0.0005171731
0.1313178295	0.7387982344	0.8403411495	0.8858137463	0.8165953557	0.9486657359	0.9218589789	-0.0112485559	-0.0010048599	-0.0090874811	-0.0102436959	-0.0080826212	0.0001265300	0.0000010097	0.0000825823	0.0001049333	0.0000653288	0.0002101221	0.0001702621	0.0003803841
0.1313178295	0.7454649011	0.8419382779	0.8859792793	0.8177603494	0.9502911609	0.9230016643	-0.0093497882	-0.0008180062	-0.0076618504	-0.0085317819	-0.0068438441	0.0000874185	0.0000006691	0.0000587040	0.0000727913	0.0000468382	0.0001467916	0.0001196295	0.0002664211
0.1313178295	0.7521315678	0.8435148174	0.8861421510	0.8189025389	0.9518956032	0.9241209640	-0.0074790272	-0.0006341907	-0.0062660960	-0.0068448365	-0.0056319053	0.0000559358	0.0000004022	0.0000392640	0.0000468518	0.0000317184	0.0000956020	0.0000785701	0.0001741721
0.1313178295	0.7587982344	0.8450713615	0.8863023725	0.8200224996	0.9534797466	0.9252175387	-0.0056354203	-0.0004533992	-0.0048993942	-0.0051820211	-0.0044459950	0.0000317580	0.0000002056	0.0000240041	0.0000268533	0.0000197669	0.0000559676	0.0000466202	0.0001025878
0.1313178295	0.7654649011	0.8466084846	0.8864599543	0.8211207871	0.9550442527	0.9262920261	-0.0038181456	-0.0002756182	-0.0035609520	-0.0035425275	-0.0032853338	0.0000145782	0.0000000760	0.0000126804	0.0000125495	0.0000107934	0.0000273346	0.0000233429	0.0000506775
0.1313178295	0.7721315678	0.8481267419	0.8866149063	0.8221979379	0.9565897617	0.9273450425	-0.0020264112	-0.0001008348	-0.0022500061	-0.0019255764	-0.0021491713	0.0000041063	0.0000000102	0.0000050625	0.0000037078	0.0000046189	0.0000091790	0.0000083268	0.0000175058
0.1313178295	0.7787982344	0.8496266709	0.8867672379	0.8232544701	0.9581168931	0.9283771828	-0.0002594533	0.0000709631	-0.0009658216	-0.0003304164	-0.0010367846	0.0000000673	0.0000000050	0.0000009328	0.0000001092	0.0000010749	0.0000010052	0.0000011841	0.0000021893
0.1313178295	0.7854649011	0.8511087914	0.8869169580	0.8242908839	0.9596262465	0.9293890217	0.0014834643	0.0002397869	0.0002923095	0.0012436773	0.0000525225	0.0000022007	0.0000000575	0.0000000854	0.0000015467	0.0000000028	0.0000023436	0.0000015495	0.0000038931
0.1313178295	0.7921315678	0.8525736064	0.8870640750	0.8253076627	0.9611184022	0.9303811144	0.0032030516	0.0004056477	0.0015250686	0.0027974039	0.0011194209	0.0000102595	0.0000001646	0.0000023258	0.0000078255	0.0000012531	0.0000127499	0.0000090786	0.0000218285
0.1313178295	0.7987982344	0.8540216025	0.8872085965	0.8263052730	0.9625939219	0.9313539975	0.0048999935	0.0005685557	0.0027331125	0.0043314379	0.0021645569	0.0000240099	0.0000003233	0.0000074699	0.0000187614	0.0000046853	0.0000318031	0.0000234467	0.0000552498
0.1313178295	0.8054649011	0.8554532507	0.8873505300	0.8272841658	0.9640533496	0.9323081892	0.0065749507	0.0007285204	0.0039170738	0.0058464303	0.0031885533	0.0000432300	0.0000005307	0.0000153435	0.0000341807	0.0000101669	0.0000591042	0.0000443476	0.0001034518
0.1313178295	0.8121315678	0.8568690068	0.8874898821	0.8282447765	0.9654972119	0.9332441904	0.0082285604	0.0008855510	0.0050775619	0.0073430094	0.0041920108	0.0000677092	0.0000007842	0.0000257816	0.0000539198	0.0000175730	0.0000942750	0.0000714927	0.0001657678
0.1313178295	0.8187982344	0.8582693118	0.8876266593	0.8291875259	0.9669260187	0.9341624851	0.0098614378	0.0010396560	0.0062151643	0.0088217818	0.0051755083	0.0000972480	0.0000010809	0.0000386283	0.0000778238	0.0000267859	0.0001369571	0.0001046097	0.0002415668
0.1313178295	0.8254649011	0.8596545926	0.8877608672	0.8301128205	0.9683402641	0.9350635414	0.0114741764	0.0011908432	0.0073304472	0.0102833332	0.0061396040	0.0001316567	0.0000014181	0.0000537355	0.0001057469	0.0000376947	0.0001868103	0.0001434417	0.0003302520
0.1313178295	0.8321315678	0.8610252625	0.8878925114	0.8310210530	0.9697404263	0.9359478116	0.0130673493	0.0013391201	0.0084239564	0.0117282292	0.0070848363	0.0001707556	0.0000017932	0.0000709630	0.0001375514	0.0000501949	0.0002435119	0.0001877463	0.0004312582
0.1313178295	0.8387982344	0.8623817216	0.8880215967	0.8319126031	0.9711269690	0.9368157331	0.0146415095	0.0014844935	0.0094962183	0.0131570160	0.0080117248	0.0002143738	0.0000022037	0.0000901782	0.0001731071	0.0000641877	0.0003067557	0.0002372948	0.0005440505
0.1313178295	0.8454649011	0.8637243573	0.8881481277	0.8327878377	0.9725003412	0.9376677287	0.0161971914	0.0016269698	0.0105477404	0.0145702216	0.0089207707	0.0002623490	0.0000026470	0.0001112548	0.0002122914	0.0000795801	0.0003762509	0.0002918715	0.0006681224
0.1313178295	0.8521315678	0.8650535446	0.8882721086	0.8336471113	0.9738609783	0.9385042075	0.0177349107	0.0017665548	0.0115790123	0.0159683559	0.0098124575	0.0003145271	0.0000031207	0.0001340735	0.0002549884	0.0000962843	0.0004517213	0.0003512727	0.0008029940
0.1313178295	0.8587982344	0.8663696469	0.8883935429	0.8344907669	0.9752093020	0.9393255652	0.0192551659	0.0019032540	0.0125905062	0.0173519119	0.0106872522	0.0003707614	0.0000036224	0.0001585208	0.0003010888	0.0001142174	0.0005329046	0.0004153062	0.0009482108
0.1313178295	0.8654649011	0.8676730159	0.8885124342	0.8353191358	0.9765457212	0.9401321846	0.0207584383	0.0020370723	0.0135826778	0.0187213660	0.0115456055	0.0004309128	0.0000041497	0.0001844891	0.0003504895	0.0001333010	0.0006195516	0.0004837906	0.0011033421
0.1313178295	0.8721315678	0.8689639924	0.8886287854	0.8361325387	0.9778706325	0.9409244359	0.0222451932	0.0021680143	0.0145559670	0.0200771789	0.0123879527	0.0004948486	0.0000047003	0.0002118762	0.0004030931	0.0001534614	0.0007114251	0.0005565545	0.0012679796
0.1313178295	0.8787982344	0.8702429067	0.8887425992	0.8369312854	0.9791844202	0.9417026776	0.0237158802	0.0022960841	0.0155107982	0.0214197961	0.0132147141	0.0005624430	0.0000052720	0.0002405849	0.0004588077	0.0001746287	0.0008082998	0.0006334363	0.0014417362
0.1313178295	0.8854649011	0.8715100786	0.8888538780	0.8377156758	0.9804874571	0.9424672565	0.0251709340	0.0024212855	0.0164475813	0.0227496485	0.0140262958	0.0006335759	0.0000058626	0.0002705229	0.0005175465	0.0001967370	0.0009099615	0.0007142835	0.0016242450
0.1313178295	0.8921315678	0.8727658181	0.8889626238	0.8384860001	0.9817801050	0.9432185084	0.0266107747	0.0025436218	0.0173667121	0.0240671529	0.0148230903	0.0007081333	0.0000064700	0.0003016027	0.0005792278	0.0002197240	0.0010162060	0.0007989519	0.0018151579
0.1313178295	0.8987982344	0.8740104257	0.8890688383	0.8392425387	0.9830627147	0.9439567585	0.0280358087	0.0026630961	0.0182685727	0.0253727126	0.0156054766	0.0007860066	0.0000070921	0.0003337407	0.0006437745	0.0002435309	0.0011268394	0.0008873054	0.0020141448
0.1313178295	0.9054649011	0.8752441926	0.8891725231	0.8399855633	0.9843356265	0.9446823214	0.0294464291	0.0027797111	0.0191535325	0.0266667180	0.0163738214	0.0008670922	0.0000077268	0.0003668578	0.0007111138	0.0002681020	0.0012416768	0.0009792159	0.0022208927
0.1313178295	0.9121315678	0.8764674012	0.8892736795	0.8407153368	0.9855991709	0.9453955022	0.0308430160	0.0028934692	0.0200219482	0.0279495468	0.0171284790	0.0009512916	0.0000083722	0.0004008784	0.0007811772	0.0002933848	0.0013605422	0.0010745620	0.0024351042
0.1313178295	0.9187982344	0.8776803250	0.8893723083	0.8414321135	0.9868536684	0.9460965961	0.0322259372	0.0030043725	0.0208741645	0.0292215647	0.0178697921	0.0010385110	0.0000090263	0.0004357307	0.0008538998	0.0003193295	0.0014832680	0.0011732293	0.0026564973
0.1313178295	0.9254649011	0.8788832297	0.8894684104	0.8421361399	0.9880994304	0.9467858892	0.0335955488	0.0031124227	0.0217105148	0.0304831260	0.0185980921	0.0011286609	0.0000096872	0.0004713465	0.0009292210	0.0003458890	0.0016096945	0.0012751100	0.0028848045
0.1313178295	0.9321315678	0.8800763727	0.8895619864	0.8428276544	0.9893367592	0.9474636589	0.0349521952	0.0032176216	0.0225313213	0.0317345736	0.0193136997	0.0012216560	0.0000103531	0.0005076604	0.0010070832	0.0003730190	0.0017396695	0.0013801022	0.0031197716
0.1313178295	0.9387982344	0.8812600036	0.8896530366	0.8435068882	0.9905659481	0.9481301738	0.0362962101	0.0033199703	0.0233368955	0.0329762398	0.0200169252	0.0013174149	0.0000110222	0.0005446107	0.0010874324	0.0004006773	0.0018730478	0.0014881097	0.0033611574
0.1313178295	0.9454649011	0.8824343649	0.8897415612	0.8441740650	0.9917872823	0.9487856944	0.0376279164	0.0034194701	0.0241275389	0.0342084463	0.0207080688	0.0014158601	0.0000116928	0.0005821381	0.0011702178	0.0004288241	0.0020096910	0.0015990419	0.0036087329
0.1313178295	0.9521315678	0.8835996916	0.8898275603	0.8448294017	0.9930010386	0.9494304733	0.0389476269	0.0035161217	0.0249035429	0.0354315052	0.0213874213	0.0015169176	0.0000123631	0.0006201864	0.0012553916	0.0004574218	0.0021494672	0.0017128133	0.0038622805
0.1313178295	0.9587982344	0.8847562118	0.8899110338	0.8454731085	0.9942074862	0.9500647553	0.0402556445	0.0036099258	0.0256651898	0.0366457187	0.0220552639	0.0016205169	0.0000130316	0.0006587020	0.0013429087	0.0004864347	0.0022922504	0.0018293434	0.0041215938
0.1313178295	0.9654649011	0.8859041470	0.8899919813	0.8461053890	0.9954068864	0.9506887778	0.0415522630	0.0037008831	0.0264127525	0.0378513799	0.0227118694	0.0017265906	0.0000136965	0.0006976335	0.0014327270	0.0005158290	0.0024379206	0.0019485560	0.0043864766
0.1313178295	0.9721315678	0.8870437123	0.8900704026	0.8467264407	0.9965994934	0.9513027714	0.0428377666	0.0037889938	0.0271464955	0.0390487728	0.0233575017	0.0018350742	0.0000143565	0.0007369322	0.0015248067	0.0005455729	0.0025863629	0.0020703795	0.0046567425
0.1313178295	0.9787982344	0.8881751163	0.8901462970	0.8473364550	0.9977855542	0.9519069594	0.0441124310	0.0038742581	0.0278666746	0.0402381729	0.0239924165	0.0019459066	0.0000150099	0.0007765516	0.0016191106	0.0005756360	0.0027374680	0.0021947466	0.0049322146
0.1313178295	0.9854649011	0.8892985618	0.8902196642	0.8479356178	0.9989653089	0.9525015588	0.0453765236	0.0039566761	0.0285735378	0.0414198475	0.0246168617	0.0020590289	0.0000156553	0.0008164471	0.0017156038	0.0006059899	0.0028911312	0.0023215936	0.0052127249
0.1339844961	0.5854649011	0.7965641184	0.8812831523	0.7820915631	0.9038685425	0.8874464024	-0.0647488693	-0.0061325967	-0.0522593506	-0.0586162725	-0.0461267539	0.0041924161	0.0000376087	0.0027310397	0.0034358674	0.0021276774	0.0069610645	0.0055635448	0.0125246094
0.1339844961	0.5921315678	0.7988419280	0.8815130339	0.7839838201	0.9062168083	0.8893615749	-0.0618934067	-0.0058717820	-0.0498427901	-0.0560216246	-0.0439710081	0.0038307938	0.0000344778	0.0024843037	0.0031384224	0.0019334495	0.0063495753	0.0050718720	0.0114214473
0.1339844961	0.5987982344	0.8010789445	0.8817399108	0.7858332853	0.9085206814	0.8912302547	-0.0590969959	-0.0056144430	-0.0474865079	-0.0534825529	-0.0418720649	0.0034924549	0.0000315220	0.0022549684	0.0028603835	0.0017532698	0.0057789453	0.0046136533	0.0103925986
0.1339844961	0.6054649011	0.8032763957	0.8819637996	0.7876411963	0.9107815946	0.8930538834	-0.0563576370	-0.0053605582	-0.0451885212	-0.0509970788	-0.0398279629	0.0031761832	0.0000287356	0.0020420024	0.0026007020	0.0015862666	0.0052469213	0.0041869687	0.0094338900
0.1339844961	0.6121315678	0.8054354730	0.8821847173	0.7894087517	0.9130009364	0.8948338553	-0.0536734043	-0.0051101057	-0.0429469230	-0.0485632985	-0.0378368172	0.0028808343	0.0000261132	0.0018444382	0.0023583940	0.0014316247	0.0047513857	0.0037900187	0.0085414044
0.1339844961	0.6187982344	0.8075573321	0.8824026814	0.7911371123	0.9151800523	0.8965715189	-0.0510424436	-0.0048630632	-0.0407598794	-0.0461793804	-0.0358968163	0.0026053310	0.0000236494	0.0016613678	0.0021325352	0.0012885814	0.0042903482	0.0034211166	0.0077114648
0.1339844961	0.6254649011	0.8096430938	0.8826177095	0.7928274016	0.9173202452	0.8982681777	-0.0484629700	-0.0046194080	-0.0386256271	-0.0438435620	-0.0340062191	0.0023486595	0.0000213389	0.0014919391	0.0019222579	0.0011564229	0.0038619375	0.0030786809	0.0069406183
0.1339844961	0.6321315678	0.8116938447	0.8828298196	0.7944807068	0.9194227773	0.8999250922	-0.0459332651	-0.0043791176	-0.0365424704	-0.0415541476	-0.0321633528	0.0021098648	0.0000191767	0.0013353521	0.0017267472	0.0010344813	0.0034643937	0.0027612284	0.0062256221
0.1339844961	0.6387982344	0.8137106377	0.8830390295	0.7960980798	0.9214888703	0.9015434802	-0.0434516747	-0.0041421692	-0.0345087786	-0.0393095055	-0.0303666094	0.0018880480	0.0000171576	0.0011908558	0.0015452372	0.0009221310	0.0030960614	0.0024673682	0.0055634296
0.1339844961	0.6454649011	0.8156944932	0.8832453569	0.7976805376	0.9235197070	0.9031245184	-0.0410166063	-0.0039085404	-0.0325229841	-0.0371080659	-0.0286144437	0.0016823620	0.0000152767	0.0010577445	0.0013770086	0.0008187864	0.0027553832	0.0021957949	0.0049511781
0.1339844961	0.6521315678	0.8176463996	0.8834488197	0.7992290642	0.9255164322	0.9046693440	-0.0386265268	-0.0036782088	-0.0305835793	-0.0349483180	-0.0269053706	0.0014920086	0.0000135292	0.0009353553	0.0012213849	0.0007238990	0.0024408931	0.0019452839	0.0043861770
0.1339844961	0.6587982344	0.8195673141	0.8836494354	0.8007446104	0.9274801537	0.9061790552	-0.0362799603	-0.0034511522	-0.0286891148	-0.0328288082	-0.0252379626	0.0013162355	0.0000119105	0.0008230653	0.0010777306	0.0006369548	0.0021512113	0.0017146854	0.0038658967
0.1339844961	0.6654649011	0.8214581636	0.8838472212	0.8022280956	0.9294119436	0.9076547128	-0.0339754862	-0.0032273489	-0.0268381967	-0.0307481374	-0.0236108478	0.0011543337	0.0000104158	0.0007202888	0.0009454480	0.0005574721	0.0018850382	0.0015029201	0.0033879583
0.1339844961	0.6721315678	0.8233198456	0.8840421941	0.8036804083	0.9313128391	0.9090973414	-0.0317117366	-0.0030067775	-0.0250294846	-0.0287049591	-0.0220227071	0.0010056342	0.0000090407	0.0006264751	0.0008239747	0.0004849996	0.0016411500	0.0013089743	0.0029501244
0.1339844961	0.6787982344	0.8251532290	0.8842343707	0.8051024070	0.9331838439	0.9105079305	-0.0294873945	-0.0027894171	-0.0232616897	-0.0266979774	-0.0204722726	0.0008695064	0.0000077808	0.0005411062	0.0007127820	0.0004191139	0.0014183935	0.0011318959	0.0025502894
0.1339844961	0.6854649011	0.8269591545	0.8844237673	0.8064949213	0.9350259288	0.9118874357	-0.0273011918	-0.0025752473	-0.0215335723	-0.0247259445	-0.0189583251	0.0007453551	0.0000066319	0.0004636947	0.0006113723	0.0003594181	0.0012156817	0.0009707904	0.0021864721
0.1339844961	0.6921315678	0.8287384361	0.8846103997	0.8078587526	0.9368400330	0.9132367796	-0.0251519076	-0.0023642481	-0.0198439405	-0.0227876596	-0.0174796924	0.0006326185	0.0000055897	0.0003937820	0.0005192774	0.0003055396	0.0010319901	0.0008248171	0.0018568072
0.1339844961	0.6987982344	0.8304918615	0.8847942832	0.8091946753	0.9386270653	0.9145568531	-0.0230383662	-0.0021564002	-0.0181916475	-0.0208819660	-0.0160352474	0.0005307663	0.0000046501	0.0003309360	0.0004360565	0.0002571292	0.0008663524	0.0006931857	0.0015595381
0.1339844961	0.7054649011	0.8322201928	0.8849754327	0.8105034373	0.9403879045	0.9158485166	-0.0209594350	-0.0019516848	-0.0165755905	-0.0190077502	-0.0146239057	0.0004392979	0.0000038091	0.0002747502	0.0003612946	0.0002138586	0.0007178572	0.0005751532	0.0012930104
0.1339844961	0.7121315678	0.8339241675	0.8851538626	0.8117857610	0.9421234011	0.9171126008	-0.0189140236	-0.0017500839	-0.0149947084	-0.0171639397	-0.0132446245	0.0003577403	0.0000030628	0.0002248413	0.0002946008	0.0001754201	0.0005856444	0.0004700209	0.0010556653
0.1339844961	0.7187982344	0.8356044993	0.8853295866	0.8130423441	0.9438343775	0.9183499077	-0.0169010814	-0.0015515799	-0.0134479806	-0.0153495015	-0.0118964007	0.0002856466	0.0000024074	0.0001808482	0.0002356072	0.0001415244	0.0004689021	0.0003771315	0.0008460337
0.1339844961	0.7254649011	0.8372618786	0.8855026181	0.8142738606	0.9455216297	0.9195612119	-0.0149195964	-0.0013561560	-0.0119344251	-0.0135634405	-0.0105782691	0.0002225944	0.0000018392	0.0001424305	0.0001839669	0.0001118998	0.0003668640	0.0002958667	0.0006627307
0.1339844961	0.7321315678	0.8388969733	0.8856729698	0.8154809614	0.9471859275	0.9207472613	-0.0129685937	-0.0011637959	-0.0104530968	-0.0118047977	-0.0092893009	0.0001681844	0.0000013544	0.0001092672	0.0001393532	0.0000862911	0.0002788061	0.0002256444	0.0005044504
0.1339844961	0.7387982344	0.8405104299	0.8858406539	0.8166642749	0.9488280158	0.9219087782	-0.0110471336	-0.0009744843	-0.0090030864	-0.0100726494	-0.0080286022	0.0001220392	0.0000009496	0.0000810556	0.0001014583	0.0000644585	0.0002040443	0.0001659167	0.0003699611
0.1339844961	0.7454649011	0.8421028737	0.8860056821	0.8178244084	0.9504486153	0.9230464600	-0.0091543110	-0.0007882061	-0.0075835187	-0.0083661050	-0.0067953127	0.0000838014	0.0000006213	0.0000575098	0.0000699917	0.0000461763	0.0001419324	0.0001161680	0.0002581004
0.1339844961	0.7521315678	0.8436749097	0.8861680654	0.8189619481	0.9520484235	0.9241609804	-0.0072892533	-0.0006049471	-0.0061935512	-0.0066843062	-0.0055886041	0.0000531332	0.0000003660	0.0000383601	0.0000446799	0.0000312325	0.0000918593	0.0000759124	0.0001677717
0.1339844961	0.7587982344	0.8452271231	0.8863278144	0.8200774603	0.9536281153	0.9252529899	-0.0054511196	-0.0004246940	-0.0048323730	-0.0050264256	-0.0044076790	0.0000297147	0.0000001804	0.0000233518	0.0000252650	0.0000194276	0.0000532469	0.0000446926	0.0000979395
0.1339844961	0.7654649011	0.8467600806	0.8864849390	0.8211714919	0.9551883436	0.9263231170	-0.0036390990	-0.0002474337	-0.0034992032	-0.0033916652	-0.0032517695	0.0000132430	0.0000000612	0.0000122444	0.0000115034	0.0000105740	0.0000255487	0.0000220774	0.0000476261
0.1339844961	0.7721315678	0.8482743300	0.8866394488	0.8222445711	0.9567297408	0.9273719687	-0.0018524098	-0.0000731541	-0.0021932900	-0.0017792557	-0.0021201359	0.0000034314	0.0000000054	0.0000048105	0.0000031658	0.0000044950	0.0000082473	0.0000076607	0.0000159080
0.1339844961	0.7787982344	0.8497704017	0.8867913525	0.8232972082	0.9582529186	0.9284001314	-0.0000902983	0.0000981565	-0.0009139094	-0.0001884547	-0.0010120658	0.0000000082	0.0000000096	0.0000008352	0.0000000355	0.0000010243	0.0000008530	0.0000010598	0.0000019128
0.1339844961	0.7854649011	0.8512488089	0.8869406585	0.8243298958	0.9597584694	0.9294081717	0.0016479626	0.0002665089	0.0003396362	0.0013814537	0.0000731273	0.0000027158	0.0000000710	0.0000001154	0.0000019084	0.0000000053	0.0000029022	0.0000019138	0.0000048159
0.1339844961	0.7921315678	0.8527100481	0.8870873747	0.8253431101	0.9612469667	0.9303966370	0.0033630739	0.0004319135	0.0015680183	0.0029311604	0.0011361048	0.0000113103	0.0000001865	0.0000024587	0.0000085917	0.0000012907	0.0000139555	0.0000098824	0.0000238379
0.1339844961	0.7987982344	0.8541546000	0.8872315084	0.8263373110	0.9627189656	0.9313660563	0.0050557122	0.0005943800	0.0027718844	0.0044613322	0.0021775044	0.0000255602	0.0000003533	0.0000076833	0.0000199035	0.0000047415	0.0000335969	0.0000246450	0.0000582419
0.1339844961	0.8054649011	0.8555829298	0.8873730665	0.8273129428	0.9641750038	0.9323169409	0.0067265303	0.0007539176	0.0039518581	0.0059726126	0.0031979405	0.0000452462	0.0000005684	0.0000156172	0.0000356721	0.0000102268	0.0000614318	0.0000458989	0.0001073307
0.1339844961	0.8121315678	0.8569954877	0.8875120553	0.8282704347	0.9656156022	0.9332497850	0.0083761578	0.0009105348	0.0051085404	0.0074656230	0.0041980056	0.0000701600	0.0000008291	0.0000260972	0.0000557355	0.0000176233	0.0000970863	0.0000733588	0.0001704451
0.1339844961	0.8187982344	0.8583927097	0.8876484806	0.8292102016	0.9670412652	0.9341650661	0.0100052028	0.0010642396	0.0062425108	0.0089409632	0.0051782712	0.0001001041	0.0000011326	0.0000389689	0.0000799408	0.0000268145	0.0001402056	0.0001067553	0.0002469609
0.1339844961	0.8254649011	0.8597750177	0.8877823480	0.8301326442	0.9684524812	0.9350632462	0.0116142521	0.0012150395	0.0073543277	0.0103992126	0.0061392882	0.0001348909	0.0000014763	0.0000540861	0.0001081436	0.0000376909	0.0001904533	0.0001458345	0.0003362878
0.1339844961	0.8321315678	0.8611428202	0.8879136624	0.8310381501	0.9698497238	0.9359447718	0.0132038722	0.0013629414	0.0084445298	0.0118409308	0.0070815884	0.0001743422	0.0000018576	0.0000713101	0.0001402076	0.0000501489	0.0002475099	0.0001903565	0.0004378665
0.1339844961	0.8387982344	0.8624965128	0.8880424283	0.8319270935	0.9712334517	0.9368100746	0.0147746102	0.0015079516	0.0095136363	0.0132666586	0.0080056847	0.0002182891	0.0000022739	0.0000905093	0.0001760042	0.0000640910	0.0003110723	0.0002400952	0.0005511675
0.1339844961	0.8454649011	0.8638364787	0.8881686499	0.8327998364	0.9726041094	0.9376595722	0.0163269946	0.0016500762	0.0105621482	0.0146769183	0.0089120720	0.0002665708	0.0000027228	0.0001115590	0.0002154119	0.0000794250	0.0003808525	0.0002948370	0.0006756894
0.1339844961	0.8521315678	0.8651630889	0.8882923311	0.8336567288	0.9739621278	0.9384936688	0.0178615356	0.0017893207	0.0115905488	0.0160722150	0.0098012281	0.0003190345	0.0000032017	0.0001343408	0.0002583161	0.0000960641	0.0004565769	0.0003543802	0.0008109571
0.1339844961	0.8587982344	0.8664767027	0.8884134751	0.8344981089	0.9753079247	0.9393127550	0.0193787265	0.0019256899	0.0125993043	0.0174530366	0.0106736144	0.0003755350	0.0000037083	0.0001587425	0.0003046085	0.0001139260	0.0005379858	0.0004185345	0.0009565203
0.1339844961	0.8654649011	0.8677776683	0.8885320850	0.8353243039	0.9766419051	0.9401172090	0.0208790437	0.0020591886	0.0135888647	0.0188198551	0.0115296761	0.0004359345	0.0000042403	0.0001846572	0.0003541869	0.0001329334	0.0006248320	0.0004871204	0.0011119523
0.1339844961	0.8721315678	0.8690663229	0.8886481635	0.8361356301	0.9779644617	0.9409073967	0.0223629477	0.0021898208	0.0145596643	0.0201731269	0.0123698435	0.0005001014	0.0000047953	0.0002119838	0.0004069550	0.0001530130	0.0007168806	0.0005599681	0.0012768486
0.1339844961	0.8787982344	0.8703429933	0.8887617130	0.8369323937	0.9792759753	0.9416836723	0.0238308836	0.0023175904	0.0155121225	0.0215132932	0.0131945321	0.0005679110	0.0000053712	0.0002406259	0.0004628218	0.0001740957	0.0008139082	0.0006369175	0.0014508256
0.1339844961	0.8854649011	0.8716079963	0.8888727355	0.8377148907	0.9805768155	0.9424463787	0.0252832817	0.0024425007	0.0164466440	0.0228407810	0.0140041433	0.0006392443	0.0000059658	0.0002704921	0.0005217013	0.0001961160	0.0009157022	0.0007178173	0.0016335196
0.1339844961	0.8921315678	0.8728616388	0.8889812327	0.8384834074	0.9818673406	0.9431958478	0.0267205584	0.0025645549	0.0173636200	0.0241560035	0.0147990651	0.0007139882	0.0000065769	0.0003014953	0.0005835125	0.0002190123	0.0010220605	0.0008025248	0.0018245853
0.1339844961	0.8987982344	0.8741042183	0.8890872062	0.8392382211	0.9831478985	0.9439324009	0.0281431159	0.0026837556	0.0182634281	0.0254593603	0.0155796726	0.0007920350	0.0000072025	0.0003335528	0.0006481790	0.0002427262	0.0011327903	0.0008909052	0.0020236955
0.1339844961	0.9054649011	0.8753360233	0.8891906571	0.8399796001	0.9844188265	0.9446563494	0.0295513436	0.0028001052	0.0191464333	0.0267512385	0.0163463281	0.0008732819	0.0000078406	0.0003665859	0.0007156288	0.0002672024	0.0012477084	0.0009828312	0.0022305396
0.1339844961	0.9121315678	0.8765573333	0.8892915865	0.8407078039	0.9856804524	0.9453679948	0.0309456183	0.0029136058	0.0200129881	0.0280320125	0.0170993824	0.0009576313	0.0000084891	0.0004005197	0.0007857937	0.0002923889	0.0013666401	0.0010781826	0.0024448227
0.1339844961	0.9187982344	0.8777684197	0.8893899951	0.8414230841	0.9869330941	0.9460676292	0.0323263044	0.0030242592	0.0208634335	0.0293020452	0.0178391743	0.0010449900	0.0000091461	0.0004352829	0.0008586099	0.0003182361	0.0014894190	0.0011768460	0.0026662650
0.1339844961	0.9254649011	0.8789695454	0.8894858834	0.8421256840	0.9881770603	0.9467555356	0.0336937547	0.0031320669	0.0216980989	0.0305616877	0.0185660320	0.0011352691	0.0000098098	0.0004708075	0.0009340168	0.0003446975	0.0016158864	0.0012787143	0.0028946007
0.1339844961	0.9321315678	0.8801609656	0.8895792518	0.8428158394	0.9894126508	0.9474319884	0.0350483106	0.0032370303	0.0225173029	0.0318112803	0.0192802726	0.0012283841	0.0000104784	0.0005070289	0.0010119576	0.0003717289	0.0017458914	0.0013836865	0.0031295778
0.1339844961	0.9387982344	0.8813429279	0.8896701004	0.8434937786	0.9906401570	0.9480972534	0.0363903030	0.0033391504	0.0233213537	0.0330511526	0.0199822032	0.0013242542	0.0000111499	0.0005438855	0.0010923787	0.0003992884	0.0018792896	0.0014916671	0.0033709567
0.1339844961	0.9454649011	0.8825156723	0.8897584291	0.8441597230	0.9918598615	0.9487515885	0.0377200520	0.0034384281	0.0241105493	0.0342816239	0.0206721212	0.0014228023	0.0000118228	0.0005813186	0.0011752297	0.0004273366	0.0020159437	0.0016025663	0.0036185100
0.1339844961	0.9521315678	0.8836794319	0.8898442379	0.8448138868	0.9930720393	0.9493952434	0.0390378677	0.0035348640	0.0248851782	0.0355030038	0.0213503143	0.0015239551	0.0000124953	0.0006192721	0.0012604633	0.0004558359	0.0021557225	0.0017162992	0.0038720217
0.1339844961	0.9587982344	0.8848344331	0.8899275263	0.8454564780	0.9942769573	0.9500284607	0.0403440507	0.0036284585	0.0256455195	0.0367155922	0.0220170610	0.0016276424	0.0000131657	0.0006576927	0.0013480347	0.0004847510	0.0022985008	0.0018327857	0.0041312865
0.1339844961	0.9654649011	0.8859808954	0.8900082940	0.8460876978	0.9954748752	0.9506514755	0.0416388920	0.0037192119	0.0263918433	0.0379196801	0.0226726315	0.0017337973	0.0000138325	0.0006965294	0.0014379021	0.0005140482	0.0024441593	0.0019519504	0.0043961096
0.1339844961	0.9721315678	0.8871190320	0.8900865403	0.8467077417	0.9966660452	0.9512645157	0.0429226738	0.0038071244	0.0271244113	0.0391155494	0.0233172869	0.0018423559	0.0000144942	0.0007357337	0.0015300262	0.0005436959	0.0025925838	0.0020737221	0.0046663059
0.1339844961	0.9787982344	0.8882490500	0.8901622645	0.8473167989	0.9978507126	0.9518678029	0.0441956697	0.0038921960	0.0278434768	0.0403034738	0.0239512808	0.0019532572	0.0000151492	0.0007752592	0.0016243700	0.0005736639	0.0027436656	0.0021980338	0.0049416995
0.1339844961	0.9854649011	0.8893711504	0.8902354660	0.8479150533	0.9990291158	0.9524615516	0.0454581448	0.0039744265	0.0285492851	0.0414837184	0.0245748587	0.0020664429	0.0000157961	0.0008150617	0.0017208989	0.0006039237	0.0028973007	0.0023248226	0.0052221232
0.1366511628	0.5854649011	0.7969240661	0.8813285414	0.7823658199	0.9042304075	0.8877118840	-0.0642970960	-0.0060810947	-0.0519087411	-0.0582160013	-0.0458276464	0.0041341166	0.0000369797	0.0026945174	0.0033891028	0.0021001732	0.0068656137	0.0054892760	0.0123548897
0.1366511628	0.5921315678	0.7991891624	0.8815573252	0.7842442236	0.9065651655	0.8896122818	-0.0614588289	-0.0058215387	-0.0495106911	-0.0556372902	-0.0436891524	0.0037771877	0.0000338903	0.0024513085	0.0030955081	0.0019087420	0.0062623865	0.0050042501	0.0112666366
0.1366511628	0.5987982344	0.8014140371	0.8817831395	0.7860804617	0.9088561588	0.8914668772	-0.0586787819	-0.0055654177	-0.0471720169	-0.0531133642	-0.0416065992	0.0034431994	0.0000309739	0.0022251992	0.0028210295	0.0017311091	0.0056993725	0.0045521386	0.0102515110
0.1366511628	0.6054649011	0.8035998886	0.8820059998	0.7878757415	0.9111047871	0.8932770771	-0.0559550012	-0.0053127114	-0.0448907837	-0.0506422899	-0.0395780723	0.0031309622	0.0000282249	0.0020151825	0.0025646415	0.0015664238	0.0051743695	0.0041310653	0.0093054349
0.1366511628	0.6121315678	0.8057478811	0.8822259221	0.7896312328	0.9133124077	0.8950442432	-0.0532856047	-0.0050633991	-0.0426651301	-0.0482222056	-0.0376017310	0.0028393557	0.0000256380	0.0018203133	0.0023253811	0.0014138902	0.0046853070	0.0037392713	0.0084245783
0.1366511628	0.6187982344	0.8078591442	0.8824429230	0.7913480692	0.9154803365	0.8967696930	-0.0506687788	-0.0048174596	-0.0404932647	-0.0458513193	-0.0356758052	0.0025673251	0.0000232079	0.0016397045	0.0021023435	0.0012727631	0.0042302376	0.0033751066	0.0076053441
0.1366511628	0.6254649011	0.8099347741	0.8826570192	0.7930273484	0.9176098490	0.8984547012	-0.0481027770	-0.0045748715	-0.0383734643	-0.0435279055	-0.0337985929	0.0023138772	0.0000209294	0.0014725228	0.0018946786	0.0011423449	0.0038073294	0.0030370234	0.0068443528
0.1366511628	0.6321315678	0.8119758342	0.8828682274	0.7946701331	0.9197021810	0.9001005003	-0.0455859167	-0.0043356132	-0.0363040710	-0.0412503034	-0.0319684577	0.0020780758	0.0000187975	0.0013179856	0.0017015875	0.0010219823	0.0034148589	0.0027235698	0.0061384287
0.1366511628	0.6387982344	0.8139833557	0.8830765646	0.7962774520	0.9217585295	0.9017082821	-0.0431165774	-0.0040996634	-0.0342834897	-0.0390169141	-0.0301838264	0.0018590392	0.0000168072	0.0011753577	0.0015223196	0.0009110634	0.0030512042	0.0024333830	0.0054845871
0.1366511628	0.6454649011	0.8159583379	0.8832820478	0.7978503004	0.9237800541	0.9032791988	-0.0406931984	-0.0038670003	-0.0323101862	-0.0368261981	-0.0284431859	0.0016559364	0.0000149537	0.0010439481	0.0013561689	0.0008090148	0.0027148382	0.0021651837	0.0048800219
0.1366511628	0.6521315678	0.8179017498	0.8834846938	0.7993896412	0.9257678775	0.9048143639	-0.0383142765	-0.0036376027	-0.0303826846	-0.0346766738	-0.0267450819	0.0014679838	0.0000132322	0.0009231075	0.0012024717	0.0007152994	0.0024043235	0.0019177711	0.0043220946
0.1366511628	0.6587982344	0.8198145300	0.8836845193	0.8008964058	0.9277230868	0.9063148537	-0.0359783639	-0.0034114495	-0.0284995650	-0.0325669143	-0.0250881155	0.0012944427	0.0000116380	0.0008122252	0.0010606039	0.0006294135	0.0021183059	0.0016900174	0.0038083233
0.1366511628	0.6654649011	0.8216975879	0.8838815406	0.8023714946	0.9296467345	0.9077817080	-0.0336840662	-0.0031885200	-0.0266594618	-0.0304955462	-0.0234709418	0.0011346163	0.0000101667	0.0007107269	0.0009299783	0.0005508851	0.0018555099	0.0014808634	0.0033363733
0.1366511628	0.6721315678	0.8235518044	0.8840757741	0.8038157785	0.9315398392	0.9092159316	-0.0314300404	-0.0029687936	-0.0248610609	-0.0284612468	-0.0218922673	0.0009878474	0.0000088137	0.0006180723	0.0008100426	0.0004792714	0.0016147335	0.0012893139	0.0029040475
0.1366511628	0.6787982344	0.8253780325	0.8842672354	0.8052300992	0.9334033870	0.9106184951	-0.0292149930	-0.0027522504	-0.0231030986	-0.0264627426	-0.0203508482	0.0008535158	0.0000075749	0.0005337532	0.0007002767	0.0004141570	0.0013948439	0.0011144338	0.0025092776
0.1366511628	0.6854649011	0.8271770984	0.8844559401	0.8066152702	0.9352383323	0.9119903362	-0.0270376780	-0.0025388708	-0.0213843588	-0.0244988071	-0.0188454880	0.0007310360	0.0000064459	0.0004572908	0.0006001916	0.0003551524	0.0011947727	0.0009553440	0.0021501167
0.1366511628	0.6921315678	0.8289498017	0.8846419032	0.8079720779	0.9370455986	0.9133323608	-0.0248968952	-0.0023286359	-0.0197036718	-0.0225682593	-0.0173750359	0.0006198554	0.0000054225	0.0003882347	0.0005093263	0.0003018919	0.0010135126	0.0008112182	0.0018247308
0.1366511628	0.6987982344	0.8306969168	0.8848251393	0.8093012821	0.9388260797	0.9146454437	-0.0227914884	-0.0021215270	-0.0180599119	-0.0206699613	-0.0159383849	0.0005194519	0.0000045009	0.0003261604	0.0004272473	0.0002540321	0.0008501132	0.0006812794	0.0015313927
0.1366511628	0.7054649011	0.8324191932	0.8850056626	0.8106036171	0.9405806407	0.9159304300	-0.0207203437	-0.0019175264	-0.0164519962	-0.0188028173	-0.0145344698	0.0004293326	0.0000036769	0.0002706682	0.0003535459	0.0002112508	0.0007036777	0.0005647968	0.0012684745
0.1366511628	0.7121315678	0.8341173564	0.8851834867	0.8118797922	0.9423101187	0.9171881360	-0.0186823880	-0.0017166167	-0.0148788826	-0.0169657713	-0.0131622659	0.0003490316	0.0000029468	0.0002213811	0.0002878374	0.0001732452	0.0005733595	0.0004610826	0.0010344422
0.1366511628	0.7187982344	0.8357921087	0.8853586248	0.8131304928	0.9440153236	0.9184193501	-0.0166765872	-0.0015187811	-0.0133395682	-0.0151578061	-0.0118207870	0.0002781086	0.0000023067	0.0001779441	0.0002297591	0.0001397310	0.0004583593	0.0003694901	0.0008278494
0.1366511628	0.7254649011	0.8374441298	0.8855310896	0.8143563812	0.9456970395	0.9196248339	-0.0147019448	-0.0013240036	-0.0118330877	-0.0133779412	-0.0105090841	0.0002161472	0.0000017530	0.0001400220	0.0001789693	0.0001104408	0.0003579221	0.0002894102	0.0006473323
0.1366511628	0.7321315678	0.8390740774	0.8857008930	0.8155580969	0.9473560250	0.9208053230	-0.0127575006	-0.0011322687	-0.0103585123	-0.0116252319	-0.0092262436	0.0001627538	0.0000012820	0.0001072988	0.0001351460	0.0000851236	0.0002713346	0.0002202696	0.0004916042
0.1366511628	0.7387982344	0.8406825881	0.8858680468	0.8167362578	0.9489930144	0.9219615277	-0.0108423289	-0.0009435616	-0.0089149477	-0.0098987672	-0.0079713861	0.0001175561	0.0000008903	0.0000794763	0.0000979856	0.0000635430	0.0001979227	0.0001615286	0.0003594513
0.1366511628	0.7454649011	0.8422702781	0.8860325620	0.8178914611	0.9506087182	0.9230941346	-0.0089555375	-0.0007578682	-0.0075015330	-0.0081976693	-0.0067436648	0.0000802017	0.0000005744	0.0000562730	0.0000672018	0.0000454770	0.0001370490	0.0001126788	0.0002497278
0.1366511628	0.7521315678	0.8438377437	0.8861944491	0.8190242832	0.9522038245	0.9242038066	-0.0070962663	-0.0005751748	-0.0061174394	-0.0065210915	-0.0055422646	0.0000503570	0.0000003308	0.0000374231	0.0000425246	0.0000307167	0.0000881109	0.0000732413	0.0001613522
0.1366511628	0.7587982344	0.8453855618	0.8863537179	0.8201352813	0.9537789990	0.9252911842	-0.0052636861	-0.0003954687	-0.0047618688	-0.0048682174	-0.0043664001	0.0000277064	0.0000001564	0.0000226754	0.0000236995	0.0000190654	0.0000505382	0.0000427650	0.0000933032
0.1366511628	0.7654649011	0.8469142912	0.8865103781	0.8212249934	0.9553348862	0.9263568862	-0.0034569971	-0.0002187376	-0.0034340527	-0.0032382595	-0.0032153151	0.0000119508	0.0000000478	0.0000117927	0.0000104863	0.0000103383	0.0000237914	0.0000208246	0.0000446160
0.1366511628	0.7721315678	0.8484244722	0.8866644384	0.8222939396	0.9568721102	0.9274015107	-0.0016754282	-0.0000449698	-0.0021332507	-0.0016304584	-0.0020882809	0.0000028071	0.0000000020	0.0000045508	0.0000026584	0.0000043609	0.0000073598	0.0000070193	0.0000143792
0.1366511628	0.7787982344	0.8499166281	0.8868159072	0.8233426220	0.9583912751	0.9284256352	0.0000817645	0.0001258455	-0.0008587500	-0.0000440810	-0.0009845955	0.0000000067	0.0000000158	0.0000007375	0.0000000019	0.0000009694	0.0000007600	0.0000009714	0.0000017313
0.1366511628	0.7854649011	0.8513912653	0.8869647924	0.8243715258	0.9598929659	0.9294298183	0.0018152985	0.0002937188	0.0003901365	0.0015215797	0.0000964177	0.0000032953	0.0000000863	0.0000001522	0.0000023152	0.0000000093	0.0000035338	0.0000023245	0.0000058583
0.1366511628	0.7921315678	0.8528488740	0.8871111014	0.8253811200	0.9613777492	0.9304145993	0.0035258662	0.0004586599	0.0016140706	0.0030672063	0.0011554107	0.0000124317	0.0000002104	0.0000026052	0.0000094078	0.0000013350	0.0000152473	0.0000107427	0.0000259901
0.1366511628	0.7987982344	0.8542899286	0.8872548410	0.8263718574	0.9628461735	0.9313804999	0.0052141355	0.0006206779	0.0028136901	0.0045934576	0.0021930122	0.0000271872	0.0000003852	0.0000079169	0.0000210999	0.0000048093	0.0000354893	0.0000259092	0.0000613985
0.1366511628	0.8054649011	0.8557148887	0.8873960176	0.8273441757	0.9642987704	0.9323280241	0.0068807511	0.0007797814	0.0039896096	0.0061009696	0.0032098282	0.0000473447	0.0000006081	0.0000159170	0.0000372218	0.0000103030	0.0000638698	0.0000475248	0.0001113946
0.1366511628	0.8121315678	0.8571241988	0.8875346372	0.8282984981	0.9657360546	0.9332576594	0.0085263352	0.0009359785	0.0051424217	0.0075903567	0.0042064432	0.0000726984	0.0000008761	0.0000264445	0.0000576135	0.0000176942	0.0001000189	0.0000753077	0.0001753266
0.1366511628	0.8187982344	0.8585182896	0.8876707050	0.8292352332	0.9671585248	0.9341698769	0.0101514886	0.0010892767	0.0062726977	0.0090622119	0.0051834210	0.0001030527	0.0000011865	0.0000393467	0.0000821237	0.0000268679	0.0001435860	0.0001089915	0.0002525775
0.1366511628	0.8254649011	0.8598975781	0.8878042263	0.8301547763	0.9685666644	0.9350651323	0.0117567913	0.0012396829	0.0073809882	0.0105171084	0.0061413053	0.0001382221	0.0000015368	0.0000544790	0.0001106096	0.0000377156	0.0001942379	0.0001483252	0.0003425631
0.1366511628	0.8321315678	0.8612624680	0.8879352055	0.8310575091	0.9699609417	0.9359438661	0.0133428033	0.0013872037	0.0084678245	0.0119555996	0.0070806208	0.0001780304	0.0000019243	0.0000717041	0.0001429364	0.0000501352	0.0002516588	0.0001930716	0.0004447303
0.1366511628	0.8387982344	0.8626133505	0.8880636468	0.8319438009	0.9713418104	0.9368065047	0.0149100655	0.0015318449	0.0095337189	0.0133782206	0.0080018740	0.0002223101	0.0000023465	0.0000908918	0.0001789768	0.0000640300	0.0003155484	0.0002430068	0.0005585552
0.1366511628	0.8454649011	0.8639506042	0.8881895541	0.8328140086	0.9727097107	0.9376534602	0.0164591005	0.0016736122	0.0105791657	0.0147854883	0.0089055535	0.0002709020	0.0000028010	0.0001119187	0.0002186107	0.0000793089	0.0003856217	0.0002979195	0.0006835413
0.1366511628	0.8521315678	0.8652745961	0.8883129306	0.8336684774	0.9740650690	0.9384851314	0.0179904130	0.0018125104	0.0116046416	0.0161779026	0.0097921312	0.0003236550	0.0000032852	0.0001346677	0.0002617245	0.0000958858	0.0004616079	0.0003576104	0.0008192182
0.1366511628	0.8587982344	0.8665856816	0.8884337795	0.8345075411	0.9754082989	0.9393019044	0.0195044910	0.0019485444	0.0126106071	0.0175559467	0.0106620627	0.0003804252	0.0000037968	0.0001590274	0.0003082113	0.0001136796	0.0005432494	0.0004218908	0.0009651403
0.1366511628	0.8654649011	0.8678842050	0.8885521035	0.8353315223	0.9767398014	0.9401041526	0.0210018058	0.0020817181	0.0135975061	0.0189200877	0.0115157880	0.0004410758	0.0000043336	0.0001848922	0.0003579697	0.0001326134	0.0006303016	0.0004905831	0.0011208847
0.1366511628	0.8721315678	0.8691705002	0.8886679048	0.8361407334	0.9780599654	0.9408922375	0.0224828132	0.0022120355	0.0145657676	0.0202707777	0.0123537321	0.0005054769	0.0000048931	0.0002121616	0.0004109044	0.0001526147	0.0007225316	0.0005635191	0.0012860507
0.1366511628	0.8787982344	0.8704448905	0.8887811856	0.8369354762	0.9793691683	0.9416665089	0.0239479538	0.0023395000	0.0155158056	0.0216084538	0.0131763056	0.0005735045	0.0000054733	0.0002407402	0.0004669253	0.0001736150	0.0008197180	0.0006405403	0.0014602583
0.1366511628	0.8854649011	0.8717076894	0.8888919476	0.8377160432	0.9806677760	0.9424273057	0.0253976535	0.0024641145	0.0164480198	0.0229335390	0.0139839053	0.0006450408	0.0000060719	0.0002705374	0.0005259472	0.0001955496	0.0009216500	0.0007214968	0.0016431468
0.1366511628	0.8921315678	0.8729592006	0.8890001922	0.8384827170	0.9819561439	0.9431749558	0.0268323245	0.0025858819	0.0173627966	0.0242464426	0.0147769147	0.0007199736	0.0000066868	0.0003014667	0.0005878900	0.0002183572	0.0010281271	0.0008062472	0.0018343743
0.1366511628	0.8987982344	0.8741997188	0.8891059207	0.8392357713	0.9832346164	0.9439097770	0.0282523652	0.0027048045	0.0182605091	0.0255475607	0.0155557046	0.0007981961	0.0000073160	0.0003334462	0.0006526779	0.0002419799	0.0011389583	0.0008946578	0.0020336161
0.1366511628	0.9054649011	0.8754295296	0.8892091339	0.8399754711	0.9845035282	0.9446320770	0.0296581613	0.0028208843	0.0191415177	0.0268372770	0.0163206334	0.0008796065	0.0000079574	0.0003663977	0.0007202394	0.0002663631	0.0012539616	0.0009866025	0.0022405641
0.1366511628	0.9121315678	0.8766489100	0.8893098327	0.8407020728	0.9857632040	0.9453421540	0.0310500859	0.0029341231	0.0200061710	0.0281159627	0.0170720479	0.0009641078	0.0000086091	0.0004002469	0.0007905074	0.0002914548	0.0013729638	0.0010819622	0.0024549260
0.1366511628	0.9187982344	0.8778581285	0.8894080174	0.8414158246	0.9870139591	0.9460402967	0.0324285001	0.0030445226	0.0208548058	0.0293839775	0.0178102833	0.0010516076	0.0000092691	0.0004349229	0.0008634181	0.0003172062	0.0014957997	0.0011806243	0.0026764240
0.1366511628	0.9254649011	0.8790574457	0.8895036883	0.8421169672	0.9882560997	0.9467267851	0.0337937534	0.0031520838	0.0216877479	0.0306416696	0.0185356641	0.0011420178	0.0000099356	0.0004703584	0.0009389119	0.0003435708	0.0016223118	0.0012824828	0.0029047946
0.1366511628	0.9321315678	0.8802471145	0.8895968457	0.8428057334	0.9894899232	0.9474018905	0.0351461844	0.0032568079	0.0225053121	0.0318893765	0.0192485042	0.0012352543	0.0000106068	0.0005064891	0.0010169323	0.0003705049	0.0017523501	0.0013874372	0.0031397874
0.1366511628	0.9387982344	0.8814273801	0.8896874893	0.8434823489	0.9907157184	0.9480658760	0.0364861206	0.0033586956	0.0233078031	0.0331274251	0.0199491075	0.0013312370	0.0000112808	0.0005432537	0.0010974263	0.0003979669	0.0018857715	0.0014953932	0.0033811647
0.1366511628	0.9454649011	0.8825984806	0.8897756189	0.8441470323	0.9919337661	0.9487189966	0.0378138797	0.0034577475	0.0240955157	0.0343561322	0.0206377682	0.0014298895	0.0000119560	0.0005805939	0.0011803438	0.0004259175	0.0020224394	0.0016062613	0.0036287007
0.1366511628	0.9521315678	0.8837606469	0.8898612341	0.8447999956	0.9931443388	0.9493614995	0.0391297689	0.0035539640	0.0248687351	0.0355758050	0.0213147711	0.0015311388	0.0000126307	0.0006184540	0.0012656379	0.0004543195	0.0021622235	0.0017199574	0.0038821808
0.1366511628	0.9587982344	0.8849141034	0.8899443344	0.8454414441	0.9943477016	0.9499936248	0.0404340864	0.0036473453	0.0256277374	0.0367867411	0.0219803920	0.0016349153	0.0000133031	0.0006567809	0.0013532643	0.0004831376	0.0023049994	0.0018364020	0.0041414013
0.1366511628	0.9654649011	0.8860590678	0.8900249191	0.8460715770	0.9955441120	0.9506156050	0.0417271207	0.0037378915	0.0263727898	0.0379892292	0.0226348982	0.0017411526	0.0000139718	0.0006955240	0.0014431815	0.0005123386	0.0024506485	0.0019555202	0.0044061686
0.1366511628	0.9721315678	0.8871957515	0.8901029876	0.8466905874	0.9967338206	0.9512276660	0.0430091518	0.0038256026	0.0271041511	0.0391835493	0.0232785486	0.0018497871	0.0000146352	0.0007346350	0.0015353505	0.0005418908	0.0025990574	0.0020772414	0.0046762987
0.1366511628	0.9787982344	0.8883243600	0.8901785388	0.8472986625	0.9979170709	0.9518300269	0.0442804509	0.0039104781	0.0278220720	0.0403699728	0.0239115939	0.0019607583	0.0000152918	0.0007740677	0.0016297347	0.0005717643	0.0027501179	0.0022014990	0.0049516169
0.1366511628	0.9854649011	0.8894450925	0.8902515719	0.8478959841	0.9990940995	0.9524229003	0.0455412811	0.0039925180	0.0285267954	0.0415487631	0.0245342774	0.0020740083	0.0000159402	0.0008137781	0.0017262997	0.0006019308	0.0029037265	0.0023282305	0.0052319570
0.1393178295	0.5854649011	0.7972892605	0.8813746926	0.7826455339	0.9045974058	0.8879827619	-0.0638389461	-0.0060287305	-0.0515512817	-0.0578102156	-0.0455225512	0.0040754110	0.0000363456	0.0026575346	0.0033420210	0.0020723027	0.0067692913	0.0054143237	0.0121836150
0.1393178295	0.5921315678	0.7995414960	0.8816023616	0.7845099342	0.9069185052	0.8898682313	-0.0610180623	-0.0057704527	-0.0491719375	-0.0552476096	-0.0434014848	0.0037232039	0.0000332981	0.0024178794	0.0030522984	0.0018836889	0.0061743815	0.0049359872	0.0111103687
0.1393178295	0.5987982344	0.8017540861	0.8818270968	0.7863328003	0.9091964729	0.8917085936	-0.0582545606	-0.0055155684	-0.0468510597	-0.0527389922	-0.0413354913	0.0033935938	0.0000304215	0.0021950218	0.0027814013	0.0017086228	0.0056190371	0.0044900241	0.0101090613
0.1393178295	0.6054649011	0.8039282002	0.8820489127	0.7881153089	0.9114326752	0.8935052212	-0.0555465337	-0.0052640588	-0.0445867624	-0.0502824749	-0.0393227036	0.0030854174	0.0000277103	0.0019879794	0.0025283273	0.0015462750	0.0051011071	0.0040746023	0.0091757094
0.1393178295	0.6121315678	0.8060649744	0.8822678243	0.7898586009	0.9136284382	0.8952594429	-0.0528921429	-0.0050159042	-0.0423772294	-0.0478762387	-0.0373613252	0.0027975788	0.0000251593	0.0017958296	0.0022921342	0.0013958686	0.0046185677	0.0036880029	0.0083065705
0.1393178295	0.6187982344	0.8081655125	0.8824838471	0.7915637824	0.9157850483	0.8969725452	-0.0502896158	-0.0047710848	-0.0402207124	-0.0455185310	-0.0354496276	0.0025290455	0.0000227633	0.0016177057	0.0020719367	0.0012566761	0.0041695144	0.0033286128	0.0074981272
0.1393178295	0.6254649011	0.8102308860	0.8826969966	0.7932319252	0.9179037531	0.8986457733	-0.0477372441	-0.0045295803	-0.0381155282	-0.0432076638	-0.0335859480	0.0022788445	0.0000205171	0.0014527935	0.0018669022	0.0011280159	0.0037521551	0.0029949181	0.0067470732
0.1393178295	0.6321315678	0.8122621349	0.8829072890	0.7948640674	0.9199857619	0.9002803322	-0.0452333813	-0.0042913702	-0.0360600570	-0.0409420110	-0.0317686868	0.0020460588	0.0000184159	0.0013003277	0.0016762483	0.0010092495	0.0033648024	0.0026854977	0.0060503001
0.1393178295	0.6387982344	0.8142602682	0.8831147400	0.7964612144	0.9220322471	0.9018773873	-0.0427764409	-0.0040564343	-0.0340527395	-0.0387200066	-0.0299963053	0.0018298239	0.0000164547	0.0011595891	0.0014992389	0.0008997783	0.0030058676	0.0023990172	0.0054048849
0.1393178295	0.6454649011	0.8162262646	0.8833193659	0.7980243395	0.9240443448	0.9034380659	-0.0403648940	-0.0038247519	-0.0320920751	-0.0365401421	-0.0282673232	0.0016293247	0.0000146287	0.0010299013	0.0013351820	0.0007990416	0.0026738547	0.0021342235	0.0048080782
0.1393178295	0.6521315678	0.8181610732	0.8835211824	0.7995543845	0.9260231555	0.9049634581	-0.0379972674	-0.0035963029	-0.0301766195	-0.0344009645	-0.0265803166	0.0014437923	0.0000129334	0.0009106284	0.0011834264	0.0007065132	0.0023673541	0.0018899396	0.0042572937
0.1393178295	0.6587982344	0.8200656140	0.8837202053	0.8010522611	0.9279697454	0.9064546179	-0.0356721415	-0.0033710671	-0.0283049829	-0.0323010744	-0.0249339158	0.0012725017	0.0000113641	0.0008011721	0.0010433594	0.0006217002	0.0020850378	0.0016650596	0.0037500974
0.1393178295	0.6654649011	0.8219407786	0.8839164504	0.8025188508	0.9298851473	0.9079125640	-0.0333881486	-0.0031490248	-0.0264758278	-0.0302391238	-0.0233268030	0.0011147685	0.0000099164	0.0007009695	0.0009144046	0.0005441397	0.0018256543	0.0014585443	0.0032841986
0.1393178295	0.6721315678	0.8237874314	0.8841099328	0.8039550067	0.9317703611	0.9093382812	-0.0311439706	-0.0029301565	-0.0246878669	-0.0282138141	-0.0217577103	0.0009699469	0.0000085858	0.0006094908	0.0007960193	0.0004733980	0.0015880235	0.0012694173	0.0028574408
0.1393178295	0.6787982344	0.8256064094	0.8843006677	0.8053615534	0.9336263553	0.9107327211	-0.0289383376	-0.0027144432	-0.0229398614	-0.0262238944	-0.0202254182	0.0008374274	0.0000073682	0.0005262372	0.0006876926	0.0004090675	0.0013710328	0.0010967602	0.0024677930
0.1393178295	0.6854649011	0.8273985237	0.8844886697	0.8067392884	0.9354540675	0.9120968036	-0.0267700258	-0.0025018662	-0.0212306192	-0.0242681596	-0.0187287530	0.0007166343	0.0000062593	0.0004507392	0.0005889436	0.0003507662	0.0011736328	0.0009397098	0.0021133426
0.1393178295	0.6921315678	0.8291645600	0.8846739530	0.8080889828	0.9372544056	0.9134314174	-0.0246378559	-0.0022924074	-0.0195589929	-0.0223454486	-0.0172665855	0.0006070239	0.0000052551	0.0003825542	0.0004993191	0.0002981350	0.0009948333	0.0007974540	0.0017922873
0.1393178295	0.6987982344	0.8309052791	0.8848565316	0.8094113819	0.9390282485	0.9147374213	-0.0225406915	-0.0020860491	-0.0179238781	-0.0204546424	-0.0158378290	0.0005080828	0.0000043516	0.0003212654	0.0004183924	0.0002508368	0.0008336998	0.0006692292	0.0015029290
0.1393178295	0.7054649011	0.8326214177	0.8850364189	0.8107072061	0.9407764470	0.9160156450	-0.0204774373	-0.0018827744	-0.0163242119	-0.0185946630	-0.0144414375	0.0004193254	0.0000035448	0.0002664799	0.0003457615	0.0002085551	0.0006893502	0.0005543166	0.0012436668
0.1393178295	0.7121315678	0.8343136893	0.8852136278	0.8119771517	0.9424998249	0.9172668904	-0.0184470378	-0.0016825666	-0.0147589712	-0.0167644712	-0.0130764046	0.0003402932	0.0000028310	0.0002178272	0.0002810475	0.0001709924	0.0005609515	0.0004520399	0.0010129913
0.1393178295	0.7187982344	0.8359827846	0.8853881709	0.8132218916	0.9441991796	0.9184919319	-0.0164484753	-0.0014854098	-0.0132271710	-0.0149630655	-0.0117417611	0.0002705523	0.0000022064	0.0001749581	0.0002238933	0.0001378690	0.0004477168	0.0003617623	0.0008094791
0.1393178295	0.7254649011	0.8376293725	0.8855600600	0.8144420760	0.9458752831	0.9196915181	-0.0144807692	-0.0012912888	-0.0117278632	-0.0131894804	-0.0104365743	0.0002096927	0.0000016674	0.0001375428	0.0001739624	0.0001089221	0.0003489029	0.0002828845	0.0006317874
0.1393178295	0.7321315678	0.8392541004	0.8857293067	0.8156383333	0.9475288827	0.9208663721	-0.0125429740	-0.0011001888	-0.0102601349	-0.0114427852	-0.0091599460	0.0001573262	0.0000012104	0.0001052704	0.0001309373	0.0000839046	0.0002638070	0.0002148419	0.0004786489
0.1393178295	0.7387982344	0.8408575951	0.8858959219	0.8168112708	0.9491607020	0.9220171926	-0.0106341780	-0.0009120958	-0.0088231071	-0.0097220822	-0.0079110113	0.0001130857	0.0000008319	0.0000778472	0.0000945189	0.0000625841	0.0001917649	0.0001571030	0.0003488679
0.1393178295	0.7454649011	0.8424404636	0.8860599160	0.8179614752	0.9507714415	0.9231446547	-0.0087535022	-0.0007269962	-0.0074159335	-0.0080265060	-0.0066889373	0.0000766238	0.0000005285	0.0000549961	0.0000644248	0.0000447419	0.0001321484	0.0001091667	0.0002413151
0.1393178295	0.7521315678	0.8440032932	0.8862212990	0.8190895133	0.9523617793	0.9242494107	-0.0069000991	-0.0005448773	-0.0060377989	-0.0063552219	-0.0054929216	0.0000476114	0.0000002969	0.0000364550	0.0000403888	0.0000301722	0.0000843633	0.0000705610	0.0001549243
0.1393178295	0.7587982344	0.8455466526	0.8863800802	0.8201959330	0.9539323722	0.9253320909	-0.0050731512	-0.0003657267	-0.0046879182	-0.0047074245	-0.0043221915	0.0000257369	0.0000001338	0.0000219766	0.0000221598	0.0000186813	0.0000478472	0.0000408412	0.0000886884
0.1393178295	0.7654649011	0.8470710925	0.8865362686	0.8212812636	0.9554838561	0.9263933047	-0.0032718700	-0.0001895330	-0.0033655353	-0.0030823370	-0.0031760023	0.0000107051	0.0000000359	0.0000113268	0.0000095008	0.0000100870	0.0000220679	0.0000195878	0.0000416557
0.1393178295	0.7721315678	0.8485771457	0.8866898724	0.8223460165	0.9570168467	0.9274336406	-0.0014954950	-0.0000162852	-0.0020699216	-0.0014792098	-0.0020536364	0.0000022365	0.0000000003	0.0000042846	0.0000021881	0.0000042174	0.0000065213	0.0000064055	0.0000129268
0.1393178295	0.7787982344	0.8500653283	0.8868408996	0.8233906859	0.9585319404	0.9284536677	0.0002567078	0.0001540273	-0.0008003751	0.0001026805	-0.0009544024	0.0000000659	0.0000000237	0.0000006406	0.0000000105	0.0000009109	0.0000007302	0.0000009214	0.0000016517
0.1393178295	0.7854649011	0.8515361399	0.8869893574	0.8244157494	0.9600297149	0.9294539360	0.0019854462	0.0003214140	0.0004437803	0.0016640322	0.0001223663	0.0000039420	0.0000001033	0.0000001969	0.0000027690	0.0000000150	0.0000042422	0.0000027840	0.0000070262
0.1393178295	0.7921315678	0.8529900642	0.8871352528	0.8254216686	0.9615107296	0.9304349771	0.0036914037	0.0004858843	0.0016631966	0.0032055194	0.0011773123	0.0000136265	0.0000002361	0.0000027662	0.0000102754	0.0000013861	0.0000166288	0.0000116614	0.0000282902
0.1393178295	0.7987982344	0.8544275694	0.8872785921	0.8264088894	0.9629755266	0.9313973050	0.0053752396	0.0006474467	0.0028585019	0.0047277930	0.0022110552	0.0000288932	0.0000004192	0.0000081710	0.0000223520	0.0000048888	0.0000374834	0.0000272408	0.0000647242
0.1393178295	0.8054649011	0.8558491091	0.8874193812	0.8273778430	0.9644246309	0.9323414166	0.0070375906	0.0008061093	0.0040303019	0.0062314813	0.0032241926	0.0000495277	0.0000006498	0.0000162433	0.0000388314	0.0000103954	0.0000664208	0.0000492268	0.0001156476
0.1393178295	0.8121315678	0.8572551225	0.8875576256	0.8283289459	0.9658585513	0.9332677924	0.0086790712	0.0009618797	0.0051791805	0.0077171915	0.0042173008	0.0000753263	0.0000009252	0.0000268239	0.0000595550	0.0000177856	0.0001030754	0.0000773407	0.0001804161
0.1393178295	0.8187982344	0.8586460348	0.8876933304	0.8292626010	0.9672777810	0.9341768971	0.0103002749	0.0011147649	0.0063057007	0.0091855100	0.0051909359	0.0001060957	0.0000012427	0.0000397619	0.0000843736	0.0000269458	0.0001471002	0.0001113194	0.0002584196
0.1393178295	0.8254649011	0.8600222579	0.8878265000	0.8301791975	0.9686827977	0.9350691801	0.0119017746	0.0012647712	0.0074104054	0.0106370033	0.0061456342	0.0001416522	0.0000015996	0.0000549141	0.0001131458	0.0000377688	0.0001981660	0.0001509147	0.0003490807
0.1393178295	0.8321315678	0.8613841908	0.8879571388	0.8310791118	0.9700740646	0.9359450761	0.0134841239	0.0014119049	0.0084938185	0.0120722190	0.0070819136	0.0001818216	0.0000019935	0.0000721450	0.0001457385	0.0000501535	0.0002559600	0.0001958920	0.0004518520
0.1393178295	0.8387982344	0.8627322199	0.8880852504	0.8319627079	0.9714520306	0.9368050055	0.0150478575	0.0015561713	0.0095564450	0.0134916862	0.0080002737	0.0002264380	0.0000024217	0.0000913256	0.0001820256	0.0000640044	0.0003201853	0.0002460300	0.0005662153
0.1393178295	0.8454649011	0.8640667196	0.8882108383	0.8328303377	0.9728171312	0.9376493753	0.0165934920	0.0016975755	0.0105987725	0.0148959165	0.0089011971	0.0002753440	0.0000028818	0.0001123340	0.0002218883	0.0000792313	0.0003905597	0.0003011196	0.0006916794
0.1393178295	0.8521315678	0.8653880527	0.8883339054	0.8336823414	0.9741697884	0.9384785791	0.0181215266	0.0018361221	0.0116212715	0.0162854044	0.0097851494	0.0003283897	0.0000033713	0.0001350540	0.0002652144	0.0000957491	0.0004668150	0.0003609635	0.0008277786
0.1393178295	0.8587982344	0.8666965706	0.8884544546	0.8345190482	0.9755104115	0.9392929979	0.0196324437	0.0019718154	0.0126243961	0.0176606283	0.0106525806	0.0003854328	0.0000038881	0.0001593754	0.0003118978	0.0001134775	0.0005486963	0.0004253753	0.0009740715
0.1393178295	0.8654649011	0.8679926139	0.8885724880	0.8353407764	0.9768393976	0.9400930005	0.0211267097	0.0021046592	0.0136085845	0.0190220505	0.0115039253	0.0004463379	0.0000044296	0.0001851936	0.0003618384	0.0001323403	0.0006359610	0.0004941787	0.0011301397
0.1393178295	0.8721315678	0.8692765128	0.8886880078	0.8361478342	0.9781571317	0.9408789438	0.0226047755	0.0022346568	0.0145742600	0.0203701188	0.0123396032	0.0005109759	0.0000049937	0.0002124091	0.0004149417	0.0001522658	0.0007283786	0.0005672075	0.0012955862
0.1393178295	0.8787982344	0.8705485870	0.8888010157	0.8369405194	0.9794639876	0.9416511734	0.0240670771	0.0023618112	0.0155218313	0.0217052659	0.0131600200	0.0005792242	0.0000055782	0.0002409272	0.0004711186	0.0001731861	0.0008257296	0.0006443047	0.0014700343
0.1393178295	0.8854649011	0.8718091469	0.8889115130	0.8377191204	0.9807603279	0.9424100241	0.0255140362	0.0024861253	0.0164516931	0.0230279108	0.0139655678	0.0006509660	0.0000061808	0.0002706582	0.0005302847	0.0001950371	0.0009278051	0.0007253218	0.0016531268
0.1393178295	0.8921315678	0.8730584932	0.8890195010	0.8384839163	0.9820465043	0.9431558199	0.0269460605	0.0026076013	0.0173642270	0.0243384592	0.0147566256	0.0007260902	0.0000067996	0.0003015164	0.0005923606	0.0002177580	0.0010344061	0.0008101186	0.0018445247
0.1393178295	0.8987982344	0.8742969173	0.8891249805	0.8392351773	0.9833228584	0.9438888747	0.0283635447	0.0027262413	0.0182598012	0.0256373034	0.0155335599	0.0008044907	0.0000074324	0.0003334203	0.0006572713	0.0002412915	0.0011453434	0.0008985628	0.0020439062
0.1393178295	0.9054649011	0.8755247021	0.8892279522	0.8399731648	0.9845897218	0.9446094927	0.0297668705	0.0028420470	0.0191387721	0.0269248235	0.0162967250	0.0008860666	0.0000080772	0.0003662926	0.0007249461	0.0002655832	0.0012604364	0.0009905294	0.0022509658
0.1393178295	0.9121315678	0.8767421218	0.8893284166	0.8406981322	0.9858474163	0.9453179685	0.0311564076	0.0029550200	0.0200014837	0.0282013877	0.0170464638	0.0009707217	0.0000087321	0.0004000594	0.0007953183	0.0002905819	0.0013795132	0.0010859002	0.0024654134
0.1393178295	0.9187982344	0.8779494424	0.8894263739	0.8414103245	0.9870962546	0.9460145878	0.0325325136	0.0030651613	0.0208482690	0.0294673523	0.0177831077	0.0010583644	0.0000093952	0.0004346503	0.0008683249	0.0003162389	0.0015024100	0.0011845638	0.0026869737
0.1393178295	0.9254649011	0.8791469220	0.8895218240	0.8421099793	0.9883365402	0.9466996273	0.0338955348	0.0031724721	0.0216794498	0.0307230627	0.0185069777	0.0011489073	0.0000100646	0.0004699985	0.0009439066	0.0003425082	0.0016289704	0.0012864148	0.0029153852
0.1393178295	0.9321315678	0.8803348110	0.8896147669	0.8427973266	0.9895685681	0.9473733553	0.0352458065	0.0032769530	0.0224953373	0.0319688536	0.0192183843	0.0012422669	0.0000107384	0.0005060402	0.0010220076	0.0003693463	0.0017590455	0.0013913539	0.0031503994
0.1393178295	0.9387982344	0.8815133524	0.8897052022	0.8434725895	0.9907926247	0.9480360320	0.0365836535	0.0033786045	0.0232962327	0.0332050490	0.0199176282	0.0013383637	0.0000114150	0.0005427145	0.0011025753	0.0003967119	0.0018924931	0.0014992872	0.0033917803
0.1393178295	0.9454649011	0.8826827822	0.8897931294	0.8441359839	0.9920089884	0.9486879096	0.0379093904	0.0034774270	0.0240824274	0.0344319634	0.0206050004	0.0014371219	0.0000120925	0.0005799633	0.0011855601	0.0004245660	0.0020291777	0.0016101261	0.0036393038
0.1393178295	0.9521315678	0.8838433292	0.8898785480	0.8447877193	0.9932179298	0.9493292328	0.0392233219	0.0035734206	0.0248542034	0.0356499013	0.0212807827	0.0015384690	0.0000127693	0.0006177314	0.0012709155	0.0004528717	0.0021689697	0.0017237872	0.0038927569
0.1393178295	0.9587982344	0.8849952157	0.8899614571	0.8454279985	0.9944197118	0.9499602390	0.0405257434	0.0036665853	0.0256118336	0.0368591581	0.0219452483	0.0016423359	0.0000134438	0.0006559660	0.0013585975	0.0004815939	0.0023117457	0.0018401915	0.0041519372
0.1393178295	0.9654649011	0.8861386576	0.8900418560	0.8460570185	0.9956145901	0.9505811584	0.0418169412	0.0037569210	0.0263555824	0.0380600202	0.0225986614	0.0017486566	0.0000141145	0.0006946167	0.0014485651	0.0005106995	0.0024573878	0.0019592646	0.0044166524
0.1393178295	0.9721315678	0.8872738646	0.8901197436	0.8466749701	0.9968028132	0.9511922144	0.0430971928	0.0038444272	0.0270857058	0.0392527655	0.0232412786	0.0018573680	0.0000147796	0.0007336355	0.0015407796	0.0005401570	0.0026057831	0.0020809366	0.0046867197
0.1393178295	0.9787982344	0.8884010401	0.8901951190	0.8472820384	0.9979846229	0.9517936241	0.0443667671	0.0039291036	0.0278024517	0.0404376635	0.0238733481	0.0019684100	0.0000154379	0.0007729763	0.0016352046	0.0005699367	0.0027568242	0.0022051414	0.0049619656
0.1393178295	0.9854649011	0.8895203820	0.8902679809	0.8478784031	0.9991602541	0.9523855978	0.0456259252	0.0040109497	0.0285060604	0.0416149755	0.0244951107	0.0020817251	0.0000160877	0.0008125955	0.0017318062	0.0006000104	0.0029104082	0.0023318166	0.0052422249
0.1419844961	0.5854649011	0.7976596068	0.8814215986	0.7829306015	0.9049694358	0.8882589249	-0.0633745471	-0.0059755129	-0.0511871121	-0.0573990342	-0.0452115992	0.0040163332	0.0000357068	0.0026201204	0.0032946491	0.0020440887	0.0066721604	0.0053387378	0.0120108983
0.1419844961	0.5921315678	0.7998988390	0.8816481359	0.7847808538	0.9072767314	0.8901293178	-0.0605712271	-0.0057185323	-0.0488266610	-0.0548526949	-0.0431081288	0.0036688736	0.0000327016	0.0023840428	0.0030088181	0.0018583108	0.0060856180	0.0048671289	0.0109527469
0.1419844961	0.5987982344	0.8020990068	0.8818717759	0.7865902079	0.9095415328	0.8919553040	-0.0578244455	-0.0054649032	-0.0465237613	-0.0523595423	-0.0410588581	0.0033436665	0.0000298652	0.0021644604	0.0027415217	0.0016858298	0.0055379920	0.0044273515	0.0099653435
0.1419844961	0.6054649011	0.8042612498	0.8820925317	0.7883598099	0.9117651731	0.8937382209	-0.0551323416	-0.0052146081	-0.0442765754	-0.0499177335	-0.0390619672	0.0030395751	0.0000271921	0.0019604151	0.0024917801	0.0015258373	0.0050271824	0.0040176174	0.0090447998
0.1419844961	0.6121315678	0.8063866768	0.8823104173	0.7900907717	0.9139489469	0.8954793644	-0.0524931203	-0.0049676287	-0.0420833329	-0.0475254916	-0.0371157042	0.0027555277	0.0000246773	0.0017710069	0.0022586724	0.0013775755	0.0045512119	0.0036362479	0.0081874598
0.1419844961	0.6187982344	0.8084763649	0.8825254472	0.7917841718	0.9160941110	0.8971799899	-0.0499050502	-0.0047239461	-0.0399423283	-0.0451811041	-0.0352183822	0.0024905140	0.0000223157	0.0015953896	0.0020413322	0.0012403344	0.0041082193	0.0032816666	0.0073898859
0.1419844961	0.6254649011	0.8105313611	0.8827376360	0.7934410558	0.9182018848	0.8988413130	-0.0473664616	-0.0044835414	-0.0378519192	-0.0428829203	-0.0333683779	0.0022435817	0.0000201021	0.0014327678	0.0018389449	0.0011134486	0.0036964516	0.0029523935	0.0066488451
0.1419844961	0.6321315678	0.8125526818	0.8829469986	0.7950624372	0.9202734513	0.9004645109	-0.0448757444	-0.0042463952	-0.0358105236	-0.0406293492	-0.0315641284	0.0020138324	0.0000180319	0.0012823936	0.0016507440	0.0009962942	0.0033142579	0.0026470382	0.0059612961
0.1419844961	0.6387982344	0.8145413138	0.8831535502	0.7966492980	0.9223099581	0.9020507225	-0.0424313459	-0.0040124884	-0.0338166183	-0.0384188576	-0.0298041299	0.0018004191	0.0000161001	0.0011435637	0.0014760086	0.0008882862	0.0029600829	0.0023642948	0.0053243776
0.1419844961	0.6454649011	0.8164982149	0.8833573057	0.7982025892	0.9243125174	0.9036010503	-0.0400317694	-0.0037818014	-0.0318687362	-0.0362499680	-0.0280869348	0.0016025426	0.0000143020	0.0010156163	0.0013140602	0.0007888759	0.0026324609	0.0021029361	0.0047353970
0.1419844961	0.6521315678	0.8184243143	0.8835582801	0.7997232316	0.9262822077	0.9051165606	-0.0376755718	-0.0035543152	-0.0299654653	-0.0341212566	-0.0264111501	0.0014194487	0.0000126332	0.0008979291	0.0011642602	0.0006975489	0.0023300110	0.0018618090	0.0041918200
0.1419844961	0.6587982344	0.8203205133	0.8837564885	0.8012121168	0.9282200741	0.9065982850	-0.0353613619	-0.0033300106	-0.0281054456	-0.0320313513	-0.0247754350	0.0012504259	0.0000110890	0.0007899161	0.0010260075	0.0006138222	0.0020514310	0.0016398296	0.0036912606
0.1419844961	0.6654649011	0.8221876857	0.8839519455	0.8026701076	0.9301271295	0.9080472210	-0.0330877985	-0.0031088690	-0.0262873680	-0.0299789296	-0.0231784990	0.0010948024	0.0000096651	0.0006910257	0.0008987362	0.0005372428	0.0017954932	0.0014359790	0.0032314722
0.1419844961	0.6721315678	0.8240266789	0.8841446656	0.8040980388	0.9320043551	0.9094643332	-0.0308535890	-0.0028908717	-0.0245099721	-0.0279627173	-0.0216191004	0.0009519440	0.0000083571	0.0006007387	0.0007819136	0.0004673855	0.0015610398	0.0012492991	0.0028103389
0.1419844961	0.6787982344	0.8258383141	0.8843346630	0.8054967182	0.9338527015	0.9108505545	-0.0286574868	-0.0026760007	-0.0227720443	-0.0259814861	-0.0200960436	0.0008212516	0.0000071610	0.0005185660	0.0006750376	0.0004038510	0.0013469785	0.0010788886	0.0024258671
0.1419844961	0.6854649011	0.8276233874	0.8845219517	0.8068669269	0.9356730897	0.9122067863	-0.0264982908	-0.0024642384	-0.0210724164	-0.0240340524	-0.0186081781	0.0007021594	0.0000060725	0.0004440467	0.0005776357	0.0003462643	0.0011522786	0.0009239000	0.0020761786
0.1419844961	0.6921315678	0.8293826701	0.8847065450	0.8082094207	0.9374664116	0.9135339003	-0.0243748425	-0.0022555674	-0.0194099637	-0.0221192751	-0.0171543963	0.0005941329	0.0000050876	0.0003767467	0.0004892623	0.0002942733	0.0009759672	0.0007835356	0.0017595029
0.1419844961	0.6987982344	0.8311169093	0.8848884561	0.8095249302	0.9392335311	0.9148327392	-0.0222860256	-0.0020499710	-0.0177836030	-0.0202360545	-0.0157336319	0.0004966669	0.0000042024	0.0003162565	0.0004094979	0.0002475472	0.0008171259	0.0006570451	0.0014741709
0.1419844961	0.7054649011	0.8328268291	0.8850676978	0.8108141619	0.9409752849	0.9161041171	-0.0202307633	-0.0018474331	-0.0161922916	-0.0183833302	-0.0143448586	0.0004092838	0.0000034130	0.0002621903	0.0003379468	0.0002057750	0.0006748871	0.0005437218	0.0012186089
0.1419844961	0.7121315678	0.8345131306	0.8852442822	0.8120777989	0.9426924832	0.9173488213	-0.0182080179	-0.0016479379	-0.0146350257	-0.0165600801	-0.0129870878	0.0003315319	0.0000027157	0.0002141840	0.0002742363	0.0001686644	0.0005484316	0.0004429007	0.0009913323
0.1419844961	0.7187982344	0.8361764932	0.8854182211	0.8133165014	0.9443859108	0.9185676125	-0.0162167886	-0.0014514702	-0.0131108382	-0.0147653184	-0.0116593680	0.0002629842	0.0000021068	0.0001718941	0.0002180146	0.0001359409	0.0004369851	0.0003539555	0.0007909406
0.1419844961	0.7254649011	0.8378175745	0.8855895259	0.8145309079	0.9460563275	0.9197612258	-0.0142561103	-0.0012580156	-0.0116187982	-0.0129980947	-0.0103607826	0.0002032367	0.0000015826	0.0001349965	0.0001689505	0.0001073458	0.0003398158	0.0002762963	0.0006161120
0.1419844961	0.7321315678	0.8394370118	0.8857582073	0.8157216353	0.9477044693	0.9209303719	-0.0123250525	-0.0010675601	-0.0101580090	-0.0112574924	-0.0090904489	0.0001519069	0.0000011397	0.0001031851	0.0001267311	0.0000826363	0.0002562318	0.0002093674	0.0004655991
0.1419844961	0.7387982344	0.8410354219	0.8859242758	0.8168892800	0.9493310489	0.9220757376	-0.0104227177	-0.0008800904	-0.0087276071	-0.0095426273	-0.0078475167	0.0001086330	0.0000007746	0.0000761711	0.0000910617	0.0000615835	0.0001855787	0.0001526453	0.0003382240
0.1419844961	0.7454649011	0.8426134024	0.8860877409	0.8180344184	0.9509367565	0.9231979866	-0.0085482402	-0.0006955937	-0.0073267606	-0.0078526465	-0.0066311669	0.0000730724	0.0000004839	0.0000536814	0.0000616641	0.0000439724	0.0001272377	0.0001056364	0.0002328741
0.1419844961	0.7521315678	0.8441715317	0.8862486122	0.8191576076	0.9525222608	0.9242977606	-0.0067007850	-0.0005140579	-0.0059546682	-0.0061867271	-0.0054406104	0.0000449005	0.0000002643	0.0000354581	0.0000382756	0.0000296002	0.0000806228	0.0000678758	0.0001484987
0.1419844961	0.7587982344	0.8457103702	0.8864068984	0.8202593860	0.9540882090	0.9253756795	-0.0048795466	-0.0003354714	-0.0046105580	-0.0045440753	-0.0042750867	0.0000238100	0.0000001125	0.0000212572	0.0000206486	0.0000182764	0.0000451798	0.0000389250	0.0000841047
0.1419844961	0.7654649011	0.8472304603	0.8865626078	0.8213402740	0.9556352285	0.9264323430	-0.0030837479	-0.0001598232	-0.0032936862	-0.0029239247	-0.0031338630	0.0000095095	0.0000000255	0.0000108484	0.0000085493	0.0000098211	0.0000203834	0.0000183704	0.0000387538
0.1419844961	0.7721315678	0.8487323274	0.8867157482	0.8224007746	0.9571639267	0.9274683304	-0.0013126388	0.0000128969	-0.0020033361	-0.0013255357	-0.0020162330	0.0000017230	0.0000000002	0.0000040134	0.0000017570	0.0000040652	0.0000057365	0.0000058222	0.0000115588
0.1419844961	0.7787982344	0.8502164803	0.8868663270	0.8234413738	0.9586748921	0.9284842020	0.0004345042	0.0001826987	-0.0007388170	0.0002518054	-0.0009215157	0.0000001888	0.0000000334	0.0000005459	0.0000000634	0.0000008492	0.0000007680	0.0000009126	0.0000016806
0.1419844961	0.7854649011	0.8516834116	0.8870143509	0.8244625417	0.9601686949	0.9294804992	0.0021583796	0.0003495915	0.0005005367	0.0018087881	0.0001509453	0.0000046586	0.0000001222	0.0000002505	0.0000032717	0.0000000228	0.0000050314	0.0000032945	0.0000083259
0.1419844961	0.7921315678	0.8531335985	0.8871598263	0.8254647322	0.9616458875	0.9304577458	0.0038596615	0.0005135838	0.0017153668	0.0033460778	0.0012017831	0.0000148970	0.0000002638	0.0000029425	0.0000111962	0.0000014443	0.0000181032	0.0000126405	0.0000307438
0.1419844961	0.7987982344	0.8545675031	0.8873027592	0.8264483844	0.9631070051	0.9314164481	0.0055390010	0.0006746837	0.0029062919	0.0048643173	0.0022316082	0.0000306805	0.0000004552	0.0000084465	0.0000236616	0.0000049801	0.0000395823	0.0000286417	0.0000682239
0.1419844961	0.8054649011	0.8559855728	0.8874431549	0.8274139227	0.9645525666	0.9323570959	0.0071970262	0.0008328987	0.0040739083	0.0063641275	0.0032410096	0.0000517972	0.0000006937	0.0000165967	0.0000405021	0.0000105041	0.0000690876	0.0000510063	0.0001200939
0.1419844961	0.8121315678	0.8573882413	0.8875810186	0.8283617573	0.9659830747	0.9332801625	0.0088343441	0.0009882359	0.0052187913	0.0078461082	0.0042305554	0.0000780456	0.0000009766	0.0000272358	0.0000615614	0.0000178976	0.0001062580	0.0000794590	0.0001857170
0.1419844961	0.8187982344	0.8587759284	0.8877163546	0.8292922848	0.9673990165	0.9341861063	0.0104515407	0.0011407017	0.0063414955	0.0093108390	0.0052007938	0.0001092347	0.0000013012	0.0000402146	0.0000866917	0.0000270483	0.0001507505	0.0001137400	0.0002644904
0.1419844961	0.8254649011	0.8601490410	0.8878491673	0.8302058888	0.9688008646	0.9350753701	0.0120491821	0.0012903021	0.0074425561	0.0107588800	0.0061522540	0.0001451828	0.0000016649	0.0000553916	0.0001157535	0.0000378502	0.0002022393	0.0001536037	0.0003558430
0.1419844961	0.8321315678	0.8615079730	0.8879794604	0.8311029399	0.9701890769	0.9359483828	0.0136278151	0.0014370427	0.0085224893	0.0121907724	0.0070854466	0.0001857173	0.0000020651	0.0000726328	0.0001486149	0.0000502036	0.0002604153	0.0001988185	0.0004592337
0.1419844961	0.8387982344	0.8628531063	0.8881072372	0.8319837970	0.9715640974	0.9368055592	0.0151879681	0.0015809285	0.0095817932	0.0136070396	0.0080008647	0.0002306744	0.0000024993	0.0000918108	0.0001851515	0.0000640138	0.0003249845	0.0002491654	0.0005741498
0.1419844961	0.8454649011	0.8641848109	0.8882325008	0.8328488066	0.9729263566	0.9376473005	0.0167301518	0.0017219642	0.0106209484	0.0150081877	0.0088989842	0.0002798980	0.0000029652	0.0001128045	0.0002252457	0.0000791919	0.0003956677	0.0003044376	0.0007001053
0.1419844961	0.8521315678	0.8655034453	0.8883552539	0.8336983043	0.9742762724	0.9384739953	0.0182548597	0.0018601538	0.0116404189	0.0163947058	0.0097802651	0.0003332399	0.0000034602	0.0001354994	0.0002687864	0.0000956536	0.0004721994	0.0003644400	0.0008366394
0.1419844961	0.8587982344	0.8668093568	0.8884754986	0.8345326146	0.9756142496	0.9392860196	0.0197625687	0.0019955013	0.0126406525	0.0177670674	0.0106451513	0.0003905591	0.0000039820	0.0001597861	0.0003156687	0.0001133192	0.0005543272	0.0004289879	0.0009833152
0.1419844961	0.8654649011	0.8681028824	0.8885932371	0.8353520514	0.9769406813	0.9400837374	0.0212537402	0.0021280099	0.0136220818	0.0191257303	0.0114940719	0.0004517215	0.0000045284	0.0001855611	0.0003657936	0.0001321137	0.0006418110	0.0004979072	0.0011397183
0.1419844961	0.8721315678	0.8693843484	0.8887084710	0.8361569183	0.9782559487	0.9408675011	0.0227288201	0.0022576827	0.0145851242	0.0204711373	0.0123274414	0.0005165993	0.0000050971	0.0002127258	0.0004190675	0.0001519658	0.0007344222	0.0005710333	0.0013054555
0.1419844961	0.8787982344	0.8706540713	0.8888212017	0.8369475094	0.9795604219	0.9416376520	0.0241882397	0.0023845225	0.0155301831	0.0218037172	0.0131456606	0.0005850709	0.0000056859	0.0002411866	0.0004754021	0.0001728084	0.0008319435	0.0006482105	0.0014801540
0.1419844961	0.8854649011	0.8719123579	0.8889314303	0.8377241091	0.9808544599	0.9423945206	0.0256324163	0.0025085314	0.0164576482	0.0231238849	0.0139491168	0.0006570208	0.0000062927	0.0002708542	0.0005347141	0.0001945779	0.0009341677	0.0007292919	0.0016634596
0.1419844961	0.8921315678	0.8731595058	0.8890391576	0.8384869927	0.9821384113	0.9431384271	0.0270617535	0.0026297115	0.0173678960	0.0244320420	0.0147381845	0.0007323385	0.0000069154	0.0003016438	0.0005969247	0.0002172141	0.0010408977	0.0008141388	0.0018550365
0.1419844961	0.8987982344	0.8743958035	0.8891443843	0.8392364269	0.9834126143	0.9438696815	0.0284766420	0.0027480646	0.0182612902	0.0257285774	0.0155132256	0.0008109191	0.0000075519	0.0003334747	0.0006619597	0.0002406602	0.0011519457	0.0009026199	0.0020545656
0.1419844961	0.9054649011	0.8756215309	0.8892471108	0.8399726697	0.9846773976	0.9445885845	0.0298774596	0.0028635920	0.0191381826	0.0270138676	0.0162745906	0.0008926626	0.0000082002	0.0003662700	0.0007297490	0.0002648623	0.0012671328	0.0009946113	0.0022617441
0.1419844961	0.9121315678	0.8768369594	0.8893473372	0.8406959710	0.9859330801	0.9452954271	0.0312645723	0.0029762949	0.0199989130	0.0282882774	0.0170226182	0.0009774735	0.0000088583	0.0003999565	0.0008002266	0.0002897695	0.0013862883	0.0010899962	0.0024762845
0.1419844961	0.9187982344	0.8780423524	0.8894450634	0.8414065729	0.9871799716	0.9459904917	0.0326383343	0.0030861742	0.0208438103	0.0295521601	0.0177576362	0.0010652609	0.0000095245	0.0004344644	0.0008733302	0.0003153336	0.0015092498	0.0011886638	0.0026979136
0.1419844961	0.9254649011	0.8792379656	0.8895402893	0.8421047099	0.9884183732	0.9466740519	0.0339990885	0.0031932305	0.0216731925	0.0308058580	0.0184799620	0.0011559380	0.0000101967	0.0004697273	0.0009490009	0.0003415090	0.0016358620	0.0012905099	0.0029263719
0.1419844961	0.9321315678	0.8804240468	0.8896330143	0.8427906093	0.9896485772	0.9473463728	0.0353471672	0.0032974644	0.0224873670	0.0320497028	0.0191899026	0.0012494222	0.0000108733	0.0005056817	0.0010271834	0.0003682524	0.0017659772	0.0013954358	0.0031614130
0.1419844961	0.9387982344	0.8816008369	0.8897232381	0.8434644911	0.9908708677	0.9480077119	0.0366828921	0.0033988761	0.0232866314	0.0332840160	0.0198877553	0.0013456346	0.0000115524	0.0005422672	0.0011078257	0.0003955228	0.0018994541	0.0015033485	0.0034028027
0.1419844961	0.9454649011	0.8827685695	0.8898109598	0.8441265688	0.9920855209	0.9486583184	0.0380065749	0.0034974656	0.0240712738	0.0345091094	0.0205738082	0.0014444997	0.0000122323	0.0005794262	0.0011908786	0.0004232816	0.0020361582	0.0016141602	0.0036503184
0.1419844961	0.9521315678	0.8839274714	0.8898961786	0.8447770492	0.9932928050	0.9492984345	0.0393185177	0.0035932328	0.0248415728	0.0357252849	0.0212483400	0.0015459458	0.0000129113	0.0006171037	0.0012762960	0.0004514920	0.0021759609	0.0017277879	0.0039037488
0.1419844961	0.9587982344	0.8850777629	0.8899788935	0.8454161328	0.9944929811	0.9499282949	0.0406190133	0.0036861775	0.0255977984	0.0369328358	0.0219116209	0.0016499042	0.0000135879	0.0006552473	0.0013640344	0.0004801191	0.0023187394	0.0018441535	0.0041628929
0.1419844961	0.9654649011	0.8862196580	0.8900591036	0.8460440142	0.9956863027	0.9505481274	0.0419083453	0.0037762992	0.0263402119	0.0381320460	0.0225639127	0.0017563094	0.0000142604	0.0006938068	0.0014540529	0.0005091302	0.0024643766	0.0019631831	0.0044275597
0.1419844961	0.9721315678	0.8873533644	0.8901368076	0.8466608820	0.9968730164	0.9511581532	0.0431867889	0.0038635974	0.0270690664	0.0393231914	0.0232054690	0.0018650987	0.0000149274	0.0007327344	0.0015463134	0.0005384938	0.0026127605	0.0020848072	0.0046975676
0.1419844961	0.9787982344	0.8884790839	0.8902120042	0.8472669192	0.9980533623	0.9517585869	0.0444546108	0.0039480715	0.0277846072	0.0405065393	0.0238365356	0.0019762124	0.0000155873	0.0007719844	0.0016407797	0.0005681804	0.0027637841	0.0022089602	0.0049727442
0.1419844961	0.9854649011	0.8895970128	0.8902846922	0.8478623033	0.9992275735	0.9523496368	0.0457120699	0.0040297207	0.0284870718	0.0416823493	0.0244573511	0.0020895933	0.0000162386	0.0008115133	0.0017374182	0.0005981620	0.0029173452	0.0023355803	0.0052529255
0.1446511628	0.5854649011	0.7980350096	0.8814692516	0.7832209187	0.9053463954	0.8885402608	-0.0629040275	-0.0059214505	-0.0508163726	-0.0569825770	-0.0448949220	0.0039569167	0.0000350636	0.0025823037	0.0032470141	0.0020155540	0.0065742840	0.0052625681	0.0118368521
0.1446511628	0.5921315678	0.8002611013	0.8816946409	0.7850568834	0.9076397476	0.8903954350	-0.0601184445	-0.0056657859	-0.0484749946	-0.0544526587	-0.0428092087	0.0036142274	0.0000321011	0.0023498251	0.0029650920	0.0018326284	0.0059961536	0.0047977204	0.0107938740
0.1446511628	0.5987982344	0.8024487136	0.8819171696	0.7868525906	0.9098912474	0.8922069075	-0.0573885510	-0.0054134302	-0.0461902472	-0.0519751207	-0.0407768170	0.0032934458	0.0000293052	0.0021335389	0.0027014132	0.0016627488	0.0054562900	0.0043641620	0.0098204519
0.1446511628	0.6054649011	0.8045989567	0.8821368499	0.7886091554	0.9121021946	0.8939759806	-0.0547125328	-0.0051643673	-0.0439603416	-0.0495481655	-0.0387959743	0.0029934612	0.0000266707	0.0019325116	0.0024550207	0.0015051276	0.0049526436	0.0039601483	0.0089127919
0.1446511628	0.6121315678	0.8067129114	0.8823536946	0.7903276605	0.9142738522	0.8957039171	-0.0520886386	-0.0049185800	-0.0417835530	-0.0471700587	-0.0368649730	0.0027132263	0.0000241924	0.0017458653	0.0022250144	0.0013590262	0.0044832840	0.0035840407	0.0080673247
0.1446511628	0.6187982344	0.8087916286	0.8825677171	0.7920091568	0.9164074473	0.8973919411	-0.0495151783	-0.0046760507	-0.0396582193	-0.0448391276	-0.0349821686	0.0024517529	0.0000218655	0.0015727744	0.0020105474	0.0012237521	0.0040463927	0.0032342995	0.0072806922
0.1446511628	0.6254649011	0.8108361303	0.8827789311	0.7936546637	0.9185041711	0.8990412387	-0.0469905207	-0.0044367618	-0.0375827384	-0.0425537589	-0.0331459766	0.0022081090	0.0000196849	0.0014124622	0.0018108224	0.0010986558	0.0036402561	0.0029094782	0.0065497343
0.1446511628	0.6321315678	0.8128474093	0.8829873504	0.7952651698	0.9205651802	0.9006529588	-0.0445130921	-0.0042006950	-0.0355555667	-0.0403123971	-0.0313548717	0.0019814154	0.0000176458	0.0012641983	0.0016250894	0.0009831280	0.0032632595	0.0026082173	0.0058714769
0.1446511628	0.6387982344	0.8148264303	0.8831929893	0.7968416335	0.9225915968	0.9022282142	-0.0420813740	-0.0039678322	-0.0335752169	-0.0381135418	-0.0296073847	0.0017708420	0.0000157437	0.0011272952	0.0014526421	0.0008765972	0.0029138809	0.0023292393	0.0052431202
0.1446511628	0.6454649011	0.8167741298	0.8833958617	0.7983849835	0.9245845099	0.9037680819	-0.0396939018	-0.0037381552	-0.0316402560	-0.0359557467	-0.0279021008	0.0015756058	0.0000139738	0.0010011058	0.0012928157	0.0007785272	0.0025906854	0.0020713429	0.0046620284
0.1446511628	0.6521315678	0.8186914172	0.8835959818	0.7998961196	0.9265449753	0.9052736047	-0.0373492627	-0.0035116458	-0.0297493039	-0.0338376170	-0.0262376581	0.0013949674	0.0000123317	0.0008850211	0.0011449843	0.0006884147	0.0022923202	0.0018333990	0.0041257192
0.1446511628	0.6587982344	0.8205791747	0.8837933637	0.8013759131	0.9284740171	0.9067457916	-0.0350460940	-0.0032882860	-0.0279010309	-0.0317578080	-0.0246127449	0.0012282287	0.0000108128	0.0007784675	0.0010085584	0.0006057872	0.0020175091	0.0016143456	0.0036318546
0.1446511628	0.6654649011	0.8224382585	0.8839880211	0.8028252078	0.9303726282	0.9081856187	-0.0327830814	-0.0030680581	-0.0260941563	-0.0297150234	-0.0230260982	0.0010747304	0.0000094130	0.0006809050	0.0008829826	0.0005302012	0.0017650484	0.0014131838	0.0031782322
0.1446511628	0.6721315678	0.8242694989	0.8841799677	0.8042448205	0.9322417709	0.9095940305	-0.0305589574	-0.0028509446	-0.0243274467	-0.0277080128	-0.0214765021	0.0009338499	0.0000081279	0.0005918247	0.0007677340	0.0004612401	0.0015338024	0.0012289741	0.0027627765
0.1446511628	0.6787982344	0.8260737012	0.8843692168	0.8056355416	0.9340823781	0.9109719405	-0.0283724995	-0.0026369283	-0.0225997140	-0.0257355712	-0.0199627857	0.0008049987	0.0000069534	0.0005107471	0.0006623196	0.0003985128	0.0013226992	0.0010608324	0.0023835316
0.1446511628	0.6854649011	0.8278516461	0.8845557816	0.8069981361	0.9358953537	0.9123202323	-0.0262225287	-0.0024259925	-0.0209098140	-0.0237965362	-0.0184838215	0.0006876210	0.0000058854	0.0004372203	0.0005662751	0.0003416517	0.0011307268	0.0009079268	0.0020386536
0.1446511628	0.6921315678	0.8296040906	0.8847396748	0.8083333442	0.9376815737	0.9136397601	-0.0241079079	-0.0022181209	-0.0192566445	-0.0218897871	-0.0170385236	0.0005811912	0.0000049201	0.0003708184	0.0004791628	0.0002903113	0.0009569296	0.0007694741	0.0017264037
0.1446511628	0.6987982344	0.8313317682	0.8849209087	0.8096418818	0.9394418869	0.9149313502	-0.0220275407	-0.0020132976	-0.0176391440	-0.0200142432	-0.0156258465	0.0004852126	0.0000040534	0.0003111394	0.0004005699	0.0002441671	0.0008004053	0.0006447370	0.0014451423
0.1446511628	0.7054649011	0.8330353899	0.8850994952	0.8109244413	0.9411771157	0.9161958014	-0.0199803694	-0.0018115072	-0.0160562902	-0.0181688622	-0.0142447830	0.0003992152	0.0000032816	0.0002578045	0.0003301076	0.0002029138	0.0006603012	0.0005330214	0.0011933226
0.1446511628	0.7121315678	0.8347156448	0.8852754459	0.8121816925	0.9428880567	0.9174338860	-0.0179653739	-0.0016127350	-0.0145070982	-0.0163526389	-0.0128943633	0.0003227547	0.0000026009	0.0002104559	0.0002674088	0.0001662646	0.0005358115	0.0004336734	0.0009694849
0.1446511628	0.7187982344	0.8363732004	0.8854487719	0.8134142832	0.9445754820	0.9186463509	-0.0159815701	-0.0014169665	-0.0129906195	-0.0145646036	-0.0115736530	0.0002554106	0.0000020078	0.0001687562	0.0002121277	0.0001339494	0.0004261746	0.0003460771	0.0007722517
0.1446511628	0.7254649011	0.8380087035	0.8856194837	0.8146228395	0.9462401392	0.9198339179	-0.0140280091	-0.0012241881	-0.0115059401	-0.0128038210	-0.0102817520	0.0001967850	0.0000014986	0.0001323867	0.0001639378	0.0001057144	0.0003306703	0.0002696523	0.0006003226
0.1446511628	0.7321315678	0.8396227807	0.8857875916	0.8158079670	0.9478827528	0.9209972851	-0.0121037752	-0.0010343866	-0.0100521799	-0.0110693886	-0.0090177933	0.0001465014	0.0000010700	0.0001010463	0.0001225314	0.0000813206	0.0002486177	0.0002038520	0.0004524696
0.1446511628	0.7387982344	0.8412160390	0.8859531051	0.8169702512	0.9495040246	0.9221371271	-0.0102079852	-0.0008475494	-0.0086284907	-0.0093604358	-0.0077809414	0.0001042030	0.0000007183	0.0000744509	0.0000876178	0.0000605430	0.0001793722	0.0001481608	0.0003275330
0.1446511628	0.7454649011	0.8427890664	0.8861160336	0.8181102580	0.9511046346	0.9232540965	-0.0083397868	-0.0006636644	-0.0072340554	-0.0076761224	-0.0065703910	0.0000695520	0.0000004405	0.0000523316	0.0000589229	0.0000431700	0.0001223241	0.0001020929	0.0002244169
0.1446511628	0.7521315678	0.8443424324	0.8862763856	0.8192285347	0.9526852414	0.9243488238	-0.0064983577	-0.0004827202	-0.0058680866	-0.0060156375	-0.0053853664	0.0000422287	0.0000002330	0.0000344344	0.0000361879	0.0000290022	0.0000768961	0.0000651901	0.0001420862
0.1446511628	0.7587982344	0.8458766889	0.8864341695	0.8203256102	0.9542464833	0.9254219190	-0.0046829044	-0.0003047060	-0.0045298256	-0.0043781984	-0.0042251196	0.0000219296	0.0000000928	0.0000205193	0.0000191686	0.0000178516	0.0000425418	0.0000370203	0.0000795620
0.1446511628	0.7654649011	0.8473923702	0.8865893928	0.8214019960	0.9557889786	0.9264739717	-0.0028926612	-0.0001296115	-0.0032185411	-0.0027630498	-0.0030889296	0.0000083675	0.0000000168	0.0000103590	0.0000076344	0.0000095415	0.0000187433	0.0000171759	0.0000359192
0.1446511628	0.7721315678	0.8488899940	0.8867420630	0.8224581865	0.9573133264	0.9275055519	-0.0011268890	0.0000425731	-0.0019335283	-0.0011694621	-0.0019761014	0.0000012699	0.0000000018	0.0000037385	0.0000013676	0.0000039050	0.0000050102	0.0000052726	0.0000102828
0.1446511628	0.7787982344	0.8503700617	0.8868921867	0.8234946597	0.9588201074	0.9285172110	0.0006151258	0.0002118568	-0.0006741080	0.0004032690	-0.0008859648	0.0000003784	0.0000000449	0.0000004544	0.0000001626	0.0000007849	0.0000008777	0.0000009476	0.0000018252
0.1446511628	0.7854649011	0.8518330591	0.8870397703	0.8245118775	0.9603098842	0.9295094821	0.0023340720	0.0003782483	0.0005603749	0.0019558237	0.0001821266	0.0000054479	0.0000001431	0.0000003140	0.0000038252	0.0000000332	0.0000059050	0.0000038584	0.0000097634
0.1446511628	0.7921315678	0.8532794566	0.8871848196	0.8255102867	0.9617832021	0.9304828808	0.0040306144	0.0005417556	0.0017705519	0.0034888588	0.0012287963	0.0000162459	0.0000002935	0.0000031349	0.0000121721	0.0000015099	0.0000196742	0.0000136821	0.0000333563
0.1446511628	0.7987982344	0.8547097101	0.8873273400	0.8264903193	0.9632405895	0.9314379058	0.0057053953	0.0007023861	0.0029570317	0.0050030092	0.0022546456	0.0000325515	0.0000004933	0.0000087440	0.0000250301	0.0000050834	0.0000417889	0.0000301135	0.0000719024
0.1446511628	0.8054649011	0.8561242611	0.8874673365	0.8274523928	0.9646825588	0.9323750393	0.0073590348	0.0008601469	0.0041204016	0.0064988879	0.0032602547	0.0000541554	0.0000007399	0.0000169777	0.0000422355	0.0000106293	0.0000718730	0.0000528648	0.0001247378
0.1446511628	0.8121315678	0.8575235374	0.8876048137	0.8283969110	0.9661096066	0.9332947481	0.0089921319	0.0010150445	0.0052612281	0.0079770874	0.0042461836	0.0000808584	0.0000010303	0.0000276805	0.0000636339	0.0000180301	0.0001095693	0.0000816640	0.0001912333
0.1446511628	0.8187982344	0.8589079535	0.8877397756	0.8293242645	0.9675222143	0.9341974836	0.0106052652	0.0011670848	0.0063800574	0.0094381804	0.0052129726	0.0001124716	0.0000013621	0.0000407051	0.0000890792	0.0000271751	0.0001545389	0.0001162543	0.0002707932
0.1446511628	0.8254649011	0.8602779110	0.8878722261	0.8302348307	0.9689208489	0.9350836824	0.0121989937	0.0013162732	0.0074774167	0.0108827205	0.0061611434	0.0001488154	0.0000017326	0.0000559118	0.0001184336	0.0000379597	0.0002064598	0.0001563933	0.0003628531
0.1446511628	0.8321315678	0.8616337990	0.8880021683	0.8311289748	0.9703059629	0.9359537673	0.0137738577	0.0014626150	0.0085538145	0.0123112427	0.0070911996	0.0001897192	0.0000021392	0.0000731677	0.0001515667	0.0000502851	0.0002650261	0.0002018518	0.0004668779
0.1446511628	0.8387982344	0.8629759947	0.8881296054	0.8320070502	0.9716779955	0.9368081473	0.0153303790	0.0016061145	0.0096097419	0.0137242645	0.0080036274	0.0002350205	0.0000025796	0.0000923471	0.0001883554	0.0000640581	0.0003299473	0.0002524135	0.0005823608
0.1446511628	0.8454649011	0.8643048636	0.8882545399	0.8328693984	0.9730373725	0.9376472182	0.0168690624	0.0017467761	0.0106456726	0.0151222863	0.0088988965	0.0002845653	0.0000030512	0.0001133303	0.0002286835	0.0000791904	0.0004009468	0.0003078739	0.0007088207
0.1446511628	0.8521315678	0.8656207600	0.8883769741	0.8337163499	0.9743845071	0.9384713632	0.0183903955	0.0018846034	0.0116620639	0.0165057921	0.0097774605	0.0003382066	0.0000035517	0.0001360037	0.0002724412	0.0000955987	0.0004777621	0.0003680399	0.0008458020
0.1446511628	0.8587982344	0.8669240271	0.8884969099	0.8345482246	0.9757197998	0.9392809534	0.0198948500	0.0020195999	0.0126593575	0.0178752501	0.0106397576	0.0003958051	0.0000040788	0.0001602593	0.0003195246	0.0001132044	0.0005601432	0.0004327290	0.0009928722
0.1446511628	0.8654649011	0.8682149979	0.8886143490	0.8353653320	0.9770436398	0.9400763480	0.0213828818	0.0021517684	0.0136379798	0.0192311134	0.0114862114	0.0004572276	0.0000046301	0.0001859945	0.0003698357	0.0001319331	0.0006478522	0.0005017688	0.0011496210
0.1446511628	0.8721315678	0.8694939951	0.8887292927	0.8361679713	0.9783564043	0.9408578947	0.0228549321	0.0022811116	0.0145983429	0.0205738204	0.0123172312	0.0005223479	0.0000052035	0.0002131116	0.0004232821	0.0001517142	0.0007406630	0.0005749963	0.0013156593
0.1446511628	0.8787982344	0.8707613318	0.8888417421	0.8369564325	0.9796584595	0.9416259305	0.0243114274	0.0024076319	0.0155408445	0.0219037955	0.0131332126	0.0005910455	0.0000057967	0.0002415178	0.0004797763	0.0001724813	0.0008383600	0.0006522575	0.0014906176
0.1446511628	0.8854649011	0.8720173113	0.8889516979	0.8377309960	0.9809501611	0.9423807818	0.0257527805	0.0025313311	0.0164658691	0.0232214494	0.0139345380	0.0006632057	0.0000064076	0.0002711248	0.0005392357	0.0001941714	0.0009407382	0.0007334071	0.0016741452
0.1446511628	0.8921315678	0.8732622279	0.8890591607	0.8384919335	0.9822318542	0.9431227645	0.0271793908	0.0026522109	0.0173737884	0.0245271798	0.0147215775	0.0007387193	0.0000070342	0.0003018485	0.0006015826	0.0002167248	0.0010476020	0.0008183074	0.0018659094
0.1446511628	0.8987982344	0.8744963672	0.8891641308	0.8392395078	0.9835038740	0.9438521852	0.0285916447	0.0027702727	0.0182649613	0.0258213720	0.0154946886	0.0008174821	0.0000076744	0.0003336088	0.0006667433	0.0002400854	0.0011587654	0.0009068286	0.0020655940
0.1446511628	0.9054649011	0.8757200062	0.8892666083	0.8399739738	0.9847665458	0.9445693405	0.0299899166	0.0028855176	0.0191397351	0.0271043990	0.0162542175	0.0008993951	0.0000083262	0.0003663295	0.0007346484	0.0002641996	0.0012740508	0.0009988480	0.0022728988
0.1446511628	0.9121315678	0.8769334134	0.8893665931	0.8406955779	0.9860201858	0.9452745183	0.0313745684	0.0029979464	0.0199984455	0.0283766221	0.0170004991	0.0009843635	0.0000089877	0.0003999378	0.0008052327	0.0002890170	0.0013932890	0.0010942496	0.0024875387
0.1446511628	0.9187982344	0.8781368496	0.8894640848	0.8414045591	0.9872651011	0.9459679974	0.0327459510	0.0031075596	0.0208414169	0.0296383914	0.0177338573	0.0010722973	0.0000096569	0.0004343647	0.0008784342	0.0003144897	0.0015163189	0.0011929239	0.0027092428
0.1446511628	0.9254649011	0.8793305678	0.8895590830	0.8421011488	0.9885015899	0.9466500482	0.0341044040	0.0032143577	0.0216689636	0.0308900462	0.0184546058	0.0011631104	0.0000103321	0.0004695440	0.0009541950	0.0003405725	0.0016429864	0.0012947674	0.0029377539
0.1446511628	0.9321315678	0.8805148136	0.8896515869	0.8427855713	0.9897299421	0.9473209329	0.0354502563	0.0033183409	0.0224813892	0.0321319154	0.0191630483	0.0012567207	0.0000110114	0.0005054129	0.0010324600	0.0003672224	0.0017731449	0.0013996824	0.0031728273
0.1446511628	0.9387982344	0.8816898254	0.8897415959	0.8434580440	0.9909504394	0.9479809059	0.0367838267	0.0034195090	0.0232789878	0.0333643177	0.0198594788	0.0013530499	0.0000116930	0.0005419113	0.0011131777	0.0003943989	0.0019066542	0.0015075766	0.0034142308
0.1446511628	0.9454649011	0.8828558347	0.8898291089	0.8441187777	0.9921633557	0.9486302136	0.0381054240	0.0035178620	0.0240620439	0.0345875620	0.0205441819	0.0014520233	0.0000123754	0.0005789820	0.0011962994	0.0004220634	0.0020433806	0.0016183629	0.0036617435
0.1446511628	0.9521315678	0.8840130660	0.8899141249	0.8447679765	0.9933689570	0.9492690956	0.0394153475	0.0036133994	0.0248308330	0.0358019482	0.0212174336	0.0015535696	0.0000130567	0.0006165703	0.0012817795	0.0004501795	0.0021831965	0.0017319590	0.0039151555
0.1446511628	0.9587982344	0.8851617378	0.8899966427	0.8454058386	0.9945675021	0.9498977839	0.0407138873	0.0037061206	0.0255856218	0.0370077667	0.0218795011	0.0016576206	0.0000137353	0.0006546240	0.0013695748	0.0004787126	0.0023259800	0.0018482874	0.0041742674
0.1446511628	0.9654649011	0.8863020619	0.8900766610	0.8460325561	0.9957592427	0.9505165040	0.0420013246	0.0037960252	0.0263266686	0.0382052994	0.0225306434	0.0017641113	0.0000144098	0.0006930935	0.0014596449	0.0005076299	0.0024716146	0.0019672748	0.0044388894
0.1446511628	0.9721315678	0.8874342444	0.8901541785	0.8466483154	0.9969444235	0.9511254744	0.0432779322	0.0038831122	0.0270542237	0.0393948200	0.0231711115	0.0018729794	0.0000150786	0.0007319310	0.0015519518	0.0005369004	0.0026199890	0.0020888522	0.0047088412
0.1446511628	0.9787982344	0.8885584852	0.8902291937	0.8472532973	0.9981232826	0.9517249077	0.0445439744	0.0039673808	0.0277685296	0.0405765936	0.0238011488	0.0019841657	0.0000157401	0.0007710912	0.0016464599	0.0005664947	0.0027709970	0.0022129546	0.0049839516
0.1446511628	0.9854649011	0.8896749787	0.8903017052	0.8478476773	0.9992960516	0.9523150100	0.0457997080	0.0040488300	0.0284698212	0.0417508779	0.0244209912	0.0020976132	0.0000163930	0.0008105307	0.0017431358	0.0005963848	0.0029245370	0.0023395206	0.0052640576
0.1473178295	0.5854649011	0.7984153729	0.8815176441	0.7835163804	0.9057281818	0.8888266567	-0.0624275161	-0.0058665523	-0.0504392043	-0.0565609639	-0.0445726521	0.0038971948	0.0000344164	0.0025441133	0.0031991426	0.0019867213	0.0064757245	0.0051858639	0.0116615885
0.1473178295	0.5921315678	0.8006281919	0.8817418692	0.7853379235	0.9080074565	0.8906664761	-0.0596598362	-0.0056122220	-0.0481170717	-0.0540476142	-0.0425048497	0.0035592961	0.0000314970	0.0023152526	0.0029211446	0.0018066622	0.0059060457	0.0047278068	0.0106338525
0.1473178295	0.5987982344	0.8028031204	0.8819632709	0.7871198538	0.9102455248	0.8924633029	-0.0569469919	-0.0053611577	-0.0458506438	-0.0515858342	-0.0404894862	0.0032429599	0.0000287420	0.0021022815	0.0026610983	0.0016393985	0.0053739834	0.0043004968	0.0096744802
0.1473178295	0.6054649011	0.8049412391	0.8821818604	0.7888632554	0.9124436528	0.8942184043	-0.0542872157	-0.0051133442	-0.0436381806	-0.0491738715	-0.0385248364	0.0029471018	0.0000261463	0.0019042908	0.0024180696	0.0014841630	0.0048775389	0.0039022327	0.0087797715
0.1473178295	0.6121315678	0.8070436009	0.8823976494	0.7905691819	0.9146030720	0.8959330098	-0.0516788004	-0.0048687657	-0.0414780032	-0.0468100347	-0.0366092374	0.0026706984	0.0000237049	0.0017204247	0.0021911793	0.0013402363	0.0044148280	0.0035314156	0.0079462437
0.1473178295	0.6187982344	0.8091112303	0.8826106503	0.7922386562	0.9167249795	0.8976083123	-0.0491200969	-0.0046274061	-0.0393684926	-0.0444926908	-0.0347410865	0.0024127839	0.0000214129	0.0015498782	0.0019795995	0.0012069431	0.0039840750	0.0031865426	0.0071706177
0.1473178295	0.6254649011	0.8111451241	0.8828208756	0.7938726715	0.9188105384	0.8992454680	-0.0466095129	-0.0043892487	-0.0373080876	-0.0422202643	-0.0329188389	0.0021724467	0.0000192655	0.0013918934	0.0017825507	0.0010836500	0.0035836056	0.0028662007	0.0064498063
0.1473178295	0.6321315678	0.8131462516	0.8830283384	0.7954721915	0.9208608787	0.9008455979	-0.0441455110	-0.0041542765	-0.0352952827	-0.0399912346	-0.0311410063	0.0019488261	0.0000172580	0.0012457570	0.0015992988	0.0009697623	0.0032118411	0.0025690611	0.0057809023
0.1473178295	0.6387982344	0.8151155550	0.8832330516	0.7970381509	0.9228770974	0.9024097880	-0.0417266071	-0.0039224725	-0.0333286269	-0.0378041347	-0.0294061544	0.0017411097	0.0000153858	0.0011107974	0.0014291526	0.0008647219	0.0028672929	0.0022938745	0.0051611674
0.1473178295	0.6454649011	0.8170539498	0.8834350284	0.7985714559	0.9248602597	0.9039390903	-0.0393513688	-0.0036938196	-0.0314067213	-0.0356575492	-0.0277129017	0.0015485302	0.0000136443	0.0009863821	0.0012714608	0.0007680049	0.0025485567	0.0020394657	0.0045880224
0.1473178295	0.6521315678	0.8189623252	0.8836342821	0.8000729851	0.9268113991	0.9054345234	-0.0370184137	-0.0034683008	-0.0295282178	-0.0335501129	-0.0260599169	0.0013703630	0.0000120291	0.0008719156	0.0011256101	0.0006791193	0.0022543077	0.0018047293	0.0040590371
0.1473178295	0.6587982344	0.8208415446	0.8838308257	0.8015435896	0.9287315183	0.9068970738	-0.0347264077	-0.0032458992	-0.0276918171	-0.0314805085	-0.0244459179	0.0012059234	0.0000105359	0.0007668367	0.0009910224	0.0005976029	0.0019832960	0.0015886253	0.0035719213
0.1473178295	0.6654649011	0.8226924461	0.8840246721	0.8029840939	0.9306215901	0.9083276964	-0.0324740634	-0.0030265980	-0.0258962672	-0.0294474654	-0.0228696692	0.0010545648	0.0000091603	0.0006706167	0.0008671532	0.0005230218	0.0017343417	0.0013901750	0.0031245167
0.1473178295	0.6721315678	0.8245158429	0.8842158342	0.8043952968	0.9324825581	0.9097273151	-0.0302601386	-0.0028103807	-0.0241403616	-0.0274497579	-0.0213299809	0.0009156760	0.0000078982	0.0005827571	0.0007534892	0.0004549681	0.0015063313	0.0012084573	0.0027147886
0.1473178295	0.6787982344	0.8263125243	0.8844043244	0.8057779714	0.9343153369	0.9110968243	-0.0280834349	-0.0025972312	-0.0224229378	-0.0254862037	-0.0198257066	0.0007886793	0.0000067456	0.0005027881	0.0006495466	0.0003930586	0.0012982131	0.0010426052	0.0023408183
0.1473178295	0.6854649011	0.8280832558	0.8845901551	0.8071328662	0.9361208137	0.9124370891	-0.0259427958	-0.0023871337	-0.0207428758	-0.0235556621	-0.0183557421	0.0006730287	0.0000056984	0.0004302669	0.0005548692	0.0003369333	0.0011089940	0.0008918025	0.0020007964
0.1473178295	0.6921315678	0.8298287797	0.8847733381	0.8084607057	0.9378998484	0.9137489467	-0.0238371057	-0.0021800728	-0.0190990962	-0.0216570329	-0.0169190235	0.0005682076	0.0000047527	0.0003647755	0.0004690271	0.0002862534	0.0009377358	0.0007552804	0.0016930162
0.1473178295	0.6987982344	0.8315498159	0.8849538850	0.8097621912	0.9396532745	0.9150332067	-0.0217652879	-0.0019760335	-0.0174905592	-0.0197892544	-0.0155145257	0.0004737278	0.0000039047	0.0003059197	0.0003916146	0.0002407005	0.0007835521	0.0006323151	0.0014158672
0.1473178295	0.7054649011	0.8332470624	0.8851318071	0.8110380009	0.9413819001	0.9162906523	-0.0197263039	-0.0017750013	-0.0159162627	-0.0179513026	-0.0141412614	0.0003891271	0.0000031506	0.0002533274	0.0003222493	0.0001999753	0.0006456051	0.0005222245	0.0011678297
0.1473178295	0.7121315678	0.8349211959	0.8853071151	0.8122887913	0.9430865082	0.9175220412	-0.0177191514	-0.0015769623	-0.0143752414	-0.0161421891	-0.0127982790	0.0003139683	0.0000024868	0.0002066476	0.0002605703	0.0001637959	0.0005231027	0.0004243662	0.0009474689
0.1473178295	0.7187982344	0.8365728721	0.8854798193	0.8135151973	0.9447678579	0.9187281059	-0.0157428635	-0.0013819030	-0.0128665648	-0.0143609605	-0.0114846618	0.0002478378	0.0000019097	0.0001655485	0.0002062372	0.0001318975	0.0004152959	0.0003381346	0.0007534305
0.1473178295	0.7254649011	0.8382027267	0.8856499298	0.8147178329	0.9464266846	0.9199095551	-0.0137965070	-0.0011898104	-0.0113893366	-0.0126066966	-0.0101995262	0.0001903436	0.0000014156	0.0001297170	0.0001589288	0.0001040303	0.0003214762	0.0002629591	0.0005844354
0.1473178295	0.7321315678	0.8398113759	0.8858174559	0.8158972922	0.9480637013	0.9210670740	-0.0118791815	-0.0010006722	-0.0099426930	-0.0108785093	-0.0089420208	0.0001411150	0.0000010013	0.0000988571	0.0001183420	0.0000799597	0.0002409734	0.0001983017	0.0004392751
0.1473178295	0.7387982344	0.8413994165	0.8859824067	0.8170541497	0.9496795988	0.9222013254	-0.0099900179	-0.0008144765	-0.0085258013	-0.0091755415	-0.0077113248	0.0000998005	0.0000006634	0.0000726893	0.0000841906	0.0000594645	0.0001731531	0.0001436551	0.0003168082
0.1473178295	0.7454649011	0.8429674271	0.8861447907	0.8181889609	0.9512750466	0.9233129500	-0.0081281776	-0.0006312119	-0.0071378592	-0.0074969657	-0.0065066473	0.0000660673	0.0000003984	0.0000509490	0.0000562045	0.0000423365	0.0001174147	0.0000985410	0.0002159557
0.1473178295	0.7521315678	0.8445159681	0.8863046161	0.8193022630	0.9528506936	0.9244025678	-0.0062928511	-0.0004508679	-0.0057780934	-0.0058419833	-0.0053272256	0.0000396000	0.0000002033	0.0000333864	0.0000341288	0.0000283793	0.0000731896	0.0000625081	0.0001356977
0.1473178295	0.7587982344	0.8460455828	0.8864618904	0.8203945755	0.9544071686	0.9254707782	-0.0044832570	-0.0002734341	-0.0044457585	-0.0042098229	-0.0041723244	0.0000200996	0.0000000748	0.0000197648	0.0000177226	0.0000174083	0.0000399391	0.0000351309	0.0000750700
0.1473178295	0.7654649011	0.8475567974	0.8866166207	0.8214664008	0.9559450811	0.9265181608	-0.0026986410	-0.0000989011	-0.0031401358	-0.0025997399	-0.0030412347	0.0000072827	0.0000000098	0.0000098605	0.0000067586	0.0000092491	0.0000171529	0.0000160078	0.0000331607
0.1473178295	0.7721315678	0.8490501218	0.8867688139	0.8225182247	0.9574650219	0.9275452765	-0.0009382748	0.0000727403	-0.0018605326	-0.0010110150	-0.0019332728	0.0000008804	0.0000000053	0.0000034616	0.0000010222	0.0000037375	0.0000043472	0.0000047597	0.0000091069
0.1473178295	0.7787982344	0.8505260500	0.8869184760	0.8235505169	0.9589675635	0.9285526676	0.0007985448	0.0002414985	-0.0006062808	0.0005570463	-0.0008477793	0.0000006377	0.0000000583	0.0000003676	0.0000003103	0.0000007187	0.0000010636	0.0000010290	0.0000020926
0.1473178295	0.7854649011	0.8519850607	0.8870656130	0.8245637315	0.9604532610	0.9295408586	0.0025124967	0.0004073815	0.0006232636	0.0021051152	0.0002158820	0.0000063126	0.0000001660	0.0000003885	0.0000044315	0.0000000466	0.0000068671	0.0000044781	0.0000113452
0.1473178295	0.7921315678	0.8534276178	0.8872102300	0.8255583080	0.9619226526	0.9305103571	0.0042042368	0.0005703968	0.0018287217	0.0036338399	0.0012583249	0.0000176756	0.0000003254	0.0000033442	0.0000132048	0.0000015834	0.0000213452	0.0000147882	0.0000361334
0.1473178295	0.7987982344	0.8548541708	0.8873523321	0.8265346709	0.9633762597	0.9314616540	0.0058743983	0.0007305513	0.0030106928	0.0051438470	0.0022801415	0.0000345086	0.0000005337	0.0000090643	0.0000264592	0.0000051990	0.0000441065	0.0000316582	0.0000757647
0.1473178295	0.8054649011	0.8562651550	0.8874919237	0.8274932311	0.9648145884	0.9323952242	0.0075235931	0.0008878514	0.0041697547	0.0066357417	0.0032819033	0.0000566045	0.0000007883	0.0000173869	0.0000440331	0.0000107709	0.0000747796	0.0000548040	0.0001295835
0.1473178295	0.8121315678	0.8576609926	0.8876290088	0.8284343859	0.9662381289	0.9333115273	0.0091524123	0.0010423030	0.0053064649	0.0081101093	0.0042641619	0.0000837667	0.0000010864	0.0000281586	0.0000657739	0.0000181831	0.0001130116	0.0000839569	0.0001969686
0.1473178295	0.8187982344	0.8590420926	0.8877635912	0.8293585195	0.9676473569	0.9342110081	0.0107614271	0.0011939116	0.0064213613	0.0095675154	0.0052274497	0.0001158083	0.0000014254	0.0000412339	0.0000915374	0.0000273262	0.0001584676	0.0001188636	0.0002773312
0.1473178295	0.8254649011	0.8604088514	0.8878956742	0.8302660036	0.9690427337	0.9350940970	0.0123511892	0.0013426822	0.0075149631	0.0110085070	0.0061722809	0.0001525519	0.0000018028	0.0000564747	0.0001211872	0.0000380971	0.0002108293	0.0001592843	0.0003701136
0.1473178295	0.8321315678	0.8617616530	0.8880252605	0.8311571977	0.9704247067	0.9359612104	0.0139222322	0.0014886193	0.0085877712	0.0124336129	0.0070991519	0.0001938285	0.0000022160	0.0000737498	0.0001545947	0.0000503980	0.0002697944	0.0002049927	0.0004747870
0.1473178295	0.8387982344	0.8631008700	0.8881523529	0.8320324495	0.9717937099	0.9368127515	0.0154750716	0.0016317271	0.0096402693	0.0138433446	0.0080085422	0.0002394778	0.0000026625	0.0000929348	0.0001916382	0.0000641367	0.0003350752	0.0002557749	0.0005908501
0.1473178295	0.8454649011	0.8644268633	0.8882769536	0.8328920956	0.9731501643	0.9376491108	0.0170102060	0.0017720092	0.0106729241	0.0152381968	0.0089009149	0.0002893471	0.0000031400	0.0001139113	0.0002322026	0.0000792263	0.0004063984	0.0003114289	0.0007178274
0.1473178295	0.8521315678	0.8657399829	0.8883990643	0.8337364616	0.9744944785	0.9384706661	0.0185281171	0.0019094689	0.0116861865	0.0166186482	0.0097767176	0.0003432911	0.0000036461	0.0001365670	0.0002761795	0.0000955842	0.0004835042	0.0003717637	0.0008552678
0.1473178295	0.8587982344	0.8670405679	0.8885186867	0.8345658624	0.9758270489	0.9392777832	0.0200292712	0.0020441093	0.0126804918	0.0179851620	0.0106363825	0.0004011717	0.0000041784	0.0001607949	0.0003234661	0.0001131326	0.0005661450	0.0004365987	0.0010027436
0.1473178295	0.8654649011	0.8683289475	0.8886358221	0.8353806030	0.9771482602	0.9400708167	0.0215141191	0.0021759328	0.0136562604	0.0193381863	0.0114803276	0.0004628573	0.0000047347	0.0001864934	0.0003739654	0.0001317979	0.0006540854	0.0005057634	0.0011598488
0.1473178295	0.8721315678	0.8696054406	0.8887504714	0.8361809785	0.9784584860	0.9408501097	0.0229830966	0.0023049417	0.0146138985	0.0206781550	0.0123089568	0.0005282227	0.0000053128	0.0002135660	0.0004275861	0.0001515104	0.0007471015	0.0005790965	0.0013261980
0.1473178295	0.8787982344	0.8708703566	0.8888626353	0.8369672745	0.9797580886	0.9416159947	0.0244366259	0.0024311378	0.0155537985	0.0220054881	0.0131226607	0.0005971487	0.0000059104	0.0002419206	0.0004842415	0.0001722042	0.0008449798	0.0006564457	0.0015014255
0.1473178295	0.8854649011	0.8721239956	0.8889723144	0.8377397676	0.9810474201	0.9423687938	0.0258751149	0.0025545228	0.0164763398	0.0233205922	0.0139218170	0.0006695216	0.0000065256	0.0002714698	0.0005438500	0.0001938170	0.0009475169	0.0007376670	0.0016851839
0.1473178295	0.8921315678	0.8733666486	0.8890795088	0.8384987256	0.9823268222	0.9431088191	0.0272989590	0.0026750979	0.0173818888	0.0246238611	0.0147067909	0.0007452332	0.0000071561	0.0003021301	0.0006063345	0.0002162897	0.0010545194	0.0008226242	0.0018771436
0.1473178295	0.8987982344	0.8745985980	0.8891842186	0.8392444078	0.9835966269	0.9438363730	0.0287085404	0.0027928642	0.0182707999	0.0259156762	0.0154779357	0.0008241803	0.0000078001	0.0003338221	0.0006716223	0.0002395665	0.0011658025	0.0009111888	0.0020769913
0.1473178295	0.9054649011	0.8758201179	0.8892864435	0.8399770653	0.9848571564	0.9445517488	0.0301042294	0.0029078224	0.0191434156	0.0271964070	0.0162355932	0.0009062646	0.0000084554	0.0003664704	0.0007396446	0.0002635945	0.0012811904	0.0010032390	0.0022844295
0.1473178295	0.9121315678	0.8770314741	0.8893861831	0.8406969415	0.9861087239	0.9452552305	0.0314863844	0.0030199730	0.0200000675	0.0284664114	0.0169800944	0.0009913924	0.0000091202	0.0004000027	0.0008103366	0.0002883236	0.0014005153	0.0010986602	0.0024991755
0.1473178295	0.9187982344	0.8782329245	0.8894834368	0.8414042720	0.9873516337	0.9459470938	0.0328553527	0.0031293163	0.0208410758	0.0297260364	0.0177117594	0.0010794742	0.0000097926	0.0004343504	0.0008836372	0.0003137064	0.0015236173	0.0011973437	0.0027209609
0.1473178295	0.9254649011	0.8794247197	0.8895782039	0.8420992853	0.9885861814	0.9466276057	0.0342114705	0.0032358524	0.0216667506	0.0309756181	0.0184308982	0.0011704247	0.0000104707	0.0004694481	0.0009594889	0.0003396980	0.0016503435	0.0012991869	0.0029495305
0.1473178295	0.9321315678	0.8806071028	0.8896704835	0.8427822026	0.9898126544	0.9472970254	0.0355550636	0.0033395811	0.0224773921	0.0322154824	0.0191378110	0.0012641625	0.0000111528	0.0005052332	0.0010378373	0.0003662558	0.0017805485	0.0014040931	0.0031846416
0.1473178295	0.9387982344	0.8817803098	0.8897602745	0.8434532386	0.9910313317	0.9479556041	0.0368864475	0.0034405022	0.0232732905	0.0334459453	0.0198327883	0.0013606100	0.0000118371	0.0005416460	0.0011186313	0.0003933395	0.0019140931	0.0015119708	0.0034260639
0.1473178295	0.9454649011	0.8829445698	0.8898475758	0.8441126012	0.9922424850	0.9486035858	0.0382059282	0.0035386150	0.0240547268	0.0346673131	0.0205161118	0.0014596929	0.0000125218	0.0005786299	0.0012018226	0.0004209108	0.0020508446	0.0016227334	0.0036735781
0.1473178295	0.9521315678	0.8841001055	0.8899323859	0.8447604922	0.9934463780	0.9492412070	0.0395138021	0.0036339192	0.0248219734	0.0358798830	0.0211880542	0.0015613406	0.0000132054	0.0006161304	0.0012873660	0.0004489336	0.0021906763	0.0017362996	0.0039269759
0.1473178295	0.9587982344	0.8852471331	0.8900147036	0.8453971071	0.9946432676	0.9498686973	0.0408103568	0.0037264137	0.0255752936	0.0370839431	0.0218488799	0.0016654852	0.0000138862	0.0006540956	0.0013752188	0.0004773736	0.0023334670	0.0018525924	0.0041860594
0.1473178295	0.9654649011	0.8863858625	0.8900945274	0.8460226358	0.9958334033	0.9504862796	0.0420958709	0.0038160978	0.0263149429	0.0382797731	0.0224988451	0.0017720623	0.0000145626	0.0006924762	0.0014653410	0.0005061980	0.0024791012	0.0019715391	0.0044506402
0.1473178295	0.9721315678	0.8875164977	0.8901718556	0.8466372622	0.9970170278	0.9510941701	0.0433706146	0.0039029704	0.0270411685	0.0394676441	0.0231381980	0.0018810102	0.0000152332	0.0007312248	0.0015576949	0.0005353762	0.0026274682	0.0020930711	0.0047205393
0.1473178295	0.9787982344	0.8886392372	0.8902466866	0.8472411651	0.9981943775	0.9516925789	0.0446348501	0.0039870305	0.0277542101	0.0406478196	0.0237671796	0.0019922698	0.0000158964	0.0007702962	0.0016522452	0.0005648788	0.0027784624	0.0022171241	0.0049955865
0.1473178295	0.9854649011	0.8897542735	0.8903190188	0.8478345178	0.9993656820	0.9522817101	0.0458888318	0.0040682768	0.0284543000	0.0418205550	0.0243860232	0.0021057849	0.0000165509	0.0008096472	0.0017489588	0.0005946781	0.0029319829	0.0023436369	0.0052756199
0.1499844961	0.5854649011	0.7988006003	0.8815667681	0.7838168814	0.9061146917	0.8891179996	-0.0619451426	-0.0058108271	-0.0500557492	-0.0561343155	-0.0442449221	0.0038372007	0.0000337657	0.0025055780	0.0031510614	0.0019576131	0.0063765444	0.0051086745	0.0114852189
0.1499844961	0.5921315678	0.8010000194	0.8817898131	0.7856238740	0.9083797607	0.8909423338	-0.0591955244	-0.0055578494	-0.0477530266	-0.0536376750	-0.0421951772	0.0035041101	0.0000308897	0.0022803515	0.0028770002	0.0017804330	0.0058153513	0.0046574332	0.0104727845
0.1499844961	0.5987982344	0.8031621405	0.8820100724	0.7873919023	0.9106042727	0.8927243883	-0.0564998836	-0.0053080939	-0.0455050782	-0.0511917896	-0.0401969843	0.0031922368	0.0000281759	0.0020707121	0.0026205993	0.0016157975	0.0052911248	0.0042363969	0.0095275217
0.1499844961	0.6054649011	0.8052880150	0.8822275562	0.7891220197	0.9127894605	0.8944653951	-0.0538564995	-0.0050615469	-0.0433102127	-0.0487949526	-0.0382486658	0.0029005225	0.0000256193	0.0018757745	0.0023809474	0.0014629604	0.0048019163	0.0038439078	0.0086458242
0.1499844961	0.6121315678	0.8073786675	0.8824422751	0.7908152499	0.9149365237	0.8961665507	-0.0512637088	-0.0048181938	-0.0411667974	-0.0464455149	-0.0363486035	0.0026279678	0.0000232150	0.0016947052	0.0021571859	0.0013212210	0.0043458880	0.0034784068	0.0078242949
0.1499844961	0.6187982344	0.8094350960	0.8826542403	0.7924725883	0.9170466294	0.8978290163	-0.0487199036	-0.0045780197	-0.0390732564	-0.0441418838	-0.0344952366	0.0023736290	0.0000209583	0.0015267194	0.0019485059	0.0011899214	0.0039213066	0.0031384273	0.0070597339
0.1499844961	0.6254649011	0.8114582724	0.8828634634	0.7940950016	0.9191209128	0.8994539184	-0.0462235304	-0.0043410092	-0.0370280692	-0.0418825211	-0.0326870600	0.0021366148	0.0000188444	0.0013710779	0.0017541456	0.0010684439	0.0035265370	0.0028225895	0.0063491265
0.1499844961	0.6321315678	0.8134491421	0.8830699564	0.7956834284	0.9211604768	0.9010423496	-0.0437730883	-0.0041071466	-0.0350297689	-0.0396659418	-0.0309226224	0.0019160833	0.0000168687	0.0012270847	0.0015733869	0.0009562086	0.0031600366	0.0025295955	0.0056896321
0.1499844961	0.6387982344	0.8154086249	0.8832737312	0.7972387797	0.9231663935	0.9025953694	-0.0413671278	-0.0038764159	-0.0330769406	-0.0374907119	-0.0292005247	0.0017112393	0.0000150266	0.0010940840	0.0014055535	0.0008526706	0.0028203499	0.0022582241	0.0050785740
0.1499844961	0.6454649011	0.8173376151	0.8834748002	0.7987619392	0.9251397039	0.9041140043	-0.0390042486	-0.0036488012	-0.0311682196	-0.0353554474	-0.0275194184	0.0015213314	0.0000133138	0.0009714579	0.0012500077	0.0007573184	0.0025061031	0.0020073260	0.0045134291
0.1499844961	0.6521315678	0.8192369816	0.8836731754	0.8002537641	0.9270814192	0.9055992491	-0.0366830988	-0.0034242866	-0.0293022901	-0.0332588121	-0.0258780035	0.0013456497	0.0000117257	0.0008586242	0.0011061486	0.0006696711	0.0022159997	0.0017758196	0.0039918193
0.1499844961	0.6587982344	0.8211075689	0.8838688691	0.8017150852	0.9289925209	0.9070520676	-0.0344023729	-0.0032028563	-0.0274778832	-0.0311995167	-0.0242750269	0.0011835233	0.0000102583	0.0007550341	0.0009734098	0.0005892769	0.0019488156	0.0015626868	0.0035115024
0.1499844961	0.6654649011	0.8229501970	0.8840618934	0.8031467079	0.9308739615	0.9084733930	-0.0321608108	-0.0029844945	-0.0256937756	-0.0291763163	-0.0227092811	0.0010343178	0.0000089072	0.0006601701	0.0008512574	0.0005157114	0.0017033951	0.0013669689	0.0030703639
0.1499844961	0.6721315678	0.8247656621	0.8842522601	0.8045494124	0.9327266655	0.9098641289	-0.0299571956	-0.0027691857	-0.0239487880	-0.0271880099	-0.0211796023	0.0008974336	0.0000076684	0.0005735444	0.0007391879	0.0004485756	0.0014786464	0.0011877634	0.0026664098
0.1499844961	0.6787982344	0.8265547371	0.8844399810	0.8059239547	0.9345515296	0.9112251504	-0.0277903529	-0.0025569149	-0.0222417836	-0.0252334380	-0.0196848687	0.0007723037	0.0000065378	0.0004946969	0.0006367264	0.0003874941	0.0012735385	0.0010242204	0.0022977589
0.1499844961	0.6854649011	0.8283181722	0.8846250674	0.8072710667	0.9363494239	0.9125573041	-0.0256591491	-0.0023476672	-0.0205716665	-0.0233114818	-0.0182239992	0.0006583919	0.0000055115	0.0004231935	0.0005434252	0.0003321141	0.0010870969	0.0008755393	0.0019626363
0.1499844961	0.6921315678	0.8300566953	0.8848075305	0.8085914573	0.9381211921	0.9138614099	-0.0235624896	-0.0021414282	-0.0189373803	-0.0214210614	-0.0167959522	0.0005551909	0.0000045857	0.0003586244	0.0004588619	0.0002821040	0.0009184010	0.0007409659	0.0016593669
0.1499844961	0.6987982344	0.8317710123	0.8849873810	0.8098858126	0.9398676526	0.9151382608	-0.0214993182	-0.0019381837	-0.0173379069	-0.0195611346	-0.0153997233	0.0004622207	0.0000037566	0.0003006030	0.0003826380	0.0002371515	0.0007665803	0.0006197895	0.0013863697
0.1499844961	0.7054649011	0.8334618083	0.8851646294	0.8111547971	0.9415895988	0.9163886243	-0.0194686154	-0.0017379202	-0.0157722649	-0.0177306952	-0.0140343447	0.0003790270	0.0000030204	0.0002487643	0.0003143776	0.0001969628	0.0006308117	0.0005113404	0.0011421521
0.1499844961	0.7121315678	0.8351297472	0.8853392858	0.8123990534	0.9432878001	0.9176132433	-0.0174693969	-0.0015406245	-0.0142395081	-0.0159287724	-0.0126988836	0.0003051798	0.0000023735	0.0002027636	0.0002537258	0.0001612616	0.0005103169	0.0004149874	0.0009253044
0.1499844961	0.7187982344	0.8367754734	0.8855113597	0.8136192037	0.9449630027	0.9188128360	-0.0155007128	-0.0013462841	-0.0127387248	-0.0141544286	-0.0113924406	0.0002402721	0.0000018125	0.0001622751	0.0002003479	0.0001297877	0.0004043597	0.0003301356	0.0007344952
0.1499844961	0.7254649011	0.8383996111	0.8856808604	0.8148158500	0.9466159297	0.9199880978	-0.0135616459	-0.0011548868	-0.0112690359	-0.0124067591	-0.0101141490	0.0001839182	0.0000013338	0.0001269912	0.0001539277	0.0001022960	0.0003122432	0.0002562237	0.0005684669
0.1499844961	0.7321315678	0.8400027658	0.8858477967	0.8159895745	0.9482472824	0.9211397009	-0.0116513112	-0.0009664210	-0.0098295941	-0.0106848902	-0.0088631731	0.0001357531	0.0000009340	0.0000966209	0.0001141669	0.0000785558	0.0002333079	0.0001927227	0.0004260307
0.1499844961	0.7387982344	0.8415855244	0.8860121769	0.8171409408	0.9498577405	0.9222682961	-0.0097688538	-0.0007808756	-0.0084195825	-0.0089879782	-0.0076387069	0.0000954305	0.0000006098	0.0000708894	0.0000807838	0.0000583498	0.0001669296	0.0001391336	0.0003060632
0.1499844961	0.7454649011	0.8431484559	0.8861740090	0.8182704937	0.9514479632	0.9233745127	-0.0079134489	-0.0005982401	-0.0070382138	-0.0073152088	-0.0064399737	0.0000626227	0.0000003579	0.0000495365	0.0000535123	0.0000414733	0.0001125170	0.0000949855	0.0002075026
0.1499844961	0.7521315678	0.8446921115	0.8863333004	0.8193787606	0.9530185893	0.9244589595	-0.0060842997	-0.0004185045	-0.0056847285	-0.0056657953	-0.0052662241	0.0000370187	0.0000001751	0.0000323161	0.0000321012	0.0000277331	0.0000695100	0.0000598344	0.0001293443
0.1499844961	0.7587982344	0.8462170259	0.8864900580	0.8204662513	0.9545702383	0.9255222254	-0.0042806371	-0.0002416592	-0.0043583948	-0.0040389779	-0.0041167356	0.0000183239	0.0000000584	0.0000189956	0.0000163133	0.0000169475	0.0000373779	0.0000332609	0.0000706387
0.1499844961	0.7654649011	0.8477237170	0.8866442886	0.8215334591	0.9561035107	0.9265648803	-0.0025017183	-0.0000676955	-0.0030585067	-0.0024340228	-0.0029908112	0.0000062586	0.0000000046	0.0000093545	0.0000059245	0.0000089450	0.0000156176	0.0000148694	0.0000304871
0.1499844961	0.7721315678	0.8492126870	0.8867959981	0.8225808611	0.9576189888	0.9275874755	-0.0007468260	0.0001033952	-0.0017843834	-0.0008502211	-0.0018877786	0.0000005577	0.0000000107	0.0000031840	0.0000007229	0.0000035637	0.0000037525	0.0000042866	0.0000080390
0.1499844961	0.7787982344	0.8506844224	0.8869451923	0.8236089187	0.9591172372	0.9285905441	0.0009847327	0.0002716206	-0.0005353686	0.0007131121	-0.0008069892	0.0000009697	0.0000000738	0.0000002866	0.0000005085	0.0000006512	0.0000013301	0.0000011598	0.0000024899
0.1499844961	0.7854649011	0.8521393948	0.8870918763	0.8246180782	0.9605988033	0.9295746024	0.0026936268	0.0004369881	0.0006891710	0.0022566387	0.0002521829	0.0000072556	0.0000001910	0.0000004750	0.0000050924	0.0000000636	0.0000079215	0.0000051560	0.0000130776
0.1499844961	0.7921315678	0.8535780614	0.8872360551	0.8256087713	0.9620642178	0.9305401495	0.0043805028	0.0005995046	0.0018898463	0.0037809982	0.0012903417	0.0000191888	0.0000003594	0.0000035715	0.0000142959	0.0000016650	0.0000231197	0.0000159609	0.0000390807
0.1499844961	0.7987982344	0.8550008652	0.8873777330	0.8265814157	0.9635139957	0.9314876686	0.0060459852	0.0007591764	0.0030672463	0.0052868089	0.0023080700	0.0000365539	0.0000005763	0.0000094080	0.0000279503	0.0000053272	0.0000465383	0.0000332775	0.0000798158
0.1499844961	0.8054649011	0.8564082356	0.8875169140	0.8275364151	0.9649486360	0.9324176273	0.0076906776	0.0009160093	0.0042219398	0.0067746683	0.0033059305	0.0000591465	0.0000008391	0.0000178248	0.0000458961	0.0000109292	0.0000778104	0.0000568253	0.0001346357
0.1499844961	0.8121315678	0.8578005888	0.8876536016	0.8284741603	0.9663686232	0.9333304780	0.0093151629	0.0010700088	0.0053544752	0.0082451541	0.0042844664	0.0000867723	0.0000011449	0.0000286704	0.0000679826	0.0000183567	0.0001165876	0.0000863392	0.0002029268
0.1499844961	0.8187982344	0.8591783284	0.8877877992	0.8293950293	0.9677744267	0.9342266588	0.0109200048	0.0012211797	0.0064653821	0.0096988251	0.0052442023	0.0001192465	0.0000014913	0.0000418012	0.0000940672	0.0000275017	0.0001625390	0.0001215689	0.0002841078
0.1499844961	0.8254649011	0.8605418454	0.8879195095	0.8302993878	0.9691665024	0.9351065935	0.0125057480	0.0013695266	0.0075551713	0.0111362214	0.0061856447	0.0001563937	0.0000018756	0.0000570806	0.0001240154	0.0000382622	0.0002153500	0.0001622776	0.0003776276
0.1499844961	0.8321315678	0.8618915190	0.8880487350	0.8311875895	0.9705452922	0.9359706926	0.0140729191	0.0015150534	0.0086243363	0.0125578657	0.0071092828	0.0001980471	0.0000022954	0.0000743792	0.0001577000	0.0000505419	0.0002747216	0.0002082419	0.0004829635
0.1499844961	0.8387982344	0.8632277168	0.8881754779	0.8320599769	0.9719112251	0.9368193533	0.0156220272	0.0016577639	0.0096733532	0.0139642633	0.0080155893	0.0002440477	0.0000027482	0.0000935738	0.0001950006	0.0000642497	0.0003403697	0.0002592503	0.0005996200
0.1499844961	0.8454649011	0.8645507953	0.8882997400	0.8329168810	0.9732647172	0.9376529605	0.0171535646	0.0017976612	0.0107026819	0.0153559034	0.0089050207	0.0002942448	0.0000032316	0.0001145474	0.0002358038	0.0000792994	0.0004120238	0.0003151032	0.0007271269
0.1499844961	0.8521315678	0.8658610999	0.8884215227	0.8337586226	0.9746061726	0.9384718867	0.0186680074	0.0019347483	0.0117127665	0.0167332591	0.0097780182	0.0003484945	0.0000037433	0.0001371889	0.0002800020	0.0000956096	0.0004894266	0.0003756116	0.0008650383
0.1499844961	0.8587982344	0.8671589659	0.8885408273	0.8345855119	0.9759359832	0.9392764927	0.0201658161	0.0020690275	0.0127040360	0.0180967886	0.0106350085	0.0004066601	0.0000042809	0.0001613925	0.0003274938	0.0001131034	0.0005723335	0.0004405972	0.0010129307
0.1499844961	0.8654649011	0.8684447184	0.8886576546	0.8353978491	0.9772545297	0.9400671280	0.0216474362	0.0022005011	0.0136769048	0.0194469351	0.0114764037	0.0004686115	0.0000048422	0.0001870577	0.0003781833	0.0001317078	0.0006605114	0.0005098911	0.0011704025
0.1499844961	0.8721315678	0.8697186724	0.8887720054	0.8361959252	0.9785621815	0.9408441311	0.0231132987	0.0023291709	0.0146317732	0.0207841278	0.0123026023	0.0005342246	0.0000054250	0.0002140888	0.0004319800	0.0001513540	0.0007537384	0.0005833340	0.0013370724
0.1499844961	0.8787982344	0.8709811339	0.8888838799	0.8369800214	0.9798592973	0.9416078301	0.0245638207	0.0024550384	0.0155690283	0.0221087824	0.0131139899	0.0006033813	0.0000060272	0.0002423946	0.0004887983	0.0001719767	0.0008518031	0.0006607750	0.0015125781
0.1499844961	0.8854649011	0.8722323994	0.8889932783	0.8377504104	0.9811462254	0.9423585429	0.0259994059	0.0025781047	0.0164890438	0.0234213012	0.0139109392	0.0006759691	0.0000066466	0.0002718886	0.0005485574	0.0001935142	0.0009545043	0.0007420716	0.0016965759
0.1499844961	0.8921315678	0.8734727568	0.8891002005	0.8385073561	0.9824233043	0.9430965774	0.0274204450	0.0026983708	0.0173921815	0.0247220741	0.0146938107	0.0007518808	0.0000072812	0.0003024880	0.0006111809	0.0002159081	0.0010616500	0.0008270890	0.0018887390
0.1499844961	0.8987982344	0.8747024853	0.8892046462	0.8392511142	0.9836908625	0.9438222323	0.0288273162	0.0028158374	0.0182787908	0.0260114788	0.0154629534	0.0008310142	0.0000079289	0.0003341142	0.0006765970	0.0002391029	0.0011730573	0.0009157000	0.0020887572
0.1499844961	0.9054649011	0.8759218560	0.8893066149	0.8399819322	0.9849492192	0.9445357970	0.0302203859	0.0029305049	0.0191492097	0.0272898810	0.0162187049	0.0009132717	0.0000085879	0.0003666922	0.0007447376	0.0002630464	0.0012885518	0.0010077840	0.0022963358
0.1499844961	0.9121315678	0.8771311318	0.8894061059	0.8407000502	0.9861986847	0.9452375520	0.0316000087	0.0030423734	0.0200037653	0.0285576353	0.0169613919	0.0009985605	0.0000092560	0.0004001506	0.0008155385	0.0002876888	0.0014079672	0.0011032273	0.0025111946
0.1499844961	0.9187982344	0.8783305679	0.8895031182	0.8414057006	0.9874395603	0.9459277695	0.0329665282	0.0031514429	0.0208427737	0.0298150854	0.0176913308	0.0010867920	0.0000099316	0.0004344212	0.0008889393	0.0003129832	0.0015311448	0.0012019225	0.0027330673
0.1499844961	0.9254649011	0.8795204124	0.8895976510	0.8420991088	0.9886721389	0.9466067135	0.0343202774	0.0032577132	0.0216665410	0.0310625642	0.0184088279	0.0011778814	0.0000106127	0.0004694390	0.0009648829	0.0003388849	0.0016579331	0.0013037678	0.0029617010
0.1499844961	0.9321315678	0.8807009057	0.8896897030	0.8427804929	0.9898967053	0.9472746398	0.0356615786	0.0033611838	0.0224753635	0.0323003948	0.0191141797	0.0012717482	0.0000112976	0.0005051420	0.0010433155	0.0003653519	0.0017881877	0.0014086674	0.0031968551
0.1499844961	0.9387982344	0.8818722816	0.8897792729	0.8434500649	0.9911135362	0.9479317968	0.0369907445	0.0034618542	0.0232695278	0.0335288903	0.0198076736	0.0013683152	0.0000119844	0.0005414709	0.0011241865	0.0003923439	0.0019217705	0.0015165304	0.0034383010
0.1499844961	0.9454649011	0.8830347669	0.8898663593	0.8441080300	0.9923229007	0.9485784255	0.0383080779	0.0035597235	0.0240493114	0.0347483543	0.0204895879	0.0014675088	0.0000126716	0.0005783694	0.0012074481	0.0004198232	0.0020585498	0.0016272713	0.0036858212
0.1499844961	0.9521315678	0.8841885821	0.8899509607	0.8447545873	0.9935250606	0.9492147597	0.0396138725	0.0036547910	0.0248149833	0.0359590815	0.0211601923	0.0015692589	0.0000133575	0.0006157834	0.0012930555	0.0004477537	0.0021983998	0.0017408093	0.0039392091
0.1499844961	0.9587982344	0.8853339413	0.8900330754	0.8453899298	0.9947202702	0.9498410264	0.0409084130	0.0037470555	0.0255668037	0.0371613574	0.0218197482	0.0016734983	0.0000140404	0.0006536615	0.0013809665	0.0004761014	0.0023412001	0.0018570679	0.0041982680
0.1499844961	0.9654649011	0.8864710524	0.8901127017	0.8460142450	0.9959087773	0.9504574458	0.0421919755	0.0038365160	0.0263050249	0.0383554595	0.0224685089	0.0017801628	0.0000147189	0.0006919543	0.0014711413	0.0005048339	0.0024868360	0.0019759752	0.0044628112
0.1499844961	0.9721315678	0.8876001176	0.8901898379	0.8466277145	0.9970908225	0.9510642320	0.0434648279	0.0039231711	0.0270298912	0.0395416568	0.0231067201	0.0018891913	0.0000153913	0.0007306150	0.0015635426	0.0005339205	0.0026351976	0.0020974631	0.0047326607
0.1499844961	0.9787982344	0.8887213334	0.8902644821	0.8472305149	0.9982666402	0.9516615927	0.0447272300	0.0040070196	0.0277416396	0.0407202104	0.0237346200	0.0020005251	0.0000160562	0.0007695986	0.0016581355	0.0005633322	0.0027861799	0.0022214677	0.0050076476
0.1499844961	0.9854649011	0.8898348907	0.8903366324	0.8478228174	0.9994364584	0.9522497296	0.0459794338	0.0040880600	0.0284404996	0.0418913738	0.0243524396	0.0021141083	0.0000167122	0.0008088620	0.0017548872	0.0005930413	0.0029396826	0.0023479285	0.0052876111
0.1526511628	0.5854649011	0.7991905946	0.8816166160	0.7841223156	0.9065058214	0.8894141755	-0.0614570368	-0.0057542841	-0.0496661496	-0.0557027527	-0.0439118655	0.0037769674	0.0000331118	0.0024667264	0.0031027967	0.0019282519	0.0062768056	0.0050310486	0.0113078542
0.1526511628	0.5921315678	0.8013764918	0.8818384650	0.7859146342	0.9087565620	0.8912229000	-0.0587256318	-0.0055026768	-0.0473829940	-0.0532229550	-0.0418803172	0.0034486998	0.0000302795	0.0022451481	0.0028326829	0.0017539610	0.0057241274	0.0045866439	0.0103107713
0.1526511628	0.5987982344	0.8035256870	0.8820575668	0.7876686407	0.9109673985	0.8929900613	-0.0560473421	-0.0052542474	-0.0451536780	-0.0507930946	-0.0398994305	0.0031413046	0.0000276071	0.0020388546	0.0025799385	0.0015919646	0.0052077663	0.0041719030	0.0093796693
0.1526511628	0.6054649011	0.8056392019	0.8822739302	0.7893853571	0.9131395299	0.8947168562	-0.0534204937	-0.0050089836	-0.0429765589	-0.0484115101	-0.0379675753	0.0028537491	0.0000250899	0.0018469846	0.0023436743	0.0014415368	0.0047258237	0.0037852111	0.0085110348
0.1526511628	0.6121315678	0.8077180329	0.8824875647	0.7910657781	0.9152741242	0.8964044478	-0.0508434672	-0.0047668721	-0.0408500502	-0.0460765951	-0.0360831781	0.0025850582	0.0000227231	0.0016687266	0.0021230526	0.0013019957	0.0042765078	0.0034250484	0.0077015562
0.1526511628	0.6187982344	0.8097631516	0.8826984805	0.7927108709	0.9173723186	0.8980539656	-0.0483146961	-0.0045278992	-0.0387726192	-0.0437867968	-0.0342447199	0.0023343099	0.0000205019	0.0015033160	0.0019172836	0.0011727008	0.0038581277	0.0030899844	0.0069481121
0.1526511628	0.6254649011	0.8117755047	0.8829066881	0.7943215757	0.9194352197	0.8996665066	-0.0458326657	-0.0042920508	-0.0367427862	-0.0415406149	-0.0324507354	0.0021006332	0.0000184217	0.0013500323	0.0017256227	0.0010530502	0.0034690873	0.0027786729	0.0062477602
0.1526511628	0.6321315678	0.8137560139	0.8831121983	0.7958988060	0.9214639040	0.9012431349	-0.0433959118	-0.0040593124	-0.0347591230	-0.0393365994	-0.0306998105	0.0018832052	0.0000164780	0.0012081966	0.0015473680	0.0009424784	0.0031078798	0.0024898464	0.0055977262
0.1526511628	0.6387982344	0.8157055764	0.8833150222	0.7974434491	0.9234594180	0.9027848831	-0.0410030190	-0.0038296693	-0.0328202507	-0.0371733497	-0.0289905814	0.0016812476	0.0000146664	0.0010771689	0.0013818579	0.0008404538	0.0027730828	0.0022223117	0.0049953945
0.1526511628	0.6454649011	0.8176250651	0.8835151711	0.7989563660	0.9254227792	0.9042927526	-0.0386526197	-0.0036031066	-0.0309248391	-0.0350495131	-0.0273217325	0.0014940250	0.0000129824	0.0009563457	0.0012284684	0.0007464771	0.0024633531	0.0019749454	0.0044382985
0.1526511628	0.6521315678	0.8195153289	0.8837126562	0.8004383925	0.9273549758	0.9057677140	-0.0363433924	-0.0033796095	-0.0290716045	-0.0329637828	-0.0256919949	0.0013208422	0.0000114218	0.0008451582	0.0010866110	0.0006600786	0.0021774221	0.0017466896	0.0039241117
0.1526511628	0.6587982344	0.8213771930	0.8839074888	0.8018903389	0.9292569680	0.9072107082	-0.0340740604	-0.0031591634	-0.0272593087	-0.0309148971	-0.0241001453	0.0011610416	0.0000099803	0.0007430699	0.0009557309	0.0005808170	0.0019140918	0.0015365479	0.0034506397
0.1526511628	0.6654649011	0.8232114594	0.8840996799	0.8033129913	0.9311296883	0.9086226470	-0.0318433907	-0.0029417535	-0.0254867571	-0.0289016372	-0.0225450037	0.0010140015	0.0000086539	0.0006495748	0.0008353046	0.0005082772	0.0016722302	0.0013435818	0.0030158121
0.1526511628	0.6721315678	0.8250189070	0.8842892407	0.8047071117	0.9329740418	0.9100044134	-0.0296501919	-0.0027273654	-0.0237527978	-0.0269228266	-0.0210254324	0.0008791339	0.0000074385	0.0005641954	0.0007248386	0.0004420688	0.0014507678	0.0011669074	0.0026176752
0.1526511628	0.6787982344	0.8268002926	0.8844761818	0.8060734384	0.9347909074	0.9113568630	-0.0274933139	-0.0025159850	-0.0220563196	-0.0249773289	-0.0195403346	0.0007558823	0.0000063302	0.0004864812	0.0006238670	0.0003818247	0.0012486937	0.0010056916	0.0022543854
0.1526511628	0.6854649011	0.8285563508	0.8846605140	0.8074126870	0.9365811379	0.9126808241	-0.0253716456	-0.0023075984	-0.0203962510	-0.0230640471	-0.0180886525	0.0006437204	0.0000053250	0.0004160071	0.0005319503	0.0003271994	0.0010650525	0.0008591496	0.0019242021
0.1526511628	0.6921315678	0.8302877949	0.8848422475	0.8087255504	0.9383455608	0.9139770990	-0.0232841141	-0.0021021921	-0.0187715586	-0.0211819219	-0.0166693665	0.0005421500	0.0000044192	0.0003523714	0.0004486738	0.0002778678	0.0008989406	0.0007265416	0.0016254822
0.1526511628	0.6987982344	0.8319953170	0.8850213923	0.8100126999	0.9400849791	0.9152464641	-0.0212296834	-0.0018997531	-0.0171812461	-0.0193299303	-0.0152814931	0.0004506995	0.0000036091	0.0002951952	0.0003736462	0.0002335240	0.0007495037	0.0006071702	0.0013566740
0.1526511628	0.7054649011	0.8336795889	0.8851979580	0.8112747856	0.9418001718	0.9164896714	-0.0192073530	-0.0017002685	-0.0156243527	-0.0175070845	-0.0139240842	0.0003689224	0.0000028909	0.0002441204	0.0003064980	0.0001938801	0.0006159337	0.0005003781	0.0011163118
0.1526511628	0.7121315678	0.8353412623	0.8853719540	0.8125124367	0.9434918946	0.9177074483	-0.0172161569	-0.0015037262	-0.0140999519	-0.0157124307	-0.0125962257	0.0002963961	0.0000022612	0.0001988086	0.0002468805	0.0001586649	0.0004974659	0.0004055454	0.0009030113
0.1526511628	0.7187982344	0.8369809693	0.8855433891	0.8137262623	0.9451608804	0.9189004993	-0.0152551622	-0.0013101143	-0.0126071502	-0.0139450479	-0.0112970360	0.0002327200	0.0000017164	0.0001589402	0.0001944644	0.0001276230	0.0003933766	0.0003220874	0.0007154640
0.1526511628	0.7254649011	0.8385993231	0.8857122719	0.8149168523	0.9468078402	0.9200695058	-0.0133234680	-0.0011194216	-0.0111450863	-0.0122040464	-0.0100256648	0.0001775148	0.0000012531	0.0001242129	0.0001489387	0.0001005140	0.0003029809	0.0002494527	0.0005524336
0.1526511628	0.7321315678	0.8401969186	0.8858786104	0.8160847772	0.9484334634	0.9212151276	-0.0114202044	-0.0009316372	-0.0097129295	-0.0104885672	-0.0087812923	0.0001304211	0.0000008679	0.0000943410	0.0001100100	0.0000771111	0.0002256300	0.0001871211	0.0004127512
0.1526511628	0.7387982344	0.8417743324	0.8860424124	0.8172305893	0.9500384187	0.9223380030	-0.0095445311	-0.0007467508	-0.0083098786	-0.0087977803	-0.0075631278	0.0000910981	0.0000005576	0.0000690541	0.0000774009	0.0000572009	0.0001607098	0.0001346018	0.0002953116
0.1526511628	0.7454649011	0.8433321237	0.8862036851	0.8183548230	0.9516233546	0.9234387498	-0.0076956369	-0.0005647528	-0.0069351611	-0.0071308841	-0.0063704084	0.0000592228	0.0000003189	0.0000480965	0.0000508495	0.0000405821	0.0001076382	0.0000914316	0.0001990698
0.1526511628	0.7521315678	0.8448708349	0.8863624353	0.8194579955	0.9531889002	0.9245179656	-0.0058727381	-0.0003856337	-0.0055880321	-0.0054871044	-0.0052023984	0.0000344891	0.0000001487	0.0000312261	0.0000301083	0.0000270649	0.0000658639	0.0000571733	0.0001230371
0.1526511628	0.7587982344	0.8463909917	0.8865186694	0.8205406070	0.9547356653	0.9255762290	-0.0040750777	-0.0002093849	-0.0042677728	-0.0038656928	-0.0040583879	0.0000166063	0.0000000438	0.0000182139	0.0000149436	0.0000164705	0.0000348640	0.0000314141	0.0000662781
0.1526511628	0.7654649011	0.8478931038	0.8866723934	0.8216031416	0.9562642416	0.9266140998	-0.0023019246	-0.0000359981	-0.0029736903	-0.0022659266	-0.0029376922	0.0000052989	0.0000000013	0.0000088428	0.0000051344	0.0000086300	0.0000141430	0.0000137645	0.0000279074
0.1526511628	0.7721315678	0.8493776654	0.8868236127	0.8226460676	0.9577752027	0.9276321197	-0.0005525726	0.0001345344	-0.0017051159	-0.0006871070	-0.0018396504	0.0000003053	0.0000000181	0.0000029074	0.0000004721	0.0000033843	0.0000032309	0.0000038564	0.0000070873
0.1526511628	0.7787982344	0.8508451558	0.8869723326	0.8236698382	0.9592691051	0.9286308129	0.0011736608	0.0003022199	-0.0004614048	0.0008714409	-0.0007636247	0.0000013775	0.0000000913	0.0000002129	0.0000007594	0.0000005831	0.0000016817	0.0000013425	0.0000030242
0.1526511628	0.7854649011	0.8522960392	0.8871185577	0.8246748917	0.9607464886	0.9296106868	0.0028774348	0.0004670650	0.0007580654	0.0024103698	0.0002910004	0.0000082796	0.0000002181	0.0000005747	0.0000058099	0.0000000847	0.0000090724	0.0000058946	0.0000149670
0.1526511628	0.7921315678	0.8537307662	0.8872622923	0.8256616522	0.9622078766	0.9305722326	0.0045593864	0.0006290759	0.0019538949	0.0039303105	0.0013248190	0.0000207880	0.0000003957	0.0000038177	0.0000154473	0.0000017551	0.0000250014	0.0000172025	0.0000422039
0.1526511628	0.7987982344	0.8551497732	0.8874035402	0.8266305300	0.9636537769	0.9315159254	0.0062201313	0.0007882585	0.0031266632	0.0054318728	0.0023384046	0.0000386900	0.0000006214	0.0000097760	0.0000295052	0.0000054681	0.0000490874	0.0000349734	0.0000840608
0.1526511628	0.8054649011	0.8565534835	0.8875423050	0.8275819220	0.9650846824	0.9324422254	0.0078602645	0.0009446180	0.0042769292	0.0069156465	0.0033323111	0.0000617838	0.0000008923	0.0000182921	0.0000478262	0.0000111043	0.0000809682	0.0000589305	0.0001398986
0.1526511628	0.8121315678	0.8579423075	0.8876785898	0.8285162125	0.9665010708	0.9333515779	0.0094803610	0.0010981592	0.0054052325	0.0083822018	0.0043070733	0.0000898772	0.0000012060	0.0000292165	0.0000702613	0.0000185509	0.0001202997	0.0000888122	0.0002091119
0.1526511628	0.8187982344	0.8593166432	0.8878123973	0.8294337730	0.9679034059	0.9342444142	0.0110809768	0.0012488866	0.0065120942	0.0098320903	0.0052632076	0.0001227880	0.0000015597	0.0000424074	0.0000966700	0.0000277014	0.0001667551	0.0001243714	0.0002911265
0.1526511628	0.8254649011	0.8606768762	0.8879437299	0.8303349633	0.9692921378	0.9351211516	0.0126626494	0.0013968040	0.0075980170	0.0112658455	0.0062012130	0.0001603427	0.0000019511	0.0000577299	0.0001269193	0.0000384550	0.0002200236	0.0001653743	0.0003853979
0.1526511628	0.8321315678	0.8620233808	0.8880725897	0.8312201313	0.9706677030	0.9359821944	0.0142258985	0.0015419150	0.0086634864	0.0126839836	0.0071215714	0.0002023762	0.0000023775	0.0000750560	0.0001608834	0.0000507168	0.0002798097	0.0002116002	0.0004914099
0.1526511628	0.8387982344	0.8633565196	0.8881989783	0.8320896138	0.9720305254	0.9368279340	0.0157712267	0.0016842228	0.0097089713	0.0140870040	0.0080247486	0.0002487316	0.0000028366	0.0000942641	0.0001984437	0.0000643966	0.0003458323	0.0002628403	0.0006086726
0.1526511628	0.8454649011	0.8646766445	0.8883228972	0.8329437369	0.9733810163	0.9376587494	0.0172991201	0.0018237301	0.0107349245	0.0154753900	0.0089111945	0.0002992596	0.0000033260	0.0001152386	0.0002394877	0.0000794094	0.0004178242	0.0003188971	0.0007367212
0.1526511628	0.8521315678	0.8659840968	0.8884443475	0.8337828161	0.9747195750	0.9384750080	0.0188100488	0.0019604393	0.0117417835	0.0168496095	0.0097813441	0.0003538179	0.0000038433	0.0001378695	0.0002839093	0.0000956747	0.0004955307	0.0003795840	0.0008751148
0.1526511628	0.8587982344	0.8672792074	0.8885633299	0.8346071568	0.9760465891	0.9392770653	0.0203044679	0.0020943526	0.0127299706	0.0182101153	0.0106356181	0.0004122714	0.0000043863	0.0001620522	0.0003316083	0.0001131164	0.0005787099	0.0004447247	0.0010234346
0.1526511628	0.8654649011	0.8685622973	0.8886798450	0.8354170548	0.9773624350	0.9400652659	0.0217828173	0.0022254715	0.0136998944	0.0195573458	0.0114744229	0.0004744911	0.0000049527	0.0001876871	0.0003824898	0.0001316624	0.0006671310	0.0005141522	0.0011812831
0.1526511628	0.8721315678	0.8698336780	0.8887938931	0.8362127964	0.9786674781	0.9408399437	0.0232455230	0.0023537976	0.0146519492	0.0208917255	0.0122981516	0.0005403543	0.0000055404	0.0002146796	0.0004364642	0.0001512445	0.0007605743	0.0005877087	0.0013482830
0.1526511628	0.8787982344	0.8710936516	0.8889054742	0.8369946588	0.9799620734	0.9416014223	0.0246929974	0.0024793318	0.0155865165	0.0222136655	0.0131071846	0.0006097441	0.0000061471	0.0002429395	0.0004934469	0.0001717983	0.0008588307	0.0006652452	0.0015240759
0.1526511628	0.8854649011	0.8723425113	0.8890145881	0.8377629106	0.9812465655	0.9423500151	0.0261256393	0.0026020751	0.0165039649	0.0235235642	0.0139018898	0.0006825490	0.0000067708	0.0002723809	0.0005533581	0.0001932625	0.0009617007	0.0007466206	0.0017083213
0.1526511628	0.8921315678	0.8735805415	0.8891212343	0.8385178118	0.9825212893	0.9430860263	0.0275438352	0.0027220280	0.0174046508	0.0248218073	0.0146826228	0.0007586629	0.0000074094	0.0003029219	0.0006161221	0.0002155794	0.0010689942	0.0008317015	0.0019006957
0.1526511628	0.8987982344	0.8748080185	0.8892254123	0.8392596143	0.9837865701	0.9438097503	0.0289479592	0.0028391907	0.0182889190	0.0261087685	0.0154497283	0.0008379843	0.0000080610	0.0003344846	0.0006816678	0.0002386941	0.0011805299	0.0009203619	0.0021008918
0.1526511628	0.9054649011	0.8760252101	0.8893271213	0.8399885624	0.9850427241	0.9445214728	0.0303383736	0.0029535634	0.0191571029	0.0273848102	0.0162035395	0.0009204169	0.0000087235	0.0003669946	0.0007499278	0.0002625547	0.0012961350	0.0010124825	0.0023086176
0.1526511628	0.9121315678	0.8772323766	0.8894263601	0.8407048925	0.9862900583	0.9452214710	0.0317154292	0.0030651459	0.0200095250	0.0286502833	0.0169443791	0.0010058685	0.0000093951	0.0004003811	0.0008208387	0.0002871120	0.0014156447	0.0011079507	0.0025235954
0.1526511628	0.9187982344	0.8784297703	0.8895231278	0.8414088338	0.9875288712	0.9459100134	0.0330794661	0.0031739378	0.0208464974	0.0299055283	0.0176725595	0.0010942511	0.0000100739	0.0004345765	0.0008943406	0.0003123194	0.0015389014	0.0012066600	0.0027455614
0.1526511628	0.9254649011	0.8796176367	0.8896174230	0.8421006085	0.9887594532	0.9465873608	0.0344308136	0.0032799386	0.0216683220	0.0311508750	0.0183883834	0.0011854809	0.0000107580	0.0004695162	0.0009703770	0.0003381326	0.0016657551	0.0013085097	0.0029742648
0.1526511628	0.9321315678	0.8807962136	0.8897092442	0.8427804320	0.9899820862	0.9472537658	0.0357697910	0.0033831476	0.0224752912	0.0323866434	0.0190921436	0.0012794779	0.0000114457	0.0005051387	0.0010488947	0.0003645099	0.0017960624	0.0014134046	0.0032094670
0.1526511628	0.9387982344	0.8819657325	0.8897985899	0.8434485132	0.9911970445	0.9479094739	0.0370967076	0.0034835638	0.0232676880	0.0336131438	0.0197841242	0.0013761657	0.0000121352	0.0005413853	0.0011298434	0.0003914116	0.0019296862	0.0015212550	0.0034509412
0.1526511628	0.9454649011	0.8831264179	0.8898854584	0.8441050545	0.9924045949	0.9485547230	0.0384118634	0.0035811862	0.0240457864	0.0348306772	0.0204646002	0.0014754713	0.0000128249	0.0005781998	0.0012131761	0.0004187999	0.0020664960	0.0016319759	0.0036984719
0.1526511628	0.9521315678	0.8842784880	0.8899698481	0.8447502526	0.9936049968	0.9491897444	0.0397155491	0.0036760137	0.0248098519	0.0360395354	0.0211338382	0.0015773248	0.0000135131	0.0006155288	0.0012988481	0.0004466391	0.0022063667	0.0017454872	0.0039518539
0.1526511628	0.9587982344	0.8854221549	0.8900517569	0.8453842978	0.9947985025	0.9498147622	0.0410080469	0.0037680450	0.0255601416	0.0372400018	0.0217920966	0.0016816599	0.0000141982	0.0006533208	0.0013868177	0.0004748955	0.0023491789	0.0018617132	0.0042108921
0.1526511628	0.9654649011	0.8865576245	0.8901311830	0.8460073752	0.9959853574	0.9504299943	0.0422896300	0.0038572787	0.0262969047	0.0384323514	0.0224396260	0.0017884128	0.0000148786	0.0006915272	0.0014770456	0.0005035368	0.0024948186	0.0019805824	0.0044754010
0.1526511628	0.9721315678	0.8876850970	0.8902081244	0.8466196642	0.9971658005	0.9510356522	0.0435605640	0.0039437132	0.0270203824	0.0396168508	0.0230766692	0.0018975227	0.0000155529	0.0007301011	0.0015694949	0.0005325327	0.0026431767	0.0021020275	0.0047452042
0.1526511628	0.9787982344	0.8888047671	0.8902825791	0.8472213390	0.9983400641	0.9516319412	0.0448211062	0.0040273471	0.0277308090	0.0407937591	0.0237034619	0.0020089316	0.0000162195	0.0007689978	0.0016641308	0.0005618541	0.0027941489	0.0022259849	0.0050201337
0.1526511628	0.9854649011	0.8899168239	0.8903545450	0.8478125687	0.9995083744	0.9522190610	0.0460715064	0.0041081787	0.0284284113	0.0419633277	0.0243202326	0.0021225837	0.0000168771	0.0008081746	0.0017609209	0.0005914737	0.0029476354	0.0023523946	0.0053000300
0.1553178295	0.5854649011	0.7995852584	0.8816671795	0.7844325766	0.9069014669	0.8897150704	-0.0609633294	-0.0056969326	-0.0492705485	-0.0552663968	-0.0435736160	0.0037165275	0.0000324550	0.0024275870	0.0030543746	0.0018986600	0.0061765695	0.0049530346	0.0111296041
0.1553178295	0.5921315678	0.8017575167	0.8818878173	0.7862101029	0.9091377622	0.8915080665	-0.0582502817	-0.0054467131	-0.0470071094	-0.0528035685	-0.0415603963	0.0033930953	0.0000296667	0.0022096683	0.0027882168	0.0017272665	0.0056324303	0.0045154834	0.0101479137
0.1553178295	0.5987982344	0.8038936722	0.8821057467	0.7879499726	0.9113348090	0.8932602192	-0.0555894837	-0.0051996268	-0.0447965713	-0.0503898569	-0.0395969445	0.0030901907	0.0000270361	0.0020067328	0.0025391377	0.0015679180	0.0051239596	0.0041070557	0.0092310153
0.1553178295	0.6054649011	0.8059947166	0.8823209752	0.7896531765	0.9134937729	0.8949726899	-0.0529793083	-0.0049556626	-0.0426373407	-0.0480236457	-0.0376816781	0.0028068071	0.0000245586	0.0018179428	0.0023062705	0.0014199089	0.0046493085	0.0037261794	0.0083754879
0.1553178295	0.6121315678	0.8080616183	0.8825335113	0.7913206796	0.9156157902	0.8966466082	-0.0504181797	-0.0047148086	-0.0405278767	-0.0457033711	-0.0358130681	0.0025419928	0.0000222294	0.0016425088	0.0020887981	0.0012825758	0.0042067311	0.0033713740	0.0075781050
0.1553178295	0.6187982344	0.8100953224	0.8827433641	0.7929534212	0.9177019679	0.8982830724	-0.0479045729	-0.0044770523	-0.0384666901	-0.0434275206	-0.0339896378	0.0022948481	0.0000200440	0.0014796863	0.0018859495	0.0011552955	0.0037945784	0.0030412450	0.0068358234
0.1553178295	0.6254649011	0.8120967502	0.8829505430	0.7945523151	0.9197533844	0.8998831491	-0.0454370121	-0.0042423810	-0.0364523423	-0.0411946311	-0.0322099613	0.0020645221	0.0000179978	0.0013287733	0.0016969976	0.0010374816	0.0034112931	0.0027344792	0.0061457724
0.1553178295	0.6321315678	0.8140667997	0.8831550578	0.7961182495	0.9217710893	0.9014478743	-0.0430140695	-0.0040107812	-0.0344834431	-0.0390032882	-0.0304726619	0.0018502102	0.0000160864	0.0011891078	0.0015212565	0.0009285831	0.0030554044	0.0024498396	0.0055052440
0.1553178295	0.6387982344	0.8160063455	0.8833569186	0.7976520878	0.9237561040	0.9029782538	-0.0406343643	-0.0037822396	-0.0325586504	-0.0368521247	-0.0287764108	0.0016511516	0.0000143053	0.0010600657	0.0013580791	0.0008280818	0.0027255226	0.0021861609	0.0049116835
0.1553178295	0.6454649011	0.8179162393	0.8835561355	0.7991546684	0.9257094217	0.9044752634	-0.0382965612	-0.0035567424	-0.0306766682	-0.0347398188	-0.0271199257	0.0014666266	0.0000126504	0.0009410580	0.0012068550	0.0007354904	0.0024203350	0.0019423454	0.0043626804
0.1553178295	0.6521315678	0.8197973095	0.8837527189	0.8006268053	0.9276320082	0.9059398497	-0.0359993695	-0.0033342760	-0.0288362451	-0.0326650935	-0.0255019691	0.0012959546	0.0000111174	0.0008315290	0.0010670083	0.0006503504	0.0021386010	0.0017173588	0.0038559598
0.1553178295	0.6587982344	0.8216503622	0.8839466791	0.8020692888	0.9295248023	0.9073729307	-0.0337415412	-0.0031148267	-0.0270361735	-0.0306267145	-0.0239213467	0.0011384916	0.0000097021	0.0007309547	0.0009379956	0.0005722308	0.0018791484	0.0015102265	0.0033893749
0.1553178295	0.6654649011	0.8234761811	0.8841380263	0.8034828854	0.9313887160	0.9087753964	-0.0315218704	-0.0028983810	-0.0252752878	-0.0286234894	-0.0223769068	0.0009936283	0.0000084006	0.0006388402	0.0008193041	0.0005007260	0.0016408691	0.0013200301	0.0029608992
0.1553178295	0.6721315678	0.8252755281	0.8843267706	0.8048683385	0.9332246354	0.9101481095	-0.0293391915	-0.0026849255	-0.0235524632	-0.0266542661	-0.0208675378	0.0008607882	0.0000072088	0.0005547185	0.0007104499	0.0004354541	0.0014227155	0.0011459040	0.0025686195
0.1553178295	0.6787982344	0.8270491436	0.8845129220	0.8062263691	0.9350334212	0.9114919060	-0.0271923784	-0.0024744470	-0.0218666146	-0.0247179315	-0.0193921676	0.0007394254	0.0000061229	0.0004781488	0.0006109761	0.0003760562	0.0012236972	0.0009870323	0.0022107295
0.1553178295	0.6854649011	0.8287977466	0.8846964901	0.8075576760	0.9368159090	0.9128075956	-0.0250803430	-0.0022669326	-0.0202166947	-0.0228134103	-0.0179497620	0.0006290236	0.0000051390	0.0004087147	0.0005204517	0.0003221940	0.0010428773	0.0008426456	0.0018855230
0.1553178295	0.6921315678	0.8305220357	0.8848774845	0.8088629364	0.9385729101	0.9140959631	-0.0230020338	-0.0020623700	-0.0186016934	-0.0209396638	-0.0165393234	0.0005290936	0.0000042534	0.0003460230	0.0004384695	0.0002735492	0.0008793699	0.0007120187	0.0015913887
0.1553178295	0.6987982344	0.8322226893	0.8850559144	0.8101428066	0.9403052121	0.9153577683	-0.0209564352	-0.0018607467	-0.0170206361	-0.0190956885	-0.0151598894	0.0004391722	0.0000034624	0.0002897021	0.0003646453	0.0002298222	0.0007323366	0.0005944676	0.0013268042
0.1553178295	0.7054649011	0.8339003656	0.8852317885	0.8113979221	0.9420135793	0.9165937471	-0.0189425661	-0.0016620512	-0.0154725828	-0.0172805149	-0.0138105316	0.0003588208	0.0000027624	0.0002394008	0.0002986162	0.0001907308	0.0006009840	0.0004893470	0.0010903310
0.1553178295	0.7121315678	0.8355557039	0.8854051156	0.8126288987	0.9436987536	0.9178046121	-0.0169594784	-0.0014662719	-0.0139566265	-0.0154932065	-0.0124903546	0.0002876239	0.0000021500	0.0001947874	0.0002400394	0.0001560090	0.0004845613	0.0003960484	0.0008806097
0.1553178295	0.7187982344	0.8371893245	0.8855759036	0.8138363325	0.9453614548	0.9189910535	-0.0150062565	-0.0012733980	-0.0124718925	-0.0137328585	-0.0111984945	0.0002251877	0.0000016215	0.0001555481	0.0001885914	0.0001254063	0.0003823574	0.0003139977	0.0006963551
0.1553178295	0.7254649011	0.8388018293	0.8857441604	0.8150208010	0.9470023815	0.9201537391	-0.0130820157	-0.0010834190	-0.0110175370	-0.0119985968	-0.0099341180	0.0001711391	0.0000011738	0.0001213861	0.0001439663	0.0000986867	0.0002936991	0.0002426530	0.0005363521
0.1553178295	0.7321315678	0.8403938022	0.8859098934	0.8161828631	0.9486222114	0.9212933157	-0.0111859015	-0.0008963249	-0.0095927459	-0.0102895767	-0.0086964210	0.0001251244	0.0000008034	0.0000920208	0.0001058754	0.0000756277	0.0002179486	0.0001815031	0.0003994517
0.1553178295	0.7387982344	0.8419658097	0.8860731096	0.8173230597	0.9502216020	0.9224104093	-0.0093170883	-0.0007121062	-0.0081967340	-0.0086049821	-0.0074846278	0.0000868081	0.0000005071	0.0000671864	0.0000740457	0.0000560197	0.0001545017	0.0001300654	0.0002845670
0.1553178295	0.7454649011	0.8435184014	0.8862338156	0.8184419148	0.9518011912	0.9235056261	-0.0074747784	-0.0005307538	-0.0068287438	-0.0069440246	-0.0062979900	0.0000558723	0.0000002817	0.0000466317	0.0000482195	0.0000396647	0.0001027858	0.0000878842	0.0001906699
0.1553178295	0.7521315678	0.8450521103	0.8863920175	0.8195399351	0.9533615980	0.9245795527	-0.0056582012	-0.0003522594	-0.0054880446	-0.0053059418	-0.0051357852	0.0000320152	0.0000001241	0.0000301186	0.0000281530	0.0000263763	0.0000622580	0.0000545293	0.0001167873
0.1553178295	0.7587982344	0.8465674534	0.8865477212	0.8206176114	0.9549034227	0.9256327570	-0.0038666121	-0.0001766147	-0.0041739312	-0.0036899974	-0.0039973165	0.0000149507	0.0000000312	0.0000174217	0.0000136161	0.0000159785	0.0000324036	0.0000295946	0.0000619982
0.1553178295	0.7654649011	0.8480649322	0.8867009320	0.8216754185	0.9564272480	0.9266657887	-0.0020992918	-0.0000038123	-0.0028857236	-0.0020954795	-0.0028819112	0.0000044070	0.0000000000	0.0000083274	0.0000043910	0.0000083054	0.0000127344	0.0000126964	0.0000254309
0.1553178295	0.7721315678	0.8495450328	0.8868516548	0.8227138159	0.9579336388	0.9276791799	-0.0003555449	0.0001661548	-0.0016227653	-0.0005216997	-0.0017889200	0.0000001264	0.0000000276	0.0000026334	0.0000002722	0.0000032002	0.0000027874	0.0000034724	0.0000062598
0.1553178295	0.7787982344	0.8510082269	0.8869998942	0.8237332483	0.9594231437	0.9286734459	0.0013653003	0.0003332932	-0.0003844230	0.0010320071	-0.0007177162	0.0000018640	0.0000001111	0.0000001478	0.0000010650	0.0000005151	0.0000021229	0.0000015802	0.0000037031
0.1553178295	0.7854649011	0.8524549718	0.8871456543	0.8247341460	0.9608962944	0.9296490852	0.0030638932	0.0004976090	0.0008299145	0.0025662841	0.0003323055	0.0000093874	0.0000002476	0.0000006888	0.0000065858	0.0000001104	0.0000103238	0.0000066962	0.0000170201
0.1553178295	0.7921315678	0.8538857109	0.8872889389	0.8257169255	0.9623536072	0.9306065808	0.0047408613	0.0006591079	0.0020208370	0.0040817534	0.0013617291	0.0000224758	0.0000004344	0.0000040838	0.0000166607	0.0000018543	0.0000269940	0.0000185150	0.0000455090
0.1553178295	0.7987982344	0.8553008744	0.8874297512	0.8266819899	0.9637955830	0.9315463999	0.0063968113	0.0008177948	0.0031889138	0.0055790165	0.0023711190	0.0000409192	0.0000006688	0.0000101692	0.0000311254	0.0000056222	0.0000517572	0.0000367476	0.0000885048
0.1553178295	0.8054649011	0.8567008793	0.8875680944	0.8276297291	0.9652227077	0.9324689951	0.0080323298	0.0009736747	0.0043346946	0.0070586551	0.0033610200	0.0000645183	0.0000009480	0.0000187896	0.0000498246	0.0000112965	0.0000842559	0.0000611211	0.0001453770
0.1553178295	0.8121315678	0.8580861301	0.8877039710	0.8285605206	0.9666354529	0.9333748047	0.0096479836	0.0011267516	0.0054587099	0.0085212320	0.0043319583	0.0000930836	0.0000012696	0.0000297975	0.0000726114	0.0000187659	0.0001241507	0.0000913773	0.0002155279
0.1553178295	0.8187982344	0.8594570191	0.8878373833	0.8294747296	0.9680342765	0.9342642529	0.0112443211	0.0012770295	0.0065614720	0.0099672915	0.0052844424	0.0001264348	0.0000016308	0.0000430529	0.0000993469	0.0000279253	0.0001711185	0.0001272722	0.0002983907
0.1553178295	0.8254649011	0.8608139267	0.8879683333	0.8303727099	0.9694196227	0.9351377507	0.0128218724	0.0014245118	0.0076434754	0.0113973606	0.0062189636	0.0001644004	0.0000020292	0.0000584227	0.0001298998	0.0000386755	0.0002248524	0.0001685753	0.0003934277
0.1553178295	0.8321315678	0.8621572219	0.8880968225	0.8312548035	0.9707919228	0.9359956961	0.0143811504	0.0015692015	0.0087051980	0.0128119489	0.0071359965	0.0002068175	0.0000024624	0.0000757805	0.0001641460	0.0000509224	0.0002850604	0.0002150685	0.0005001288
0.1553178295	0.8387982344	0.8634872627	0.8882228522	0.8321213418	0.9721515952	0.9368384745	0.0159226510	0.0017111013	0.0097471011	0.0142115497	0.0080359998	0.0002535308	0.0000029279	0.0000950060	0.0002019681	0.0000645773	0.0003514647	0.0002665454	0.0006180101
0.1553178295	0.8454649011	0.8648043962	0.8883464234	0.8329726455	0.9734990466	0.9376664594	0.0174468541	0.0018502135	0.0107696305	0.0155966406	0.0089194170	0.0003043927	0.0000034233	0.0001159849	0.0002432552	0.0000795560	0.0004238009	0.0003228112	0.0007466121
0.1553178295	0.8521315678	0.8661089592	0.8884675367	0.8338090250	0.9748346713	0.9384800125	0.0189542240	0.0019865399	0.0117732167	0.0169676840	0.0097866767	0.0003592626	0.0000039463	0.0001386086	0.0002879023	0.0000957790	0.0005018176	0.0003836813	0.0008854989
0.1553178295	0.8587982344	0.8674012785	0.8885861927	0.8346307809	0.9761588528	0.9392794843	0.0204452097	0.0021200823	0.0127582759	0.0183251274	0.0106381935	0.0004180066	0.0000044947	0.0001627736	0.0003358103	0.0001131712	0.0005852750	0.0004489815	0.0010342564
0.1553178295	0.8654649011	0.8686816711	0.8887023915	0.8354382043	0.9774719629	0.9400652145	0.0219202462	0.0022508419	0.0137252101	0.0196694043	0.0114743682	0.0004804972	0.0000050663	0.0001883814	0.0003868855	0.0001316611	0.0006739449	0.0005185466	0.0011924915
0.1553178295	0.8721315678	0.8699504446	0.8888161329	0.8362315771	0.9787743633	0.9408375322	0.0233797541	0.0023788197	0.0146744082	0.0210009345	0.0122955885	0.0005466129	0.0000056588	0.0002153383	0.0004410392	0.0001511815	0.0007676099	0.0005922207	0.0013598307
0.1553178295	0.8787982344	0.8712078974	0.8889274167	0.8370111723	0.9800664048	0.9415967565	0.0248241409	0.0025040163	0.0156062457	0.0223201247	0.0131022295	0.0006162380	0.0000062701	0.0002435549	0.0004981880	0.0001716684	0.0008660630	0.0006698564	0.0015359194
0.1553178295	0.8854649011	0.8724543193	0.8890362422	0.8377772543	0.9813484287	0.9423431965	0.0262538010	0.0026264322	0.0165210861	0.0236273688	0.0138946539	0.0006892621	0.0000068981	0.0002729463	0.0005582526	0.0001930614	0.0009691065	0.0007513140	0.0017204205
0.1553178295	0.8921315678	0.8736899914	0.8891426088	0.8385300793	0.9826207661	0.9430771521	0.0276691162	0.0027460677	0.0174192807	0.0249230486	0.0146732131	0.0007655800	0.0000075409	0.0003034313	0.0006211584	0.0002153032	0.0010765522	0.0008364615	0.0019130138
0.1553178295	0.8987982344	0.8749151867	0.8892465155	0.8392698955	0.9838837391	0.9437989139	0.0290704565	0.0028629225	0.0183011693	0.0262075340	0.0154382468	0.0008450914	0.0000081963	0.0003349328	0.0006868348	0.0002383395	0.0011882206	0.0009251743	0.0021133949
0.1553178295	0.9054649011	0.8761301700	0.8893479612	0.8399969436	0.9851376606	0.9445087640	0.0304581801	0.0029769965	0.0191670806	0.0274811836	0.0161900841	0.0009277007	0.0000088625	0.0003673770	0.0007552155	0.0002621188	0.0013039402	0.0010173343	0.0023212745
0.1553178295	0.9121315678	0.8773351985	0.8894469446	0.8407114564	0.9863828347	0.9452069756	0.0318326341	0.0030882891	0.0200173327	0.0287443450	0.0169290435	0.0010133166	0.0000095375	0.0004006936	0.0008262374	0.0002865925	0.0014235477	0.0011128299	0.0025363776
0.1553178295	0.9187982344	0.8785305221	0.8895434642	0.8414136601	0.9876195571	0.9458938140	0.0331941549	0.0031967997	0.0208522334	0.0299973551	0.0176554336	0.0011018519	0.0000102195	0.0004348156	0.0008998413	0.0003117143	0.0015468871	0.0012115557	0.0027584427
0.1553178295	0.9254649011	0.8797163833	0.8896375185	0.8421037736	0.9888481151	0.9465695365	0.0345430682	0.0033025274	0.0216720806	0.0312405408	0.0183695532	0.0011932236	0.0000109067	0.0004696791	0.0009759714	0.0003374405	0.0016738093	0.0013134119	0.0029872212
0.1553178295	0.9321315678	0.8808930177	0.8897291058	0.8427820093	0.9900687882	0.9472343928	0.0358796901	0.0034054711	0.0224771628	0.0324742190	0.0190716917	0.0012873522	0.0000115972	0.0005052228	0.0010545749	0.0003637294	0.0018041722	0.0014183043	0.0032224766
0.1553178295	0.9387982344	0.8820606540	0.8898182243	0.8434485733	0.9912818482	0.9478886251	0.0372043267	0.0035056297	0.0232677592	0.0336986970	0.0197621295	0.0013841619	0.0000122894	0.0005413886	0.0011356022	0.0003905418	0.0019378400	0.0015261439	0.0034639839
0.1553178295	0.9454649011	0.8832195146	0.8899048721	0.8441036652	0.9924875594	0.9485324686	0.0385172750	0.0036030019	0.0240441404	0.0349142731	0.0204411386	0.0014835805	0.0000129816	0.0005781207	0.0012190065	0.0004178401	0.0020746828	0.0016368466	0.0037115294
0.1553178295	0.9521315678	0.8843698154	0.8899890470	0.8447474788	0.9936861789	0.9491661517	0.0398188228	0.0036975861	0.0248065684	0.0361212366	0.0211089823	0.0015855386	0.0000136721	0.0006153658	0.0013047437	0.0004455891	0.0022145766	0.0017503329	0.0039649095
0.1553178295	0.9587982344	0.8855117664	0.8900707472	0.8453802022	0.9948779568	0.9497898958	0.0411092494	0.0037893810	0.0255552970	0.0373198684	0.0217659160	0.0016899704	0.0000143594	0.0006530732	0.0013927726	0.0004737551	0.0023574030	0.0018665277	0.0042239307
0.1553178295	0.9654649011	0.8866455715	0.8901499704	0.8460020179	0.9960631365	0.9504039163	0.0423888256	0.0038783847	0.0262905722	0.0385104409	0.0224121875	0.0017968125	0.0000150419	0.0006911942	0.0014830541	0.0005023061	0.0025030486	0.0019853602	0.0044884088
0.1553178295	0.9721315678	0.8877714289	0.8902267143	0.8466131030	0.9972419549	0.9510084221	0.0436578144	0.0039645957	0.0270126325	0.0396932187	0.0230480368	0.0019060048	0.0000157180	0.0007296823	0.0015755516	0.0005312120	0.0026514051	0.0021067636	0.0047581687
0.1553178295	0.9787982344	0.8888895315	0.8903009769	0.8472136293	0.9984146424	0.9516036165	0.0449164706	0.0040480120	0.0277217090	0.0408684586	0.0236736970	0.0020174893	0.0000163864	0.0007684932	0.0016702309	0.0005604439	0.0028023689	0.0022306748	0.0050330437
0.1553178295	0.9854649011	0.8900000665	0.8903727557	0.8478037640	0.9995814234	0.9521896965	0.0461650419	0.0041286318	0.0284180260	0.0420364100	0.0242893942	0.0021312111	0.0000170456	0.0008075842	0.0017670598	0.0005899747	0.0029558409	0.0023570344	0.0053128753
0.1579844961	0.5854649011	0.7999844938	0.8817184506	0.7847475575	0.9073015238	0.8900205695	-0.0604641509	-0.0056387818	-0.0488690894	-0.0548253691	-0.0432303076	0.0036559135	0.0000317959	0.0023881879	0.0030058211	0.0018688595	0.0060758973	0.0048746806	0.0109505779
0.1579844961	0.5921315678	0.8021430015	0.8819378621	0.7865101787	0.9095232624	0.8917977246	-0.0577695975	-0.0053899674	-0.0466255085	-0.0523796301	-0.0412355411	0.0033373264	0.0000290517	0.0021739380	0.0027436256	0.0017003698	0.0055403162	0.0044439955	0.0099843117
0.1579844961	0.5987982344	0.8042660081	0.8821546043	0.7882358016	0.9117064109	0.8935347588	-0.0551264253	-0.0051442408	-0.0444338869	-0.0499821844	-0.0392896461	0.0030389228	0.0000264632	0.0019743703	0.0024982188	0.0015436763	0.0050397563	0.0040418951	0.0090816513
0.1579844961	0.6054649011	0.8063544757	0.8823686838	0.7899253859	0.9138521012	0.8952327982	-0.0525330536	-0.0049015923	-0.0422926799	-0.0476314613	-0.0373910876	0.0027597217	0.0000240256	0.0017886708	0.0022687561	0.0013980934	0.0045724181	0.0036668495	0.0082392676
0.1579844961	0.6121315678	0.8084093446	0.8825801079	0.7915798670	0.9159614379	0.8968929392	-0.0499879507	-0.0046620113	-0.0402003925	-0.0453259394	-0.0355383811	0.0024987952	0.0000217343	0.0016160716	0.0020544408	0.0012629765	0.0041366011	0.0033174173	0.0074540184
0.1579844961	0.6187982344	0.8104315332	0.8827888844	0.7932001563	0.9180354981	0.8985162481	-0.0474896328	-0.0044254869	-0.0381555790	-0.0430641460	-0.0337300921	0.0022552652	0.0000195849	0.0014558482	0.0018545207	0.0011377191	0.0037306984	0.0029922398	0.0067229381
0.1579844961	0.6254649011	0.8124219375	0.8829950217	0.7947871408	0.9200753317	0.9001037619	-0.0450366629	-0.0041920072	-0.0361568413	-0.0408446557	-0.0319648341	0.0020283010	0.0000175729	0.0013073172	0.0016682859	0.0010217506	0.0033531911	0.0026900365	0.0060432276
0.1579844961	0.6321315678	0.8143814318	0.8831985286	0.7963416836	0.9220819617	0.9016564881	-0.0426276499	-0.0039615603	-0.0342028281	-0.0386660896	-0.0302412679	0.0018171165	0.0000156940	0.0011698335	0.0014950665	0.0009145343	0.0030026440	0.0024096008	0.0054122447
0.1579844961	0.6387982344	0.8163108681	0.8833994141	0.7978646240	0.9240563838	0.9031754055	-0.0402612474	-0.0037341339	-0.0322922336	-0.0365271135	-0.0285580997	0.0016209680	0.0000139438	0.0010427884	0.0013342300	0.0008155651	0.0026777002	0.0021497951	0.0048274952
0.1579844961	0.6454649011	0.8182110764	0.8835976874	0.7993567779	0.9259995675	0.9046614645	-0.0379361527	-0.0035097155	-0.0304237960	-0.0344264372	-0.0269140805	0.0014391517	0.0000123181	0.0009256074	0.0011851796	0.0007243677	0.0023770771	0.0019095473	0.0042866244
0.1579844961	0.6521315678	0.8200828651	0.8837933578	0.8008189377	0.9279124558	0.9061155875	-0.0356511054	-0.0032882926	-0.0285962965	-0.0323628128	-0.0253080039	0.0012710013	0.0000108129	0.0008177482	0.0010473517	0.0006404951	0.0020995624	0.0016878467	0.0037874091
0.1579844961	0.6587982344	0.8219270210	0.8839864347	0.8022518729	0.9297959660	0.9075386696	-0.0334048867	-0.0030698527	-0.0268085580	-0.0303350341	-0.0237387054	0.0011158865	0.0000094240	0.0007186988	0.0009202143	0.0005635261	0.0018440092	0.0014837404	0.0033277497
0.1579844961	0.6654649011	0.8237443096	0.8841769273	0.8036563308	0.9316509899	0.9089315792	-0.0311963177	-0.0028543832	-0.0250594440	-0.0283419346	-0.0222050609	0.0009732102	0.0000081475	0.0006279757	0.0008032653	0.0004930647	0.0016093335	0.0012963300	0.0029056635
0.1579844961	0.6721315678	0.8255354754	0.8843648449	0.8050330364	0.9334783943	0.9102951581	-0.0290242587	-0.0026418718	-0.0233478571	-0.0263823869	-0.0207059853	0.0008424076	0.0000069795	0.0005451224	0.0006960303	0.0004287378	0.0013945095	0.0011247682	0.0025192777
0.1579844961	0.6787982344	0.8273012424	0.8845501965	0.8063826929	0.9352790217	0.9116302229	-0.0268876076	-0.0024323065	-0.0216727378	-0.0244553011	-0.0192404313	0.0007229434	0.0000059161	0.0004697076	0.0005980618	0.0003701942	0.0011985671	0.0009682559	0.0021668231
0.1579844961	0.6854649011	0.8290423142	0.8847329910	0.8077059824	0.9370536904	0.9129375648	-0.0247852993	-0.0022256754	-0.0200330635	-0.0225596239	-0.0178073881	0.0006143111	0.0000049536	0.0004013236	0.0005089366	0.0003171031	0.0010205883	0.0008260397	0.0018466280
0.1579844961	0.6921315678	0.8307593746	0.8849132370	0.8090035663	0.9388031955	0.9142179509	-0.0227163039	-0.0020219669	-0.0184278473	-0.0206943370	-0.0164058805	0.0005160305	0.0000040884	0.0003395856	0.0004282556	0.0002691529	0.0008597044	0.0006974085	0.0015571129
0.1579844961	0.6987982344	0.8324530879	0.8850909430	0.8102760857	0.9405283090	0.9154721242	-0.0206796263	-0.0018211697	-0.0168561365	-0.0188584566	-0.0150349668	0.0004276469	0.0000033167	0.0002841293	0.0003556414	0.0002260502	0.0007150929	0.0005816916	0.0012967846
0.1579844961	0.7054649011	0.8341240991	0.8852661168	0.8115241618	0.9422297807	0.9167008048	-0.0186743044	-0.0016232730	-0.0153170119	-0.0170510314	-0.0136937388	0.0003487296	0.0000026350	0.0002346109	0.0002907377	0.0001875185	0.0005859755	0.0004782562	0.0010642317
0.1579844961	0.7121315678	0.8357730349	0.8854387664	0.8127483967	0.9439083386	0.9179046903	-0.0166994087	-0.0014282664	-0.0138095862	-0.0152711423	-0.0123813198	0.0002788703	0.0000020399	0.0001907047	0.0002332078	0.0001532971	0.0004716149	0.0003865049	0.0008581197
0.1579844961	0.7187982344	0.8374005036	0.8856088992	0.8139493735	0.9455646893	0.9190844562	-0.0147540407	-0.0012361398	-0.0123330033	-0.0135179009	-0.0110968635	0.0002176817	0.0000015280	0.0001521030	0.0001827336	0.0001231404	0.0003713127	0.0003058740	0.0006771868
0.1579844961	0.7254649011	0.8390070956	0.8857765221	0.8151276572	0.9471995189	0.9202407570	-0.0128373320	-0.0010468834	-0.0108864370	-0.0117904486	-0.0098395536	0.0001647971	0.0000010960	0.0001185145	0.0001390147	0.0000968168	0.0002844076	0.0002358315	0.0005202391
0.1579844961	0.7321315678	0.8405933841	0.8859416419	0.8162837949	0.9488134933	0.9213742264	-0.0109484435	-0.0008604883	-0.0094690902	-0.0100879552	-0.0086086019	0.0001198684	0.0000007404	0.0000896637	0.0001017668	0.0000741080	0.0002102725	0.0001758749	0.0003861474
0.1579844961	0.7387982344	0.8421599254	0.8861042649	0.8174183165	0.9504072588	0.9224854781	-0.0090865642	-0.0006769456	-0.0080801935	-0.0084096186	-0.0074032479	0.0000825656	0.0000004583	0.0000652895	0.0000707217	0.0000548081	0.0001483134	0.0001255298	0.0002738432
0.1579844961	0.7454649011	0.8437072593	0.8862643971	0.8185317349	0.9519814427	0.9235751065	-0.0072509103	-0.0004962472	-0.0067190046	-0.0067546631	-0.0062227574	0.0000525757	0.0000002463	0.0000451450	0.0000456255	0.0000387227	0.0000979670	0.0000843482	0.0001823152
0.1579844961	0.7521315678	0.8452359095	0.8864220438	0.8196245469	0.9535366538	0.9246436870	-0.0054407243	-0.0003183852	-0.0053848069	-0.0051223391	-0.0050664217	0.0000296015	0.0000001014	0.0000289961	0.0000262384	0.0000256686	0.0000586990	0.0000519070	0.0001106060
0.1579844961	0.7587982344	0.8467463843	0.8865772104	0.8206972334	0.9550734830	0.9256917771	-0.0036552741	-0.0001433523	-0.0040769090	-0.0035119217	-0.0039335567	0.0000133610	0.0000000205	0.0000166212	0.0000123336	0.0000154729	0.0000300028	0.0000278065	0.0000578092
0.1579844961	0.7654649011	0.8482391765	0.8867299015	0.8217502599	0.9565925036	0.9267199161	-0.0018938518	0.0000288582	-0.0027946438	-0.0019227100	-0.0028235020	0.0000035867	0.0000000008	0.0000078100	0.0000036968	0.0000079722	0.0000113975	0.0000116690	0.0000230665
0.1579844961	0.7721315678	0.8497147645	0.8868801214	0.8227840772	0.9580942723	0.9277286268	-0.0001557736	0.0001982528	-0.0015373671	-0.0003540263	-0.0017356198	0.0000000243	0.0000000393	0.0000023635	0.0000001253	0.0000030124	0.0000024271	0.0000031377	0.0000055648
0.1579844961	0.7787982344	0.8511736123	0.8870278742	0.8237991214	0.9595793290	0.9287184150	0.0015596220	0.0003648372	-0.0003044572	0.0011947847	-0.0006692945	0.0000024324	0.0000001331	0.0000000927	0.0000014275	0.0000004480	0.0000026582	0.0000018755	0.0000045337
0.1579844961	0.7854649011	0.8526161700	0.8871731634	0.8247958148	0.9610481980	0.9296897706	0.0032529741	0.0005286171	0.0009046858	0.0027243570	0.0003760687	0.0000105818	0.0000002794	0.0000008185	0.0000074221	0.0000001414	0.0000116797	0.0000075635	0.0000192433
0.1579844961	0.7921315678	0.8540428742	0.8873159922	0.8257745662	0.9625013881	0.9306431682	0.0049249009	0.0006895973	0.0020906414	0.0042353036	0.0014010441	0.0000242546	0.0000004755	0.0000043708	0.0000179378	0.0000019629	0.0000291010	0.0000199007	0.0000490017
0.1579844961	0.7987982344	0.8554541483	0.8874563635	0.8267357713	0.9639393930	0.9315790673	0.0065759999	0.0008477824	0.0032539687	0.0057282176	0.0024061863	0.0000432438	0.0000007187	0.0000105883	0.0000328125	0.0000057897	0.0000545508	0.0000386022	0.0000931530
0.1579844961	0.8054649011	0.8568504033	0.8875942796	0.8276798131	0.9653626921	0.9324979127	0.0082068492	0.0010031765	0.0043952078	0.0072036727	0.0033920314	0.0000673524	0.0000010064	0.0000193179	0.0000518929	0.0000115059	0.0000876766	0.0000633988	0.0001510754
0.1579844961	0.8121315678	0.8582320377	0.8877297429	0.8286070623	0.9667717507	0.9334001355	0.0098180075	0.0011557832	0.0055148802	0.0086622243	0.0043590969	0.0000963933	0.0000013358	0.0000304139	0.0000750341	0.0000190017	0.0001281430	0.0000940359	0.0002221789
0.1579844961	0.8187982344	0.8595994381	0.8878627550	0.8295178779	0.9681670205	0.9342861532	0.0114100155	0.0013056060	0.0066134894	0.0101044094	0.0053078834	0.0001301885	0.0000017046	0.0000437382	0.0001020991	0.0000281736	0.0001756313	0.0001302727	0.0003059040
0.1579844961	0.8254649011	0.8609529795	0.8879933174	0.8304126073	0.9695489399	0.9351563700	0.0129833958	0.0014526476	0.0076915218	0.0115307482	0.0062388742	0.0001685686	0.0000021102	0.0000591595	0.0001329582	0.0000389236	0.0002298383	0.0001718817	0.0004017200
0.1579844961	0.8321315678	0.8622930259	0.8881214312	0.8312915868	0.9709179348	0.9360111778	0.0145386545	0.0015969107	0.0087494474	0.0129417438	0.0071525367	0.0002113725	0.0000025501	0.0000765528	0.0001674887	0.0000511588	0.0002904754	0.0002186475	0.0005091229
0.1579844961	0.8387982344	0.8636199301	0.8882470974	0.8321551423	0.9722744186	0.9368509559	0.0160762807	0.0017383973	0.0097877199	0.0143378835	0.0080493226	0.0002584468	0.0000030220	0.0000957995	0.0002055749	0.0000647916	0.0003572683	0.0002703665	0.0006276348
0.1579844961	0.8454649011	0.8649340349	0.8883703164	0.8330035889	0.9736187927	0.9376760721	0.0175967482	0.0018771092	0.0108067779	0.0157196390	0.0089296687	0.0003096455	0.0000035235	0.0001167864	0.0002471070	0.0000797390	0.0004299555	0.0003268460	0.0007568016
0.1579844961	0.8521315678	0.8662356724	0.8884910886	0.8338372321	0.9749514470	0.9384868828	0.0191005150	0.0020130480	0.0118070454	0.0170874670	0.0097939974	0.0003648297	0.0000040524	0.0001394063	0.0002919815	0.0000959224	0.0005082884	0.0003879039	0.0008961923
0.1579844961	0.8587982344	0.8675251652	0.8886094139	0.8346563676	0.9762727601	0.9392837331	0.0205880247	0.0021462147	0.0127889317	0.0184418100	0.0106427170	0.0004238668	0.0000046062	0.0001635568	0.0003401004	0.0001132674	0.0005920298	0.0004533678	0.0010453976
0.1579844961	0.8654649011	0.8688028263	0.8887252922	0.8354612818	0.9775831001	0.9400669578	0.0220597066	0.0022766103	0.0137528330	0.0197830963	0.0114762227	0.0004866307	0.0000051830	0.0001891404	0.0003913709	0.0001317037	0.0006809540	0.0005230746	0.0012040286
0.1579844961	0.8721315678	0.8700689593	0.8888387230	0.8362522521	0.9788828240	0.9408368813	0.0235159765	0.0024042353	0.0146991319	0.0211117412	0.0122948966	0.0005530011	0.0000057803	0.0002160645	0.0004457056	0.0001511645	0.0007748460	0.0005968701	0.0013717161
0.1579844961	0.8787982344	0.8713238591	0.8889497056	0.8370295472	0.9801722793	0.9415938179	0.0249572366	0.0025290899	0.0156281986	0.0224281466	0.0130991086	0.0006228637	0.0000063963	0.0002442406	0.0005030218	0.0001715866	0.0008735005	0.0006746084	0.0015481090
0.1579844961	0.8854649011	0.8725678118	0.8890582391	0.8377934275	0.9814518031	0.9423380727	0.0263838767	0.0026511743	0.0165403909	0.0237327024	0.0138892166	0.0006961089	0.0000070287	0.0002735845	0.0005632412	0.0001929103	0.0009767222	0.0007561515	0.0017328737
0.1579844961	0.8921315678	0.8738010951	0.8891643224	0.8385441452	0.9827217232	0.9430699412	0.0277962742	0.0027704882	0.0174360551	0.0250257860	0.0146655669	0.0007726329	0.0000076756	0.0003040160	0.0006262900	0.0002150789	0.0010843245	0.0008413688	0.0019256933
0.1579844961	0.8987982344	0.8750239789	0.8892679543	0.8392819449	0.9839823584	0.9437897102	0.0291947949	0.0028870311	0.0183155261	0.0263077637	0.0154284949	0.0008523360	0.0000083349	0.0003354585	0.0006920984	0.0002380385	0.0011961295	0.0009301369	0.0021262664
0.1579844961	0.9054649011	0.8762367250	0.8893691333	0.8400070633	0.9852340183	0.9444976578	0.0305797928	0.0030008025	0.0191791278	0.0275789903	0.0161783253	0.0009351237	0.0000090048	0.0003678389	0.0007606007	0.0002617382	0.0013119675	0.0010223389	0.0023343064
0.1579844961	0.9121315678	0.8774395875	0.8894678578	0.8407197302	0.9864770040	0.9451940537	0.0319516112	0.0031118015	0.0200271740	0.0288398097	0.0169153725	0.0010209055	0.0000096833	0.0004010877	0.0008317346	0.0002861298	0.0014316765	0.0011178645	0.0025495409
0.1579844961	0.9187982344	0.8786328136	0.8895641262	0.8414201682	0.9877116081	0.9458791597	0.0333105828	0.0032200271	0.0208599680	0.0300905558	0.0176399409	0.0011095949	0.0000103686	0.0004351383	0.0009054415	0.0003111675	0.0015551018	0.0012166091	0.0027717108
0.1579844961	0.9254649011	0.8798166430	0.8896579365	0.8421085931	0.9889381153	0.9465532297	0.0346570300	0.0033254780	0.0216778038	0.0313315519	0.0183523257	0.0012011097	0.0000110588	0.0004699272	0.0009816661	0.0003368079	0.0016820957	0.0013184740	0.0030005697
0.1579844961	0.9321315678	0.8809913088	0.8897492869	0.8427852144	0.9901568024	0.9472165102	0.0359912652	0.0034281530	0.0224809658	0.0325631121	0.0190528127	0.0012953712	0.0000117522	0.0005053938	0.0010603563	0.0003630097	0.0018125172	0.0014233659	0.0032358832
0.1579844961	0.9387982344	0.8821570374	0.8898381751	0.8434502351	0.9913679386	0.9478692404	0.0373135914	0.0035280506	0.0232697295	0.0337855408	0.0197416789	0.0013923041	0.0000124471	0.0005414803	0.0011414628	0.0003897339	0.0019462316	0.0015311967	0.0034774282
0.1579844961	0.9454649011	0.8833140486	0.8899245991	0.8441038521	0.9925717858	0.9485116526	0.0386243027	0.0036251692	0.0240443620	0.0349991335	0.0204191928	0.0014918368	0.0000131419	0.0005781313	0.0012249393	0.0004169434	0.0020831100	0.0016418828	0.0037249927
0.1579844961	0.9521315678	0.8844625562	0.8900085566	0.8447462567	0.9937685988	0.9491439722	0.0399236838	0.0037195070	0.0248051216	0.0362041768	0.0210856147	0.0015939005	0.0000138347	0.0006152941	0.0013107424	0.0004446031	0.0022230293	0.0017553456	0.0039783749
0.1579844961	0.9587982344	0.8856027680	0.8900900453	0.8453776341	0.9949586255	0.9497664181	0.0412120114	0.0038110622	0.0255522591	0.0374009491	0.0217411969	0.0016984299	0.0000145242	0.0006529179	0.0013988310	0.0004726796	0.0023658720	0.0018715106	0.0042373827
0.1579844961	0.9654649011	0.8867348859	0.8901690628	0.8459981645	0.9961421072	0.9503792031	0.0424895535	0.0038998330	0.0262860173	0.0385897205	0.0223861843	0.0018053622	0.0000152087	0.0006909547	0.0014891665	0.0005011412	0.0025115256	0.0019903078	0.0045018333
0.1579844961	0.9721315678	0.8878591062	0.8902456067	0.8466080226	0.9973192786	0.9509825336	0.0437565706	0.0039858174	0.0270066317	0.0397707532	0.0230208143	0.0019146375	0.0000158867	0.0007293582	0.0015817128	0.0005299579	0.0026598824	0.0021116707	0.0047715531
0.1579844961	0.9787982344	0.8889756197	0.8903196745	0.8472073781	0.9984903683	0.9515766105	0.0450133151	0.0040690132	0.0277143304	0.0409443019	0.0236453172	0.0020261985	0.0000165569	0.0007680841	0.0016764359	0.0005591010	0.0028108395	0.0022355369	0.0050463764
0.1579844961	0.9854649011	0.8900846120	0.8903912637	0.8477963958	0.9996555989	0.9521616286	0.0462600323	0.0041494185	0.0284093350	0.0421106138	0.0242599165	0.0021399906	0.0000172177	0.0008070903	0.0017733038	0.0005885435	0.0029642986	0.0023618473	0.0053261459
0.1606511628	0.5854649011	0.8003882026	0.8817704210	0.7850671509	0.9077058875	0.8903305579	-0.0599596324	-0.0055798413	-0.0484619159	-0.0543797911	-0.0428820746	0.0035951575	0.0000311346	0.0023485573	0.0029571617	0.0018388723	0.0059748494	0.0047960340	0.0107708834
0.1606511628	0.5921315678	0.8025328530	0.8819885914	0.7868147594	0.9099129636	0.8920917652	-0.0572837031	-0.0053324488	-0.0462383275	-0.0519512543	-0.0409058787	0.0032814226	0.0000284350	0.0021379829	0.0026989328	0.0016732909	0.0054478406	0.0043722237	0.0098200643
0.1606511628	0.5987982344	0.8046426066	0.8822041322	0.7885260307	0.9120821103	0.8938135766	-0.0546582838	-0.0050880982	-0.0440657539	-0.0495701855	-0.0389776556	0.0029875280	0.0000258887	0.0019417907	0.0024572033	0.0015192576	0.0049552074	0.0039764609	0.0089316683
0.1606511628	0.6054649011	0.8067183956	0.8824170487	0.7902018931	0.9142144259	0.8954970830	-0.0520818404	-0.0048467812	-0.0419426989	-0.0472350592	-0.0370959177	0.0027125181	0.0000234913	0.0017591900	0.0022311508	0.0013761071	0.0044951994	0.0036072579	0.0081024573
0.1606511628	0.6121315678	0.8087611324	0.8826273472	0.7918432527	0.9163109833	0.8971433473	-0.0495528850	-0.0046084886	-0.0398677137	-0.0449443963	-0.0352592250	0.0024554884	0.0000212382	0.0015894346	0.0020199988	0.0012432129	0.0040661612	0.0032632117	0.0073293729
0.1606511628	0.6187982344	0.8107717085	0.8828350344	0.7934509926	0.9183728295	0.8987534043	-0.0470699749	-0.0043732107	-0.0378393957	-0.0426967642	-0.0334661850	0.0022155825	0.0000191250	0.0014318199	0.0018230137	0.0011199855	0.0036665274	0.0029429992	0.0066095266
0.1606511628	0.6254649011	0.8127509950	0.8830401175	0.7950259732	0.9204009863	0.9003282608	-0.0446317121	-0.0041409371	-0.0358563878	-0.0404907750	-0.0317154507	0.0019919897	0.0000171474	0.0012856805	0.0016395029	0.0010058698	0.0032948176	0.0026453727	0.0059401903
0.1606511628	0.6321315678	0.8146998422	0.8832426042	0.7965690325	0.9223964495	0.9018688961	-0.0422367420	-0.0039116570	-0.0339173772	-0.0383250850	-0.0300057203	0.0017839424	0.0000153011	0.0011503885	0.0014688121	0.0009003432	0.0029496319	0.0023691554	0.0053187873
0.1606511628	0.6387982344	0.8166190793	0.8834425026	0.7980809857	0.9243601897	0.9033762620	-0.0398837527	-0.0036853593	-0.0320210944	-0.0361983934	-0.0283357351	0.0015907137	0.0000135819	0.0010253505	0.0013103237	0.0008029139	0.0026296461	0.0021132376	0.0047428837
0.1606511628	0.6454649011	0.8185095151	0.8836398208	0.7995626259	0.9262931522	0.9048512834	-0.0375714739	-0.0034620327	-0.0301663121	-0.0341094411	-0.0267042793	0.0014116156	0.0000119857	0.0009100064	0.0011634540	0.0007131185	0.0023336077	0.0018765725	0.0042101802
0.1606511628	0.6521315678	0.8203719375	0.8838345671	0.8010147239	0.9281962575	0.9062948585	-0.0352986759	-0.0032416660	-0.0283518438	-0.0320570099	-0.0251101778	0.0012459965	0.0000105084	0.0008038270	0.0010276519	0.0006305210	0.0020603320	0.0016581729	0.0037185049
0.1606511628	0.6587982344	0.8222071140	0.8840267499	0.8024380288	0.9300704013	0.9077078594	-0.0330641687	-0.0030242476	-0.0265765432	-0.0300399212	-0.0235522957	0.0010932393	0.0000091461	0.0007063127	0.0009023969	0.0005547106	0.0018086980	0.0014571075	0.0032658055
0.1606511628	0.6654649011	0.8240157920	0.8842163776	0.8038332682	0.9319164550	0.9090911327	-0.0308668008	-0.0028097661	-0.0248393028	-0.0280570347	-0.0220295366	0.0009527594	0.0000078948	0.0006169910	0.0007871972	0.0004853005	0.0015776451	0.0012724977	0.0028501428
0.1606511628	0.6721315678	0.8257986986	0.8844034584	0.8052011485	0.9337352662	0.9104454997	-0.0287054581	-0.0025982104	-0.0231390525	-0.0261072476	-0.0205408420	0.0008240033	0.0000067507	0.0005354157	0.0006815884	0.0004219262	0.0013661698	0.0011035146	0.0024696843
0.1606511628	0.6787982344	0.8275565413	0.8845880005	0.8065423555	0.9355276591	0.9117717571	-0.0265790628	-0.0023895694	-0.0214747588	-0.0241894934	-0.0190851894	0.0007064466	0.0000057100	0.0004611653	0.0005851316	0.0003642445	0.0011733219	0.0009493760	0.0021226979
0.1606511628	0.6854649011	0.8292900082	0.8847700119	0.8078575544	0.9372944348	0.9130706777	-0.0244865727	-0.0021838322	-0.0198454238	-0.0223027405	-0.0176615916	0.0005995922	0.0000047691	0.0003938408	0.0004974122	0.0003119318	0.0009982022	0.0008093441	0.0018075463
0.1606511628	0.6921315678	0.8309997681	0.8849495003	0.8091473906	0.9390363719	0.9143430108	-0.0224269798	-0.0019809882	-0.0182500836	-0.0204459915	-0.0162690953	0.0005029694	0.0000039243	0.0003330655	0.0004180386	0.0002646835	0.0008399593	0.0006827220	0.0015226813
0.1606511628	0.6987982344	0.8326864715	0.8851264735	0.8104124901	0.9407542272	0.9155894828	-0.0203993091	-0.0017810272	-0.0166878076	-0.0186182819	-0.0149067804	0.0004161318	0.0000031721	0.0002784829	0.0003466404	0.0002222121	0.0006977868	0.0005688525	0.0012666393
0.1606511628	0.7054649011	0.8343507500	0.8853009385	0.8116534597	0.9424487355	0.9168107978	-0.0184026181	-0.0015839392	-0.0151576974	-0.0168186790	-0.0135737582	0.0003386564	0.0000025089	0.0002297558	0.0002828680	0.0001842469	0.0005709210	0.0004671149	0.0010380359
0.1606511628	0.7121315678	0.8359932176	0.8854729024	0.8128708876	0.9441206109	0.9180076380	-0.0164359955	-0.0013897146	-0.0136588855	-0.0150462809	-0.0122691709	0.0002701419	0.0000019313	0.0001865652	0.0002263906	0.0001505326	0.0004586384	0.0003769231	0.0008355615
0.1606511628	0.7187982344	0.8376144705	0.8856423718	0.8140653441	0.9457705470	0.9191806648	-0.0144985601	-0.0011983443	-0.0121905346	-0.0133002158	-0.0109921903	0.0002102082	0.0000014360	0.0001486091	0.0001768957	0.0001208282	0.0003602534	0.0002977240	0.0006579774
0.1606511628	0.7254649011	0.8392150878	0.8858093531	0.8152373815	0.9473992173	0.9203305188	-0.0125894599	-0.0010098195	-0.0107518362	-0.0115796405	-0.0097420167	0.0001584945	0.0000010197	0.0001156020	0.0001340881	0.0000949069	0.0002751162	0.0002289950	0.0005041112
0.1606511628	0.7321315678	0.8407956318	0.8859738522	0.8163875352	0.9490072757	0.9214578208	-0.0107078713	-0.0008241318	-0.0093420099	-0.0098837395	-0.0085178780	0.0001146585	0.0000006792	0.0000872731	0.0000976883	0.0000725542	0.0002026109	0.0001702426	0.0003728534
0.1606511628	0.7387982344	0.8423566485	0.8861358748	0.8175163236	0.9505953573	0.9225631721	-0.0088529980	-0.0006412735	-0.0079603024	-0.0082117245	-0.0073190289	0.0000783756	0.0000004112	0.0000633664	0.0000674324	0.0000535682	0.0001421532	0.0001210006	0.0002631538
0.1606511628	0.7454649011	0.8438986679	0.8862954260	0.8186242490	0.9521640788	0.9236471553	-0.0070240700	-0.0004612369	-0.0066059865	-0.0065628331	-0.0061447496	0.0000493376	0.0000002127	0.0000436391	0.0000430708	0.0000377579	0.0000931894	0.0000808287	0.0001740181
0.1606511628	0.7521315678	0.8454222043	0.8864525108	0.8197117979	0.9537140388	0.9247103347	-0.0052203430	-0.0002840151	-0.0052783601	-0.0049363279	-0.0049943450	0.0000272520	0.0000000807	0.0000278611	0.0000243673	0.0000249435	0.0000551937	0.0000493108	0.0001045045
0.1606511628	0.7587982344	0.8469277571	0.8866071336	0.8207794414	0.9552458186	0.9257532568	-0.0034410973	-0.0001096015	-0.0039767455	-0.0033314958	-0.0038671440	0.0000118412	0.0000000120	0.0000158145	0.0000110989	0.0000149548	0.0000276677	0.0000260537	0.0000537213
0.1606511628	0.7654649011	0.8484158108	0.8867592986	0.8218276358	0.9567599823	0.9267764511	-0.0016856370	0.0000620099	-0.0027004884	-0.0017476470	-0.0027624983	0.0000028414	0.0000000038	0.0000072926	0.0000030543	0.0000076314	0.0000101379	0.0000106857	0.0000208235
0.1606511628	0.7721315678	0.8498868358	0.8869090095	0.8228568227	0.9582570779	0.9277804305	0.0000467107	0.0002308249	-0.0014489571	-0.0001841143	-0.0016797820	0.0000000022	0.0000000533	0.0000020995	0.0000000339	0.0000028217	0.0000021549	0.0000028556	0.0000050105
0.1606511628	0.7787982344	0.8513412883	0.8870562697	0.8238674299	0.9597376372	0.9287656917	0.0017565964	0.0003968487	-0.0002215417	0.0013597478	-0.0006183904	0.0000030856	0.0000001575	0.0000000491	0.0000018489	0.0000003824	0.0000032922	0.0000022313	0.0000055235
0.1606511628	0.7854649011	0.8527796112	0.8872010822	0.8248598716	0.9612021766	0.9297327158	0.0034446495	0.0005600860	0.0009823467	0.0028845635	0.0004222607	0.0000118656	0.0000003137	0.0000009650	0.0000083207	0.0000001783	0.0000131443	0.0000084990	0.0000216433
0.1606511628	0.7921315678	0.8542022342	0.8873434496	0.8258345489	0.9626511973	0.9306819690	0.0051114783	0.0007205412	0.0021632768	0.0043909372	0.0014427357	0.0000261272	0.0000005192	0.0000046798	0.0000192803	0.0000020815	0.0000313262	0.0000213618	0.0000526880
0.1606511628	0.7987982344	0.8556095742	0.8874833743	0.8267918500	0.9640851862	0.9316139028	0.0067576715	0.0008782182	0.0033217979	0.0058794533	0.0024435797	0.0000456661	0.0000007713	0.0000110343	0.0000345680	0.0000059711	0.0000574717	0.0000405391	0.0000980108
0.1606511628	0.8054649011	0.8570020357	0.8876208582	0.8277321509	0.9655046158	0.9325289545	0.0083837983	0.0010331205	0.0044584401	0.0073506778	0.0034253196	0.0000702881	0.0000010673	0.0000198777	0.0000540325	0.0000117328	0.0000912331	0.0000657653	0.0001569984
0.1606511628	0.8121315678	0.8583800113	0.8877559030	0.8286558155	0.9669099450	0.9334275478	0.0099904094	0.0011852514	0.0055737160	0.0088051581	0.0043884647	0.0000998083	0.0000014048	0.0000310663	0.0000775308	0.0000192586	0.0001322794	0.0000967894	0.0002290688
0.1606511628	0.8187982344	0.8597438820	0.8878885099	0.8295631965	0.9683016194	0.9343100933	0.0115780376	0.0013346133	0.0066681203	0.0102434243	0.0053335070	0.0001340510	0.0000017812	0.0000444638	0.0001049277	0.0000284463	0.0001802960	0.0001333740	0.0003136700
0.1606511628	0.8254649011	0.8610940173	0.8880186799	0.8304546350	0.9696800718	0.9351769887	0.0131471983	0.0014812089	0.0077421312	0.0116659894	0.0062609223	0.0001728488	0.0000021940	0.0000599406	0.0001360953	0.0000391991	0.0002349834	0.0001752945	0.0004102779
0.1606511628	0.8321315678	0.8624307760	0.8881464138	0.8313304615	0.9710457224	0.9360286194	0.0146983903	0.0016250400	0.0087962105	0.0130733504	0.0071711705	0.0002160427	0.0000026408	0.0000773733	0.0001709125	0.0000514257	0.0002960568	0.0002223382	0.0005183949
0.1606511628	0.8387982344	0.8637545061	0.8882717119	0.8321909962	0.9723989794	0.9368653590	0.0162320963	0.0017661082	0.0098308046	0.0144659881	0.0080646964	0.0002634810	0.0000031191	0.0000966447	0.0002092648	0.0000650393	0.0003632448	0.0002743041	0.0006375489
0.1606511628	0.8454649011	0.8650655454	0.8883945744	0.8330365490	0.9737402393	0.9376875693	0.0177487835	0.0019044150	0.0108463449	0.0158443685	0.0089419300	0.0003150193	0.0000036268	0.0001176432	0.0002510440	0.0000799581	0.0004362893	0.0003310021	0.0007672914
0.1606511628	0.8521315678	0.8663642218	0.8885150011	0.8338674201	0.9750698871	0.9384956012	0.0192489040	0.0020399612	0.0118432484	0.0172089428	0.0098032872	0.0003705203	0.0000041614	0.0001402625	0.0002961477	0.0000961044	0.0005149443	0.0003922522	0.0009071964
0.1606511628	0.8587982344	0.8676508535	0.8886329917	0.8346839003	0.9763882971	0.9392897947	0.0207328956	0.0021727477	0.0128219181	0.0185601480	0.0106491704	0.0004298530	0.0000047208	0.0001644016	0.0003444791	0.0001134048	0.0005989754	0.0004578839	0.0010568593
0.1606511628	0.8654649011	0.8689257494	0.8887485455	0.8354862714	0.9776958328	0.9400704795	0.0222011822	0.0023027747	0.0137827436	0.0198984075	0.0114799689	0.0004928925	0.0000053028	0.0001899640	0.0003959466	0.0001317897	0.0006881593	0.0005277363	0.0012158956
0.1606511628	0.8721315678	0.8701892092	0.8888616617	0.8362748061	0.9789928474	0.9408379752	0.0236541742	0.0024300425	0.0147261019	0.0212241317	0.0122960594	0.0005595200	0.0000059051	0.0002168581	0.0004504638	0.0001511931	0.0007822831	0.0006016568	0.0013839400
0.1606511628	0.8787982344	0.8714415241	0.8889723394	0.8370497690	0.9802796842	0.9415925917	0.0250922691	0.0025545509	0.0156523572	0.0225377182	0.0130978064	0.0006296220	0.0000065257	0.0002449963	0.0005079487	0.0001715525	0.0008811440	0.0006795013	0.0015606453
0.1606511628	0.8854649011	0.8726829766	0.8890805771	0.8378114162	0.9815566767	0.9423346295	0.0265158518	0.0026762995	0.0165618622	0.0238395523	0.0138855627	0.0007030904	0.0000071626	0.0002742953	0.0005683243	0.0001928089	0.0009845483	0.0007611331	0.0017456814
0.1606511628	0.8921315678	0.8739138412	0.8891863736	0.8385599961	0.9828241493	0.9430643800	0.0279252953	0.0027952878	0.0174549577	0.0251300075	0.0146596700	0.0007798221	0.0000078136	0.0003046755	0.0006315173	0.0002149059	0.0010923113	0.0008464232	0.0019387345
0.1606511628	0.8987982344	0.8751343842	0.8892897271	0.8392957493	0.9840824171	0.9437821260	0.0293209609	0.0029115149	0.0183319738	0.0264094460	0.0154204589	0.0008597187	0.0000084769	0.0003360613	0.0006974588	0.0002377906	0.0012042569	0.0009352494	0.0021395063
0.1606511628	0.9054649011	0.8763448645	0.8893906361	0.8400189091	0.9853317867	0.9444881417	0.0307031988	0.0030249799	0.0191932298	0.0276782190	0.0161682499	0.0009426864	0.0000091505	0.0003683801	0.0007660838	0.0002614123	0.0013202170	0.0010274961	0.0023477131
0.1606511628	0.9121315678	0.8775455334	0.8894890985	0.8407297017	0.9865725559	0.9451826932	0.0320723483	0.0031356815	0.0200390347	0.0289366668	0.0169033532	0.0010286355	0.0000098325	0.0004015629	0.0008373307	0.0002857233	0.0014400309	0.0011230540	0.0025630850
0.1606511628	0.9187982344	0.8787366350	0.8895851124	0.8414283465	0.9878050146	0.9458660388	0.0334287383	0.0032436184	0.0208696876	0.0301851198	0.0176260692	0.0011174805	0.0000105211	0.0004355439	0.0009111415	0.0003106783	0.0015635455	0.0012218198	0.0027853652
0.1606511628	0.9254649011	0.8799184064	0.8896786757	0.8421150560	0.9890294445	0.9465384291	0.0347726875	0.0033487891	0.0216854784	0.0314238984	0.0183366893	0.0012091398	0.0000112144	0.0004702600	0.0009874614	0.0003362342	0.0016906142	0.0013236956	0.0030143097
0.1606511628	0.9321315678	0.8810910781	0.8897697860	0.8427900367	0.9902461198	0.9472001072	0.0361045053	0.0034511920	0.0224866875	0.0326533133	0.0190354955	0.0013035353	0.0000119107	0.0005056511	0.0010662389	0.0003623501	0.0018210971	0.0014285890	0.0032496861
0.1606511628	0.9387982344	0.8822548739	0.8898584410	0.8434534885	0.9914553071	0.9478513094	0.0374244914	0.0035508252	0.0232735867	0.0338736662	0.0197227615	0.0014005926	0.0000126084	0.0005416598	0.0011474253	0.0003889873	0.0019548608	0.0015364126	0.0034912733
0.1606511628	0.9454649011	0.8834100116	0.8899446384	0.8441056057	0.9926572659	0.9484922649	0.0387329365	0.0036476869	0.0240464394	0.0350852496	0.0203987525	0.0015002404	0.0000133056	0.0005782312	0.0012309747	0.0004161091	0.0020917772	0.0016470838	0.0037388611
0.1606511628	0.9521315678	0.8845567024	0.8900283756	0.8447465767	0.9938522486	0.9491231964	0.0400301227	0.0037417751	0.0248055005	0.0362883476	0.0210637254	0.0016024107	0.0000140009	0.0006153129	0.0013168442	0.0004436805	0.0022317245	0.0017605247	0.0039922492
0.1606511628	0.9587982344	0.8856951520	0.8901096501	0.8453765844	0.9950405009	0.9497443200	0.0413163236	0.0038330876	0.0255510174	0.0374832360	0.0217179298	0.0017070386	0.0000146926	0.0006528545	0.0014049930	0.0004716685	0.0023745856	0.0018766615	0.0042512471
0.1606511628	0.9654649011	0.8868255603	0.8901884592	0.8459958062	0.9962222619	0.9503558460	0.0425918048	0.0039216224	0.0262832298	0.0386701824	0.0223616074	0.0018140618	0.0000153791	0.0006908082	0.0014953830	0.0005000415	0.0025202491	0.0019954245	0.0045156736
0.1606511628	0.9721315678	0.8879481216	0.8902648004	0.8466044147	0.9973977643	0.9509579782	0.0438568240	0.0040073772	0.0270023701	0.0398494468	0.0229949929	0.0019234210	0.0000160591	0.0007291280	0.0015879784	0.0005287697	0.0026686081	0.0021167481	0.0047853562
0.1606511628	0.9787982344	0.8890630248	0.8903386710	0.8472025771	0.9985672349	0.9515509151	0.0451116314	0.0040903497	0.0277086636	0.0410212817	0.0236183139	0.0020350593	0.0000167310	0.0007677700	0.0016827456	0.0005578248	0.0028195603	0.0022405703	0.0050601306
0.1606511628	0.9854649011	0.8901704536	0.8904100682	0.8477904562	0.9997308942	0.9521348494	0.0463564697	0.0041705376	0.0284023290	0.0421859322	0.0242317915	0.0021489223	0.0000173934	0.0008066923	0.0017796529	0.0005871797	0.0029730080	0.0023668326	0.0053398406
0.1633178295	0.5854649011	0.8007962863	0.8818230825	0.7853912493	0.9081144531	0.8906449206	-0.0594499051	-0.0055201207	-0.0480491723	-0.0539297844	-0.0425290516	0.0035342912	0.0000304717	0.0023087230	0.0029084216	0.0018087202	0.0058734859	0.0047171419	0.0105906278
0.1633178295	0.5921315678	0.8029269779	0.8820399972	0.7871237429	0.9103067666	0.8923900791	-0.0567927225	-0.0052741666	-0.0458457029	-0.0515185559	-0.0405715364	0.0032254133	0.0000278168	0.0021018285	0.0026541616	0.0016460496	0.0053550586	0.0043002112	0.0096552698
0.1633178295	0.5987982344	0.8050233789	0.8822543224	0.7888205626	0.9124618134	0.8940965689	-0.0541851765	-0.0050312080	-0.0436923015	-0.0491539685	-0.0386610936	0.0029360334	0.0000253131	0.0019090172	0.0024161126	0.0014946802	0.0048703636	0.0039107928	0.0087811564
0.1633178295	0.6054649011	0.8070863922	0.8824660624	0.7904826057	0.9145806582	0.8957654457	-0.0516257796	-0.0047912380	-0.0415875204	-0.0468345416	-0.0367962825	0.0026652211	0.0000229560	0.0017295219	0.0021934743	0.0013539664	0.0044176989	0.0035474407	0.0079651396
0.1633178295	0.6121315678	0.8091169017	0.8826752221	0.7921107485	0.9166643421	0.8973977389	-0.0491130875	-0.0045542488	-0.0395299566	-0.0445588387	-0.0349757078	0.0024120954	0.0000207412	0.0015626175	0.0019854901	0.0012233001	0.0039954540	0.0032087902	0.0072042443
0.1633178295	0.6187982344	0.8111157727	0.8828818071	0.7937058462	0.9187138824	0.8989944518	-0.0466456987	-0.0043202320	-0.0375182508	-0.0423254667	-0.0331980188	0.0021758212	0.0000186644	0.0014076191	0.0017914451	0.0011021085	0.0036021048	0.0028935536	0.0064956583
0.1633178295	0.6254649011	0.8130838508	0.8830858236	0.7952687326	0.9207302723	0.9005565613	-0.0442222538	-0.0040891785	-0.0355510867	-0.0401330754	-0.0314619082	0.0019556077	0.0000167214	0.0012638798	0.0016106637	0.0009898517	0.0032362089	0.0026005154	0.0058367243
0.1633178295	0.6321315678	0.8150219624	0.8832872782	0.7968002203	0.9227144809	0.9020850180	-0.0418414350	-0.0038610788	-0.0336271899	-0.0379803562	-0.0297661112	0.0017507057	0.0000149079	0.0011307879	0.0014425075	0.0008860214	0.0028964015	0.0023285288	0.0052249303
0.1633178295	0.6387982344	0.8169309143	0.8834861778	0.7983011005	0.9246674535	0.9035807470	-0.0395019646	-0.0036359230	-0.0317453274	-0.0358660416	-0.0281094045	0.0015604052	0.0000132199	0.0010077658	0.0012863729	0.0007901386	0.0025813910	0.0020765116	0.0046579025
0.1633178295	0.6454649011	0.8188114935	0.8836825296	0.7997721435	0.9265901113	0.9050446474	-0.0372026049	-0.0034137011	-0.0299043062	-0.0337889039	-0.0264906051	0.0013840338	0.0000116534	0.0008942675	0.0011416900	0.0007017522	0.0022899547	0.0018434422	0.0041333969
0.1633178295	0.6521315678	0.8206644678	0.8838763409	0.8012140984	0.9284833520	0.9064775934	-0.0349421569	-0.0031944028	-0.0281029724	-0.0317477541	-0.0249085696	0.0012209543	0.0000102042	0.0007897771	0.0010079199	0.0006204368	0.0020209356	0.0016283567	0.0036492923
0.1633178295	0.6587982344	0.8224905854	0.8840676191	0.8026276938	0.9303480498	0.9078804341	-0.0327194594	-0.0029780179	-0.0263402103	-0.0297414415	-0.0233621924	0.0010705630	0.0000088686	0.0006938067	0.0008845533	0.0005457920	0.0017732383	0.0014303454	0.0032035837
0.1633178295	0.6654649011	0.8242905752	0.8842563716	0.8040136377	0.9321850559	0.9092539941	-0.0305333881	-0.0027645362	-0.0246149413	-0.0277688520	-0.0218504051	0.0009322878	0.0000076427	0.0006058953	0.0007711091	0.0004774402	0.0015458258	0.0012485493	0.0027943751
0.1633178295	0.6721315678	0.8260651470	0.8844426057	0.8053726179	0.9339951985	0.9105990742	-0.0283828547	-0.0025539474	-0.0229261229	-0.0258289074	-0.0203721755	0.0008055864	0.0000065226	0.0005256071	0.0006671325	0.0004150255	0.0013377162	0.0010821580	0.0024198742
0.1633178295	0.6787982344	0.8278149920	0.8846263287	0.8067053025	0.9357792835	0.9119164514	-0.0262668058	-0.0023462415	-0.0212727476	-0.0239205643	-0.0189265062	0.0006899451	0.0000055048	0.0004525298	0.0005721934	0.0003582126	0.0011479797	0.0009304060	0.0020783858
0.1633178295	0.6854649011	0.8295407825	0.8848075477	0.8080123399	0.9375380947	0.9132068799	-0.0241842221	-0.0021414087	-0.0196538420	-0.0220428134	-0.0175124333	0.0005848766	0.0000045856	0.0003862735	0.0004858856	0.0003066853	0.0009757357	0.0007925709	0.0017683067
0.1633178295	0.6921315678	0.8312431726	0.8849862697	0.8092943597	0.9392723944	0.9144710911	-0.0221341171	-0.0019394394	-0.0180684655	-0.0201946777	-0.0161290261	0.0004899191	0.0000037614	0.0003264694	0.0004078250	0.0002601455	0.0008201500	0.0006679705	0.0014881205
0.1633178295	0.6987982344	0.8329227984	0.8851625013	0.8105519724	0.9409829237	0.9157097947	-0.0201155367	-0.0017403244	-0.0165157097	-0.0183752123	-0.0147753853	0.0004046348	0.0000030287	0.0002727687	0.0003376484	0.0002183120	0.0006804322	0.0005559604	0.0012363927
0.1633178295	0.7054649011	0.8345802785	0.8853362491	0.8117857704	0.9426704028	0.9169236787	-0.0181275576	-0.0015440545	-0.0149946969	-0.0165835031	-0.0134506423	0.0003286083	0.0000023841	0.0002248409	0.0002750126	0.0001809198	0.0005558334	0.0004559324	0.0010117657
0.1633178295	0.7121315678	0.8362162140	0.8855075191	0.8129963282	0.9443355318	0.9181134103	-0.0161692868	-0.0013506212	-0.0135045794	-0.0148186655	-0.0121539582	0.0002614458	0.0000018242	0.0001823737	0.0002195928	0.0001477187	0.0004456437	0.0003673115	0.0008129552
0.1633178295	0.7187982344	0.8378311891	0.8856763174	0.8141842029	0.9459789910	0.9192796362	-0.0142398604	-0.0011600162	-0.0120445387	-0.0130798442	-0.0108845225	0.0002027736	0.0000013456	0.0001450709	0.0001710823	0.0001184728	0.0003491902	0.0002895552	0.0006387453
0.1633178295	0.7254649011	0.8394257714	0.8858426494	0.8153499343	0.9476014414	0.9204229835	-0.0123384430	-0.0009722316	-0.0106137843	-0.0113662114	-0.0096415527	0.0001522372	0.0000009452	0.0001126524	0.0001291908	0.0000929595	0.0002658348	0.0002221503	0.0004879851
0.1633178295	0.7321315678	0.8410005124	0.8860065205	0.8164940459	0.9492035250	0.9215440598	-0.0104642264	-0.0007872598	-0.0092115525	-0.0096769666	-0.0084242926	0.0001095000	0.0000006198	0.0000848527	0.0000936437	0.0000709687	0.0001949725	0.0001646124	0.0003595849
0.1633178295	0.7387982344	0.8425559475	0.8861679354	0.8176170448	0.9507858655	0.9226434540	-0.0086164291	-0.0006050938	-0.0078371060	-0.0080113352	-0.0072320122	0.0000742428	0.0000003661	0.0000614202	0.0000641815	0.0000523020	0.0001360292	0.0001164835	0.0002525127
0.1633178295	0.7454649011	0.8440925970	0.8863268989	0.8187194225	0.9523490690	0.9237217369	-0.0067942950	-0.0004257269	-0.0064897330	-0.0063685680	-0.0060640060	0.0000461624	0.0000001812	0.0000421166	0.0000405587	0.0000367722	0.0000884603	0.0000773308	0.0001657911
0.1633178295	0.7521315678	0.8456109658	0.8864834150	0.8198016551	0.9538937239	0.9247794614	-0.0049970930	-0.0002491530	-0.0051687457	-0.0047479401	-0.0049195928	0.0000249709	0.0000000621	0.0000267159	0.0000225429	0.0000242024	0.0000517489	0.0000467453	0.0000984943
0.1633178295	0.7587982344	0.8471115445	0.8866374876	0.8208642038	0.9554204016	0.9258171635	-0.0032241160	-0.0000753660	-0.0038734802	-0.0031487500	-0.0037981142	0.0000103949	0.0000000057	0.0000150038	0.0000099146	0.0000144257	0.0000254045	0.0000243403	0.0000497448
0.1633178295	0.7654649011	0.8485948090	0.8867891202	0.8219075156	0.9569296574	0.9268353624	-0.0014746800	0.0000956392	-0.0026032953	-0.0015703192	-0.0026989345	0.0000021747	0.0000000091	0.0000067771	0.0000024659	0.0000072842	0.0000089610	0.0000097501	0.0000187111
0.1633178295	0.7721315678	0.8500612216	0.8869383160	0.8229320233	0.9584220304	0.9278345613	0.0002518767	0.0002638678	-0.0013575716	-0.0000119910	-0.0016214394	0.0000000634	0.0000000696	0.0000018430	0.0000000001	0.0000026291	0.0000019761	0.0000026292	0.0000046053
0.1633178295	0.7787982344	0.8515112310	0.8870850777	0.8239381460	0.9598980440	0.9288152475	0.0019561941	0.0004293241	-0.0001357110	0.0015268699	-0.0005650352	0.0000038267	0.0000001843	0.0000000184	0.0000023313	0.0000003193	0.0000040294	0.0000026506	0.0000066800
0.1633178295	0.7854649011	0.8529452726	0.8872294078	0.8249262899	0.9613582069	0.9297778935	0.0036388911	0.0005920124	0.0010628641	0.0030468786	0.0004708517	0.0000132415	0.0000003505	0.0000011297	0.0000092835	0.0000002217	0.0000147217	0.0000095052	0.0000242269
0.1633178295	0.7921315678	0.8543637691	0.8873713084	0.8258968481	0.9628030128	0.9307229570	0.0053005667	0.0007519364	0.0022387118	0.0045486303	0.0014867755	0.0000280960	0.0000005654	0.0000050118	0.0000206900	0.0000022105	0.0000336732	0.0000229005	0.0000565738
0.1633178295	0.7987982344	0.8557671310	0.8875107812	0.8268502015	0.9642329413	0.9316508813	0.0069418003	0.0009090992	0.0033923711	0.0060327010	0.0024832719	0.0000481886	0.0000008265	0.0000115082	0.0000363935	0.0000061666	0.0000605232	0.0000425601	0.0001030834
0.1633178295	0.8054649011	0.8571557563	0.8876478276	0.8277867189	0.9656484584	0.9325620963	0.0085631525	0.0010635040	0.0045243627	0.0074996485	0.0034608588	0.0000733276	0.0000011310	0.0000204699	0.0000562447	0.0000119775	0.0000949285	0.0000682223	0.0001631507
0.1633178295	0.8121315678	0.8585300317	0.8877824489	0.8287067577	0.9670500164	0.9334570184	0.0101651657	0.0012151531	0.0056351898	0.0089500126	0.0044200366	0.0001033306	0.0000014766	0.0000317554	0.0000801027	0.0000195367	0.0001365626	0.0000996394	0.0002362020
0.1633178295	0.8187982344	0.8598903324	0.8879146457	0.8296106638	0.9684380548	0.9343360511	0.0117483650	0.0013640489	0.0067253383	0.0103843162	0.0053612895	0.0001380241	0.0000018606	0.0000452302	0.0001078340	0.0000287434	0.0001851149	0.0001365774	0.0003216923
0.1633178295	0.8254649011	0.8612370224	0.8880444187	0.8304987723	0.9698130007	0.9351995855	0.0133132583	0.0015101929	0.0077952781	0.0118030654	0.0062850852	0.0001772428	0.0000022807	0.0000607664	0.0001393124	0.0000395023	0.0002402899	0.0001788146	0.0004191045
0.1633178295	0.8321315678	0.8625704553	0.8881717680	0.8313714078	0.9711752686	0.9360480008	0.0148603373	0.0016535869	0.0088454632	0.0132067504	0.0071918763	0.0002208296	0.0000027343	0.0000782422	0.0001744183	0.0000517231	0.0003018062	0.0002261413	0.0005279475
0.1633178295	0.8387982344	0.8638909742	0.8882966936	0.8322288847	0.9725252615	0.9368816643	0.0163900780	0.0017942318	0.0098763322	0.0145958462	0.0080821004	0.0002686347	0.0000032193	0.0000975419	0.0002130387	0.0000653203	0.0003693959	0.0002783591	0.0006477549
0.1633178295	0.8454649011	0.8651989122	0.8884191952	0.8330715076	0.9738633708	0.9377009323	0.0179029411	0.0019321284	0.0108883093	0.0159708127	0.0089561808	0.0003205153	0.0000037331	0.0001185553	0.0002550669	0.0000802132	0.0004428037	0.0003352800	0.0007780837
0.1633178295	0.8521315678	0.8664945925	0.8885392723	0.8338995715	0.9751899770	0.9385061499	0.0193993729	0.0020672774	0.0118818046	0.0173320954	0.0098145271	0.0003763357	0.0000042736	0.0001411773	0.0003004015	0.0000963249	0.0005217866	0.0003967265	0.0009185131
0.1633178295	0.8587982344	0.8677783290	0.8886569240	0.8347133622	0.9765054495	0.9392976521	0.0208798052	0.0021996790	0.0128572145	0.0186801262	0.0106575356	0.0004359663	0.0000048386	0.0001653080	0.0003489471	0.0001135831	0.0006061128	0.0004625302	0.0010686430
0.1633178295	0.8654649011	0.8690504266	0.8887721495	0.8355131568	0.9778101476	0.9400757633	0.0223446563	0.0023293330	0.0138149225	0.0200153233	0.0114855895	0.0004992837	0.0000054258	0.0001908521	0.0004006132	0.0001319188	0.0006955615	0.0005325319	0.0012280935
0.1633178295	0.8721315678	0.8703111811	0.8888849474	0.8362992236	0.9791044203	0.9408407984	0.0237943315	0.0024562393	0.0147552994	0.0213380923	0.0122990601	0.0005661702	0.0000060331	0.0002177189	0.0004553142	0.0001512669	0.0007899222	0.0006065811	0.0013965032
0.1633178295	0.8787982344	0.8715608798	0.8889953163	0.8370718227	0.9803886070	0.9415930628	0.0252292233	0.0025803972	0.0156787038	0.0226488261	0.0130983066	0.0006365137	0.0000066584	0.0002458218	0.0005129693	0.0001715656	0.0008889939	0.0006845350	0.0015735289
0.1633178295	0.8854649011	0.8727998018	0.8891032547	0.8378312060	0.9816630376	0.9423328523	0.0266497118	0.0027018060	0.0165854828	0.0239479058	0.0138836768	0.0007102071	0.0000072998	0.0002750782	0.0005735022	0.0001927565	0.0009925851	0.0007662587	0.0017588438
0.1633178295	0.8921315678	0.8740282179	0.8892087608	0.8385776181	0.9829280327	0.9430604545	0.0280561654	0.0028204647	0.0174759721	0.0252357008	0.0146555075	0.0007871484	0.0000079550	0.0003054096	0.0006368406	0.0002147839	0.0011005130	0.0008516245	0.0019521375
0.1633178295	0.8987982344	0.8752463914	0.8893118327	0.8393112957	0.9841839041	0.9437761478	0.0294489413	0.0029363721	0.0183504968	0.0265125692	0.0154141247	0.0008672401	0.0000086223	0.0003367407	0.0007029163	0.0002375952	0.0012126032	0.0009405116	0.0021531147
0.1633178295	0.9054649011	0.8764545779	0.8894124682	0.8400324684	0.9854309549	0.9444802028	0.0308283853	0.0030495269	0.0192093713	0.0277788584	0.0161598445	0.0009503893	0.0000092996	0.0003689999	0.0007716650	0.0002611406	0.0013286889	0.0010328055	0.0023614944
0.1633178295	0.9121315678	0.8776530258	0.8895106653	0.8407413590	0.9866694802	0.9451728819	0.0321948329	0.0031599274	0.0200529002	0.0290349054	0.0168929728	0.0010365073	0.0000099851	0.0004021188	0.0008430257	0.0002853725	0.0014486112	0.0011283983	0.0025770095
0.1633178295	0.9187982344	0.8788419763	0.8896064216	0.8414381834	0.9878997666	0.9458544396	0.0335486092	0.0032675722	0.0208813783	0.0302810370	0.0176138061	0.0011255092	0.0000106770	0.0004360320	0.0009169412	0.0003102462	0.0015722182	0.0012271874	0.0027994055
0.1633178295	0.9254649011	0.8800216638	0.8896997347	0.8421231511	0.9891220931	0.9465251233	0.0348900295	0.0033724592	0.0216950911	0.0315175703	0.0183226319	0.0012173142	0.0000113735	0.0004706770	0.0009933572	0.0003357188	0.0016993646	0.0013290761	0.0030284407
0.1633178295	0.9321315678	0.8811923162	0.8897906020	0.8427964652	0.9903367312	0.9471851730	0.0362193996	0.0034745865	0.0224943152	0.0327448131	0.0190197287	0.0013118449	0.0000120728	0.0005059942	0.0010722228	0.0003617501	0.0018299119	0.0014339729	0.0032638847
0.1633178295	0.9387982344	0.8823541549	0.8898790209	0.8434583231	0.9915439449	0.9478348217	0.0375370159	0.0035739521	0.0232793186	0.0339630639	0.0197053665	0.0014090276	0.0000127731	0.0005419267	0.0011534897	0.0003883015	0.0019637274	0.0015417912	0.0035055186
0.1633178295	0.9454649011	0.8835073950	0.8899649888	0.8441089159	0.9927439912	0.9484742956	0.0388431662	0.0036705537	0.0240503609	0.0351726125	0.0203798072	0.0015087916	0.0000134730	0.0005784199	0.0012371127	0.0004153365	0.0021006844	0.0016524492	0.0037531336
0.1633178295	0.9521315678	0.8846522457	0.8900485030	0.8447484294	0.9939371201	0.9491038147	0.0401381295	0.0037643891	0.0248076937	0.0363737404	0.0210433046	0.0016110694	0.0000141706	0.0006154217	0.0013230490	0.0004428207	0.0022406617	0.0017658697	0.0040065314
0.1633178295	0.9587982344	0.8857889105	0.8901295605	0.8453770439	0.9951235751	0.9497235924	0.0414221767	0.0038554559	0.0255515610	0.0375667207	0.0216961051	0.0017157967	0.0000148645	0.0006528823	0.0014112585	0.0004707210	0.0023835435	0.0018819795	0.0042655230
0.1633178295	0.9654649011	0.8869175871	0.8902081587	0.8459949344	0.9963035931	0.9503338361	0.0426955705	0.0039437517	0.0262821992	0.0387518187	0.0223384475	0.0018229117	0.0000155532	0.0006907540	0.0015017035	0.0004990062	0.0025292189	0.0020007097	0.0045299286
0.1633178295	0.9721315678	0.8880384678	0.8902842946	0.8466022709	0.9974774049	0.9509347474	0.0439585661	0.0040292741	0.0269998378	0.0399292920	0.0229705637	0.0019323555	0.0000162350	0.0007289912	0.0015943484	0.0005276468	0.0026775818	0.0021219952	0.0047995770
0.1633178295	0.9787982344	0.8891517397	0.8903579654	0.8471992184	0.9986452351	0.9515265223	0.0452114111	0.0041120203	0.0277046991	0.0410993908	0.0235926787	0.0020440717	0.0000169087	0.0007675504	0.0016891599	0.0005566145	0.0028285308	0.0022457744	0.0050743052
0.1633178295	0.9854649011	0.8902575846	0.8904291681	0.8477859374	0.9998073025	0.9521093510	0.0464543462	0.0041919881	0.0283969990	0.0422623581	0.0242050110	0.0021580063	0.0000175728	0.0008063896	0.0017861069	0.0005858826	0.0029819686	0.0023719895	0.0053539581
0.1659844961	0.5854649011	0.8012086461	0.8818764265	0.7857197447	0.9085271156	0.8909635421	-0.0589351004	-0.0054596296	-0.0476310027	-0.0534754708	-0.0421713731	0.0034733461	0.0000298076	0.0022687124	0.0028596260	0.0017784247	0.0057718660	0.0046380507	0.0104099167
0.1659844961	0.5921315678	0.8033252823	0.8820920713	0.7874370264	0.9107045721	0.8926925567	-0.0562967798	-0.0052151301	-0.0454477716	-0.0510816498	-0.0402326416	0.0031693274	0.0000271976	0.0020654999	0.0026093349	0.0016186654	0.0052620249	0.0042280004	0.0094900253
0.1659844961	0.5987982344	0.8054082362	0.8823051672	0.7891192996	0.9128454260	0.8943836316	-0.0537072210	-0.0049735791	-0.0433136596	-0.0487336419	-0.0383400805	0.0028844656	0.0000247365	0.0018760731	0.0023749678	0.0014699618	0.0047852752	0.0038449296	0.0086302048
0.1659844961	0.6054649011	0.8074583810	0.8825157172	0.7907674306	0.9149507088	0.8960377874	-0.0511649824	-0.0047349713	-0.0412272675	-0.0464300111	-0.0364922962	0.0026178554	0.0000224200	0.0016996876	0.0021557459	0.0013316877	0.0043399630	0.0034874336	0.0078273966
0.1659844961	0.6121315678	0.8094765727	0.8827237251	0.7923822661	0.9170214299	0.8976560202	-0.0486686634	-0.0044993002	-0.0391872381	-0.0441693632	-0.0346879378	0.0023686388	0.0000202437	0.0015356396	0.0019509326	0.0012032530	0.0039245221	0.0031541857	0.0070787078
0.1659844961	0.6187982344	0.8114636497	0.8829291955	0.7939646331	0.9190585766	0.8992393016	-0.0462169037	-0.0042665588	-0.0371922551	-0.0419503449	-0.0329256963	0.0021360022	0.0000182035	0.0013832638	0.0017598314	0.0010841015	0.0035374695	0.0028439329	0.0063814025
0.1659844961	0.6254649011	0.8134204326	0.8831321332	0.7955153388	0.9210631139	0.9007885784	-0.0438083825	-0.0040367392	-0.0352410431	-0.0397716433	-0.0312043039	0.0019191744	0.0000162953	0.0012419311	0.0015817836	0.0009737086	0.0031774008	0.0025554922	0.0057328929
0.1659844961	0.6321315678	0.8153477239	0.8833325439	0.7970351705	0.9230359841	0.9023047730	-0.0414418183	-0.0038098332	-0.0333323662	-0.0376319850	-0.0295225329	0.0017174243	0.0000145148	0.0011110466	0.0014161663	0.0008715800	0.0028429858	0.0022877462	0.0051307320
0.1659844961	0.6387982344	0.8172463077	0.8835304334	0.7985248955	0.9249781069	0.9037887835	-0.0391159680	-0.0035858323	-0.0314650276	-0.0355301357	-0.0278791953	0.0015300590	0.0000128582	0.0009900480	0.0012623905	0.0007772495	0.0025329651	0.0020396401	0.0045726052
0.1659844961	0.6454649011	0.8191169496	0.8837258077	0.7999852611	0.9268903799	0.9052414834	-0.0368296263	-0.0033647276	-0.0296378687	-0.0334648988	-0.0262731412	0.0013564214	0.0000113214	0.0008784033	0.0011198994	0.0006902779	0.0022461460	0.0018101774	0.0040563234
0.1659844961	0.6521315678	0.8209603970	0.8839186733	0.8014169949	0.9287736777	0.9066637227	-0.0345816248	-0.0031465099	-0.0278497681	-0.0314351149	-0.0247032582	0.0011958888	0.0000099005	0.0007756096	0.0009881664	0.0006102510	0.0019813989	0.0015984174	0.0035798163
0.1659844961	0.6587982344	0.8227773788	0.8841090365	0.8028208048	0.9306288533	0.9080563274	-0.0323708311	-0.0029311703	-0.0260996408	-0.0294396608	-0.0231684705	0.0010478707	0.0000085918	0.0006811912	0.0008666936	0.0005367780	0.0017376537	0.0014034717	0.0031411254
0.1659844961	0.6654649011	0.8245686056	0.8842969038	0.8041973791	0.9324567372	0.9094201005	-0.0301961483	-0.0027186996	-0.0243864372	-0.0274774487	-0.0216677376	0.0009118074	0.0000073913	0.0005946983	0.0007550102	0.0004694909	0.0015138970	0.0012245010	0.0027383981
0.1659844961	0.6721315678	0.8263347698	0.8844822815	0.8055473871	0.9342581385	0.9107558218	-0.0280565138	-0.0025090887	-0.0227091423	-0.0255474252	-0.0202000536	0.0007871680	0.0000062955	0.0005157051	0.0006526709	0.0004080422	0.0013091686	0.0010607131	0.0023698817
0.1659844961	0.6787982344	0.8280765460	0.8846651760	0.8068714791	0.9360338448	0.9120642487	-0.0259508986	-0.0023023286	-0.0210667746	-0.0236485700	-0.0187644460	0.0006734491	0.0000053007	0.0004438090	0.0005592549	0.0003521044	0.0011225588	0.0009113593	0.0020339181
0.1659844961	0.6854649011	0.8297945910	0.8848455936	0.8081702868	0.9377846225	0.9133461168	-0.0238783062	-0.0020984106	-0.0194583853	-0.0217798956	-0.0173599747	0.0005701735	0.0000044033	0.0003786288	0.0004743639	0.0003013687	0.0009532056	0.0007757326	0.0017289382
0.1659844961	0.6921315678	0.8314895439	0.8850235403	0.8094444236	0.9395112176	0.9146021397	-0.0218377721	-0.0018973260	-0.0178830571	-0.0199404460	-0.0159857311	0.0004768883	0.0000035998	0.0003198037	0.0003976214	0.0002555436	0.0008002919	0.0006531650	0.0014534569
0.1659844961	0.6987982344	0.8331620268	0.8851990219	0.8106944848	0.9412143554	0.9158330102	-0.0198283624	-0.0016990666	-0.0163399036	-0.0181292958	-0.0146408370	0.0003931640	0.0000028868	0.0002669925	0.0003286714	0.0002143541	0.0006630432	0.0005430255	0.0012060687
0.1659844961	0.7054649011	0.8348126448	0.8853720442	0.8119210484	0.9428947415	0.9170394002	-0.0178491735	-0.0015036243	-0.0148280682	-0.0163455492	-0.0133244440	0.0003185930	0.0000022609	0.0002198716	0.0002671770	0.0001775408	0.0005407255	0.0004447178	0.0009854433
0.1659844961	0.7121315678	0.8364419862	0.8855426124	0.8131246749	0.9445530621	0.9182219619	-0.0158993306	-0.0013109913	-0.0133467231	-0.0145883393	-0.0120357318	0.0002527887	0.0000017187	0.0001781350	0.0002128196	0.0001448588	0.0004326424	0.0003576785	0.0007903209
0.1659844961	0.7187982344	0.8380506232	0.8857107318	0.8143059083	0.9461899840	0.9193813274	-0.0139779874	-0.0011211603	-0.0118950685	-0.0128568271	-0.0107739082	0.0001953841	0.0000012570	0.0001414927	0.0001652980	0.0001160771	0.0003381338	0.0002813751	0.0006195089
0.1659844961	0.7254649011	0.8396391118	0.8858764071	0.8154652759	0.9478061557	0.9205181099	-0.0120843249	-0.0009341243	-0.0104723316	-0.0111502005	-0.0095382073	0.0001460309	0.0000008726	0.0001096697	0.0001243270	0.0000909774	0.0002565732	0.0002153044	0.0004718776
0.1659844961	0.7321315678	0.8412079926	0.8860396428	0.8166032891	0.9494022073	0.9216329040	-0.0102175503	-0.0007498766	-0.0090777659	-0.0094676737	-0.0083278893	0.0001043983	0.0000005623	0.0000824058	0.0000896368	0.0000693537	0.0001873665	0.0001589906	0.0003463571
0.1659844961	0.7387982344	0.8427577908	0.8862004432	0.8177204438	0.9509787512	0.9227262862	-0.0083768971	-0.0005684110	-0.0077106502	-0.0078084861	-0.0071422392	0.0000701724	0.0000003231	0.0000594541	0.0000609725	0.0000510116	0.0001299496	0.0001119840	0.0002419337
0.1659844961	0.7454649011	0.8442890165	0.8863588120	0.8188172205	0.9525363825	0.9237988153	-0.0065616231	-0.0003897215	-0.0063702877	-0.0061719016	-0.0059805662	0.0000430549	0.0000001519	0.0000405806	0.0000380924	0.0000357672	0.0000837873	0.0000738595	0.0001576469
0.1659844961	0.7521315678	0.8458021654	0.8865147529	0.8198940850	0.9540756796	0.9248510330	-0.0047710104	-0.0002138027	-0.0050560054	-0.0045572077	-0.0048422027	0.0000227625	0.0000000457	0.0000255632	0.0000207681	0.0000234469	0.0000483714	0.0000442151	0.0000925865
0.1659844961	0.7587982344	0.8472977189	0.8866682690	0.8209514887	0.9555972042	0.9258834644	-0.0030043646	-0.0000406496	-0.0037671530	-0.0029637150	-0.0037265034	0.0000090262	0.0000000017	0.0000141914	0.0000087836	0.0000138868	0.0000232193	0.0000226704	0.0000458897
0.1659844961	0.7654649011	0.8487761447	0.8868193631	0.8219898690	0.9571015023	0.9268966187	-0.0012610134	0.0001297425	-0.0025031024	-0.0013907559	-0.0026328449	0.0000015902	0.0000000168	0.0000062655	0.0000019342	0.0000069319	0.0000078725	0.0000088661	0.0000167386
0.1659844961	0.7721315678	0.8502378968	0.8869680378	0.8230096498	0.9585891042	0.9278909890	0.0004596933	0.0002973778	-0.0012632468	0.0001623155	-0.0015606246	0.0000002113	0.0000000884	0.0000015958	0.0000000263	0.0000024355	0.0000018955	0.0000024619	0.0000043574
0.1659844961	0.7787982344	0.8516834162	0.8871142953	0.8240112418	0.9600605251	0.9288670537	0.0021583849	0.0004622602	-0.0000469999	0.0016961247	-0.0005092601	0.0000046586	0.0000002137	0.0000000022	0.0000028768	0.0000002593	0.0000048745	0.0000031362	0.0000080107
0.1659844961	0.7854649011	0.8531131310	0.8872581374	0.8249950427	0.9615162657	0.9298252762	0.0038356703	0.0006243932	0.0011462048	0.0032112771	0.0005218117	0.0000147124	0.0000003899	0.0000013138	0.0000103123	0.0000002723	0.0000164160	0.0000105846	0.0000270006
0.1659844961	0.7921315678	0.8545274569	0.8873995657	0.8259614380	0.9629568122	0.9307661057	0.0054921386	0.0007837797	0.0023169145	0.0047083589	0.0015331348	0.0000301636	0.0000006143	0.0000053681	0.0000221686	0.0000023505	0.0000361460	0.0000245191	0.0000606651
0.1659844961	0.7987982344	0.8559267977	0.8875385813	0.8269108010	0.9643826372	0.9316899777	0.0071283601	0.0009404225	0.0034656581	0.0061879376	0.0025252356	0.0000508135	0.0000008844	0.0000120108	0.0000382906	0.0000063768	0.0000637087	0.0000446674	0.0001083761
0.1659844961	0.8054649011	0.8573115451	0.8876751853	0.8278434936	0.9657941996	0.9325973142	0.0087448867	0.0010943239	0.0045929465	0.0076505629	0.0034986227	0.0000764730	0.0000011975	0.0000210952	0.0000585311	0.0000122404	0.0000987657	0.0000707715	0.0001695372
0.1659844961	0.8121315678	0.8586820796	0.8878093781	0.8287598662	0.9671919455	0.9334885243	0.0103422526	0.0012454858	0.0056992737	0.0090967669	0.0044537879	0.0001069622	0.0000015512	0.0000324817	0.0000827512	0.0000198362	0.0001409951	0.0001025874	0.0002435825
0.1659844961	0.8187982344	0.8600387707	0.8879411601	0.8296602581	0.9685763082	0.9343640045	0.0119209749	0.0013939098	0.0067851168	0.0105270651	0.0053912070	0.0001421096	0.0000019430	0.0000460378	0.0001108191	0.0000290651	0.0001900904	0.0001398842	0.0003299746
0.1659844961	0.8254649011	0.8613819771	0.8880705313	0.8305449984	0.9699477088	0.9352241394	0.0134815540	0.0015395972	0.0078509373	0.0119419568	0.0063113401	0.0001817523	0.0000023704	0.0000616372	0.0001426103	0.0000398330	0.0002457599	0.0001824433	0.0004282032
0.1659844961	0.8321315678	0.8627120469	0.8881974916	0.8314144056	0.9713065564	0.9360693016	0.0150244746	0.0016825489	0.0088971810	0.0133419257	0.0072146322	0.0002257348	0.0000028310	0.0000791598	0.0001780070	0.0000520509	0.0003077256	0.0002300579	0.0005377835
0.1659844961	0.8387982344	0.8640293183	0.8883220403	0.8322687886	0.9726532486	0.9368998525	0.0165502058	0.0018227655	0.0099242792	0.0147274404	0.0081015137	0.0002739093	0.0000033225	0.0000984913	0.0002168975	0.0000656345	0.0003757231	0.0002825320	0.0006582551
0.1659844961	0.8454649011	0.8653341196	0.8884441769	0.8331084463	0.9739881718	0.9377161424	0.0180592021	0.0019602473	0.0109326487	0.0160989548	0.0089724014	0.0003261348	0.0000038426	0.0001195228	0.0002591763	0.0000805040	0.0004495002	0.0003396803	0.0007891805
0.1659844961	0.8521315678	0.8666267694	0.8885639002	0.8339336686	0.9753117015	0.9385185111	0.0195519034	0.0020949944	0.0119226925	0.0174569090	0.0098276981	0.0003822769	0.0000043890	0.0001421506	0.0003047437	0.0000965837	0.0005288165	0.0004013273	0.0009301438
0.1659844961	0.8587982344	0.8679075775	0.8886812092	0.8347447365	0.9766242028	0.9393072880	0.0210287358	0.0022270065	0.0128948006	0.0188017293	0.0106677941	0.0004422077	0.0000049596	0.0001662759	0.0003535050	0.0001138018	0.0006134432	0.0004673069	0.0010807500
0.1659844961	0.8654649011	0.8691768443	0.8887961023	0.8355419220	0.9779260305	0.9400827927	0.0224901121	0.0023562832	0.0138493501	0.0201338290	0.0114930669	0.0005058051	0.0000055521	0.0001918045	0.0004053711	0.0001320906	0.0007031617	0.0005374617	0.0012406234
0.1659844961	0.8721315678	0.8704348618	0.8889085781	0.8363254891	0.9792175295	0.9408453351	0.0239364323	0.0024828236	0.0147867057	0.0214536087	0.0123038820	0.0005729528	0.0000061644	0.0002186467	0.0004602573	0.0001513855	0.0007977639	0.0006116428	0.0014094067
0.1659844961	0.8787982344	0.8716819136	0.8890186347	0.8370956933	0.9804990351	0.9415952159	0.0253680837	0.0026066269	0.0157072203	0.0227614568	0.0131005934	0.0006435397	0.0000067945	0.0002467168	0.0005180839	0.0001716255	0.0008970509	0.0006897095	0.0015867604
0.1659844961	0.8854649011	0.8729182750	0.8891262702	0.8378527827	0.9817708735	0.9423327268	0.0267854418	0.0027276918	0.0166112355	0.0240577500	0.0138835436	0.0007174599	0.0000074403	0.0002759331	0.0005787753	0.0001927528	0.0010008333	0.0007715281	0.0017723615
0.1659844961	0.8921315678	0.8741442135	0.8892314825	0.8385969975	0.9830333617	0.9430581508	0.0281888705	0.0028460171	0.0174990818	0.0253428534	0.0146530647	0.0007946124	0.0000080998	0.0003062179	0.0006422602	0.0002147123	0.0011089301	0.0008569725	0.0019659026
0.1659844961	0.8987982344	0.8753599891	0.8893342693	0.8393285708	0.9842868080	0.9437717625	0.0295787223	0.0029616010	0.0183710791	0.0266171213	0.0154094781	0.0008749008	0.0000087711	0.0003374965	0.0007084711	0.0002374520	0.0012211684	0.0009459232	0.0021670916
0.1659844961	0.9054649011	0.8765658543	0.8894346282	0.8400477285	0.9855315123	0.9444738284	0.0309553392	0.0030744419	0.0192275372	0.0278808973	0.0161530953	0.0009582330	0.0000094522	0.0003696982	0.0007773444	0.0002609225	0.0013373834	0.0010382669	0.0023756503
0.1659844961	0.9121315678	0.8777620543	0.8895325568	0.8407546897	0.9867677665	0.9451646073	0.0323190525	0.0031845378	0.0200687560	0.0291345147	0.0168842182	0.0010445212	0.0000101413	0.0004027550	0.0008488199	0.0002850768	0.0014574174	0.0011338968	0.0025913142
0.1659844961	0.9187982344	0.8789488275	0.8896280524	0.8414496672	0.9879958542	0.9458443503	0.0336701837	0.0032918868	0.0208950260	0.0303782968	0.0176031392	0.0011336813	0.0000108365	0.0004366021	0.0009228409	0.0003098705	0.0015811199	0.0012327114	0.0028138313
0.1659844961	0.9254649011	0.8801264057	0.8897211122	0.8421328670	0.9892160516	0.9465133011	0.0350090444	0.0033964867	0.0217066285	0.0316125576	0.0183101418	0.0012256332	0.0000115361	0.0004711777	0.0009993538	0.0003352613	0.0017083470	0.0013346151	0.0030429621
0.1659844961	0.9321315678	0.8812950140	0.8898117336	0.8428044894	0.9904286274	0.9471716966	0.0363359369	0.0034983352	0.0225038360	0.0328376017	0.0190055008	0.0013203003	0.0000122383	0.0005064226	0.0010783081	0.0003612091	0.0018389613	0.0014395171	0.0032784784
0.1659844961	0.9387982344	0.8824548712	0.8898999136	0.8434647285	0.9916338431	0.9478197667	0.0376511545	0.0035974299	0.0232869128	0.0340537246	0.0196894829	0.0014176094	0.0000129415	0.0005422803	0.0011596562	0.0003876757	0.0019728312	0.0015473319	0.0035201631
0.1659844961	0.9454649011	0.8836061903	0.8899856492	0.8441137727	0.9928319530	0.9484577347	0.0389549817	0.0036937683	0.0240561147	0.0352612134	0.0203623464	0.0015174906	0.0000136439	0.0005786967	0.0012433532	0.0004146252	0.0021098312	0.0016579783	0.0037678095
0.1659844961	0.9521315678	0.8847491780	0.8900689376	0.8447518052	0.9940232050	0.9490858174	0.0402476945	0.0037873479	0.0248116899	0.0364603467	0.0210243420	0.0016198769	0.0000143440	0.0006156200	0.0013293569	0.0004420230	0.0022498409	0.0017713798	0.0040212207
0.1659844961	0.9587982344	0.8858840356	0.8901497756	0.8453790034	0.9952078401	0.9497042257	0.0415295611	0.0038781659	0.0255538789	0.0376513952	0.0216757130	0.0017247044	0.0000150402	0.0006530007	0.0014176276	0.0004698365	0.0023927453	0.0018874641	0.0042802094
0.1659844961	0.9654649011	0.8870109587	0.8902281602	0.8459955400	0.9963860933	0.9503131645	0.0428008414	0.0039662198	0.0262829151	0.0388346215	0.0223166953	0.0018319120	0.0000157309	0.0006907916	0.0015081278	0.0004980349	0.0025384345	0.0020061627	0.0045445973
0.1659844961	0.9721315678	0.8881301375	0.8903040883	0.8466015825	0.9975581929	0.9509128326	0.0440617879	0.0040515068	0.0269990247	0.0400102811	0.0229475179	0.0019414412	0.0000164147	0.0007289473	0.0016008226	0.0005265886	0.0026868032	0.0021274112	0.0048142144
0.1659844961	0.9787982344	0.8892417573	0.8903775569	0.8471972937	0.9987243619	0.9515034236	0.0453126459	0.0041340241	0.0277024272	0.0411786218	0.0235684031	0.0020532359	0.0000170902	0.0007674245	0.0016956789	0.0005554696	0.0028377505	0.0022511485	0.0050888990
0.1659844961	0.9854649011	0.8903459981	0.8904485627	0.8477828317	0.9998848169	0.9520851257	0.0465536535	0.0042137689	0.0283933357	0.0423398845	0.0241795667	0.0021672427	0.0000177558	0.0008061815	0.0017926658	0.0005846514	0.0029911800	0.0023773173	0.0053684973
0.1686511628	0.5854649011	0.8016251832	0.8819304446	0.7860525289	0.9089437701	0.8912863069	-0.0584153496	-0.0053983780	-0.0472075518	-0.0530169716	-0.0418091738	0.0034123531	0.0000291425	0.0022285529	0.0028107993	0.0017480070	0.0056700485	0.0045588063	0.0102288548
0.1686511628	0.5921315678	0.8037276726	0.8821448055	0.7877545070	0.9111062805	0.8929990883	-0.0557959995	-0.0051553488	-0.0450446706	-0.0506406507	-0.0398893218	0.0031131936	0.0000265776	0.0020290223	0.0025644755	0.0015911580	0.0051687935	0.0041556335	0.0093244270
0.1686511628	0.5987982344	0.8057970895	0.8823566585	0.7894221440	0.9132328540	0.8946746606	-0.0532245347	-0.0049152208	-0.0429299581	-0.0483093139	-0.0380147373	0.0028328511	0.0000241594	0.0018429813	0.0023337898	0.0014451202	0.0046999918	0.0037789101	0.0084789019
0.1686511628	0.6054649011	0.8078342776	0.8825660055	0.7910562749	0.9153244885	0.8963140093	-0.0506995601	-0.0046779900	-0.0408620634	-0.0460215701	-0.0361840734	0.0025704454	0.0000218836	0.0016697082	0.0021179849	0.0013092872	0.0042620372	0.0034272721	0.0076893093
0.1686511628	0.6121315678	0.8098400648	0.8827728490	0.7926577168	0.9173821621	0.8979180971	-0.0482197183	-0.0044436515	-0.0388396750	-0.0437760668	-0.0343960235	0.0023251412	0.0000197460	0.0015085204	0.0019163440	0.0011830864	0.0038534076	0.0030994305	0.0069528381
0.1686511628	0.6187982344	0.8118152631	0.8829771923	0.7942272688	0.9194068320	0.8994878641	-0.0457836898	-0.0042121993	-0.0368615196	-0.0415714905	-0.0326493203	0.0020961463	0.0000177426	0.0013587716	0.0017281888	0.0010659781	0.0034726605	0.0027941669	0.0062668274
0.1686511628	0.6254649011	0.8137606679	0.8831790394	0.7957657114	0.9213994350	0.9010242272	-0.0433901926	-0.0039836272	-0.0349263625	-0.0394065655	-0.0309427353	0.0018827088	0.0000158693	0.0012198508	0.0015528774	0.0009574529	0.0031184289	0.0025103303	0.0056287592
0.1686511628	0.6321315678	0.8156770577	0.8833783946	0.7972738067	0.9233608867	0.9025280803	-0.0410379816	-0.0037579281	-0.0330330062	-0.0372800535	-0.0292750781	0.0016841159	0.0000141220	0.0010911795	0.0013898024	0.0008570302	0.0027894175	0.0022468326	0.0050362500
0.1686511628	0.6387982344	0.8175651941	0.8835752628	0.7987522978	0.9252920815	0.9040002946	-0.0387258479	-0.0035350947	-0.0311802902	-0.0351907533	-0.0276451955	0.0014996913	0.0000124969	0.0009722105	0.0012383891	0.0007642568	0.0024843987	0.0020026460	0.0044870446
0.1686511628	0.6454649011	0.8194258212	0.8837696489	0.8002019094	0.9271938929	0.9054417182	-0.0364526187	-0.0033151193	-0.0293670901	-0.0331374994	-0.0260519708	0.0013287934	0.0000109900	0.0008624260	0.0010980939	0.0006787052	0.0022022094	0.0017767990	0.0039790085
0.1686511628	0.6521315678	0.8212596660	0.8839615583	0.8016233471	0.9290671729	0.9068531766	-0.0342171561	-0.0030979942	-0.0275923170	-0.0311191618	-0.0244943228	0.0011708138	0.0000095976	0.0007613360	0.0009684022	0.0005999719	0.0019417473	0.0015683741	0.0035101214
0.1686511628	0.6587982344	0.8230674380	0.8841509964	0.8030172984	0.9309127529	0.9082354730	-0.0320183566	-0.0028837114	-0.0258549167	-0.0291346452	-0.0229712053	0.0010251752	0.0000083158	0.0006684767	0.0008488275	0.0005276763	0.0017019677	0.0013765038	0.0030784715
0.1686511628	0.6654649011	0.8248498296	0.8843379686	0.8043844320	0.9327314431	0.9095893884	-0.0298551505	-0.0026722629	-0.0241538685	-0.0271828877	-0.0214816056	0.0008913300	0.0000071410	0.0005834094	0.0007389094	0.0004614594	0.0014818804	0.0012003688	0.0026822491
0.1686511628	0.6721315678	0.8266075159	0.8845224804	0.8057253984	0.9345240332	0.9109156820	-0.0277265011	-0.0024636406	-0.0224881849	-0.0252628604	-0.0200245443	0.0007687589	0.0000060695	0.0005057185	0.0006382121	0.0004009824	0.0012805468	0.0010391945	0.0023197413
0.1686511628	0.6787982344	0.8283411547	0.8847045373	0.8070408303	0.9362912926	0.9122150914	-0.0256314034	-0.0022578368	-0.0208569104	-0.0233735667	-0.0185990736	0.0006569688	0.0000050978	0.0004350107	0.0005463236	0.0003459255	0.0010970774	0.0008922492	0.0019893265
0.1686511628	0.6854649011	0.8300513873	0.8848841445	0.8083313425	0.9380339703	0.9134883335	-0.0235688843	-0.0020548436	-0.0192591208	-0.0215140407	-0.0172042772	0.0005554923	0.0000042224	0.0003709137	0.0004628539	0.0002959872	0.0009306284	0.0007588411	0.0016894695
0.1686511628	0.6921315678	0.8317388379	0.8850613072	0.8095975322	0.9397527958	0.9147361042	-0.0215380008	-0.0018546535	-0.0176939223	-0.0196833473	-0.0158392688	0.0004638855	0.0000034397	0.0003130749	0.0003874342	0.0002508824	0.0007804001	0.0006383166	0.0014187167
0.1686511628	0.6987982344	0.8334041144	0.8852360306	0.8108399795	0.9414484789	0.9159590793	-0.0195378397	-0.0016572592	-0.0161604505	-0.0178805805	-0.0145031914	0.0003817272	0.0000027465	0.0002611602	0.0003197152	0.0002103426	0.0006456339	0.0005300577	0.0011756916
0.1686511628	0.7054649011	0.8350478085	0.8854083193	0.8120592478	0.9431217104	0.9171579148	-0.0175675167	-0.0014626535	-0.0146578698	-0.0161048632	-0.0131952163	0.0003086176	0.0000021394	0.0002148531	0.0002593666	0.0001741137	0.0005256101	0.0004334804	0.0009590905
0.1686511628	0.7121315678	0.8366704957	0.8855781779	0.8132558839	0.9447731624	0.9183332474	-0.0156261757	-0.0012708298	-0.0131853722	-0.0143553459	-0.0119145424	0.0002441774	0.0000016150	0.0001738540	0.0002060760	0.0001419563	0.0004196464	0.0003480323	0.0007676787
0.1686511628	0.7187982344	0.8382727360	0.8857456108	0.8144304184	0.9464034885	0.9194856949	-0.0137129874	-0.0010817814	-0.0117421768	-0.0126312060	-0.0106603954	0.0001880460	0.0000011703	0.0001378787	0.0001595474	0.0001136440	0.0003270950	0.0002731914	0.0006002864
0.1686511628	0.7254649011	0.8398550741	0.8859106221	0.8155833661	0.9480133245	0.9206158565	-0.0118271495	-0.0008955023	-0.0103275288	-0.0109316472	-0.0094320264	0.0001398815	0.0000008019	0.0001066579	0.0001195009	0.0000889631	0.0002473412	0.0002084640	0.0004558053
0.1686511628	0.7321315678	0.8414180393	0.8860732154	0.8167152265	0.9496032886	0.9217243138	-0.0099678850	-0.0007119867	-0.0089406985	-0.0092558983	-0.0082287118	0.0000993587	0.0000005069	0.0000799361	0.0000856717	0.0000677117	0.0001798017	0.0001533834	0.0003331851
0.1686511628	0.7387982344	0.8429621465	0.8862333943	0.8178264838	0.9511739818	0.9228116308	-0.0081344420	-0.0005312292	-0.0075809810	-0.0076032128	-0.0070497518	0.0000661691	0.0000002822	0.0000574713	0.0000578088	0.0000496990	0.0001239226	0.0001075078	0.0002314305
0.1686511628	0.7454649011	0.8444878959	0.8863911619	0.8189176079	0.9527259885	0.9238783542	-0.0063260923	-0.0003532246	-0.0062476947	-0.0059728677	-0.0058944701	0.0000400194	0.0000001248	0.0000390337	0.0000356751	0.0000347448	0.0000791779	0.0000704199	0.0001495978
0.1686511628	0.7521315678	0.8459957738	0.8865465211	0.8199890540	0.9542598766	0.9249250147	-0.0045421315	-0.0001779684	-0.0049401812	-0.0043641631	-0.0047622128	0.0000206310	0.0000000317	0.0000244054	0.0000190459	0.0000226787	0.0000450680	0.0000417246	0.0000867926
0.1686511628	0.7587982344	0.8474862526	0.8866994744	0.8210412638	0.9557761982	0.9259521264	-0.0027818776	-0.0000054562	-0.0036578040	-0.0027764214	-0.0036523478	0.0000077388	0.0000000000	0.0000133795	0.0000077085	0.0000133396	0.0000211184	0.0000210482	0.0000421666
0.1686511628	0.7654649011	0.8489597913	0.8868500240	0.8220746651	0.9572754901	0.9269601882	-0.0010446704	0.0001643159	-0.0023999482	-0.0012089863	-0.0025642641	0.0000010913	0.0000000270	0.0000057598	0.0000014616	0.0000065755	0.0000068781	0.0000080371	0.0000149152
0.1686511628	0.7721315678	0.8504168360	0.8869981718	0.8230896728	0.9587582737	0.9279496835	0.0006701289	0.0003313514	-0.0011660194	0.0003387776	-0.0014973708	0.0000004491	0.0000001098	0.0000013596	0.0000001148	0.0000022421	0.0000019185	0.0000023569	0.0000042754
0.1686511628	0.7787982344	0.8518578197	0.8871439194	0.8240866889	0.9602250560	0.9289210813	0.0023631390	0.0004956534	0.0000445567	0.0018674856	-0.0004510967	0.0000055844	0.0000002457	0.0000000020	0.0000034875	0.0000002035	0.0000058321	0.0000036910	0.0000095231
0.1686511628	0.7854649011	0.8532831633	0.8872872681	0.8250661030	0.9616763296	0.9298748361	0.0040349584	0.0006572248	0.0012323353	0.0033777336	0.0005751105	0.0000162809	0.0000004319	0.0000015187	0.0000114091	0.0000003308	0.0000182315	0.0000117398	0.0000299713
0.1686511628	0.7921315678	0.8546932754	0.8874282187	0.8260282927	0.9631125733	0.9308113888	0.0056861667	0.0008160680	0.0023978530	0.0048700987	0.0015817850	0.0000323325	0.0000006660	0.0000057497	0.0000237179	0.0000025020	0.0000387482	0.0000262199	0.0000649681
0.1686511628	0.7987982344	0.8560885529	0.8875667721	0.8269736239	0.9645342523	0.9317311665	0.0073173249	0.0009721849	0.0035416282	0.0063451400	0.0025694433	0.0000535432	0.0000009451	0.0000125431	0.0000402608	0.0000066020	0.0000670315	0.0000468628	0.0001138944
0.1686511628	0.8054649011	0.8574693815	0.8877029285	0.8279024512	0.9659418190	0.9326345837	0.0089289761	0.0011255772	0.0046641623	0.0078033989	0.0035385850	0.0000797266	0.0000012669	0.0000217544	0.0000608930	0.0000125216	0.0001027479	0.0000734146	0.0001761626
0.1686511628	0.8121315678	0.8588361354	0.8878366881	0.8288151181	0.9673357127	0.9335220421	0.0105216462	0.0012762464	0.0057659397	0.0092453998	0.0044896933	0.0001107050	0.0000016288	0.0000332461	0.0000854774	0.0000201573	0.0001455799	0.0001056348	0.0002512147
0.1686511628	0.8187982344	0.8601891784	0.8879680506	0.8297119576	0.9687163607	0.9343939313	0.0120958443	0.0014241934	0.0068474289	0.0106716509	0.0054232355	0.0001463094	0.0000020283	0.0000468873	0.0001138841	0.0000294115	0.0001952251	0.0001432956	0.0003385207
0.1686511628	0.8254649011	0.8615288635	0.8880970156	0.8305932924	0.9700841781	0.9352506289	0.0136520635	0.0015694190	0.0079090829	0.0120826445	0.0063396639	0.0001863788	0.0000024631	0.0000625536	0.0001459903	0.0000401913	0.0002513955	0.0001861816	0.0004375771
0.1686511628	0.8321315678	0.8628555336	0.8882235824	0.8314594350	0.9714395685	0.9360925014	0.0151907812	0.0017119234	0.0089513395	0.0134788578	0.0072394161	0.0002307598	0.0000029307	0.0000801265	0.0001816796	0.0000524091	0.0003138170	0.0002340888	0.0005479057
0.1686511628	0.8387982344	0.8641695219	0.8883477500	0.8323106885	0.9727829241	0.9369199038	0.0167124598	0.0018517069	0.0099746222	0.0148607529	0.0081229153	0.0002793063	0.0000034288	0.0000994931	0.0002208420	0.0000659818	0.0003822282	0.0002868237	0.0006690519
0.1686511628	0.8454649011	0.8654711518	0.8884695173	0.8331473465	0.9741146262	0.9377331808	0.0182175472	0.0019887691	0.0109793405	0.0162287780	0.0089905714	0.0003318790	0.0000039552	0.0001205459	0.0002633732	0.0000808304	0.0004563801	0.0003442036	0.0008005838
0.1686511628	0.8521315678	0.8667607375	0.8885888829	0.8339696937	0.9754350456	0.9385326666	0.0197064771	0.0021231098	0.0119658906	0.0175833673	0.0098427808	0.0003883452	0.0000045076	0.0001431825	0.0003091748	0.0000968803	0.0005360354	0.0004060551	0.0009420905
0.1686511628	0.8587982344	0.8680385842	0.8887058451	0.8347780059	0.9767445426	0.9393186851	0.0211796699	0.0022547281	0.0129346557	0.0189249419	0.0106799276	0.0004485784	0.0000050838	0.0001673053	0.0003581534	0.0001140609	0.0006209675	0.0004722143	0.0010931818
0.1686511628	0.8654649011	0.8693049884	0.8888204022	0.8355725505	0.9780434677	0.9400915510	0.0226375328	0.0023836230	0.0138860065	0.0202539098	0.0115023835	0.0005124579	0.0000056817	0.0001928212	0.0004102209	0.0001323048	0.0007109607	0.0005425257	0.0012534864
0.1686511628	0.8721315678	0.8705602379	0.8889325522	0.8363535867	0.9793321616	0.9408515693	0.0240804604	0.0025097935	0.0148203017	0.0215706668	0.0123105082	0.0005798686	0.0000062991	0.0002196413	0.0004652937	0.0001515486	0.0008058090	0.0006168423	0.0014226513
0.1686511628	0.8787982344	0.8718046125	0.8890422929	0.8371213659	0.9806109556	0.9415990359	0.0255088349	0.0026332381	0.0157378884	0.0228755968	0.0131046503	0.0006507007	0.0000069339	0.0002476811	0.0005232929	0.0001717319	0.0009053157	0.0006950248	0.0016003405
0.1686511628	0.8854649011	0.8730383839	0.8891496220	0.8378761317	0.9818801721	0.9423342382	0.0269230271	0.0027539553	0.0166391028	0.0241690718	0.0138851475	0.0007248494	0.0000075843	0.0002768597	0.0005841440	0.0001927973	0.0010092934	0.0007769414	0.0017862348
0.1686511628	0.8921315678	0.8742618163	0.8892545371	0.8386181205	0.9831401245	0.9430574548	0.0283233961	0.0028719431	0.0175242699	0.0254514530	0.0146523267	0.0008022148	0.0000082481	0.0003071000	0.0006477765	0.0002146907	0.0011175629	0.0008624671	0.0019800300
0.1686511628	0.8987982344	0.8754751661	0.8893570355	0.8393475613	0.9843911175	0.9437689564	0.0297102903	0.0029871998	0.0183937046	0.0267230905	0.0154065048	0.0008827013	0.0000089234	0.0003383284	0.0007141236	0.0002373604	0.0012299531	0.0009514840	0.0021814370
0.1686511628	0.9054649011	0.8766786827	0.8894571146	0.8400646765	0.9856334480	0.9444690055	0.0310840473	0.0030997232	0.0192477120	0.0279843241	0.0161479889	0.0009662180	0.0000096083	0.0003704744	0.0007831224	0.0002607575	0.0013463007	0.0010438799	0.0023901806
0.1686511628	0.9121315678	0.8778726083	0.8895547715	0.8407696816	0.9868674043	0.9451578571	0.0324449945	0.0032095110	0.0200865873	0.0292354835	0.0168770764	0.0010526777	0.0000103010	0.0004034710	0.0008547135	0.0002848357	0.0014664496	0.0011395492	0.0026059988
0.1686511628	0.9187982344	0.8790571786	0.8896500033	0.8414627860	0.9880932673	0.9458357588	0.0337934495	0.0033165609	0.0209106166	0.0304768887	0.0175940557	0.0011419972	0.0000109996	0.0004372539	0.0009288407	0.0003095508	0.0015902507	0.0012383915	0.0028286422
0.1686511628	0.9254649011	0.8802326223	0.8897428070	0.8421441925	0.9893113103	0.9465029510	0.0351297204	0.0034208703	0.0217200770	0.0317088501	0.0182992067	0.0012340973	0.0000117024	0.0004717617	0.0010054512	0.0003348610	0.0017175614	0.0013403121	0.0030578735
0.1686511628	0.9321315678	0.8813991620	0.8898331796	0.8428140982	0.9905217991	0.9471596671	0.0364541060	0.0035224366	0.0225152369	0.0329316694	0.0189928003	0.0013289018	0.0000124076	0.0005069359	0.0010844948	0.0003607265	0.0018482453	0.0014452213	0.0032934666
0.1686511628	0.9387982344	0.8825570140	0.8899211178	0.8434726942	0.9917249927	0.9478061340	0.0377668962	0.0036212573	0.0232963568	0.0341456390	0.0196750995	0.0014263385	0.0000131135	0.0005427202	0.0011659247	0.0003871095	0.0019821722	0.0015530342	0.0035352064
0.1686511628	0.9454649011	0.8837063888	0.8900066185	0.8441201662	0.9929211429	0.9484425718	0.0390683725	0.0037173293	0.0240636888	0.0353510431	0.0203463595	0.0015263377	0.0000138185	0.0005790611	0.0012496963	0.0004139743	0.0021192174	0.0016636706	0.0037828880
0.1686511628	0.9521315678	0.8848474908	0.8900896784	0.8447566943	0.9941104951	0.9490691948	0.0403588078	0.0038106500	0.0248174776	0.0365481578	0.0210068275	0.0016288334	0.0000145211	0.0006159072	0.0013357678	0.0004412868	0.0022592616	0.0017770546	0.0040363163
0.1686511628	0.9587982344	0.8859805191	0.8901702942	0.8453824537	0.9952932881	0.9496862108	0.0416384673	0.0039012164	0.0255579602	0.0377372509	0.0216567439	0.0017337620	0.0000152195	0.0006532093	0.0014241001	0.0004690146	0.0024021908	0.0018931147	0.0042953054
0.1686511628	0.9654649011	0.8871056672	0.8902484627	0.8459976142	0.9964697546	0.9502938221	0.0429076083	0.0039890255	0.0262853669	0.0389185828	0.0222963414	0.0018410629	0.0000159123	0.0006909205	0.0015146561	0.0004971268	0.0025478957	0.0020117829	0.0045596786
0.1686511628	0.9721315678	0.8882231232	0.8903241805	0.8466023411	0.9976401210	0.9508922251	0.0441664807	0.0040740743	0.0269999207	0.0400924064	0.0229258464	0.0019506780	0.0000165981	0.0007289957	0.0016074010	0.0005255944	0.0026962718	0.0021329955	0.0048292673
0.1686511628	0.9787982344	0.8893330705	0.8903974444	0.8471967947	0.9988046081	0.9514816109	0.0454153272	0.0041563599	0.0277018382	0.0412589673	0.0235454783	0.0020625519	0.0000172753	0.0007673918	0.0017023024	0.0005543895	0.0028472191	0.0022566919	0.0051039110
0.1686511628	0.9854649011	0.8904356871	0.8904682509	0.8477811310	0.9999634307	0.9520621652	0.0466543834	0.0042358791	0.0283913296	0.0424185043	0.0241554505	0.0021766315	0.0000179427	0.0008060676	0.0017993295	0.0005834858	0.0030006418	0.0023828153	0.0053834571
0.1713178295	0.5854649011	0.8020457985	0.8819851280	0.7863894936	0.9093643113	0.8916130994	-0.0578907840	-0.0053363756	-0.0467789641	-0.0525544083	-0.0414425884	0.0033513429	0.0000284769	0.0021882715	0.0027619658	0.0017174881	0.0055680913	0.0044794540	0.0100475452
0.1713178295	0.5921315678	0.8041340547	0.8821981914	0.7880760818	0.9115117924	0.8933095641	-0.0552905057	-0.0050948323	-0.0446365369	-0.0501956734	-0.0395417046	0.0030570400	0.0000259573	0.0019924204	0.0025196056	0.0015635464	0.0050754178	0.0040831520	0.0091585698
0.1713178295	0.5987982344	0.8061898495	0.8824087884	0.7897289977	0.9136240030	0.8949695516	-0.0527372355	-0.0048561423	-0.0425413270	-0.0478810932	-0.0376851846	0.0027812160	0.0000235821	0.0018097645	0.0022925991	0.0014201731	0.0046145626	0.0037127722	0.0083273349
0.1713178295	0.6054649011	0.8082139972	0.8826169195	0.7913490450	0.9157019080	0.8965940122	-0.0502296241	-0.0046203031	-0.0404920316	-0.0456093210	-0.0358717285	0.0025230151	0.0000213472	0.0016396046	0.0020802102	0.0012867809	0.0041839670	0.0033669911	0.0075509580
0.1713178295	0.6121315678	0.8102072977	0.8828225861	0.7929370117	0.9177464538	0.8981838754	-0.0477663576	-0.0043873111	-0.0384873846	-0.0433790464	-0.0341000734	0.0022816249	0.0000192485	0.0014812788	0.0018817417	0.0011628150	0.0037821522	0.0030445567	0.0068267089
0.1713178295	0.6187982344	0.8121705366	0.8830257904	0.7944936686	0.9197585681	0.8997400498	-0.0453461571	-0.0041571619	-0.0365261557	-0.0411889951	-0.0323689938	0.0020562740	0.0000172820	0.0013341601	0.0016965333	0.0010477518	0.0034077160	0.0027442851	0.0061520011
0.1713178295	0.6254649011	0.8141044840	0.8832265351	0.7960197698	0.9217391593	0.9012634223	-0.0429677791	-0.0039298504	-0.0346071507	-0.0390379287	-0.0306773003	0.0018462300	0.0000154437	0.0011976549	0.0015239599	0.0009410968	0.0030593286	0.0024650566	0.0055243853
0.1713178295	0.6321315678	0.8160098947	0.8834248236	0.7975160519	0.9236891164	0.9027548588	-0.0406300148	-0.0037053710	-0.0327292104	-0.0369246438	-0.0290238395	0.0016507981	0.0000137298	0.0010712012	0.0013634293	0.0008423833	0.0027357291	0.0022058126	0.0049415417
0.1713178295	0.6387982344	0.8178875077	0.8836206595	0.7989832341	0.9256093086	0.9042152032	-0.0383316897	-0.0034837175	-0.0308912106	-0.0348479721	-0.0274074931	0.0014693184	0.0000121363	0.0009542669	0.0012143812	0.0007511707	0.0024357216	0.0019655518	0.0044012735
0.1713178295	0.6454649011	0.8197380456	0.8838140468	0.8004220183	0.9275005852	0.9056452782	-0.0360716630	-0.0032648836	-0.0290920612	-0.0328067794	-0.0258271776	0.0013011649	0.0000106595	0.0008463480	0.0010762848	0.0006670431	0.0021581724	0.0017433279	0.0039015002
0.1713178295	0.6521315678	0.8215622150	0.8840049898	0.8018330884	0.9293637757	0.9070458851	-0.0338488276	-0.0030488627	-0.0273307056	-0.0307999649	-0.0242818429	0.0011457431	0.0000092956	0.0007469675	0.0009486378	0.0005896079	0.0019020062	0.0015382457	0.0034402519
0.1713178295	0.6587982344	0.8233607063	0.8841934928	0.8032171112	0.9311996899	0.9084178042	-0.0316621087	-0.0028356479	-0.0256061202	-0.0288264608	-0.0227704723	0.0010024891	0.0000080409	0.0006556734	0.0008309648	0.0005184944	0.0016662034	0.0013494592	0.0030156627
0.1713178295	0.6654649011	0.8251341933	0.8843795603	0.8045747357	0.9330091177	0.9097617944	-0.0295104639	-0.0026252324	-0.0239173134	-0.0268852315	-0.0212920809	0.0008708675	0.0000068918	0.0005720379	0.0007228157	0.0004533527	0.0014497972	0.0011761684	0.0026259656
0.1713178295	0.6721315678	0.8268833338	0.8845631970	0.8059065940	0.9347928295	0.9110785943	-0.0273928821	-0.0024176094	-0.0222633251	-0.0249752727	-0.0198457157	0.0007503700	0.0000058448	0.0004956556	0.0006237642	0.0003938524	0.0012518705	0.0010176167	0.0022694872
0.1713178295	0.6787982344	0.8286087692	0.8847444071	0.8072133009	0.9365515763	0.9123689218	-0.0253083829	-0.0022127720	-0.0206432260	-0.0230956109	-0.0184304539	0.0006405142	0.0000048964	0.0004261428	0.0005334072	0.0003396816	0.0010715534	0.0008730889	0.0019446423
0.1713178295	0.6854649011	0.8303111248	0.8849231953	0.8084954541	0.9382860900	0.9136334751	-0.0232560159	-0.0020107136	-0.0190561163	-0.0212453023	-0.0170454027	0.0005408423	0.0000040430	0.0003631356	0.0004513629	0.0002905458	0.0009080208	0.0007419086	0.0016499294
0.1713178295	0.6921315678	0.8319910102	0.8850995657	0.8097536349	0.9399970833	0.9148729322	-0.0212348599	-0.0018114275	-0.0175011256	-0.0194234324	-0.0156896981	0.0004509193	0.0000032813	0.0003062894	0.0003772697	0.0002461666	0.0007604899	0.0006234364	0.0013839263
0.1713178295	0.6987982344	0.8336490189	0.8852735225	0.8109884082	0.9416852506	0.9160879520	-0.0192440225	-0.0016149076	-0.0159774118	-0.0176291149	-0.0143625042	0.0003703324	0.0000026079	0.0002552777	0.0003107857	0.0002062815	0.0006282180	0.0005170672	0.0011452852
0.1713178295	0.7054649011	0.8352857292	0.8854450697	0.8122003227	0.9433512679	0.9172791746	-0.0172826386	-0.0014211476	-0.0144841601	-0.0158614910	-0.0130630125	0.0002986896	0.0000020197	0.0002097909	0.0002515869	0.0001706423	0.0005105001	0.0004222292	0.0009327293
0.1713178295	0.7121315678	0.8369017040	0.8856142111	0.8133899112	0.9449957933	0.9184472212	-0.0153498705	-0.0012301417	-0.0130205825	-0.0141197288	-0.0117904408	0.0002356185	0.0000015132	0.0001695356	0.0001993667	0.0001390145	0.0004066673	0.0003383812	0.0007450486
0.1713178295	0.7187982344	0.8384974909	0.8857809502	0.8145576912	0.9466194669	0.9195926950	-0.0134449067	-0.0010418844	-0.0115859169	-0.0124030224	-0.0105440326	0.0001807655	0.0000010855	0.0001342335	0.0001538350	0.0001111766	0.0003160845	0.0002650116	0.0005810961
0.1713178295	0.7254649011	0.8400736230	0.8859452902	0.8157041648	0.9482229121	0.9207161817	-0.0115669612	-0.0008563704	-0.0101794265	-0.0107105908	-0.0093230562	0.0001337946	0.0000007334	0.0001036207	0.0001147168	0.0000869194	0.0002381487	0.0002016361	0.0004397848
0.1713178295	0.7321315678	0.8416306188	0.8861072342	0.8168298195	0.9498067348	0.9218182495	-0.0097152726	-0.0006735947	-0.0088003988	-0.0090416779	-0.0081268040	0.0000943865	0.0000004537	0.0000774470	0.0000817519	0.0000660449	0.0001722873	0.0001477969	0.0003200842
0.1713178295	0.7387982344	0.8431689826	0.8862667849	0.8179351281	0.9513715249	0.9228994497	-0.0078891038	-0.0004935529	-0.0074481446	-0.0073955509	-0.0069545917	0.0000622380	0.0000002436	0.0000554749	0.0000546942	0.0000483663	0.0001179564	0.0001030605	0.0002210169
0.1713178295	0.7454649011	0.8446892047	0.8864239448	0.8190205495	0.9529178557	0.9239603175	-0.0060877410	-0.0003162407	-0.0061219981	-0.0057715003	-0.0058057575	0.0000370606	0.0000001000	0.0000374789	0.0000333102	0.0000337068	0.0000746395	0.0000670170	0.0001416565
0.1713178295	0.7521315678	0.8461917619	0.8865787160	0.8200865286	0.9544462850	0.9250013719	-0.0043104928	-0.0001416541	-0.0048213153	-0.0041688387	-0.0046796612	0.0000185803	0.0000000201	0.0000232451	0.0000173792	0.0000218992	0.0000418455	0.0000392784	0.0000811239
0.1713178295	0.7587982344	0.8476771176	0.8867311005	0.8211334969	0.9559573552	0.9260231163	-0.0025566899	0.0000302103	-0.0035454736	-0.0025869002	-0.0035756839	0.0000065367	0.0000000009	0.0000125704	0.0000066921	0.0000127855	0.0000191080	0.0000194776	0.0000385855
0.1713178295	0.7654649011	0.8491457222	0.8868810996	0.8221618730	0.9574515936	0.9270260392	-0.0008256842	0.0001993557	-0.0022938712	-0.0010250399	-0.0024932269	0.0000006818	0.0000000397	0.0000052618	0.0000010507	0.0000062162	0.0000059833	0.0000072669	0.0000132502
0.1713178295	0.7721315678	0.8505980135	0.8870287148	0.8231720626	0.9589295130	0.9280106143	0.0008831518	0.0003657849	-0.0010659263	0.0005173669	-0.0014317112	0.0000007800	0.0000001338	0.0000011362	0.0000002677	0.0000020498	0.0000020500	0.0000023175	0.0000043674
0.1713178295	0.7787982344	0.8520344170	0.8871739470	0.8241644590	0.9603916119	0.9289773012	0.0025704259	0.0005295003	0.0001389235	0.0020409256	-0.0003905768	0.0000066071	0.0000002804	0.0000000193	0.0000041654	0.0000001526	0.0000069068	0.0000043179	0.0000112247
0.1713178295	0.7854649011	0.8534553459	0.8873167968	0.8251394436	0.9618383750	0.9299265455	0.0042367265	0.0006905041	0.0013212220	0.0035462224	0.0006307179	0.0000179499	0.0000004768	0.0000017456	0.0000125757	0.0000003978	0.0000201723	0.0000129735	0.0000331458
0.1713178295	0.7921315678	0.8548612020	0.8874572647	0.8260973862	0.9632702734	0.9308587794	0.0058826233	0.0008487979	0.0024814950	0.0050338254	0.0016326970	0.0000346053	0.0000007205	0.0000061578	0.0000253394	0.0000026657	0.0000414835	0.0000280051	0.0000694886
0.1713178295	0.7987982344	0.8562523754	0.8875953507	0.8270386451	0.9646877652	0.9317744222	0.0075086681	0.0010043832	0.0036202506	0.0065042849	0.0026158674	0.0000563801	0.0000010088	0.0000131062	0.0000423057	0.0000068428	0.0000704951	0.0000491485	0.0001196436
0.1713178295	0.8054649011	0.8576292451	0.8877310548	0.8279635677	0.9660912959	0.9326738805	0.0091153952	0.0011572610	0.0047379804	0.0079581342	0.0035807194	0.0000830904	0.0000013393	0.0000224485	0.0000633319	0.0000128216	0.0001068781	0.0000761535	0.0001830316
0.1713178295	0.8121315678	0.8589921796	0.8878643763	0.8288724906	0.9674812983	0.9335575486	0.0107033222	0.0013074321	0.0058351596	0.0093958901	0.0045277275	0.0001145611	0.0000017094	0.0000340491	0.0000882828	0.0000205003	0.0001503196	0.0001087831	0.0002591026
0.1713178295	0.8187982344	0.8603415365	0.8879953147	0.8297657403	0.9688581935	0.9344258089	0.0122729502	0.0014548969	0.0069122477	0.0108180533	0.0054573508	0.0001506253	0.0000021167	0.0000477792	0.0001170303	0.0000297827	0.0002005212	0.0001468130	0.0003473342
0.1713178295	0.8254649011	0.8616776634	0.8881238690	0.8306436331	0.9702223906	0.9352790326	0.0138247647	0.0015996556	0.0079696892	0.0122251091	0.0063700336	0.0001911241	0.0000025589	0.0000635159	0.0001494533	0.0000405773	0.0002571990	0.0001900306	0.0004472296
0.1713178295	0.8321315678	0.8630008980	0.8882500381	0.8315064756	0.9715742876	0.9361175795	0.0153592360	0.0017417079	0.0090079138	0.0136175281	0.0072662059	0.0002359061	0.0000030335	0.0000811425	0.0001854371	0.0000527977	0.0003200822	0.0002382348	0.0005583170
0.1713178295	0.8387982344	0.8643115683	0.8883738204	0.8323545651	0.9729142715	0.9369417986	0.0168768196	0.0018810535	0.0100273374	0.0149957661	0.0081462839	0.0002848270	0.0000035384	0.0001005475	0.0002248730	0.0000663619	0.0003889129	0.0002912349	0.0006801478
0.1713178295	0.8454649011	0.8656099929	0.8884952144	0.8331881898	0.9742427183	0.9377520287	0.0183779569	0.0020176916	0.0110283621	0.0163602653	0.0090106705	0.0003377493	0.0000040711	0.0001216248	0.0002676583	0.0000811922	0.0004634451	0.0003488505	0.0008122956
0.1713178295	0.8521315678	0.8668964814	0.8886142183	0.8340076289	0.9755599940	0.9385485983	0.0198630754	0.0021516213	0.0120113771	0.0177114541	0.0098597558	0.0003945418	0.0000046295	0.0001442732	0.0003136956	0.0000972148	0.0005434444	0.0004109104	0.0009543548
0.1713178295	0.8587982344	0.8681713346	0.8887308300	0.8348131535	0.9768664542	0.9393318261	0.0213325897	0.0022828414	0.0129767589	0.0190497483	0.0106939175	0.0004550794	0.0000052114	0.0001683963	0.0003628929	0.0001143599	0.0006286870	0.0004772528	0.0011059398
0.1713178295	0.8654649011	0.8694348448	0.8888450473	0.8356050259	0.9781624451	0.9401020217	0.0227869013	0.0024113505	0.0139248717	0.0203755508	0.0115135213	0.0005192429	0.0000058146	0.0001939021	0.0004151631	0.0001325612	0.0007189595	0.0005477242	0.0012666838
0.1713178295	0.8721315678	0.8706872958	0.8889568678	0.8363835008	0.9794483032	0.9408594850	0.0242263993	0.0025371469	0.0148560683	0.0216892524	0.0123189214	0.0005869184	0.0000064371	0.0002207028	0.0004704237	0.0001517558	0.0008140583	0.0006221795	0.0014362378
0.1713178295	0.8787982344	0.8719289635	0.8890662891	0.8371488252	0.9807243557	0.9416045074	0.0256514611	0.0026602288	0.0157706900	0.0229912323	0.0131104611	0.0006579975	0.0000070768	0.0002487147	0.0005285968	0.0001718842	0.0009137889	0.0007004810	0.0016142699
0.1713178295	0.8854649011	0.8731601161	0.8891733084	0.8379012385	0.9819909211	0.9423373718	0.0270624525	0.0027805943	0.0166690671	0.0242818582	0.0138884728	0.0007323763	0.0000077317	0.0002778578	0.0005896086	0.0001928897	0.0010179658	0.0007824983	0.0018004641
0.1713178295	0.8921315678	0.8743810141	0.8892779230	0.8386409729	0.9832483091	0.9430583524	0.0284597280	0.0028982411	0.0175515196	0.0255614869	0.0146532785	0.0008099561	0.0000083998	0.0003080558	0.0006533896	0.0002147186	0.0011264118	0.0008681082	0.0019945199
0.1713178295	0.8987982344	0.8755919107	0.8893801298	0.8393682537	0.9844968213	0.9437677160	0.0298436314	0.0030131669	0.0184183573	0.0268304646	0.0154051905	0.0008906423	0.0000090792	0.0003392359	0.0007198738	0.0002373199	0.0012389574	0.0009571937	0.0021961511
0.1713178295	0.9054649011	0.8767930520	0.8894799259	0.8400832995	0.9857367508	0.9444657210	0.0312144963	0.0031253691	0.0192698804	0.0280891272	0.0161445112	0.0009743448	0.0000097679	0.0003713283	0.0007889991	0.0002606452	0.0013554410	0.0010496443	0.0024050853
0.1713178295	0.9121315678	0.8779846773	0.8895773081	0.8407863223	0.9869683831	0.9451526188	0.0325726461	0.0032348453	0.0201063793	0.0293378008	0.0168715340	0.0010609773	0.0000104642	0.0004042665	0.0008607066	0.0002846487	0.0014757080	0.0011453552	0.0026210632
0.1713178295	0.9187982344	0.8791670192	0.8896722731	0.8414775279	0.9881919958	0.9458286532	0.0339183945	0.0033415927	0.0209281359	0.0305768018	0.0175865432	0.0011504575	0.0000111662	0.0004379869	0.0009349408	0.0003092865	0.0015996106	0.0012442273	0.0028438379
0.1713178295	0.9254649011	0.8803403037	0.8897648178	0.8421571161	0.9894078594	0.9464940614	0.0352520459	0.0034456083	0.0217354229	0.0318064376	0.0182898146	0.0012427067	0.0000118722	0.0004724286	0.0010116495	0.0003345173	0.0017270076	0.0013461668	0.0030731744
0.1713178295	0.9321315678	0.8815047508	0.8898549387	0.8428252806	0.9906162369	0.9471490733	0.0365738956	0.0035468894	0.0225285048	0.0330270063	0.0189816154	0.0013376498	0.0000125804	0.0005075335	0.0010907831	0.0003603017	0.0018577638	0.0014510849	0.0033088487
0.1713178295	0.9387982344	0.8826605741	0.8899426323	0.8434822096	0.9918173847	0.9477939128	0.0378842303	0.0036454328	0.0233076380	0.0342387976	0.0196622052	0.0014352149	0.0000132892	0.0005432460	0.0011722953	0.0003866023	0.0019917501	0.0015588976	0.0035506477
0.1713178295	0.9454649011	0.8838079817	0.8900278953	0.8441280860	0.9930115521	0.9484287969	0.0391833282	0.0037412355	0.0240730711	0.0354420927	0.0203318356	0.0015353332	0.0000139968	0.0005795128	0.0012561419	0.0004133835	0.0021288428	0.0016695255	0.0037983683
0.1713178295	0.9521315678	0.8849471758	0.8901107241	0.8447630871	0.9941989820	0.9490539370	0.0404714592	0.0038342943	0.0248250451	0.0366371649	0.0209907508	0.0016379390	0.0000147018	0.0006162829	0.0013422819	0.0004406116	0.0022689237	0.0017828935	0.0040518172
0.1713178295	0.9587982344	0.8860783530	0.8901911152	0.8453873852	0.9953799110	0.9496695381	0.0417488856	0.0039246061	0.0255637938	0.0378242796	0.0216391877	0.0017429695	0.0000154025	0.0006535076	0.0014306761	0.0004682544	0.0024118795	0.0018989306	0.0043108101
0.1713178295	0.9654649011	0.8872017048	0.8902690651	0.8460011480	0.9965545694	0.9502757999	0.0430158620	0.0040121675	0.0262895439	0.0390036944	0.0222773763	0.0018503644	0.0000160975	0.0006911401	0.0015212882	0.0004962815	0.0025576020	0.0020175697	0.0045751717
0.1713178295	0.9721315678	0.8883174174	0.8903445702	0.8466045379	0.9977231817	0.9508729162	0.0442726355	0.0040969755	0.0270025156	0.0401756600	0.0229055401	0.0019600663	0.0000167852	0.0007291358	0.0016140837	0.0005246638	0.0027059873	0.0021387474	0.0048447347
0.1713178295	0.9787982344	0.8894256719	0.8904176269	0.8471977131	0.9988859665	0.9514610756	0.0455194463	0.0041790266	0.0277029223	0.0413404197	0.0235238957	0.0020720200	0.0000174643	0.0007674519	0.0017090303	0.0005533737	0.0028569362	0.0022624040	0.0051193401
0.1713178295	0.9854649011	0.8905266447	0.8904882318	0.8477808273	1.0000431368	0.9520404616	0.0467565277	0.0042583176	0.0283909714	0.0424982101	0.0241326538	0.0021861729	0.0000181333	0.0008060473	0.0018060979	0.0005823850	0.0030103534	0.0023884828	0.0053988363
0.1739844961	0.5854649011	0.8024703928	0.8820404681	0.7867305302	0.9097886343	0.8919438038	-0.0573615349	-0.0052736327	-0.0463453841	-0.0520879022	-0.0410717514	0.0032903457	0.0000278112	0.0021478946	0.0027131496	0.0016868888	0.0054660515	0.0044000383	0.0098660898
0.1739844961	0.5921315678	0.8045443344	0.8822522206	0.7884016475	0.9119210081	0.8936238743	-0.0547804226	-0.0050335903	-0.0442235077	-0.0497468323	-0.0391899174	0.0030008947	0.0000253370	0.0019557186	0.0024747473	0.0015358496	0.0049819504	0.0040105970	0.0089925473
0.1739844961	0.5987982344	0.8065864269	0.8824615486	0.7900397623	0.9140187787	0.8952682001	-0.0522454409	-0.0047963530	-0.0421478965	-0.0474490879	-0.0373515435	0.0027295861	0.0000230050	0.0017764452	0.0022514159	0.0013951378	0.0045290363	0.0036465537	0.0081755900
0.1739844961	0.6054649011	0.8085974549	0.8826684513	0.7916456476	0.9160828777	0.8968776968	-0.0497552859	-0.0045619196	-0.0401172956	-0.0451933663	-0.0355553760	0.0024755885	0.0000208111	0.0016093974	0.0020424404	0.0012641848	0.0041057970	0.0033066251	0.0074124221
0.1739844961	0.6121315678	0.8105781907	0.8828729289	0.7932200617	0.9181142203	0.8984532607	-0.0473086869	-0.0043302880	-0.0381304842	-0.0429783989	-0.0338001962	0.0022381119	0.0000187514	0.0014539338	0.0018471428	0.0011424533	0.0037107971	0.0029895960	0.0067003931
0.1739844961	0.6187982344	0.8125293934	0.8830749824	0.7947637477	0.9201137045	0.8999957688	-0.0449044056	-0.0041014551	-0.0361862749	-0.0408029505	-0.0320848198	0.0020164056	0.0000168219	0.0013094465	0.0016648808	0.0010294357	0.0033426741	0.0026943164	0.0060369905
0.1739844961	0.6254649011	0.8144518080	0.8832746134	0.7962774330	0.9220822106	0.9015060785	-0.0425412369	-0.0038754171	-0.0342835136	-0.0386658197	-0.0304080965	0.0018097568	0.0000150189	0.0011753593	0.0014950456	0.0009246523	0.0030001350	0.0024196979	0.0054198329
0.1739844961	0.6321315678	0.8163461657	0.8834718240	0.7977618290	0.9240206008	0.9029850271	-0.0402180080	-0.0036521699	-0.0324210796	-0.0365658381	-0.0287689098	0.0016174882	0.0000133383	0.0010511264	0.0013370605	0.0008276502	0.0026819529	0.0021647107	0.0048466636
0.1739844961	0.6387982344	0.8182131826	0.8836666170	0.7992176310	0.9259297193	0.9044334318	-0.0379335786	-0.0034317085	-0.0305978848	-0.0345018701	-0.0271661763	0.0014389564	0.0000117766	0.0009362306	0.0011903790	0.0007380011	0.0023869636	0.0019283802	0.0043153437
0.1739844961	0.6454649011	0.8200535601	0.8838589951	0.8006455178	0.9278103913	0.9058520898	-0.0356868403	-0.0032140278	-0.0288128731	-0.0324728125	-0.0255988453	0.0012735506	0.0000103300	0.0008301817	0.0010544836	0.0006553009	0.0021140622	0.0017097844	0.0038238466
0.1739844961	0.6521315678	0.8218679845	0.8840489616	0.8020461519	0.9296634239	0.9072417782	-0.0334767162	-0.0029991223	-0.0270650204	-0.0304775939	-0.0240658981	0.0011206905	0.0000089947	0.0007325153	0.0009288837	0.0005791675	0.0018622006	0.0015080512	0.0033702518
0.1739844961	0.6587982344	0.8236571268	0.8842365198	0.8034201792	0.9314896053	0.9086032540	-0.0313021605	-0.0027869866	-0.0253533337	-0.0285151739	-0.0225663471	0.0009798253	0.0000077673	0.0006427915	0.0008131151	0.0005092400	0.0016303841	0.0013223552	0.0029527392
0.1739844961	0.6654649011	0.8254216425	0.8844216733	0.8047682295	0.9332897049	0.9099372547	-0.0291621580	-0.0025776149	-0.0236768504	-0.0265845431	-0.0210992355	0.0008504315	0.0000066441	0.0005605932	0.0007067379	0.0004451777	0.0014176688	0.0011519157	0.0025695845
0.1739844961	0.6721315678	0.8271621720	0.8846044257	0.8060909158	0.9350644741	0.9112444980	-0.0270557230	-0.0023710014	-0.0220346378	-0.0246847216	-0.0196636364	0.0007320121	0.0000056216	0.0004855253	0.0006093355	0.0003866586	0.0012231591	0.0009959941	0.0022191531
0.1739844961	0.6787982344	0.8288793402	0.8847847803	0.8073888351	0.9368146453	0.9125256821	-0.0249818997	-0.0021671405	-0.0204257925	-0.0228147592	-0.0182586520	0.0006240953	0.0000046965	0.0004172130	0.0005205132	0.0003333784	0.0010460048	0.0008538916	0.0018998964
0.1739844961	0.6854649011	0.8305737567	0.8849627409	0.8086625686	0.9385409332	0.9137814862	-0.0229397606	-0.0019660264	-0.0188494395	-0.0209737341	-0.0168834131	0.0005262326	0.0000038653	0.0003553014	0.0004398975	0.0002850496	0.0008853992	0.0007249472	0.0016103464
0.1739844961	0.6921315678	0.8322460160	0.8851383106	0.8099126812	0.9402440342	0.9150125709	-0.0209284062	-0.0017676538	-0.0173047317	-0.0191607524	-0.0155370779	0.0004379982	0.0000031246	0.0002994537	0.0003671344	0.0002414008	0.0007405765	0.0006085352	0.0013491117
0.1739844961	0.6987982344	0.8338966977	0.8853114930	0.8111397226	0.9419246269	0.9162195781	-0.0189469646	-0.0015720173	-0.0157908491	-0.0173749473	-0.0142188318	0.0003589875	0.0000024712	0.0002493509	0.0003018888	0.0002021752	0.0006108096	0.0005040640	0.0011148736
0.1739844961	0.7054649011	0.8355263664	0.8854822910	0.8123442267	0.9435833725	0.9174031315	-0.0169945904	-0.0013791117	-0.0143069978	-0.0156154787	-0.0129278861	0.0002888161	0.0000019019	0.0002046902	0.0002438432	0.0001671302	0.0004954082	0.0004109734	0.0009063817
0.1739844961	0.7121315678	0.8371355722	0.8856507076	0.8135267125	0.9452209150	0.9185638373	-0.0150704642	-0.0011889322	-0.0128524100	-0.0138815321	-0.0116634778	0.0002271189	0.0000014136	0.0001651844	0.0001926969	0.0001360367	0.0003937169	0.0003287336	0.0007224505
0.1739844961	0.7187982344	0.8387248507	0.8858167455	0.8146876842	0.9468378814	0.9197022842	-0.0131737920	-0.0010014741	-0.0114263424	-0.0121723179	-0.0104248683	0.0001735488	0.0000010030	0.0001305613	0.0001481653	0.0001086779	0.0003051130	0.0002568432	0.0005619562
0.1739844961	0.7254649011	0.8402947233	0.8859804073	0.8158276314	0.9484348822	0.9208190437	-0.0113038043	-0.0008167331	-0.0100280760	-0.0104870712	-0.0092113429	0.0001277760	0.0000006671	0.0001005623	0.0001099787	0.0000848488	0.0002290054	0.0001948275	0.0004238329
0.1739844961	0.7321315678	0.8418456974	0.8861416952	0.8169470294	0.9500125115	0.9219146710	-0.0094597554	-0.0006347051	-0.0086569154	-0.0088250503	-0.0080222102	0.0000894870	0.0000004029	0.0000749422	0.0000778815	0.0000643559	0.0001648320	0.0001422374	0.0003070694
0.1739844961	0.7387982344	0.8433782669	0.8863006112	0.8180463396	0.9515713475	0.9229897049	-0.0076409231	-0.0004553865	-0.0073121877	-0.0071855366	-0.0068568012	0.0000583837	0.0000002074	0.0000534681	0.0000516319	0.0000470157	0.0001120592	0.0000986477	0.0002107068
0.1739844961	0.7454649011	0.8448929120	0.8864571570	0.8191260098	0.9531119529	0.9240446686	-0.0058466076	-0.0002787738	-0.0059932424	-0.0055678338	-0.0057144687	0.0000341828	0.0000000777	0.0000359190	0.0000310008	0.0000326552	0.0000701795	0.0000636559	0.0001338354
0.1739844961	0.7521315678	0.8463901002	0.8866113341	0.8201864746	0.9546348751	0.9250800696	-0.0040761310	-0.0001048638	-0.0046994501	-0.0039712671	-0.0045945863	0.0000166148	0.0000000110	0.0000220848	0.0000157710	0.0000211102	0.0000387107	0.0000368812	0.0000755919
0.1739844961	0.7587982344	0.8478702857	0.8867631437	0.8212281555	0.9561406467	0.9260964006	-0.0023288365	0.0000663460	-0.0034302022	-0.0023951825	-0.0034965482	0.0000054235	0.0000000044	0.0000117663	0.0000057369	0.0000122258	0.0000171942	0.0000179627	0.0000351569
0.1739844961	0.7654649011	0.8493339103	0.8869125866	0.8222514615	0.9576297858	0.9270941398	-0.0006040882	0.0002348582	-0.0021849101	-0.0008389464	-0.0024197682	0.0000003649	0.0000000552	0.0000047738	0.0000007038	0.0000058553	0.0000051939	0.0000065591	0.0000117530
0.1739844961	0.7721315678	0.8507814037	0.8870596636	0.8232567893	0.9591027962	0.9280737509	0.0010987301	0.0004006747	-0.0009630045	0.0006980554	-0.0013636792	0.0000012072	0.0000001605	0.0000009274	0.0000004873	0.0000018596	0.0000022951	0.0000023469	0.0000046420
0.1739844961	0.7787982344	0.8522131835	0.8872043749	0.8242445235	0.9605601681	0.9290356842	0.0027802153	0.0005637974	0.0002360651	0.0022164179	-0.0003277323	0.0000077296	0.0000003179	0.0000000557	0.0000049125	0.0000001074	0.0000081032	0.0000050199	0.0000131231
0.1739844961	0.7854649011	0.8536296555	0.8873467207	0.8252150372	0.9620023781	0.9299803763	0.0044409455	0.0007242275	0.0014128309	0.0037167179	0.0006886034	0.0000197220	0.0000005245	0.0000019961	0.0000138140	0.0000004742	0.0000222426	0.0000142882	0.0000365308
0.1739844961	0.7921315678	0.8550312143	0.8874867007	0.8261686923	0.9634298898	0.9309082510	0.0060814806	0.0008819663	0.0025678080	0.0051995143	0.0016858417	0.0000369844	0.0000007779	0.0000065936	0.0000270349	0.0000028421	0.0000443559	0.0000298770	0.0000742329
0.1739844961	0.7987982344	0.8564182433	0.8876243145	0.8271058395	0.9648431542	0.9318197192	0.0077023632	0.0010370144	0.0037014943	0.0066653488	0.0026644799	0.0000593264	0.0000010754	0.0000137011	0.0000444269	0.0000070995	0.0000741029	0.0000515263	0.0001256292
0.1739844961	0.8054649011	0.8577911152	0.8877595613	0.8280268190	0.9662426095	0.9327151799	0.0093041188	0.0011893722	0.0048143713	0.0081147465	0.0036249991	0.0000865666	0.0000014146	0.0000231782	0.0000658491	0.0000131406	0.0001111594	0.0000789897	0.0001901491
0.1739844961	0.8121315678	0.8591501921	0.8878924403	0.8289319605	0.9676286824	0.9335950200	0.0108872564	0.0013390400	0.0059069050	0.0095482164	0.0045678650	0.0001185324	0.0000017930	0.0000348915	0.0000911684	0.0000208654	0.0001552169	0.0001120338	0.0002672507
0.1739844961	0.8187982344	0.8604958259	0.8880229501	0.8298215839	0.9690017875	0.9344596149	0.0124522693	0.0014860175	0.0069795459	0.0109662518	0.0054935284	0.0001550590	0.0000022082	0.0000487141	0.0001202587	0.0000301789	0.0002059813	0.0001504375	0.0003564189
0.1739844961	0.8254649011	0.8618283587	0.8881510893	0.8306959992	0.9703623280	0.9353093288	0.0139996354	0.0016303043	0.0080327300	0.0123693310	0.0064024257	0.0001959898	0.0000026579	0.0000645248	0.0001530004	0.0000409911	0.0002631724	0.0001939914	0.0004571638
0.1739844961	0.8321315678	0.8631481227	0.8882768564	0.8315555070	0.9717106964	0.9361445151	0.0155298177	0.0017718997	0.0090668790	0.0137579179	0.0072949793	0.0002411752	0.0000031396	0.0000822083	0.0001892803	0.0000532167	0.0003265232	0.0002424970	0.0005690202
0.1739844961	0.8387982344	0.8644554408	0.8884002493	0.8324003988	0.9730472740	0.9369655169	0.0170432648	0.0019108028	0.0100824010	0.0151324621	0.0081715982	0.0002904729	0.0000036512	0.0001016548	0.0002289914	0.0000667750	0.0003957789	0.0002957664	0.0006915453
0.1739844961	0.8454649011	0.8657506268	0.8885212660	0.8332309572	0.9743724320	0.9377726668	0.0185404117	0.0020470122	0.0110796906	0.0164933995	0.0090326784	0.0003437469	0.0000041903	0.0001227595	0.0002720322	0.0000815893	0.0004706967	0.0003536215	0.0008243182
0.1739844961	0.8521315678	0.8670339858	0.8886399043	0.8340474562	0.9756865313	0.9385662879	0.0200216797	0.0021805266	0.0120591301	0.0178411531	0.0098786035	0.0004008677	0.0000047547	0.0001454226	0.0003183067	0.0000975868	0.0005510450	0.0004158936	0.0009669385
0.1739844961	0.8587982344	0.8683058140	0.8887561617	0.8348501618	0.9769899230	0.9393466935	0.0214874772	0.0023113443	0.0130210891	0.0191761330	0.0107097449	0.0004617117	0.0000053423	0.0001695488	0.0003677241	0.0001146986	0.0006366028	0.0004824227	0.0011190255
0.1739844961	0.8654649011	0.8695663994	0.8888700356	0.8356393315	0.9782829487	0.9401141877	0.0229382003	0.0024394633	0.0139659257	0.0204987370	0.0115264624	0.0005261610	0.0000059510	0.0001950471	0.0004201982	0.0001328593	0.0007271591	0.0005530576	0.0012802166
0.1739844961	0.8721315678	0.8708160219	0.8889815232	0.8364152154	0.9795659406	0.9408690660	0.0243742327	0.0025648816	0.0148939863	0.0218093511	0.0123291047	0.0005941032	0.0000065786	0.0002218308	0.0004756478	0.0001520068	0.0008225127	0.0006276546	0.0014501673
0.1739844961	0.8787982344	0.8720549537	0.8890906216	0.8371780559	0.9808392221	0.9416116149	0.0257959466	0.0026875970	0.0158056063	0.0231083496	0.0131180093	0.0006654309	0.0000072232	0.0002498172	0.0005339958	0.0001720822	0.0009224712	0.0007060780	0.0016285492
0.1739844961	0.8854649011	0.8732834590	0.8891973277	0.8379280883	0.9821031078	0.9423421126	0.0272037028	0.0028076070	0.0167011107	0.0243960958	0.0138935037	0.0007400414	0.0000078827	0.0002789271	0.0005951695	0.0001930294	0.0010268512	0.0007881989	0.0018150501
0.1739844961	0.8921315678	0.8745017950	0.8893016385	0.8386655407	0.9833579037	0.9430608293	0.0285978514	0.0029249090	0.0175808140	0.0256729424	0.0146559050	0.0008178371	0.0000085551	0.0003090850	0.0006591000	0.0002147956	0.0011354772	0.0008738955	0.0020093727
0.1739844961	0.8987982344	0.8757102114	0.8894035505	0.8393906345	0.9846039077	0.9437680275	0.0299787317	0.0030395003	0.0184450208	0.0269392314	0.0154055206	0.0008987244	0.0000092386	0.0003402188	0.0007257222	0.0002373301	0.0012481817	0.0009630523	0.0022112340
0.1739844961	0.9054649011	0.8769089512	0.8895030605	0.8401035845	0.9858414098	0.9444639617	0.0313466729	0.0031513780	0.0192940265	0.0281952949	0.0161426485	0.0009826139	0.0000099312	0.0003722595	0.0007949747	0.0002605851	0.0013648045	0.0010555598	0.0024203643
0.1739844961	0.9121315678	0.8780982506	0.8896001650	0.8408045992	0.9870706921	0.9451488796	0.0327019945	0.0032605391	0.0201281170	0.0294414553	0.0168675778	0.0010694204	0.0000106311	0.0004051411	0.0008667993	0.0002845152	0.0014851927	0.0011513145	0.0026365071
0.1739844961	0.9187982344	0.8792783391	0.8896948604	0.8414938810	0.9882920294	0.9458230214	0.0340450062	0.0033669806	0.0209475694	0.0306780256	0.0175805888	0.0011590624	0.0000113366	0.0004388007	0.0009411413	0.0003090771	0.0016091997	0.0012502184	0.0028594180
0.1739844961	0.9254649011	0.8804494401	0.8897871432	0.8421716262	0.9895056890	0.9464866206	0.0353760089	0.0034706993	0.0217526524	0.0319053096	0.0182819531	0.0012514620	0.0000120458	0.0004731779	0.0010179488	0.0003342298	0.0017366856	0.0013521786	0.0030888642
0.1739844961	0.9321315678	0.8816117708	0.8898770096	0.8428380255	0.9907119313	0.9471399041	0.0366952944	0.0035716919	0.0225436264	0.0331236025	0.0189719345	0.0013465446	0.0000127570	0.0005082151	0.0010971730	0.0003599343	0.0018675167	0.0014571073	0.0033246240
0.1739844961	0.9387982344	0.8827655424	0.8899644560	0.8434932642	0.9919110100	0.9477830923	0.0380031458	0.0036699550	0.0233207438	0.0343331908	0.0196507887	0.0014442391	0.0000134686	0.0005438571	0.0011787680	0.0003861535	0.0020015648	0.0015649215	0.0035664862
0.1739844961	0.9454649011	0.8839109603	0.8900494786	0.8441375220	0.9931031718	0.9484163996	0.0392998383	0.0037654853	0.0240842494	0.0355343529	0.0203187641	0.0015444773	0.0000141789	0.0005800511	0.0012626902	0.0004128522	0.0021387072	0.0016755424	0.0038142497
0.1739844961	0.9521315678	0.8850482243	0.8901320738	0.8447709736	0.9942886572	0.9490400340	0.0405856387	0.0038582794	0.0248343808	0.0367273593	0.0209761014	0.0016471941	0.0000148863	0.0006167465	0.0013488989	0.0004399968	0.0022788269	0.0017888958	0.0040677226
0.1739844961	0.9587982344	0.8861775291	0.8902122376	0.8453937887	0.9954677004	0.9496541981	0.0418608063	0.0039483337	0.0255713683	0.0379124727	0.0216230346	0.0017523271	0.0000155893	0.0006538949	0.0014373556	0.0004675556	0.0024218113	0.0019049112	0.0043267225
0.1739844961	0.9654649011	0.8872990637	0.8902899664	0.8460061321	0.9966405297	0.9502590887	0.0431255930	0.0040356448	0.0262954353	0.0390899482	0.0222597906	0.0018598168	0.0000162864	0.0006914499	0.0015280241	0.0004954983	0.0025675531	0.0020235223	0.0045910754
0.1739844961	0.9721315678	0.8884130123	0.8903652563	0.8466081641	0.9978073673	0.9508548971	0.0443802432	0.0041202090	0.0270067989	0.0402600342	0.0228865898	0.0019696060	0.0000169761	0.0007293672	0.0016208704	0.0005237960	0.0027159493	0.0021446663	0.0048606156
0.1739844961	0.9787982344	0.8895195542	0.8904381036	0.8472000405	0.9989684298	0.9514418094	0.0456249946	0.0042020230	0.0277056695	0.0414229716	0.0235036464	0.0020816401	0.0000176570	0.0007676041	0.0017158626	0.0005524214	0.0028669012	0.0022682840	0.0051351852
0.1739844961	0.9854649011	0.8906188637	0.8905085046	0.8477819126	1.0001239282	0.9520200068	0.0468600780	0.0042810832	0.0283922515	0.0425789948	0.0241111683	0.0021958669	0.0000183277	0.0008061199	0.0018129708	0.0005813484	0.0030203145	0.0023943192	0.0054146338
0.1766511628	0.5854649011	0.8028988670	0.8820964559	0.7870755302	0.9102166341	0.8922783047	-0.0568277335	-0.0052101593	-0.0459069565	-0.0516175742	-0.0406967971	0.0032293913	0.0000271458	0.0021074487	0.0026643740	0.0016562293	0.0053639857	0.0043206033	0.0096845890
0.1766511628	0.5921315678	0.8049584177	0.8823068846	0.7887311006	0.9123338283	0.8939419089	-0.0542658746	-0.0049716327	-0.0438057202	-0.0492942419	-0.0388340876	0.0029447851	0.0000247171	0.0019189411	0.0024299223	0.0015080864	0.0048884434	0.0039380086	0.0088264520
0.1766511628	0.5987982344	0.8069867321	0.8825149309	0.7903543394	0.9144170868	0.8955705017	-0.0517492685	-0.0047358623	-0.0417497968	-0.0470134061	-0.0370139345	0.0026779868	0.0000224284	0.0017430455	0.0022102604	0.0013700313	0.0044434607	0.0035802917	0.0080237524
0.1766511628	0.6054649011	0.8089845657	0.8827205929	0.7919459888	0.9164673083	0.8971649638	-0.0492766569	-0.0045028486	-0.0397379791	-0.0447738083	-0.0352351305	0.0024281889	0.0000202756	0.0015791070	0.0020046939	0.0012415144	0.0040275716	0.0032462083	0.0072737799
0.1766511628	0.6121315678	0.8109526631	0.8829238696	0.7935067776	0.9184853768	0.8987261585	-0.0468468118	-0.0042725908	-0.0377690913	-0.0425742210	-0.0334965005	0.0021946238	0.0000182550	0.0014265043	0.0018125643	0.0011220155	0.0036393831	0.0029345798	0.0065739629
0.1766511628	0.6187982344	0.8128917567	0.8831247608	0.7950374210	0.9204721607	0.9002549315	-0.0444585355	-0.0040450872	-0.0358419886	-0.0404134482	-0.0317969014	0.0019765614	0.0000163627	0.0012846481	0.0016332468	0.0010110429	0.0032775723	0.0026442897	0.0059218620
0.1766511628	0.6254649011	0.8148025670	0.8833232669	0.7965386200	0.9224285123	0.9017521103	-0.0421106608	-0.0038203355	-0.0339555573	-0.0382903253	-0.0301352218	0.0017733078	0.0000145950	0.0011529799	0.0014661490	0.0009081316	0.0029408826	0.0023742806	0.0053151632
0.1766511628	0.6321315678	0.8166858010	0.8835193890	0.7980110608	0.9243552674	0.9032185040	-0.0398020512	-0.0035983327	-0.0321087146	-0.0362037185	-0.0285103820	0.0015842033	0.0000129480	0.0010309696	0.0013107092	0.0008128419	0.0026281208	0.0021235511	0.0047516719
0.1766511628	0.6387982344	0.8185421527	0.8837131285	0.7994554146	0.9262532447	0.9046549031	-0.0375316002	-0.0033790752	-0.0303004085	-0.0341525251	-0.0269213333	0.0014086210	0.0000114181	0.0009181148	0.0011663950	0.0007247582	0.0023381539	0.0018911532	0.0042293071
0.1766511628	0.6454649011	0.8203723019	0.8839044873	0.8008723376	0.9281232460	0.9060620792	-0.0352982317	-0.0031625591	-0.0285296171	-0.0321356726	-0.0253670579	0.0012459652	0.0000100018	0.0008139390	0.0010327015	0.0006434876	0.0020699060	0.0016761891	0.0037460951
0.1766511628	0.6521315678	0.8221769146	0.8840934675	0.8022624705	0.9299660555	0.9074407854	-0.0331008991	-0.0029487804	-0.0267953484	-0.0301521188	-0.0238465680	0.0010956695	0.0000086953	0.0007179907	0.0009091503	0.0005686588	0.0018223555	0.0014778091	0.0033001646
0.1766511628	0.6587982344	0.8239566425	0.8842800715	0.8036264386	0.9317824399	0.9087917557	-0.0309385854	-0.0027377345	-0.0250966400	-0.0282008509	-0.0223589055	0.0009571961	0.0000074952	0.0006298413	0.0007952880	0.0004999207	0.0015945326	0.0012952086	0.0028897412
0.1766511628	0.6654649011	0.8257121230	0.8844643017	0.8049648520	0.9335731486	0.9101157056	-0.0288103023	-0.0025294169	-0.0234325582	-0.0262808854	-0.0209031413	0.0008300335	0.0000063979	0.0005490848	0.0006906849	0.0004369413	0.0013855163	0.0011276263	0.0025131425
0.1766511628	0.6721315678	0.8274439788	0.8846461608	0.8062783052	0.9353389134	0.9114133322	-0.0267150900	-0.0023238230	-0.0218021979	-0.0243912670	-0.0194783748	0.0007136960	0.0000054002	0.0004753358	0.0005949339	0.0003794071	0.0011944320	0.0009743410	0.0021687730
0.1766511628	0.6787982344	0.8291528184	0.8848256514	0.8075673775	0.9370804487	0.9126853140	-0.0246520168	-0.0021209483	-0.0202046814	-0.0225310685	-0.0180837331	0.0006077219	0.0000044984	0.0004082292	0.0005076490	0.0003270214	0.0010204495	0.0008346704	0.0018551200
0.1766511628	0.6854649011	0.8308392358	0.8850027760	0.8088326328	0.9387984517	0.9139323116	-0.0226201782	-0.0019207881	-0.0186391585	-0.0206993901	-0.0167183704	0.0005116725	0.0000036894	0.0003474182	0.0004284647	0.0002795039	0.0008627801	0.0007079687	0.0015707488
0.1766511628	0.6921315678	0.8325038105	0.8851775371	0.8100746202	0.9404936023	0.9151549676	-0.0206186965	-0.0017233381	-0.0171048054	-0.0188953585	-0.0153814674	0.0004251306	0.0000029699	0.0002925744	0.0003570346	0.0002365895	0.0007206749	0.0005936241	0.0013142990
0.1766511628	0.6987982344	0.8341471079	0.8853499371	0.8112938739	0.9421665637	0.9163539070	-0.0186467204	-0.0015285938	-0.0156008242	-0.0171181266	-0.0140722304	0.0003477002	0.0000023366	0.0002433857	0.0002930303	0.0001980277	0.0005934225	0.0004910579	0.0010844804
0.1766511628	0.7054649011	0.8357696792	0.8855199783	0.8124909133	0.9438179823	0.9175297375	-0.0167034238	-0.0013365512	-0.0141264422	-0.0153668726	-0.0127898909	0.0002790044	0.0000017864	0.0001995564	0.0002361408	0.0001635813	0.0004803471	0.0003997221	0.0008800692
0.1766511628	0.7121315678	0.8373720615	0.8856876628	0.8136662434	0.9454484878	0.9186830499	-0.0147880059	-0.0011472064	-0.0126809111	-0.0136407995	-0.0115337047	0.0002186851	0.0000013161	0.0001608055	0.0001860714	0.0001330263	0.0003808067	0.0003190978	0.0006999045
0.1766511628	0.7187982344	0.8389547783	0.8858529926	0.8148203551	0.9470586941	0.9198144183	-0.0128996901	-0.0009605556	-0.0112635069	-0.0119391345	-0.0103029513	0.0001664020	0.0000009227	0.0001268666	0.0001425429	0.0001061508	0.0002941913	0.0002486937	0.0005428850
0.1766511628	0.7254649011	0.8405183394	0.8860159693	0.8159537253	0.9486491988	0.9209244005	-0.0110377234	-0.0007765954	-0.0098735284	-0.0102611280	-0.0090969331	0.0001218313	0.0000006031	0.0000974866	0.0001052907	0.0000827542	0.0002199210	0.0001880449	0.0004079659
0.1766511628	0.7321315678	0.8420632411	0.8861765944	0.8170668173	0.9502205841	0.9220135383	-0.0092013759	-0.0005953226	-0.0085102973	-0.0086060533	-0.0079149747	0.0000846653	0.0000003544	0.0000724252	0.0000740642	0.0000626468	0.0001574449	0.0001367110	0.0002941559
0.1766511628	0.7387982344	0.8435899669	0.8863348692	0.8181600810	0.9517734168	0.9230823580	-0.0073899403	-0.0004167344	-0.0071731571	-0.0069732059	-0.0067564226	0.0000546112	0.0000001737	0.0000514542	0.0000486256	0.0000456492	0.0001062391	0.0000942748	0.0002005139
0.1766511628	0.7454649011	0.8450989870	0.8864907947	0.8192339533	0.9533082487	0.9241313708	-0.0056027308	-0.0002408283	-0.0058614723	-0.0053619025	-0.0056206441	0.0000313906	0.0000000580	0.0000343569	0.0000287500	0.0000315916	0.0000658054	0.0000603416	0.0001261471
0.1766511628	0.7521315678	0.8465907591	0.8866443716	0.8202888580	0.9548256169	0.9251610728	-0.0038390829	-0.0000676018	-0.0045746285	-0.0037714811	-0.0045070267	0.0000147386	0.0000000046	0.0000209272	0.0000142241	0.0000203133	0.0000356704	0.0000345374	0.0000702077
0.1766511628	0.7587982344	0.8480657286	0.8867956005	0.8213252070	0.9563260441	0.9261719459	-0.0020983527	0.0001029468	-0.0033120308	-0.0022012995	-0.0034149776	0.0000044031	0.0000000106	0.0000109695	0.0000048457	0.0000116621	0.0000153832	0.0000165078	0.0000318910
0.1766511628	0.7654649011	0.8495243287	0.8869444816	0.8223433994	0.9578100392	0.9271644578	-0.0003799161	0.0002708193	-0.0020731039	-0.0006507354	-0.0023439233	0.0000001443	0.0000000733	0.0000042978	0.0000004235	0.0000054940	0.0000045154	0.0000059174	0.0000104329
0.1766511628	0.7721315678	0.8509669807	0.8870910149	0.8233438230	0.9592780971	0.9281390626	0.0013168316	0.0004360170	-0.0008572913	0.0008808146	-0.0012933083	0.0000017340	0.0000001901	0.0000007349	0.0000007758	0.0000016726	0.0000026591	0.0000024485	0.0000051076
0.1766511628	0.7787982344	0.8523940944	0.8872352001	0.8243268537	0.9607306995	0.9290962009	0.0029924764	0.0005985409	0.0003359457	0.0023939354	-0.0002625952	0.0000089549	0.0000003583	0.0000001129	0.0000057309	0.0000000690	0.0000094260	0.0000057999	0.0000152259
0.1766511628	0.7854649011	0.8538060682	0.8873770367	0.8252928562	0.9621683150	0.9300363004	0.0046475859	0.0007583917	0.0015071280	0.0038891943	0.0007487363	0.0000216001	0.0000005752	0.0000022714	0.0000151258	0.0000005606	0.0000244466	0.0000156864	0.0000401331
0.1766511628	0.7921315678	0.8552032895	0.8875165238	0.8262421845	0.9635913998	0.9309597764	0.0062827106	0.0009155697	0.0026567595	0.0053671408	0.0017411898	0.0000394725	0.0000008383	0.0000070584	0.0000288062	0.0000030317	0.0000473691	0.0000318379	0.0000792070
0.1766511628	0.7987982344	0.8565861350	0.8876536605	0.8271751818	0.9650003972	0.9318670317	0.0078983834	0.0010700751	0.0037853280	0.0068283082	0.0027152528	0.0000623845	0.0000011451	0.0000143287	0.0000466258	0.0000073726	0.0000778582	0.0000539984	0.0001318566
0.1766511628	0.8054649011	0.8579549709	0.8877884455	0.8280921808	0.9663957390	0.9327584573	0.0094951210	0.0012219077	0.0048933051	0.0082732133	0.0036713973	0.0000901573	0.0000014931	0.0000239444	0.0000684461	0.0000134792	0.0001155948	0.0000819252	0.0001975200
0.1766511628	0.8121315678	0.8593101531	0.8879208773	0.8289935046	0.9677778450	0.9336344328	0.0110734242	0.0013710670	0.0059811473	0.0097023572	0.0046100802	0.0001226207	0.0000018798	0.0000357741	0.0000941357	0.0000212528	0.0001602747	0.0001153886	0.0002756632
0.1766511628	0.8187982344	0.8606520277	0.8880509541	0.8298794662	0.9691471235	0.9344953264	0.0126337781	0.0015175523	0.0070492962	0.0111162259	0.0055317439	0.0001596123	0.0000023030	0.0000496926	0.0001235705	0.0000306002	0.0002116079	0.0001541707	0.0003657786
0.1766511628	0.8254649011	0.8619809310	0.8881786741	0.8307503694	0.9705039720	0.9353414957	0.0141766530	0.0016613624	0.0080981793	0.0125152906	0.0064368169	0.0002009775	0.0000027601	0.0000655805	0.0001566325	0.0000414326	0.0002693181	0.0001980651	0.0004673832
0.1766511628	0.8321315678	0.8632971900	0.8883040349	0.8316065087	0.9718487771	0.9361732876	0.0157025047	0.0018024963	0.0091282101	0.0139000085	0.0073257138	0.0002465687	0.0000032490	0.0000833242	0.0001932102	0.0000536661	0.0003331419	0.0002468763	0.0005800182
0.1766511628	0.8387982344	0.8646011225	0.8884270344	0.8324481699	0.9731819148	0.9369910388	0.0172117749	0.0019409522	0.0101397889	0.0152708227	0.0081988367	0.0002962452	0.0000037673	0.0001028153	0.0002331980	0.0000672209	0.0004028278	0.0003004189	0.0007032468
0.1766511628	0.8454649011	0.8658930374	0.8885476700	0.8332756299	0.9745037511	0.9377950762	0.0187048920	0.0020767285	0.0111333030	0.0166281634	0.0090565744	0.0003498730	0.0000043128	0.0001239504	0.0002764958	0.0000820215	0.0004781362	0.0003585174	0.0008366536
0.1766511628	0.8521315678	0.8671732351	0.8886659389	0.8340891575	0.9758146420	0.9385857170	0.0201822710	0.0022098233	0.0121091275	0.0179724476	0.0098993042	0.0004073241	0.0000048833	0.0001466310	0.0003230089	0.0000979962	0.0005588383	0.0004210051	0.0009798434
0.1766511628	0.8587982344	0.8684420073	0.8887818383	0.8348890135	0.9771149340	0.9393632694	0.0216443144	0.0023402344	0.0130676254	0.0193040800	0.0107273910	0.0004684763	0.0000054767	0.0001707628	0.0003726475	0.0001150769	0.0006447159	0.0004877244	0.0011324403
0.1766511628	0.8654649011	0.8696996378	0.8888953652	0.8356754507	0.9784049641	0.9401280324	0.0230914126	0.0024679593	0.0140091482	0.0206234532	0.0115411888	0.0005332133	0.0000060908	0.0001962562	0.0004253268	0.0001331990	0.0007355604	0.0005585259	0.0012940863
0.1766511628	0.8721315678	0.8709464026	0.8890065164	0.8364487144	0.9796850603	0.9408802961	0.0245239439	0.0025929957	0.0149340362	0.0219309482	0.0123410405	0.0006014238	0.0000067236	0.0002230254	0.0004809665	0.0001523013	0.0008311729	0.0006332678	0.0014644407
0.1766511628	0.8787982344	0.8721825697	0.8891152885	0.8372090427	0.9809555420	0.9416203427	0.0259422753	0.0027153406	0.0158426190	0.0232269347	0.0131272783	0.0006730016	0.0000073731	0.0002509886	0.0005394905	0.0001723254	0.0009313633	0.0007118159	0.0016431792
0.1766511628	0.8854649011	0.8734083999	0.8892216782	0.8379566664	0.9822167197	0.9423484457	0.0273467629	0.0028349914	0.0167352158	0.0245117714	0.0139002243	0.0007478454	0.0000080372	0.0002800674	0.0006008269	0.0001932162	0.0010359501	0.0007940432	0.0018299932
0.1766511628	0.8921315678	0.8746241467	0.8893256820	0.8386918097	0.9834688960	0.9430648712	0.0287377518	0.0029519450	0.0176121359	0.0257858068	0.0146601908	0.0008258584	0.0000087140	0.0003101873	0.0006649078	0.0002149212	0.0011447597	0.0008798290	0.0020245887
0.1766511628	0.8987982344	0.8758300565	0.8894272962	0.8394146900	0.9847123652	0.9437698771	0.0301155770	0.0030661983	0.0184736788	0.0270493787	0.0154074804	0.0009069480	0.0000094016	0.0003412768	0.0007316689	0.0002373905	0.0012576264	0.0009690593	0.0022266857
0.1766511628	0.9054649011	0.8770263689	0.8895265171	0.8401255184	0.9859474137	0.9444637145	0.0314805635	0.0031777480	0.0193201348	0.0283028155	0.0161423867	0.0009910259	0.0000100981	0.0003732676	0.0008010494	0.0002605766	0.0013743916	0.0010616260	0.0024360176
0.1766511628	0.9121315678	0.8782133172	0.8896233409	0.8408244998	0.9871743207	0.9451466269	0.0328330266	0.0032865908	0.0201517852	0.0295464358	0.0168651944	0.0010780076	0.0000108017	0.0004060944	0.0008729919	0.0002844348	0.0014949038	0.0011574266	0.0026523304
0.1766511628	0.9187982344	0.8793911279	0.8897177637	0.8415118330	0.9883933577	0.9458188510	0.0341732723	0.0033927232	0.0209689027	0.0307805491	0.0175761795	0.0011678125	0.0000115106	0.0004396949	0.0009474422	0.0003089221	0.0016190180	0.0012563643	0.0028753823
0.1766511628	0.9254649011	0.8805600215	0.8898097818	0.8421877112	0.9896047892	0.9464806169	0.0355015975	0.0034961417	0.0217717516	0.0320054558	0.0182756100	0.0012603634	0.0000122230	0.0004740092	0.0010243492	0.0003339979	0.0017465956	0.0013583471	0.0031049427
0.1766511628	0.9321315678	0.8817202125	0.8898993910	0.8428523218	0.9908088728	0.9471321481	0.0368182907	0.0035968427	0.0225605883	0.0332214480	0.0189637456	0.0013555865	0.0000129373	0.0005089801	0.0011036646	0.0003596236	0.0018775039	0.0014632883	0.0033407922
0.1766511628	0.9387982344	0.8828719095	0.8899865875	0.8435058470	0.9920058593	0.9477736619	0.0381236316	0.0036948225	0.0233356612	0.0344288090	0.0196408387	0.0014534113	0.0000136517	0.0005445531	0.0011853429	0.0003857625	0.0020116161	0.0015711054	0.0035827215
0.1766511628	0.9454649011	0.8840153154	0.8900713672	0.8441484638	0.9931959931	0.9484053694	0.0394178920	0.0037900775	0.0240972115	0.0356278145	0.0203071339	0.0015537702	0.0000143647	0.0005806756	0.0012693412	0.0004123797	0.0021488105	0.0016817209	0.0038305314
0.1766511628	0.9521315678	0.8851506279	0.8901537261	0.8447803439	0.9943795121	0.9490274760	0.0407013359	0.0038826039	0.0248454729	0.0368187320	0.0209628689	0.0016565987	0.0000150746	0.0006172975	0.0013556190	0.0004394419	0.0022889709	0.0017950609	0.0040840318
0.1766511628	0.9587982344	0.8862780390	0.8902336602	0.8454016544	0.9955566484	0.9496401812	0.0419742195	0.0039723980	0.0255806724	0.0380018216	0.0216082744	0.0017618351	0.0000157799	0.0006543708	0.0014441384	0.0004669175	0.0024319859	0.0019110560	0.0043430418
0.1766511628	0.9654649011	0.8873977358	0.8903111654	0.8460125575	0.9967276277	0.9502436792	0.0432367919	0.0040594559	0.0263030303	0.0391773360	0.0222435744	0.0018694202	0.0000164792	0.0006918494	0.0015348637	0.0004947766	0.0025777488	0.0020296403	0.0046073890
0.1766511628	0.9721315678	0.8885099004	0.8903862378	0.8466132111	0.9978926702	0.9508381589	0.0444892948	0.0041437739	0.0270127602	0.0403455209	0.0228689863	0.0019792973	0.0000171709	0.0007296892	0.0016277611	0.0005229905	0.0027261574	0.0021507516	0.0048769090
0.1766511628	0.9787982344	0.8896147100	0.8904588734	0.8472037684	0.9990519906	0.9514238037	0.0457319633	0.0042253481	0.0277100697	0.0415066151	0.0234847216	0.0020914125	0.0000178536	0.0007678480	0.0017227991	0.0005515321	0.0028771140	0.0022743312	0.0051514452
0.1766511628	0.9854649011	0.8907123371	0.8905290682	0.8477843786	1.0002057978	0.9520007925	0.0469650257	0.0043041749	0.0283951603	0.0426608508	0.0240909854	0.0022057136	0.0000185259	0.0008062851	0.0018199482	0.0005803756	0.0030305247	0.0024003238	0.0054308485
0.1793178295	0.5854649011	0.8033311219	0.8821530827	0.7874243850	0.9106482058	0.8926164863	-0.0562895106	-0.0051459658	-0.0454638256	-0.0511435448	-0.0403178598	0.0031685090	0.0000264810	0.0020669594	0.0026156622	0.0016255298	0.0052619494	0.0042411920	0.0095031414
0.1793178295	0.5921315678	0.8053762103	0.8823621746	0.7890643379	0.9127501534	0.8942635581	-0.0537469854	-0.0049089693	-0.0433833116	-0.0488380162	-0.0384743423	0.0028887384	0.0000240980	0.0018821117	0.0023851518	0.0014802750	0.0047949481	0.0038654268	0.0086603750
0.1793178295	0.5987982344	0.8073906757	0.8825689269	0.7906726307	0.9148188329	0.8958763520	-0.0512488358	-0.0046746799	-0.0413471582	-0.0465741559	-0.0366724783	0.0026264432	0.0000218526	0.0017095875	0.0021691520	0.0013448707	0.0043578833	0.0035140227	0.0078719060
0.1793178295	0.6054649011	0.8093752446	0.8827733363	0.7922499748	0.9168551103	0.8974557139	-0.0487938485	-0.0044430994	-0.0393542058	-0.0443507491	-0.0349111064	0.0023808396	0.0000197411	0.0015487535	0.0019669889	0.0012187854	0.0039493343	0.0031857743	0.0071351086
0.1793178295	0.6121315678	0.8113306338	0.8829754006	0.7937970699	0.9188598383	0.8990024744	-0.0463808380	-0.0042142285	-0.0374033235	-0.0421666094	-0.0331890949	0.0021511821	0.0000177597	0.0013990086	0.0017780230	0.0011015160	0.0035679505	0.0028795390	0.0064474894
0.1793178295	0.6187982344	0.8132575498	0.8831751182	0.7953146034	0.9208338561	0.9005174478	-0.0440086469	-0.0039880670	-0.0354934087	-0.0400205798	-0.0315053417	0.0019367610	0.0000159047	0.0012597821	0.0016016468	0.0009925866	0.0032124477	0.0025942334	0.0058066811
0.1793178295	0.6254649011	0.8151566877	0.8833724885	0.7968032497	0.9227779881	0.9020014320	-0.0416761460	-0.0037646138	-0.0336233880	-0.0379115321	-0.0298587741	0.0017369011	0.0000141723	0.0011305322	0.0014372843	0.0008915464	0.0028816057	0.0023288307	0.0052104363
0.1793178295	0.6321315678	0.8170287313	0.8835675114	0.7982636698	0.9246930435	0.9034552080	-0.0393822346	-0.0035438674	-0.0317922164	-0.0358383672	-0.0282483491	0.0015509604	0.0000125590	0.0010107450	0.0012843886	0.0007979692	0.0025742644	0.0020823578	0.0046566222
0.1793178295	0.6387982344	0.8188743517	0.8837601873	0.7996965112	0.9265798160	0.9048795394	-0.0371258402	-0.0033258253	-0.0299988779	-0.0338000149	-0.0266730526	0.0013783280	0.0000110611	0.0008999327	0.0011424410	0.0007114517	0.0022893218	0.0018538927	0.0041432145
0.1793178295	0.6454649011	0.8206942078	0.8839505168	0.8011024072	0.9284390836	0.9062751726	-0.0349059186	-0.0031104852	-0.0282423845	-0.0317954334	-0.0251318993	0.0012184232	0.0000096751	0.0007976323	0.0010109496	0.0006316124	0.0020257306	0.0016425620	0.0036682925
0.1793178295	0.6521315678	0.8224889452	0.8841385012	0.8024819769	0.9302716080	0.9076428364	-0.0327214536	-0.0028978439	-0.0265217765	-0.0298236097	-0.0236239326	0.0010706935	0.0000083975	0.0007034046	0.0008894477	0.0005580902	0.0017824957	0.0014475379	0.0032300335
0.1793178295	0.6587982344	0.8242591962	0.8843241416	0.8038358252	0.9320781345	0.9089832419	-0.0305714566	-0.0026878984	-0.0248361219	-0.0278835583	-0.0221482235	0.0009346140	0.0000072248	0.0006168329	0.0007774928	0.0004905438	0.0015586717	0.0012680366	0.0028267083
0.1793178295	0.6654649011	0.8260055801	0.8845074397	0.8051645422	0.9338593923	0.9102970830	-0.0284549666	-0.0024806451	-0.0231845158	-0.0259743214	-0.0207038707	0.0008096851	0.0000061536	0.0005375218	0.0006746654	0.0004286503	0.0013533605	0.0011033156	0.0024566761
0.1793178295	0.6721315678	0.8277287022	0.8846883969	0.8064687040	0.9356160939	0.9115850359	-0.0263710493	-0.0022760808	-0.0215660805	-0.0240949685	-0.0192899998	0.0006954322	0.0000051805	0.0004650958	0.0005805675	0.0003721041	0.0011657086	0.0009526716	0.0021183802
0.1793178295	0.6787982344	0.8294291544	0.8848670149	0.8077488720	0.9373489354	0.9128477595	-0.0243187972	-0.0020742018	-0.0199799644	-0.0222445954	-0.0179057626	0.0005914039	0.0000043023	0.0003991990	0.0004948220	0.0003206163	0.0009949052	0.0008154384	0.0018103436
0.1793178295	0.6854649011	0.8311075150	0.8850432953	0.8090055933	0.9390585968	0.9140858957	-0.0222973288	-0.0018750047	-0.0184253417	-0.0204223241	-0.0165503370	0.0004971709	0.0000035156	0.0003394932	0.0004170713	0.0002739137	0.0008401797	0.0006909850	0.0015311647
0.1793178295	0.6921315678	0.8327643488	0.8852172399	0.8102394009	0.9407457416	0.9153000692	-0.0203057881	-0.0016784862	-0.0169014120	-0.0186273019	-0.0152229258	0.0004123250	0.0000028173	0.0002856577	0.0003469764	0.0002317375	0.0007008001	0.0005787138	0.0012795139
0.1793178295	0.6987982344	0.8344002067	0.8853888499	0.8114508134	0.9424110172	0.9164908882	-0.0183433442	-0.0014846429	-0.0154073994	-0.0168587013	-0.0139227565	0.0003364783	0.0000022042	0.0002373880	0.0002842158	0.0001938431	0.0005760704	0.0004780590	0.0010541294
0.1793178295	0.7054649011	0.8360156266	0.8855581270	0.8126403359	0.9440550553	0.9176589442	-0.0164091906	-0.0012934716	-0.0139425523	-0.0151157190	-0.0126490806	0.0002692615	0.0000016731	0.0001943948	0.0002284850	0.0001599992	0.0004653294	0.0003884842	0.0008538136
0.1793178295	0.7121315678	0.8376111327	0.8857250723	0.8138084592	0.9456784717	0.9188048128	-0.0145025449	-0.0011049695	-0.0125061424	-0.0133975754	-0.0114011728	0.0002103238	0.0000012210	0.0001564036	0.0001794950	0.0001299867	0.0003679484	0.0003094818	0.0006774301
0.1793178295	0.7187982344	0.8391872364	0.8858896869	0.8149556611	0.9472818668	0.9199290534	-0.0126226479	-0.0009191339	-0.0110974644	-0.0117035141	-0.0101783306	0.0001593312	0.0000008448	0.0001231537	0.0001369722	0.0001035984	0.0002833298	0.0002405707	0.0005239004
0.1793178295	0.7254649011	0.8407444356	0.8860519718	0.8160824057	0.9488658255	0.9210322099	-0.0107687633	-0.0007359620	-0.0097158354	-0.0100328013	-0.0089798734	0.0001159663	0.0000005416	0.0000943975	0.0001006571	0.0000806381	0.0002109054	0.0001812952	0.0003922006
0.1793178295	0.7321315678	0.8422832160	0.8862119277	0.8171891442	0.9504309180	0.9221148111	-0.0089401769	-0.0005554518	-0.0083605939	-0.0083847251	-0.0078051421	0.0000799268	0.0000003085	0.0000698995	0.0000703036	0.0000609202	0.0001501348	0.0001312239	0.0002813587
0.1793178295	0.7387982344	0.8438040501	0.8863695550	0.8182763150	0.9519776997	0.9231773705	-0.0071361962	-0.0003776012	-0.0070310996	-0.0067585949	-0.0066534984	0.0000509253	0.0000001426	0.0000494364	0.0000456786	0.0000442690	0.0001005042	0.0000899476	0.0001904519
0.1793178295	0.7454649011	0.8453073983	0.8865248541	0.8193443440	0.9535067115	0.9242203873	-0.0053561495	-0.0002024085	-0.0057267327	-0.0051537409	-0.0055243242	0.0000286883	0.0000000410	0.0000327955	0.0000265610	0.0000305182	0.0000615248	0.0000570792	0.0001186040
0.1793178295	0.7521315678	0.8467937088	0.8866778250	0.8203936446	0.9550184802	0.9252443463	-0.0035993857	-0.0000298722	-0.0044468932	-0.0035695135	-0.0044170210	0.0000129556	0.0000000009	0.0000197749	0.0000127414	0.0000195101	0.0000327313	0.0000322515	0.0000649828
0.1793178295	0.7587982344	0.8482634179	0.8868284675	0.8214246184	0.9565135186	0.9262497185	-0.0018652738	0.0001400088	-0.0031910003	-0.0020052825	-0.0033310091	0.0000034792	0.0000000196	0.0000101825	0.0000040212	0.0000110956	0.0000136813	0.0000151168	0.0000287981
0.1793178295	0.7654649011	0.8497169500	0.8869767812	0.8224376552	0.9579923263	0.9272369612	-0.0001532016	0.0003072354	-0.0019584920	-0.0004604369	-0.0022657273	0.0000000235	0.0000000944	0.0000038357	0.0000002120	0.0000051335	0.0000039536	0.0000053455	0.0000092991
0.1793178295	0.7721315678	0.8511547183	0.8871227655	0.8234331336	0.9594553893	0.9282065185	0.0015374241	0.0004718082	-0.0007488241	0.0010656160	-0.0012206323	0.0000023637	0.0000002226	0.0000005607	0.0000011355	0.0000014899	0.0000031470	0.0000026255	0.0000057725
0.1793178295	0.7787982344	0.8525771247	0.8872664193	0.8244114207	0.9609031810	0.9291588217	0.0032071783	0.0006337274	0.0004385296	0.0025734509	-0.0001951977	0.0000102860	0.0000004016	0.0000001923	0.0000066226	0.0000000381	0.0000108799	0.0000066608	0.0000175407
0.1793178295	0.7854649011	0.8539845601	0.8874077417	0.8253728730	0.9623361618	0.9300942895	0.0048566185	0.0007929931	0.0016040789	0.0040636254	0.0008110858	0.0000235867	0.0000006288	0.0000025731	0.0000165131	0.0000006579	0.0000267887	0.0000171709	0.0000439596
0.1793178295	0.7921315678	0.8553774048	0.8875467311	0.8263178364	0.9637547802	0.9310133286	0.0064862850	0.0009496049	0.0027483167	0.0055366802	0.0017987118	0.0000420719	0.0000009017	0.0000075532	0.0000306548	0.0000032354	0.0000505269	0.0000338902	0.0000844171
0.1793178295	0.7987982344	0.8567560286	0.8876833860	0.8272466465	0.9651594725	0.9319163336	0.0080967017	0.0011035623	0.0038717203	0.0069931394	0.0027681580	0.0000655566	0.0000012178	0.0000149902	0.0000489040	0.0000076627	0.0000817646	0.0000565667	0.0001383313
0.1793178295	0.8054649011	0.8581207913	0.8878177046	0.8281596289	0.9665506633	0.9328036877	0.0096883763	0.0012548645	0.0049747516	0.0084335119	0.0037198872	0.0000938646	0.0000015747	0.0000247482	0.0000711241	0.0000138376	0.0001201875	0.0000849617	0.0002051492
0.1793178295	0.8121315678	0.8594720425	0.8879496848	0.8290570995	0.9679287659	0.9336757630	0.0112618011	0.0014035103	0.0060578577	0.0098582908	0.0046543474	0.0001268282	0.0000019698	0.0000366976	0.0000971859	0.0000216629	0.0001654956	0.0001188488	0.0002843445
0.1793178295	0.8187982344	0.8608101225	0.8880793243	0.8299393648	0.9692941823	0.9345329207	0.0128174531	0.0015494984	0.0071214710	0.0112679548	0.0055719727	0.0001642871	0.0000024009	0.0000507153	0.0001269668	0.0000310469	0.0002174034	0.0001580137	0.0003754171
0.1793178295	0.8254649011	0.8621353619	0.8882066208	0.8308067222	0.9706473041	0.9353755115	0.0143557951	0.0016928271	0.0081660106	0.0126629680	0.0064731834	0.0002060889	0.0000028657	0.0000666837	0.0001603508	0.0000419021	0.0002756382	0.0002022529	0.0004778911
0.1793178295	0.8321315678	0.8634480824	0.8883315715	0.8316594601	0.9719885121	0.9362038757	0.0158772755	0.0018334948	0.0091918817	0.0140437808	0.0073583869	0.0002520879	0.0000033617	0.0000844907	0.0001972278	0.0000541459	0.0003399403	0.0002513736	0.0005913139
0.1793178295	0.8387982344	0.8647485965	0.8884541736	0.8324978585	0.9733181769	0.9370183440	0.0173823292	0.0019714992	0.0101994769	0.0154108301	0.0082279777	0.0003021454	0.0000038868	0.0001040293	0.0002374937	0.0000676996	0.0004100615	0.0003051933	0.0007152548
0.1793178295	0.8454649011	0.8660372084	0.8885744242	0.8333221888	0.9746366594	0.9378192373	0.0188713778	0.0021068381	0.0111891760	0.0167645397	0.0090823379	0.0003561289	0.0000044388	0.0001251977	0.0002810498	0.0000824889	0.0004857653	0.0003635387	0.0008493040
0.1793178295	0.8521315678	0.8673142136	0.8886923200	0.8341327144	0.9759443106	0.9386068672	0.0203448303	0.0022395091	0.0121613471	0.0181053212	0.0099218380	0.0004139121	0.0000050154	0.0001478984	0.0003278027	0.0000984429	0.0005668259	0.0004262455	0.0009930714
0.1793178295	0.8587982344	0.8685798995	0.8888078579	0.8349296910	0.9772414722	0.9393815363	0.0218030830	0.0023695094	0.0131163463	0.0194335736	0.0107468369	0.0004753744	0.0000056146	0.0001720385	0.0003776638	0.0001154945	0.0006530275	0.0004931583	0.0011461858
0.1793178295	0.8654649011	0.8698345457	0.8889210342	0.8357133665	0.9785284769	0.9401435385	0.0232465206	0.0024968364	0.0140545187	0.0207496843	0.0115576823	0.0005404007	0.0000062342	0.0001975295	0.0004305494	0.0001335800	0.0007441644	0.0005641294	0.0013082938
0.1793178295	0.8721315678	0.8710784239	0.8890318456	0.8364839817	0.9798056484	0.9408931590	0.0246755161	0.0026214868	0.0149761984	0.0220540293	0.0123547116	0.0006088811	0.0000068722	0.0002242865	0.0004863802	0.0001526389	0.0008400398	0.0006390191	0.0014790589
0.1793178295	0.8787982344	0.8723117984	0.8891402882	0.8372417699	0.9810733019	0.9416306752	0.0260904313	0.0027434577	0.0158817091	0.0233469736	0.0131382514	0.0006807106	0.0000075266	0.0002522287	0.0005450812	0.0001726136	0.0009404658	0.0007176948	0.0016581607
0.1793178295	0.8854649011	0.8735349261	0.8892463582	0.8379869579	0.9823317442	0.9423563562	0.0274916172	0.0028627456	0.0167713643	0.0246288716	0.0139086187	0.0007557890	0.0000081953	0.0002812787	0.0006065813	0.0001934497	0.0010452630	0.0008000310	0.0018452940
0.1793178295	0.8921315678	0.8747480570	0.8893500519	0.8387197656	0.9835812739	0.9430704634	0.0288794144	0.0029793473	0.0176454680	0.0259000671	0.0146661207	0.0008340206	0.0000088765	0.0003113625	0.0006708135	0.0002150951	0.0011542596	0.0008859086	0.0020401682
0.1793178295	0.8987982344	0.8759514341	0.8894513651	0.8394404065	0.9848221819	0.9437732511	0.0302541532	0.0030932591	0.0185043145	0.0271608941	0.0154110554	0.0009153138	0.0000095683	0.0003424097	0.0007377142	0.0002375006	0.0012672917	0.0009752148	0.0022425065
0.1793178295	0.9054649011	0.8771452939	0.8895502939	0.8401490880	0.9860547513	0.9444649659	0.0316161545	0.0032044774	0.0193481892	0.0284116770	0.0161437118	0.0009995812	0.0000102687	0.0003743524	0.0008072234	0.0002606194	0.0013842023	0.0010678428	0.0024520451
0.1793178295	0.9121315678	0.8783298663	0.8896468341	0.8408460113	0.9872792580	0.9451458478	0.0329657294	0.0033129986	0.0201773687	0.0296527308	0.0168643701	0.0010867393	0.0000109760	0.0004071262	0.0008792844	0.0002844070	0.0015048415	0.0011636914	0.0026685329
0.1793178295	0.9187982344	0.8795053750	0.8897409817	0.8415313718	0.9884959703	0.9458161298	0.0343031800	0.0034188187	0.0209921212	0.0308843613	0.0175733025	0.0011767082	0.0000116883	0.0004406692	0.0009538438	0.0003088210	0.0016290656	0.0012626647	0.0028917304
0.1793178295	0.9254649011	0.8806720377	0.8898327322	0.8422053593	0.9897051499	0.9464760385	0.0356287996	0.0035219339	0.0217927066	0.0321068657	0.0182707727	0.0012694114	0.0000124040	0.0004749221	0.0010308508	0.0003338211	0.0017567374	0.0013646720	0.0031214094
0.1793178295	0.9321315678	0.8818300660	0.8899220816	0.8428681582	0.9909070516	0.9471257940	0.0369428729	0.0036223403	0.0225793772	0.0333205326	0.0189570368	0.0013647759	0.0000131213	0.0005098283	0.0011102579	0.0003593692	0.0018877255	0.0014696271	0.0033573526
0.1793178295	0.9387982344	0.8829796660	0.8900090255	0.8435199474	0.9921019233	0.9477656105	0.0382456765	0.0037200339	0.0233523775	0.0345256426	0.0196323436	0.0014627318	0.0000138387	0.0005453335	0.0011920200	0.0003854289	0.0020219040	0.0015774489	0.0035993529
0.1793178295	0.9454649011	0.8841210383	0.8900935598	0.8441609010	0.9932900071	0.9483956959	0.0395374788	0.0038150107	0.0241119448	0.0357224681	0.0202969341	0.0015632122	0.0000145543	0.0005813859	0.0012760947	0.0004119655	0.0021591524	0.0016880603	0.0038472127
0.1793178295	0.9521315678	0.8852543778	0.8901756800	0.8447911880	0.9944715382	0.9490162527	0.0408185406	0.0039072666	0.0248583095	0.0369112740	0.0209510428	0.0016661533	0.0000152667	0.0006179355	0.0013624421	0.0004389462	0.0022993555	0.0018013883	0.0041007439
0.1793178295	0.9587982344	0.8863798744	0.8902553819	0.8454109728	0.9956467464	0.9496274777	0.0420891153	0.0039967977	0.0255916948	0.0380923177	0.0215948972	0.0017714936	0.0000159744	0.0006549348	0.0014510247	0.0004663396	0.0024424029	0.0019173642	0.0043597671
0.1793178295	0.9654649011	0.8874977132	0.8903326612	0.8460204149	0.9968158553	0.9502295623	0.0433494490	0.0040835997	0.0263123178	0.0392658493	0.0222287181	0.0018791747	0.0000166758	0.0006923381	0.0015418069	0.0004941159	0.0025881886	0.0020359228	0.0046241114
0.1793178295	0.9721315678	0.8886080739	0.8904075138	0.8466196698	0.9979790828	0.9508226926	0.0445997809	0.0041676687	0.0270203890	0.0404321122	0.0228527203	0.0019891405	0.0000173695	0.0007301014	0.0016347557	0.0005222468	0.0027366113	0.0021570025	0.0048936139
0.1793178295	0.9787982344	0.8897111318	0.8904799353	0.8472088883	0.9991366414	0.9514070499	0.0458403435	0.0042490007	0.0277161129	0.0415913428	0.0234671122	0.0021013371	0.0000180540	0.0007681829	0.0017298398	0.0005507054	0.0028875740	0.0022805451	0.0051681192
0.1793178295	0.9854649011	0.8908070576	0.8905499216	0.8477882172	1.0002887384	0.9519828104	0.0470713625	0.0043275916	0.0283996881	0.0427437709	0.0240720966	0.0022157132	0.0000187280	0.0008065423	0.0018270300	0.0005794658	0.0030409835	0.0024064958	0.0054474793
0.1819844961	0.5854649011	0.8037670584	0.8822103392	0.7877769859	0.9110832448	0.8929582332	-0.0557469967	-0.0050810624	-0.0450161357	-0.0506659343	-0.0399350733	0.0031077276	0.0000258172	0.0020264525	0.0025670369	0.0015948101	0.0051599973	0.0041618470	0.0093218443
0.1819844961	0.5921315678	0.8057976180	0.8824180821	0.7894012557	0.9131698843	0.8945887122	-0.0532238790	-0.0048456101	-0.0429564187	-0.0483782689	-0.0381108086	0.0028327813	0.0000234799	0.0018452539	0.0023404569	0.0014524337	0.0047015151	0.0037928906	0.0084944058
0.1819844961	0.5987982344	0.8077981682	0.8826235284	0.7909945375	0.9152239230	0.8961856466	-0.0507442601	-0.0046128153	-0.0409401107	-0.0461314448	-0.0363272954	0.0025749799	0.0000212781	0.0016760927	0.0021281102	0.0013196724	0.0042723507	0.0034477826	0.0077201333
0.1819844961	0.6054649011	0.8097694065	0.8828266735	0.7925575119	0.9172461943	0.8977498479	-0.0483069718	-0.0043826813	-0.0389660993	-0.0439242905	-0.0345834180	0.0023335635	0.0000192079	0.0015183569	0.0019293433	0.0011960128	0.0038711283	0.0031253561	0.0069964844
0.1819844961	0.6121315678	0.8117120221	0.8830275139	0.7940908493	0.9192375202	0.8992821139	-0.0459108709	-0.0041552102	-0.0370332981	-0.0417556607	-0.0328780879	0.0021078081	0.0000172658	0.0013714652	0.0017435352	0.0010809687	0.0034965390	0.0028245039	0.0063210429
0.1819844961	0.6187982344	0.8136266955	0.8832260470	0.7955952095	0.9211987104	0.9007832279	-0.0435548399	-0.0039304031	-0.0351406469	-0.0396244367	-0.0312102437	0.0018970241	0.0000154481	0.0012348651	0.0015700960	0.0009740793	0.0031473372	0.0025441753	0.0056915125
0.1819844961	0.6254649011	0.8155140970	0.8834222709	0.7970712406	0.9231305615	0.9022539581	-0.0412377874	-0.0037082605	-0.0332871119	-0.0375295269	-0.0295788513	0.0017005551	0.0000137512	0.0011080318	0.0014084654	0.0008749084	0.0028223381	0.0022833738	0.0051057120
0.1819844961	0.6321315678	0.8173748866	0.8836161843	0.7985195785	0.9250338565	0.9036950575	-0.0389586484	-0.0034887821	-0.0314716861	-0.0354698663	-0.0279829040	0.0015177763	0.0000121716	0.0009904670	0.0012581114	0.0007830429	0.0025204149	0.0020411543	0.0045615693
0.1819844961	0.6387982344	0.8192097134	0.8838077866	0.7999408468	0.9269093641	0.9051072631	-0.0367163842	-0.0032719669	-0.0296933892	-0.0334444173	-0.0264214223	0.0013480929	0.0000107058	0.0008816974	0.0011185290	0.0006980916	0.0022404960	0.0018166206	0.0040571166
0.1819844961	0.6454649011	0.8210192148	0.8839970772	0.8013356561	0.9287578386	0.9064912959	-0.0345099823	-0.0030578135	-0.0279512670	-0.0314521688	-0.0248934535	0.0011909389	0.0000093502	0.0007812733	0.0009892389	0.0006196840	0.0019815624	0.0016089230	0.0035904854
0.1819844961	0.6521315678	0.8228040161	0.8841840563	0.8027046039	0.9305800192	0.9078478606	-0.0323384569	-0.0028463204	-0.0262443920	-0.0294921365	-0.0233980716	0.0010457758	0.0000081015	0.0006887681	0.0008697861	0.0005474698	0.0017426454	0.0014172559	0.0031599013
0.1819844961	0.6587982344	0.8245647306	0.8843687242	0.8040482745	0.9323766299	0.9091776456	-0.0302008477	-0.0026374854	-0.0245718624	-0.0275633623	-0.0219343770	0.0009120912	0.0000069563	0.0006037764	0.0007597389	0.0004811169	0.0015228240	0.0012408558	0.0027636798
0.1819844961	0.6654649011	0.8263019593	0.8845510812	0.8053672385	0.9341483797	0.9104813228	-0.0280962208	-0.0024313064	-0.0229328023	-0.0256649144	-0.0205014959	0.0007893976	0.0000059113	0.0005259134	0.0006586878	0.0004203113	0.0013212223	0.0010789992	0.0024002215
0.1819844961	0.6721315678	0.8280162900	0.8847311280	0.8066620533	0.9358959619	0.9117595479	-0.0260236675	-0.0022277812	-0.0213263612	-0.0237958863	-0.0190985800	0.0006772313	0.0000049630	0.0004548137	0.0005662442	0.0003647558	0.0011370080	0.0009310000	0.0020680079
0.1819844961	0.6787982344	0.8297082984	0.8849088652	0.8079332626	0.9376200545	0.9130129602	-0.0239823043	-0.0020269073	-0.0197517134	-0.0219553970	-0.0177248061	0.0005751509	0.0000041084	0.0003901302	0.0004820395	0.0003141688	0.0009693895	0.0007962082	0.0017655977
0.1819844961	0.6854649011	0.8313785470	0.8850842936	0.8091813965	0.9393213200	0.9142421827	-0.0219712726	-0.0018286823	-0.0182080576	-0.0201425903	-0.0163793753	0.0004827368	0.0000033441	0.0003315334	0.0004057239	0.0002682839	0.0008176143	0.0006740079	0.0014916221
0.1819844961	0.6921315678	0.8330275855	0.8852574139	0.8104069719	0.9410004056	0.9154478226	-0.0199897381	-0.0016331040	-0.0166946167	-0.0183566342	-0.0150615127	0.0003995896	0.0000026670	0.0002787102	0.0003369660	0.0002268492	0.0006809669	0.0005638152	0.0012447821
0.1819844961	0.6987982344	0.8346559509	0.8854282266	0.8116104922	0.9426579432	0.9166304709	-0.0180368905	-0.0014401700	-0.0152106369	-0.0165967205	-0.0137704669	0.0003253294	0.0000020741	0.0002313635	0.0002754511	0.0001896258	0.0005587670	0.0004650769	0.0010238439
0.1819844961	0.7054649011	0.8362641674	0.8855967322	0.8127924476	0.9442945496	0.9177907032	-0.0161119427	-0.0012498784	-0.0137553876	-0.0148620644	-0.0125055093	0.0002595947	0.0000015622	0.0001892107	0.0002208810	0.0001563878	0.0004503676	0.0003772687	0.0008276363
0.1819844961	0.7121315678	0.8378527465	0.8857629313	0.8139533153	0.9459108266	0.9189290797	-0.0142141307	-0.0010622269	-0.0123281605	-0.0131519037	-0.0112659336	0.0002020415	0.0000011283	0.0001519835	0.0001729726	0.0001269213	0.0003551534	0.0002998938	0.0006550472
0.1819844961	0.7187982344	0.8394221873	0.8859268240	0.8150935594	0.9475073612	0.9200461452	-0.0123427128	-0.0008772140	-0.0109282692	-0.0114654987	-0.0100510552	0.0001523426	0.0000007695	0.0001194271	0.0001314577	0.0001010237	0.0002725391	0.0002324814	0.0005050205
0.1819844961	0.7254649011	0.8409729762	0.8860884106	0.8162136315	0.9490847258	0.9211424298	-0.0104969691	-0.0006948380	-0.0095550486	-0.0098021311	-0.0088602106	0.0001101864	0.0000004828	0.0000912990	0.0000960818	0.0000785033	0.0002019681	0.0001745851	0.0003765532
0.1819844961	0.7321315678	0.8425055876	0.8862476908	0.8173139708	0.9506434785	0.9222184489	-0.0086762013	-0.0005150975	-0.0082078544	-0.0081611037	-0.0076927569	0.0000752765	0.0000002653	0.0000673689	0.0000666036	0.0000591785	0.0001429107	0.0001257821	0.0002686928
0.1819844961	0.7387982344	0.8440204836	0.8864046646	0.8183950040	0.9521841631	0.9232747037	-0.0068797316	-0.0003379915	-0.0068860626	-0.0065417401	-0.0065480711	0.0000473307	0.0000001142	0.0000474179	0.0000427944	0.0000428772	0.0000948628	0.0000856716	0.0001805344
0.1819844961	0.7454649011	0.8455181147	0.8865593313	0.8194571460	0.9537073097	0.9243116812	-0.0051069026	-0.0001635190	-0.0055890687	-0.0049433837	-0.0054255497	0.0000260805	0.0000000267	0.0000312377	0.0000244370	0.0000294366	0.0000573449	0.0000538736	0.0001112185
0.1819844961	0.7521315678	0.8469989194	0.8867116904	0.8205007997	0.9552134347	0.9253298548	-0.0033570767	0.0000083207	-0.0043162874	-0.0033653974	-0.0043246081	0.0000112700	0.0000000001	0.0000186303	0.0000113259	0.0000187022	0.0000299004	0.0000300281	0.0000599285
0.1819844961	0.7587982344	0.8484633249	0.8868617410	0.8215263568	0.9567030413	0.9263296845	-0.0016296354	0.0001775277	-0.0030671520	-0.0018071631	-0.0032446797	0.0000026557	0.0000000315	0.0000094074	0.0000032658	0.0000105279	0.0000120946	0.0000137938	0.0000258884
0.1819844961	0.7654649011	0.8499117469	0.8870094819	0.8225341974	0.9581766196	0.9273116174	0.0000760213	0.0003441023	-0.0018411135	-0.0002680810	-0.0021852159	0.0000000058	0.0000001184	0.0000033897	0.0000000719	0.0000047752	0.0000035139	0.0000048470	0.0000083609
0.1819844961	0.7721315678	0.8513445904	0.8871549119	0.8235246908	0.9596346466	0.9282760876	0.0017604751	0.0005080443	-0.0006376408	0.0012524309	-0.0011456850	0.0000030993	0.0000002581	0.0000004066	0.0000015686	0.0000013126	0.0000037640	0.0000028812	0.0000066451
0.1819844961	0.7787982344	0.8527622494	0.8872980294	0.8244981955	0.9610775874	0.9292235170	0.0034242902	0.0006693531	0.0005437808	0.0027549370	-0.0001255723	0.0000117258	0.0000004480	0.0000002957	0.0000075897	0.0000000158	0.0000124695	0.0000076054	0.0000200749
0.1819844961	0.7854649011	0.8541651072	0.8874388326	0.8254550597	0.9625058943	0.9301543153	0.0050680135	0.0008280281	0.0017036492	0.0042399854	0.0008756210	0.0000256848	0.0000006856	0.0000029024	0.0000179775	0.0000007667	0.0000292728	0.0000187442	0.0000480170
0.1819844961	0.7921315678	0.8555535371	0.8875773196	0.8263956212	0.9639200082	0.9310688804	0.0066921757	0.0009840684	0.0028424466	0.0057081073	0.0018583782	0.0000447852	0.0000009684	0.0000080795	0.0000325825	0.0000034536	0.0000538331	0.0000360361	0.0000898692
0.1819844961	0.7987982344	0.8569279020	0.8877134881	0.8273202081	0.9653203579	0.9319675990	0.0082972911	0.0011374725	0.0039606398	0.0071598186	0.0028231673	0.0000688450	0.0000012938	0.0000156867	0.0000512630	0.0000079703	0.0000858256	0.0000592333	0.0001450588
0.1819844961	0.8054649011	0.8582885552	0.8878473358	0.8282291385	0.9667073612	0.9328508463	0.0098838587	0.0012882392	0.0050586808	0.0085956195	0.0037704416	0.0000976907	0.0000016596	0.0000255903	0.0000738847	0.0000142162	0.0001249405	0.0000881009	0.0002130414
0.1819844961	0.8121315678	0.8596358400	0.8879788600	0.8291227216	0.9680814248	0.9337189869	0.0114523622	0.0014363666	0.0061370072	0.0100159955	0.0047006406	0.0001311566	0.0000020631	0.0000376629	0.0001003202	0.0000220960	0.0001708826	0.0001224162	0.0002932988
0.1819844961	0.8187982344	0.8609700909	0.8881080581	0.8300012570	0.9694429445	0.9345723749	0.0130032706	0.0015818528	0.0071960427	0.0114214178	0.0056141899	0.0001690850	0.0000025023	0.0000517830	0.0001304488	0.0000315191	0.0002233703	0.0001619679	0.0003853382
0.1819844961	0.8254649011	0.8622916328	0.8882349270	0.8308650359	0.9707923057	0.9354113542	0.0145370389	0.0017246956	0.0082361973	0.0128123433	0.0065115018	0.0002113255	0.0000029746	0.0000678349	0.0001641561	0.0000423997	0.0002821350	0.0002065558	0.0004886908
0.1819844961	0.8321315678	0.8636007818	0.8883594635	0.8317143405	0.9721298836	0.9362362586	0.0160541084	0.0018648925	0.0092578684	0.0141892158	0.0073929759	0.0002577344	0.0000034778	0.0000857081	0.0002013338	0.0000546561	0.0003469203	0.0002559899	0.0006029103
0.1819844961	0.8387982344	0.8648978457	0.8884816645	0.8325494448	0.9734560433	0.9370474126	0.0175549068	0.0020024411	0.0102614406	0.0155524658	0.0082589996	0.0003081748	0.0000040098	0.0001052972	0.0002418792	0.0000682111	0.0004174817	0.0003100903	0.0007275720
0.1819844961	0.8454649011	0.8661831233	0.8886015263	0.8333706149	0.9747711405	0.9378451310	0.0190398494	0.0021373384	0.0112472864	0.0169025110	0.0091099480	0.0003625159	0.0000045682	0.0001265015	0.0002856949	0.0000829912	0.0004935855	0.0003686860	0.0008622716
0.1819844961	0.8521315678	0.8674569056	0.8887190455	0.8341781087	0.9760755213	0.9386297198	0.0205093385	0.0022695814	0.0122157665	0.0182397570	0.0099461851	0.0004206330	0.0000051510	0.0001492250	0.0003326887	0.0000989266	0.0005750089	0.0004316153	0.0010066243
0.1819844961	0.8587982344	0.8687194757	0.8888342182	0.8349721768	0.9773695227	0.9394014763	0.0219637647	0.0023991671	0.0131672305	0.0195645976	0.0107680633	0.0004824070	0.0000057560	0.0001733760	0.0003827735	0.0001159512	0.0006615389	0.0004987247	0.0011602636
0.1819844961	0.8654649011	0.8699711085	0.8889470407	0.8357530622	0.9786534728	0.9401606890	0.0234035069	0.0025260921	0.0141020167	0.0208774148	0.0115759246	0.0005477241	0.0000063811	0.0001988669	0.0004358664	0.0001340020	0.0007529722	0.0005698685	0.0013228406
0.1819844961	0.8721315678	0.8712120719	0.8890575089	0.8365210010	0.9799276911	0.9409076383	0.0248289326	0.0026503530	0.0150204532	0.0221785796	0.0123701003	0.0006164759	0.0000070244	0.0002256140	0.0004918894	0.0001530194	0.0008491143	0.0006449088	0.0014940231
0.1819844961	0.8787982344	0.8724426262	0.8891656187	0.8372762220	0.9811924886	0.9416425966	0.0262403984	0.0027719460	0.0159228578	0.0234684523	0.0131509117	0.0006885585	0.0000076837	0.0002535374	0.0005507683	0.0001729465	0.0009497796	0.0007237147	0.0016734943
0.1819844961	0.8854649011	0.8736630246	0.8892713659	0.8380189477	0.9824481683	0.9423658287	0.0276382503	0.0028908676	0.0168095382	0.0247473827	0.0139186706	0.0007638729	0.0000083571	0.0002825606	0.0006124329	0.0001937294	0.0010547906	0.0008061623	0.0018609529
0.1819844961	0.8921315678	0.8748735134	0.8893747464	0.8387493939	0.9836950250	0.9430775917	0.0290228242	0.0030071138	0.0176807930	0.0260157103	0.0146736792	0.0008423243	0.0000090427	0.0003126104	0.0006768172	0.0002153169	0.0011639775	0.0008921340	0.0020561115
0.1819844961	0.8987982344	0.8760743323	0.8894757557	0.8394677702	0.9849333461	0.9437781354	0.0303944460	0.0031206808	0.0185369115	0.0272737652	0.0154162306	0.0009238223	0.0000097386	0.0003436171	0.0007438583	0.0002376602	0.0012771781	0.0009815184	0.0022586965
0.1819844961	0.9054649011	0.8772657145	0.8895743895	0.8401742800	0.9861634113	0.9444677027	0.0317534321	0.0032315645	0.0193781739	0.0285218676	0.0161466094	0.0010082805	0.0000104430	0.0003755136	0.0008134969	0.0002607130	0.0013942371	0.0010742099	0.0024684470
0.1819844961	0.9121315678	0.8784478868	0.8896706434	0.8408691210	0.9873854930	0.9451465296	0.0331000896	0.0033397608	0.0202048522	0.0297603288	0.0168650914	0.0010956159	0.0000111540	0.0004082361	0.0008856772	0.0002844313	0.0015150060	0.0011701085	0.0026851145
0.1819844961	0.9187982344	0.8796210699	0.8897645127	0.8415524852	0.9885998568	0.9458148455	0.0344347167	0.0034452655	0.0210172100	0.0309894512	0.0175719446	0.0011857497	0.0000118699	0.0004417231	0.0009603461	0.0003087732	0.0016393427	0.0012691193	0.0029084620
0.1819844961	0.9254649011	0.8807854785	0.8898559932	0.8422245589	0.9898067611	0.9464728736	0.0357576029	0.0035480744	0.0218155031	0.0322095285	0.0182674287	0.0012786062	0.0000125888	0.0004759162	0.0010374537	0.0003336990	0.0017671112	0.0013711527	0.0031382639
0.1819844961	0.9321315678	0.8819413216	0.8899450801	0.8428855233	0.9910064580	0.9471208305	0.0370690294	0.0036481832	0.0225999794	0.0334208462	0.0189517962	0.0013741129	0.0000133092	0.0005107591	0.0011169530	0.0003591706	0.0018981812	0.0014761235	0.0033743048
0.1819844961	0.9387982344	0.8830888027	0.8900317689	0.8435355544	0.9921991928	0.9477589271	0.0383692692	0.0037455877	0.0233708795	0.0346236816	0.0196252919	0.0014722008	0.0000140294	0.0005461980	0.0011987993	0.0003851521	0.0020324283	0.0015839514	0.0036163797
0.1819844961	0.9454649011	0.8842281196	0.8901160551	0.8441748232	0.9933852047	0.9483873685	0.0396585876	0.0038402834	0.0241284370	0.0358183042	0.0202881536	0.0015728036	0.0000147478	0.0005821815	0.0012829509	0.0004116092	0.0021697328	0.0016945601	0.0038642929
0.1819844961	0.9521315678	0.8853594652	0.8901979342	0.8448034959	0.9945647268	0.9490063541	0.0409372423	0.0039322661	0.0248728785	0.0370049762	0.0209406124	0.0016758578	0.0000154627	0.0006186601	0.0013693683	0.0004385092	0.0023099806	0.0018078775	0.0041178581
0.1819844961	0.9587982344	0.8864830270	0.8902774015	0.8454217342	0.9957379862	0.9496160778	0.0422054836	0.0040215314	0.0256044239	0.0381839522	0.0215828925	0.0017813028	0.0000161727	0.0006555865	0.0014580142	0.0004658213	0.0024530621	0.0019238355	0.0043768975
0.1819844961	0.9654649011	0.8875989876	0.8903544526	0.8460296951	0.9969052044	0.9502167284	0.0434635548	0.0041080750	0.0263232869	0.0393554799	0.0222152119	0.0018890806	0.0000168763	0.0006929154	0.0015488538	0.0004935156	0.0025988723	0.0020423694	0.0046412417
0.1819844961	0.9721315678	0.8887075249	0.8904290830	0.8466275313	0.9980665972	0.9508084893	0.0447116924	0.0041918925	0.0270296748	0.0405198000	0.0228377823	0.0019991354	0.0000175720	0.0007306033	0.0016418542	0.0005215643	0.0027473107	0.0021634185	0.0049107292
0.1819844961	0.9787982344	0.8898088121	0.8905012883	0.8472153915	0.9992223749	0.9513915394	0.0459501262	0.0042729796	0.0277237889	0.0416771466	0.0234508094	0.0021114141	0.0000182584	0.0007686085	0.0017369845	0.0005499405	0.0028982809	0.0022869250	0.0051852059
0.1819844961	0.9854649011	0.8909030179	0.8905710640	0.8477934201	1.0003727427	0.9519660523	0.0471790796	0.0043513321	0.0284058251	0.0428277475	0.0240544931	0.0022258655	0.0000189341	0.0008068909	0.0018342160	0.0005786186	0.0030516905	0.0024128346	0.0054645251
0.1846511628	0.5854649011	0.8042065775	0.8822682165	0.7881332242	0.9115216466	0.8933034302	-0.0552003223	-0.0050154597	-0.0445640308	-0.0501848626	-0.0395485711	0.0030470756	0.0000251548	0.0019859528	0.0025185204	0.0015640895	0.0050581833	0.0040826099	0.0091407932
0.1846511628	0.5921315678	0.8062225467	0.8824745982	0.7897417508	0.9135929219	0.8949172615	-0.0526966787	-0.0047815653	-0.0425251783	-0.0479151134	-0.0377436130	0.0027769399	0.0000228634	0.0018083908	0.0022958581	0.0014245803	0.0046081941	0.0037204384	0.0083286325
0.1846511628	0.5987982344	0.8082091201	0.8826787267	0.7913199613	0.9156322631	0.8964982812	-0.0502356585	-0.0045502784	-0.0405287843	-0.0456853801	-0.0359785059	0.0025236214	0.0000207050	0.0016425824	0.0020871540	0.0012944529	0.0041869088	0.0033816068	0.0075685156
0.1846511628	0.6054649011	0.8101669663	0.8828805960	0.7928685060	0.9176404713	0.8980472666	-0.0478161380	-0.0043216037	-0.0385737832	-0.0434945343	-0.0342521795	0.0022863831	0.0000186763	0.0014879368	0.0018917745	0.0011732118	0.0037929961	0.0030649863	0.0068579824
0.1846511628	0.6121315678	0.8120967471	0.8830802016	0.7943880262	0.9196183378	0.8995649826	-0.0454370159	-0.0040955448	-0.0366591328	-0.0413414711	-0.0325635879	0.0020645224	0.0000167735	0.0013438920	0.0017091172	0.0010603873	0.0034251879	0.0027695045	0.0061946924
0.1846511628	0.6187982344	0.8139991169	0.8832775395	0.7958791541	0.9215666430	0.9010521818	-0.0430972145	-0.0038721044	-0.0347838148	-0.0392251101	-0.0309117104	0.0018573699	0.0000149932	0.0012099138	0.0015386093	0.0009555338	0.0030822769	0.0024941431	0.0055764200
0.1846511628	0.6254649011	0.8158747215	0.8834726066	0.7973425114	0.9234861561	0.9025096030	-0.0407956800	-0.0036512841	-0.0329468353	-0.0371443959	-0.0292955512	0.0016642875	0.0000133319	0.0010854940	0.0013797061	0.0008582293	0.0027631133	0.0022379355	0.0050010488
0.1846511628	0.6321315678	0.8177241974	0.8836654005	0.7987787093	0.9253776338	0.9039379711	-0.0385313828	-0.0034330850	-0.0311472248	-0.0350982978	-0.0277141398	0.0014846675	0.0000117861	0.0009701496	0.0012318905	0.0007680735	0.0024666031	0.0019999641	0.0044665672
0.1846511628	0.6387982344	0.8195481713	0.8838559194	0.8001883473	0.9272418200	0.9053379966	-0.0363033178	-0.0032175076	-0.0293840385	-0.0330858102	-0.0261665309	0.0013179309	0.0000103524	0.0008634217	0.0010946708	0.0006846873	0.0021917050	0.0017793582	0.0039710631
0.1846511628	0.6454649011	0.8213472594	0.8840441617	0.8015720135	0.9290794453	0.9067103751	-0.0341105043	-0.0030045517	-0.0276563562	-0.0311059526	-0.0246518044	0.0011635265	0.0000090273	0.0007648740	0.0009675803	0.0006077115	0.0019374279	0.0015752917	0.0035127196
0.1846511628	0.6521315678	0.8231220671	0.8842301265	0.8029302839	0.9308912266	0.9080557876	-0.0319519863	-0.0027942170	-0.0259632820	-0.0291577693	-0.0231690650	0.0010209294	0.0000078076	0.0006740920	0.0008501755	0.0005368056	0.0017028291	0.0013869811	0.0030898102
0.1846511628	0.6587982344	0.8248731883	0.8844138129	0.8042637221	0.9326778667	0.9093748994	-0.0298268322	-0.0025865026	-0.0243039447	-0.0272403296	-0.0217174420	0.0008896399	0.0000066900	0.0005906817	0.0007420356	0.0004716473	0.0014870116	0.0012136828	0.0027006945
0.1846511628	0.6654649011	0.8266012057	0.8845952203	0.8055728794	0.9344400543	0.9106683609	-0.0277341348	-0.0023814076	-0.0226774969	-0.0253527272	-0.0202960893	0.0007691822	0.0000056711	0.0005142689	0.0006427608	0.0004119312	0.0012891222	0.0010546920	0.0023438142
0.1846511628	0.6721315678	0.8283066903	0.8847743484	0.8068582944	0.9361784637	0.9119368071	-0.0256730110	-0.0021789309	-0.0210831154	-0.0234940801	-0.0189041845	0.0006591035	0.0000047477	0.0004444978	0.0005519718	0.0003573682	0.0011083490	0.0009093400	0.0020176890
0.1846511628	0.6787982344	0.8299902007	0.8849511969	0.8081204930	0.9378937546	0.9131808577	-0.0236426012	-0.0019790711	-0.0195200002	-0.0216635301	-0.0175409291	0.0005589726	0.0000039167	0.0003810304	0.0004693085	0.0003076842	0.0009439197	0.0007769927	0.0017209125
0.1846511628	0.6854649011	0.8316522842	0.8851257655	0.8093599887	0.9395865725	0.9144011171	-0.0216420698	-0.0017818270	-0.0179873747	-0.0198602428	-0.0162055477	0.0004683792	0.0000031749	0.0003235456	0.0003944292	0.0002626198	0.0007950997	0.0006570490	0.0014521488
0.1846511628	0.6921315678	0.8332934754	0.8852980539	0.8105772820	0.9412575479	0.9155981745	-0.0196706041	-0.0015871974	-0.0164844849	-0.0180834066	-0.0148972875	0.0003869327	0.0000025192	0.0002717382	0.0003270096	0.0002219292	0.0006611901	0.0005489388	0.0012101289
0.1846511628	0.6987982344	0.8349142972	0.8854680619	0.8117728611	0.9429072974	0.9167726043	-0.0177274141	-0.0013951811	-0.0150105993	-0.0163322330	-0.0136154181	0.0003142612	0.0000019465	0.0002253181	0.0002667418	0.0001853796	0.0005415258	0.0004521214	0.0009936473
0.1846511628	0.7054649011	0.8365152604	0.8856357891	0.8129472016	0.9445364230	0.9179249659	-0.0158117322	-0.0012057769	-0.0135650079	-0.0146059553	-0.0123592310	0.0002500109	0.0000014539	0.0001840094	0.0002133339	0.0001527506	0.0004354742	0.0003660845	0.0008015587
0.1846511628	0.7121315678	0.8380968635	0.8858012352	0.8141007665	0.9461455124	0.9190558042	-0.0139228129	-0.0010189839	-0.0121470225	-0.0129038290	-0.0111280386	0.0001938447	0.0000010383	0.0001475502	0.0001665088	0.0001238332	0.0003424332	0.0002903420	0.0006327752
0.1846511628	0.7187982344	0.8396595934	0.8859643994	0.8152340069	0.9477351392	0.9201656494	-0.0120599319	-0.0008348013	-0.0107559755	-0.0112251306	-0.0099211743	0.0001454420	0.0000006969	0.0001156910	0.0001260036	0.0000984297	0.0002618299	0.0002244333	0.0004862631
0.1846511628	0.7254649011	0.8412039250	0.8861252812	0.8163473617	0.9493058632	0.9212550177	-0.0102223858	-0.0006532283	-0.0093912199	-0.0095691575	-0.0087379916	0.0001044972	0.0000004267	0.0000881950	0.0000915688	0.0000763525	0.0001931189	0.0001679213	0.0003610402
0.1846511628	0.7321315678	0.8427303216	0.8862838797	0.8174412577	0.9508582305	0.9223244114	-0.0084094920	-0.0004742645	-0.0080521285	-0.0079352274	-0.0075778639	0.0000707196	0.0000002249	0.0000648368	0.0000629678	0.0000574240	0.0001357813	0.0001203919	0.0002561731
0.1846511628	0.7387982344	0.8442392348	0.8864401939	0.8185161103	0.9523927735	0.9233743189	-0.0066205877	-0.0002979098	-0.0067380933	-0.0063226779	-0.0064401835	0.0000438322	0.0000000888	0.0000454019	0.0000399763	0.0000414760	0.0000893228	0.0000814522	0.0001707751
0.1846511628	0.7454649011	0.8457311048	0.8865942225	0.8195723232	0.9539100113	0.9244052154	-0.0048550295	-0.0001241640	-0.0054485255	-0.0047308655	-0.0053243615	0.0000235713	0.0000000154	0.0000296864	0.0000223811	0.0000283488	0.0000532732	0.0000507299	0.0001040031
0.1846511628	0.7521315678	0.8472063608	0.8867459642	0.8206102889	0.9554104502	0.9254175627	-0.0031121933	0.0000469726	-0.0041828544	-0.0031591659	-0.0042298270	0.0000096857	0.0000000022	0.0000174963	0.0000099803	0.0000178914	0.0000271842	0.0000278718	0.0000550560
0.1846511628	0.7587982344	0.8486654208	0.8868954174	0.8216303890	0.9568945832	0.9264118101	-0.0013914732	0.0002154996	-0.0029405271	-0.0016069728	-0.0031560267	0.0000019362	0.0000000464	0.0000086467	0.0000025824	0.0000099605	0.0000106293	0.0000125429	0.0000231722
0.1846511628	0.7654649011	0.8501086919	0.8870425803	0.8226329940	0.9583628912	0.9273883941	0.0003077185	0.0003814162	-0.0017210082	-0.0000736977	-0.0021024244	0.0000000947	0.0000001455	0.0000029619	0.0000000054	0.0000044202	0.0000032020	0.0000044256	0.0000076277
0.1846511628	0.7721315678	0.8515365706	0.8871874509	0.8236184641	0.9598158425	0.9283477389	0.0019859521	0.0005447215	-0.0005237790	0.0014412305	-0.0010685005	0.0000039440	0.0000002967	0.0000002743	0.0000020771	0.0000011417	0.0000045151	0.0000032188	0.0000077339
0.1846511628	0.7787982344	0.8529494432	0.8873300271	0.8245871490	0.9612538933	0.9292902571	0.0036437807	0.0007054144	0.0006516630	0.0029383663	-0.0000537514	0.0000132771	0.0000004976	0.0000004247	0.0000086340	0.0000000029	0.0000141994	0.0000086369	0.0000228363
0.1846511628	0.7854649011	0.8543476855	0.8874703064	0.8255393884	0.9626774883	0.9302163492	0.0052817412	0.0008634934	0.0018058042	0.0044182478	0.0009423108	0.0000278968	0.0000007456	0.0000032609	0.0000195209	0.0000008879	0.0000319033	0.0000204089	0.0000523122
0.1846511628	0.7921315678	0.8557316634	0.8876082862	0.8264755122	0.9640870603	0.9311264046	0.0069003540	0.0010189567	0.0029391159	0.0058813973	0.0019201592	0.0000476149	0.0000010383	0.0000086384	0.0000345908	0.0000036870	0.0000572916	0.0000382778	0.0000955694
0.1846511628	0.7987982344	0.8571017331	0.8877439638	0.8273958408	0.9654830312	0.9320208016	0.0085001244	0.0011718026	0.0040520546	0.0073283218	0.0028802520	0.0000722521	0.0000013731	0.0000164191	0.0000537043	0.0000082959	0.0000900444	0.0000620002	0.0001520445
0.1846511628	0.8054649011	0.8584582413	0.8878773363	0.8283006852	0.9668658116	0.9328999079	0.0100815421	0.0013220288	0.0051450622	0.0087595133	0.0038230334	0.0001016375	0.0000017478	0.0000264717	0.0000767291	0.0000146156	0.0001298569	0.0000913447	0.0002212016
0.1846511628	0.8121315678	0.8598015253	0.8880084004	0.8291903473	0.9682358015	0.9337640803	0.0116450825	0.0014696330	0.0062185669	0.0101754495	0.0047489339	0.0001356079	0.0000021598	0.0000386706	0.0001035398	0.0000225524	0.0001764383	0.0001260921	0.0003025305
0.1846511628	0.8187982344	0.8611319134	0.8881371529	0.8300651203	0.9695933906	0.9346136659	0.0131912066	0.0016146127	0.0072729833	0.0115765939	0.0056583706	0.0001740079	0.0000026070	0.0000528963	0.0001340175	0.0000320172	0.0002295112	0.0001660347	0.0003955459
0.1846511628	0.8254649011	0.8624497248	0.8882635902	0.8309252887	0.9709389581	0.9354490017	0.0147203616	0.0017569649	0.0083087129	0.0129633966	0.0065517479	0.0002166890	0.0000030869	0.0000690347	0.0001680497	0.0000429254	0.0002888107	0.0002109751	0.0004997857
0.1846511628	0.8321315678	0.8637552705	0.8883877088	0.8317711288	0.9722728736	0.9362704150	0.0162329813	0.0018966869	0.0093261448	0.0143362945	0.0074294579	0.0002635097	0.0000035974	0.0000869770	0.0002055293	0.0000551968	0.0003540841	0.0002607262	0.0006148103
0.1846511628	0.8387982344	0.8650488527	0.8885095048	0.8326029087	0.9735954968	0.9370782240	0.0177294868	0.0020337753	0.0103256557	0.0156957116	0.0082918804	0.0003143347	0.0000041362	0.0001066192	0.0002463554	0.0000687553	0.0004250901	0.0003151106	0.0007402008
0.1846511628	0.8454649011	0.8663307656	0.8886289743	0.8334208888	0.9749071780	0.9378727376	0.0192102864	0.0021682268	0.0113076107	0.0170420596	0.0091393839	0.0003690351	0.0000047012	0.0001278621	0.0002904318	0.0000835283	0.0005015984	0.0003739601	0.0008755585
0.1846511628	0.8521315678	0.8676012953	0.8887461132	0.8342253218	0.9762082584	0.9386542562	0.0206757763	0.0023000380	0.0122723633	0.0183757384	0.0099723254	0.0004274877	0.0000052902	0.0001506109	0.0003376678	0.0000994473	0.0005833888	0.0004371150	0.0010205038
0.1846511628	0.8587982344	0.8688607204	0.8888609174	0.8350164531	0.9774990702	0.9394230714	0.0221263410	0.0024292051	0.0132202563	0.0196971359	0.0107910512	0.0004895750	0.0000059010	0.0001747752	0.0003879772	0.0001164468	0.0006702512	0.0005044240	0.0011746751
0.1846511628	0.8654649011	0.8701093116	0.8889733826	0.8357945207	0.9787799372	0.9401794666	0.0235623537	0.0025557244	0.0141516216	0.0210066293	0.0115958972	0.0005551845	0.0000065317	0.0002002684	0.0004412785	0.0001344648	0.0007619846	0.0005757433	0.0013377279
0.1846511628	0.8721315678	0.8713473326	0.8890835043	0.8365597559	0.9800511744	0.9409237173	0.0249841762	0.0026795919	0.0150667809	0.0223045843	0.0123871890	0.0006242091	0.0000071802	0.0002270079	0.0004974945	0.0001534425	0.0008583972	0.0006509369	0.0015093341
0.1846511628	0.8787982344	0.8725750397	0.8891912782	0.8373123833	0.9813130887	0.9416560911	0.0263921601	0.0028008036	0.0159660460	0.0235913565	0.0131652424	0.0006965461	0.0000078445	0.0002549146	0.0005565521	0.0001733236	0.0009593052	0.0007298757	0.0016891810
0.1846511628	0.8854649011	0.8737926824	0.8892966996	0.8380526208	0.9825659792	0.9423768482	0.0277866465	0.0029193553	0.0168497192	0.0248672912	0.0139303639	0.0007720977	0.0000085226	0.0002839130	0.0006183822	0.0001940550	0.0010645334	0.0008124372	0.0018769706
0.1846511628	0.8921315678	0.8750005036	0.8893997639	0.8387806802	0.9838101370	0.9430862412	0.0291679662	0.0030352427	0.0177180935	0.0261327235	0.0146828507	0.0008507703	0.0000092127	0.0003139308	0.0006829192	0.0002155861	0.0011739138	0.0008985053	0.0020724191
0.1846511628	0.8987982344	0.8761987393	0.8895004664	0.8394967670	0.9850458459	0.9437845159	0.0305364409	0.0031484616	0.0185714528	0.0273879794	0.0154229913	0.0009324742	0.0000099128	0.0003448989	0.0007501014	0.0002378687	0.0012872859	0.0009879701	0.0022752560
0.1846511628	0.9054649011	0.8773876194	0.8895988023	0.8402010810	0.9862733820	0.9444719112	0.0318923825	0.0032590074	0.0194100727	0.0286333751	0.0161510653	0.0010171241	0.0000106211	0.0003767509	0.0008198702	0.0002608569	0.0014044961	0.0010807271	0.0024852232
0.1846511628	0.9121315678	0.8785673677	0.8896947670	0.8408938161	0.9874930148	0.9451486591	0.0332360940	0.0033668756	0.0202342202	0.0298692184	0.0168673446	0.0011046379	0.0000113359	0.0004094237	0.0008921702	0.0002845073	0.0015253975	0.0011766775	0.0027020750
0.1846511628	0.9187982344	0.8797382018	0.8897883556	0.8415751607	0.9887050065	0.9458149856	0.0345678697	0.0034720619	0.0210441545	0.0310958078	0.0175720927	0.0011949376	0.0000120552	0.0004428564	0.0009669493	0.0003087784	0.0016498493	0.0012757277	0.0029255770
0.1846511628	0.9254649011	0.8809003336	0.8898795632	0.8422452980	0.9899096126	0.9464711100	0.0358879952	0.0035745615	0.0218401269	0.0323134338	0.0182655655	0.0012879482	0.0000127775	0.0004769911	0.0010441580	0.0003336309	0.0017777168	0.0013777889	0.0031555057
0.1846511628	0.9321315678	0.8820539694	0.8899683850	0.8429044058	0.9911070822	0.9471172459	0.0371967483	0.0036743698	0.0226223813	0.0335223785	0.0189480115	0.0013835981	0.0000135010	0.0005117721	0.0011237499	0.0003590271	0.0019088712	0.0014827770	0.0033916482
0.1846511628	0.9387982344	0.8831993098	0.8900548162	0.8435526570	0.9922976582	0.9477536008	0.0384943984	0.0037714823	0.0233911542	0.0347229162	0.0196196719	0.0014818187	0.0000142241	0.0005471461	0.0012056809	0.0003849315	0.0020431889	0.0015906124	0.0036338013
0.1846511628	0.9454649011	0.8843365504	0.8901388520	0.8441902198	0.9934815769	0.9483803767	0.0397812077	0.0038658942	0.0241466755	0.0359153134	0.0202807813	0.0015825445	0.0000149451	0.0005830619	0.0012899097	0.0004113101	0.0021805516	0.0017012198	0.0038817714
0.1846511628	0.9521315678	0.8854658814	0.8902204875	0.8448172575	0.9946590691	0.9489977700	0.0410574305	0.0039576010	0.0248891680	0.0370998295	0.0209315670	0.0016857126	0.0000156626	0.0006194707	0.0013763974	0.0004381305	0.0023208459	0.0018145278	0.0041353737
0.1846511628	0.9587982344	0.8865874881	0.8902997179	0.8454339289	0.9958303594	0.9496059718	0.0423233143	0.0040465979	0.0256188482	0.0382767164	0.0215722503	0.0017912629	0.0000163750	0.0006563254	0.0014651070	0.0004653620	0.0024639633	0.0019304690	0.0043944323
0.1846511628	0.9654649011	0.8877015509	0.8903765385	0.8460403885	0.9969956670	0.9502051682	0.0435790995	0.0041328804	0.0263359264	0.0394462191	0.0222030460	0.0018991379	0.0000170807	0.0006935810	0.0015560042	0.0004929753	0.0026097996	0.0020489795	0.0046587791
0.1846511628	0.9721315678	0.8888082456	0.8904509445	0.8466367866	0.9981552055	0.9507955399	0.0448250199	0.0042164438	0.0270406067	0.0406085760	0.0228241628	0.0020092824	0.0000177784	0.0007311944	0.0016490564	0.0005209424	0.0027582552	0.0021699989	0.0049282541
0.1846511628	0.9787982344	0.8899077432	0.8905229313	0.8472232693	0.9993091833	0.9513772633	0.0460613025	0.0042972836	0.0277330875	0.0417640188	0.0234358038	0.0021216436	0.0000184666	0.0007691241	0.0017442333	0.0005492369	0.0029092344	0.0022934702	0.0052027045
0.1846511628	0.9854649011	0.8910002107	0.8905924943	0.8477999789	1.0004578035	0.9519505098	0.0472881683	0.0043753953	0.0284135615	0.0429127730	0.0240381662	0.0022361709	0.0000191441	0.0008073305	0.0018415061	0.0005778334	0.0030626454	0.0024193395	0.0054819849
