tau_real	tau_imag	v4_value	u4_value	w4_value	v4_over_u4_value	w4_over_u4_value	v4_log_residual	u4_log_residual	w4_log_residual	v4_over_u4_log_residual	w4_over_u4_log_residual	v4_chi2	u4_chi2	w4_chi2	v4_over_u4_chi2	w4_over_u4_chi2	corr_score	ratio_score	total_score
0.4200000000	0.6660254038	0.8584175608	0.8896221785	0.8285546211	0.9649237413	0.9313556262	-0.0404055325	-0.0046993271	-0.0235742369	-0.0357062054	-0.0188749097	0.0016326071	0.0000220837	0.0005557446	0.0012749331	0.0003562622	0.0022104354	0.0016311953	0.0038416307
0.4200000000	0.6726920705	0.8593677480	0.8897165568	0.8290738755	0.9658893515	0.9318404487	-0.0392992390	-0.0045932447	-0.0229477342	-0.0347059943	-0.0183544895	0.0015444302	0.0000210979	0.0005265985	0.0012045060	0.0003368873	0.0020921266	0.0015413933	0.0036335199
0.4200000000	0.6793587371	0.8603200616	0.8898114834	0.8295967053	0.9668565507	0.9323286120	-0.0381916965	-0.0044865573	-0.0223173139	-0.0337051392	-0.0178307566	0.0014586057	0.0000201292	0.0004980625	0.0011360364	0.0003179359	0.0019767974	0.0014539723	0.0034307697
0.4200000000	0.6860254038	0.8612742156	0.8899068599	0.8301226786	0.9678251224	0.9328197321	-0.0370832424	-0.0043793758	-0.0216835039	-0.0327038667	-0.0173041281	0.0013751669	0.0000191789	0.0004701743	0.0010695429	0.0002994328	0.0018645201	0.0013689757	0.0032334959
0.4200000000	0.6926920705	0.8622299388	0.8900025900	0.8306513820	0.9687948648	0.9333134436	-0.0359741957	-0.0042718084	-0.0210468087	-0.0317023874	-0.0167750003	0.0012941428	0.0000182483	0.0004429682	0.0010050414	0.0002814006	0.0017553593	0.0012864420	0.0030418013
0.4200000000	0.6993587371	0.8631869741	0.8900985800	0.8311824198	0.9697655895	0.9338093987	-0.0348648575	-0.0041639605	-0.0204077101	-0.0307008970	-0.0162437496	0.0012155583	0.0000173386	0.0004164746	0.0009425451	0.0002638594	0.0016493715	0.0012064045	0.0028557760
0.4200000000	0.7060254038	0.8641450782	0.8901947388	0.8317154134	0.9707371214	0.9343072669	-0.0337555119	-0.0040559348	-0.0197666682	-0.0296995771	-0.0157107335	0.0011394346	0.0000164506	0.0003907212	0.0008820649	0.0002468271	0.0015466064	0.0011288920	0.0026754984
0.4200000000	0.7126920705	0.8651040206	0.8902909775	0.8322500008	0.9717092979	0.9348067339	-0.0326464264	-0.0039478309	-0.0191241219	-0.0286985955	-0.0151762910	0.0010657892	0.0000155854	0.0003657320	0.0008236094	0.0002303198	0.0014471066	0.0010539292	0.0025010358
0.4200000000	0.7193587371	0.8660635835	0.8903872096	0.8327858359	0.9726819683	0.9353075010	-0.0315378532	-0.0038397461	-0.0184804899	-0.0276981071	-0.0146407438	0.0009946362	0.0000147437	0.0003415285	0.0007671851	0.0002143514	0.0013509083	0.0009815365	0.0023324449
0.4200000000	0.7260254038	0.8670235610	0.8904833510	0.8333225879	0.9736549932	0.9358092849	-0.0304300294	-0.0037317749	-0.0178361718	-0.0266982545	-0.0141043969	0.0009259867	0.0000139261	0.0003181290	0.0007127968	0.0001989340	0.0012580419	0.0009117308	0.0021697727
0.4200000000	0.7326920705	0.8679837588	0.8905793199	0.8338599405	0.9746282441	0.9363118162	-0.0293231777	-0.0036240090	-0.0171915481	-0.0256991688	-0.0135675391	0.0008598488	0.0000131334	0.0002955493	0.0006604473	0.0001840781	0.0011685315	0.0008445254	0.0020130569
0.4200000000	0.7393587371	0.8689439935	0.8906750368	0.8343975918	0.9756016028	0.9368148397	-0.0282175074	-0.0035165377	-0.0165469818	-0.0247009697	-0.0130304441	0.0007962277	0.0000123660	0.0002738026	0.0006101379	0.0001697925	0.0010823964	0.0007799304	0.0018623267
0.4200000000	0.7460254038	0.8699040923	0.8907704243	0.8349352534	0.9765749609	0.9373181132	-0.0271132144	-0.0034094476	-0.0159028184	-0.0237037668	-0.0124933707	0.0007351264	0.0000116243	0.0002528996	0.0005618686	0.0001560843	0.0009996504	0.0007179529	0.0017176032
0.4200000000	0.7526920705	0.8708638925	0.8908654074	0.8354726498	0.9775482192	0.9378214070	-0.0260104823	-0.0033028231	-0.0152593870	-0.0227076593	-0.0119565639	0.0006765452	0.0000109086	0.0002328489	0.0005156378	0.0001429594	0.0009203027	0.0006585972	0.0015788999
0.4200000000	0.7593587371	0.8718232411	0.8909599130	0.8360095183	0.9785212874	0.9383245038	-0.0249094829	-0.0031967457	-0.0146170008	-0.0217127372	-0.0114202551	0.0006204823	0.0000102192	0.0002136567	0.0004714430	0.0001304222	0.0008443582	0.0006018652	0.0014462234
0.4200000000	0.7660254038	0.8727819945	0.8910538705	0.8365456080	0.9794940838	0.9388271975	-0.0238103765	-0.0030912948	-0.0139759579	-0.0207190817	-0.0108846631	0.0005669340	0.0000095561	0.0001953274	0.0004292803	0.0001184759	0.0007718175	0.0005477562	0.0013195738
0.4200000000	0.7726920705	0.8737400175	0.8911472109	0.8370806799	0.9804665344	0.9393292934	-0.0227133126	-0.0029865475	-0.0133365417	-0.0197267651	-0.0103499942	0.0005158946	0.0000089195	0.0001778633	0.0003891453	0.0001071224	0.0007026774	0.0004962676	0.0011989450
0.4200000000	0.7793587371	0.8746971837	0.8912398675	0.8376145057	0.9814385729	0.9398306071	-0.0216184305	-0.0028825783	-0.0126990217	-0.0187358521	-0.0098164434	0.0004673565	0.0000083093	0.0001612652	0.0003510322	0.0000963626	0.0006369309	0.0004473947	0.0010843257
0.4200000000	0.7860254038	0.8756533747	0.8913317757	0.8381468682	0.9824101402	0.9403309644	-0.0205258595	-0.0027794597	-0.0120636538	-0.0177463998	-0.0092841941	0.0004213109	0.0000077254	0.0001455317	0.0003149347	0.0000861963	0.0005745680	0.0004011310	0.0009756990
0.4200000000	0.7926920705	0.8766084798	0.8914228725	0.8386775601	0.9833811839	0.9408302007	-0.0194357197	-0.0026772619	-0.0114306813	-0.0167584579	-0.0087534194	0.0003777472	0.0000071677	0.0001306605	0.0002808459	0.0000766224	0.0005155754	0.0003574683	0.0008730437
0.4200000000	0.7993587371	0.8775623955	0.8915130972	0.8392063841	0.9843516582	0.9413281608	-0.0183481224	-0.0025760528	-0.0108003350	-0.0157720696	-0.0082242821	0.0003366536	0.0000066360	0.0001166472	0.0002487582	0.0000676388	0.0004599369	0.0003163970	0.0007763339
0.4200000000	0.8060254038	0.8785150255	0.8916023906	0.8397331522	0.9853215231	0.9418246980	-0.0172631701	-0.0024758984	-0.0101728339	-0.0147872716	-0.0076969354	0.0002980170	0.0000061301	0.0001034865	0.0002186634	0.0000592428	0.0004076337	0.0002779062	0.0006855399
0.4200000000	0.8126920705	0.8794662801	0.8916906955	0.8402576858	0.9862907447	0.9423196743	-0.0161809575	-0.0023768626	-0.0095483857	-0.0138040949	-0.0071715231	0.0002618234	0.0000056495	0.0000911717	0.0001905530	0.0000514307	0.0003586445	0.0002419838	0.0006006283
0.4200000000	0.8193587371	0.8804160761	0.8917779566	0.8407798145	0.9872592943	0.9428129595	-0.0151015717	-0.0022790072	-0.0089271876	-0.0128225645	-0.0066481804	0.0002280575	0.0000051939	0.0000796947	0.0001644182	0.0000441983	0.0003129460	0.0002086165	0.0005215625
0.4200000000	0.8260254038	0.8813643361	0.8918641200	0.8412993765	0.9882271484	0.9433044313	-0.0140250924	-0.0021823920	-0.0083094258	-0.0118427004	-0.0061270338	0.0001967032	0.0000047628	0.0000690466	0.0001402496	0.0000375405	0.0002705126	0.0001777901	0.0004483027
0.4200000000	0.8326920705	0.8823109887	0.8919491339	0.8418162181	0.9891942884	0.9437939745	-0.0129515924	-0.0020870750	-0.0076952772	-0.0108645173	-0.0056082022	0.0001677437	0.0000043559	0.0000592173	0.0001180377	0.0000314519	0.0002313169	0.0001494897	0.0003808066
0.4200000000	0.8393587371	0.8832559681	0.8920329477	0.8423301929	0.9901607002	0.9442814810	-0.0118811380	-0.0019931124	-0.0070849088	-0.0098880256	-0.0050917965	0.0001411614	0.0000039725	0.0000501959	0.0000977730	0.0000259264	0.0001953299	0.0001236994	0.0003190293
0.4200000000	0.8460254038	0.8841992135	0.8921155128	0.8428411622	0.9911263741	0.9447668492	-0.0108137893	-0.0019005583	-0.0064784788	-0.0089132310	-0.0045779205	0.0001169380	0.0000036121	0.0000419707	0.0000794457	0.0000209574	0.0001625208	0.0001004030	0.0002629239
0.4200000000	0.8526920705	0.8851406693	0.8921967820	0.8433489940	0.9920913045	0.9452499841	-0.0097496005	-0.0018094653	-0.0058761365	-0.0079401351	-0.0040666711	0.0000950547	0.0000032742	0.0000345290	0.0000630457	0.0000165378	0.0001328579	0.0000795836	0.0002124414
0.4200000000	0.8593587371	0.8860802845	0.8922767096	0.8438535634	0.9930554894	0.9457307967	-0.0086886201	-0.0017198842	-0.0052780229	-0.0069687360	-0.0035581387	0.0000754921	0.0000029580	0.0000278575	0.0000485633	0.0000126604	0.0001063076	0.0000612236	0.0001675313
0.4200000000	0.8660254038	0.8870180127	0.8923552514	0.8443547517	0.9940189306	0.9462092035	-0.0076308916	-0.0016318639	-0.0046842712	-0.0059990277	-0.0030524072	0.0000582305	0.0000026630	0.0000219424	0.0000359883	0.0000093172	0.0000828359	0.0000453055	0.0001281414
0.4200000000	0.8726920705	0.8879538119	0.8924323648	0.8448524464	0.9949816332	0.9466851268	-0.0065764532	-0.0015454521	-0.0040950068	-0.0050310011	-0.0025495547	0.0000432497	0.0000023884	0.0000167691	0.0000253110	0.0000065002	0.0000624072	0.0000318112	0.0000942184
0.4200000000	0.8793587371	0.8888876439	0.8925080084	0.8453465412	0.9959436056	0.9471584941	-0.0055253384	-0.0014606946	-0.0035103481	-0.0040646439	-0.0020496535	0.0000305294	0.0000021336	0.0000123225	0.0000165213	0.0000042011	0.0000449855	0.0000207224	0.0000657079
0.4200000000	0.8860254038	0.8898194747	0.8925821423	0.8458369352	0.9969048590	0.9476292378	-0.0044775764	-0.0013776356	-0.0029304063	-0.0030999408	-0.0015527708	0.0000200487	0.0000018979	0.0000085873	0.0000096096	0.0000024111	0.0000305339	0.0000120207	0.0000425546
0.4200000000	0.8926920705	0.8907492738	0.8926547279	0.8463235330	0.9978654075	0.9480972951	-0.0034331919	-0.0012963180	-0.0023552861	-0.0021368740	-0.0010589682	0.0000117868	0.0000016804	0.0000055474	0.0000045662	0.0000011214	0.0000190146	0.0000056876	0.0000247023
0.4200000000	0.8993587371	0.8916770142	0.8927257279	0.8468062445	0.9988252678	0.9485626077	-0.0023922058	-0.0012167831	-0.0017850859	-0.0011754228	-0.0005683028	0.0000057226	0.0000014806	0.0000031865	0.0000013816	0.0000003230	0.0000103897	0.0000017046	0.0000120943
0.4200000000	0.9060254038	0.8926026723	0.8927951063	0.8472849845	0.9997844589	0.9490251218	-0.0013546352	-0.0011390709	-0.0012198979	-0.0002155643	-0.0000808270	0.0000018350	0.0000012975	0.0000014882	0.0000000465	0.0000000065	0.0000046207	0.0000000530	0.0000046737
0.4200000000	0.9126920705	0.8935262274	0.8928628282	0.8477596727	1.0007430024	0.9494847875	-0.0003204934	-0.0010632199	-0.0006598085	0.0007427265	0.0004034114	0.0000001027	0.0000011304	0.0000004353	0.0000005516	0.0000001627	0.0000016685	0.0000007144	0.0000023829
0.4200000000	0.9193587371	0.8944476622	0.8929288602	0.8482302334	1.0017009217	0.9499415589	0.0007102094	-0.0009892673	-0.0001048987	0.0016994767	0.0008843686	0.0000005044	0.0000009786	0.0000000110	0.0000028882	0.0000007821	0.0000014941	0.0000036703	0.0000051644
0.4200000000	0.9260254038	0.8953669618	0.8929931696	0.8486965951	1.0026582423	0.9503953937	0.0017374663	-0.0009172491	0.0004447557	0.0026547154	0.0013620048	0.0000030188	0.0000008413	0.0000001978	0.0000070475	0.0000018551	0.0000040579	0.0000089026	0.0000129605
0.4200000000	0.9326920705	0.8962841143	0.8930557253	0.8491586905	1.0036149917	0.9508462534	0.0027612734	-0.0008471999	0.0009890842	0.0036084733	0.0018362841	0.0000076246	0.0000007177	0.0000009783	0.0000130211	0.0000033719	0.0000093207	0.0000163930	0.0000257137
0.4200000000	0.9393587371	0.8971991101	0.8931164970	0.8496164567	1.0045711988	0.9512941027	0.0037816296	-0.0007791530	0.0015280209	0.0045607826	0.0023071739	0.0000143007	0.0000006071	0.0000023348	0.0000208007	0.0000053231	0.0000172426	0.0000261238	0.0000433664
0.4200000000	0.9460254038	0.8981119421	0.8931754556	0.8500698341	1.0055268945	0.9517389095	0.0047985365	-0.0007131407	0.0020615046	0.0055116773	0.0027746453	0.0000230260	0.0000005086	0.0000042498	0.0000303786	0.0000076987	0.0000277843	0.0000380772	0.0000658616
0.4200000000	0.9526920705	0.8990226055	0.8932325730	0.8505187672	1.0064821108	0.9521806447	0.0058119981	-0.0006491942	0.0025894784	0.0064611923	0.0032386725	0.0000337793	0.0000004215	0.0000067054	0.0000417470	0.0000104890	0.0000409062	0.0000522360	0.0000931422
0.4200000000	0.9593587371	0.8999310975	0.8932878220	0.8509632039	1.0074368813	0.9526192823	0.0068220209	-0.0005873432	0.0031118896	0.0074093640	0.0036992328	0.0000465400	0.0000003450	0.0000096839	0.0000548987	0.0000136843	0.0000565688	0.0000685830	0.0001251518
0.4200000000	0.9660254038	0.9008374174	0.8933411766	0.8514030953	1.0083912407	0.9530547988	0.0078286133	-0.0005276167	0.0036286896	0.0083562299	0.0041563063	0.0000612872	0.0000002784	0.0000131674	0.0000698266	0.0000172749	0.0000747330	0.0000871015	0.0001618344
0.4200000000	0.9726920705	0.9017415664	0.8933926115	0.8518383960	1.0093452249	0.9534871736	0.0088317861	-0.0004700424	0.0041398335	0.0093018285	0.0046098759	0.0000780004	0.0000002209	0.0000171382	0.0000865240	0.0000212510	0.0000953596	0.0001077750	0.0002031346
0.4200000000	0.9793587371	0.9026435475	0.8934421026	0.8522690636	1.0102988710	0.9539163882	0.0098315518	-0.0004146472	0.0046452800	0.0102461990	0.0050599271	0.0000966594	0.0000001719	0.0000215786	0.0001049846	0.0000256029	0.0001184100	0.0001305875	0.0002489974
0.4200000000	0.9860254038	0.9035433655	0.8934896264	0.8526950585	1.0112522169	0.9543424269	0.0108279249	-0.0003614567	0.0051449912	0.0111893816	0.0055064480	0.0001172440	0.0000001307	0.0000264709	0.0001252023	0.0000303210	0.0001438455	0.0001555232	0.0002993688
0.4200000000	0.9926920705	0.9044410265	0.8935351605	0.8531163440	1.0122053014	0.9547652759	0.0118209214	-0.0003104959	0.0056389328	0.0121314173	0.0059494287	0.0001397342	0.0000000964	0.0000317976	0.0001471713	0.0000353957	0.0001716282	0.0001825670	0.0003541951
0.4200000000	0.9993587371	0.9053365384	0.8935786833	0.8535328863	1.0131581643	0.9551849236	0.0128105591	-0.0002617885	0.0061270733	0.0130723476	0.0063888618	0.0001641104	0.0000000685	0.0000375410	0.0001708863	0.0000408176	0.0002017200	0.0002117038	0.0004134238
0.4200000000	1.0060254038	0.9062299104	0.8936201739	0.8539446540	1.0141108458	0.9556013605	0.0137968569	-0.0002153576	0.0066093844	0.0140122146	0.0068247420	0.0001903533	0.0000000464	0.0000436840	0.0001963422	0.0000465771	0.0002340836	0.0002429193	0.0004770029
0.4200000000	1.0126920705	0.9071211530	0.8936596124	0.8543516180	1.0150633871	0.9560145789	0.0147798356	-0.0001712253	0.0070858405	0.0149510609	0.0072570657	0.0002184435	0.0000000293	0.0000502091	0.0002235342	0.0000526650	0.0002686820	0.0002761992	0.0005448812
0.4200000000	1.0193587371	0.9080102780	0.8936969794	0.8547537520	1.0160158297	0.9564245732	0.0157595167	-0.0001294127	0.0075564188	0.0158889294	0.0076858315	0.0002483624	0.0000000167	0.0000570995	0.0002524581	0.0000590720	0.0003054786	0.0003115301	0.0006170087
0.4200000000	1.0260254038	0.9088972982	0.8937322564	0.8551510316	1.0169682158	0.9568313390	0.0167359233	-0.0000899403	0.0080210992	0.0168258636	0.0081110395	0.0002800911	0.0000000081	0.0000643380	0.0002831097	0.0000657890	0.0003444373	0.0003488986	0.0006933359
0.4200000000	1.0326920705	0.9097822277	0.8937654258	0.8555434347	1.0179205880	0.9572348739	0.0177090795	-0.0000528277	0.0084798639	0.0177619072	0.0085326915	0.0003136115	0.0000000028	0.0000719081	0.0003154853	0.0000728068	0.0003855224	0.0003882922	0.0007738146
0.4200000000	1.0393587371	0.9106650817	0.8937964704	0.8559309412	1.0188729893	0.9576351771	0.0186790104	-0.0000180937	0.0089326974	0.0186971040	0.0089507911	0.0003489054	0.0000000003	0.0000797931	0.0003495817	0.0000801167	0.0004286988	0.0004296984	0.0008583972
0.4200000000	1.0460254038	0.9115458759	0.8938253739	0.8563135331	1.0198254632	0.9580322490	0.0196457418	0.0000142437	0.0093795868	0.0196314981	0.0093653431	0.0003859552	0.0000000002	0.0000879766	0.0003853957	0.0000877097	0.0004739320	0.0004731054	0.0009470374
0.4200000000	1.0526920705	0.9124246275	0.8938521205	0.8566911941	1.0207780533	0.9584260914	0.0206093008	0.0000441670	0.0098205208	0.0205651338	0.0097763538	0.0004247433	0.0000000020	0.0000964426	0.0004229247	0.0000955771	0.0005211879	0.0005185018	0.0010396897
0.4200000000	1.0593587371	0.9133013540	0.8938766952	0.8570639099	1.0217308035	0.9588167076	0.0215697150	0.0000716596	0.0102554905	0.0214980554	0.0101838308	0.0004652526	0.0000000051	0.0001051751	0.0004621664	0.0001037104	0.0005704328	0.0005658768	0.0011363096
0.4200000000	1.0660254038	0.9141760740	0.8938990835	0.8574316677	1.0226837579	0.9592041020	0.0225270128	0.0000967057	0.0106844888	0.0224303071	0.0105877831	0.0005074663	0.0000000094	0.0001141583	0.0005031187	0.0001121012	0.0006216340	0.0006152198	0.0012368538
0.4226666667	0.6660254038	0.8587813483	0.8896813525	0.8288032524	0.9652684591	0.9315731414	-0.0399818338	-0.0046328134	-0.0232742036	-0.0353490204	-0.0186413902	0.0015985470	0.0000214630	0.0005416886	0.0012495532	0.0003475014	0.0021616985	0.0015970547	0.0037587532
0.4226666667	0.6726920705	0.8597251190	0.8897750999	0.8293167762	0.9662274422	0.9320521290	-0.0388834721	-0.0045274471	-0.0226547987	-0.0343560250	-0.0181273516	0.0015119244	0.0000204978	0.0005132399	0.0011803365	0.0003286009	0.0020456621	0.0015089373	0.0035545994
0.4226666667	0.6793587371	0.8606711595	0.8898694195	0.8298340260	0.9671881521	0.9325346032	-0.0377836783	-0.0044214489	-0.0220312872	-0.0333622294	-0.0176098383	0.0014276063	0.0000195492	0.0004853776	0.0011130384	0.0003101064	0.0019325332	0.0014231448	0.0033556779
0.4226666667	0.6860254038	0.8616191814	0.8899642115	0.8303545663	0.9681503709	0.9330201772	-0.0366827931	-0.0043149311	-0.0214042015	-0.0323678620	-0.0170892704	0.0013456273	0.0000186186	0.0004581398	0.0010476785	0.0002920432	0.0018223858	0.0013397217	0.0031621074
0.4226666667	0.6926920705	0.8625689108	0.8900593785	0.8308779802	0.9691138946	0.9335084829	-0.0355811389	-0.0042080032	-0.0207740502	-0.0313731357	-0.0165660470	0.0012660174	0.0000177073	0.0004315612	0.0009842736	0.0002744339	0.0017152859	0.0012587076	0.0029739935
0.4226666667	0.6993587371	0.8635200880	0.8901548259	0.8314038686	0.9700785333	0.9339991700	-0.0344790204	-0.0041007719	-0.0201413194	-0.0303782486	-0.0160405476	0.0011888029	0.0000168163	0.0004056727	0.0009228380	0.0002572992	0.0016112919	0.0011801372	0.0027914291
0.4226666667	0.7060254038	0.8644724668	0.8902504613	0.8319318496	0.9710441099	0.9344919050	-0.0333767252	-0.0039933408	-0.0195064734	-0.0293833845	-0.0155131326	0.0011140058	0.0000159468	0.0003805025	0.0008633833	0.0002406573	0.0015104551	0.0011040406	0.0026144956
0.4226666667	0.7126920705	0.8654258142	0.8903461950	0.8324615577	0.9720104596	0.9349863709	-0.0322745246	-0.0038858109	-0.0188699554	-0.0283887137	-0.0149841445	0.0010416449	0.0000150995	0.0003560752	0.0008059191	0.0002245246	0.0014128197	0.0010304436	0.0024432633
0.4226666667	0.7193587371	0.8663799095	0.8904419394	0.8329926436	0.9729774297	0.9354822664	-0.0311726742	-0.0037782805	-0.0182321884	-0.0273943937	-0.0144539078	0.0009717356	0.0000142754	0.0003324127	0.0007504528	0.0002089155	0.0013184237	0.0009593683	0.0022777920
0.4226666667	0.7260254038	0.8673345442	0.8905376096	0.8335247731	0.9739448787	0.9359793051	-0.0300714147	-0.0036708450	-0.0175935758	-0.0264005696	-0.0139227308	0.0009042900	0.0000134751	0.0003095339	0.0006969901	0.0001938424	0.0012272990	0.0008908325	0.0021181315
0.4226666667	0.7326920705	0.8682895211	0.8906331229	0.8340576266	0.9749126759	0.9364772151	-0.0289709724	-0.0035635973	-0.0169545027	-0.0254073751	-0.0133909054	0.0008393172	0.0000126992	0.0002874552	0.0006455347	0.0001793163	0.0011394716	0.0008248511	0.0019643227
0.4226666667	0.7393587371	0.8692446542	0.8907283989	0.8345908990	0.9758807009	0.9369757381	-0.0278715602	-0.0034566274	-0.0163153358	-0.0244149327	-0.0128587084	0.0007768239	0.0000119483	0.0002661902	0.0005960889	0.0001653464	0.0010549623	0.0007614353	0.0018163976
0.4226666667	0.7460254038	0.8701997680	0.8908233595	0.8351242986	0.9768488429	0.9374746292	-0.0267733775	-0.0033500231	-0.0156764249	-0.0234233544	-0.0123264018	0.0007168137	0.0000112227	0.0002457503	0.0005486535	0.0001519402	0.0009737867	0.0007005937	0.0016743804
0.4226666667	0.7526920705	0.8711546971	0.8909179288	0.8356575470	0.9778170007	0.9379736562	-0.0256766115	-0.0032438693	-0.0150381029	-0.0224327423	-0.0117942336	0.0006592884	0.0000105227	0.0002261445	0.0005032279	0.0001391039	0.0008959556	0.0006423319	0.0015382875
0.4226666667	0.7593587371	0.8721092858	0.8910120332	0.8361903783	0.9787850817	0.9384725987	-0.0245814374	-0.0031382485	-0.0144006869	-0.0214431889	-0.0112624384	0.0006042471	0.0000098486	0.0002073798	0.0004598104	0.0001268425	0.0008214755	0.0005866529	0.0014081283
0.4226666667	0.7660254038	0.8730633877	0.8911056012	0.8367225386	0.9797530018	0.9389712482	-0.0234880190	-0.0030332409	-0.0137644789	-0.0204547781	-0.0107312380	0.0005516870	0.0000092006	0.0001894609	0.0004183979	0.0001151595	0.0007503485	0.0005335574	0.0012839059
0.4226666667	0.7726920705	0.8740168652	0.8911985632	0.8372537858	0.9807206848	0.9394694071	-0.0223965091	-0.0029289242	-0.0131297659	-0.0194675849	-0.0102008418	0.0005016036	0.0000085786	0.0001723908	0.0003789869	0.0001040572	0.0006825730	0.0004830440	0.0011656170
0.4226666667	0.7793587371	0.8749695894	0.8912908521	0.8377838889	0.9816880622	0.9399668885	-0.0213070504	-0.0028253737	-0.0124968212	-0.0184816767	-0.0096714475	0.0004539904	0.0000079827	0.0001561705	0.0003415724	0.0000935369	0.0006181437	0.0004351093	0.0010532529
0.4226666667	0.7860254038	0.8759214392	0.8913824023	0.8383126277	0.9826550725	0.9404635155	-0.0202197755	-0.0027226625	-0.0118659043	-0.0174971130	-0.0091432418	0.0004088393	0.0000074129	0.0001407997	0.0003061490	0.0000835989	0.0005570519	0.0003897478	0.0009467997
0.4226666667	0.7926920705	0.8768723015	0.8914731507	0.8388397923	0.9836216613	0.9409591210	-0.0191348078	-0.0026208613	-0.0112372619	-0.0165139464	-0.0086164005	0.0003661409	0.0000068689	0.0001262761	0.0002727104	0.0000742424	0.0004992858	0.0003469528	0.0008462386
0.4226666667	0.7993587371	0.8778220703	0.8915630357	0.8393651826	0.9845877803	0.9414535472	-0.0180522615	-0.0025200389	-0.0106111282	-0.0155322226	-0.0080910893	0.0003258841	0.0000063506	0.0001125960	0.0002412499	0.0000654657	0.0004448308	0.0003067157	0.0007515465
0.4226666667	0.8060254038	0.8787706469	0.8916519979	0.8398886080	0.9855533875	0.9419466451	-0.0169722425	-0.0024202617	-0.0099877258	-0.0145519809	-0.0075674642	0.0002880570	0.0000058577	0.0000997547	0.0002117601	0.0000572665	0.0003936694	0.0002690267	0.0006626960
0.4226666667	0.8126920705	0.8797179393	0.8917399794	0.8404098871	0.9865184466	0.9424382740	-0.0158948486	-0.0023215940	-0.0093672657	-0.0135732546	-0.0070456717	0.0002526462	0.0000053898	0.0000877457	0.0001842332	0.0000496415	0.0003457817	0.0002338747	0.0005796564
0.4226666667	0.8193587371	0.8806638619	0.8918269246	0.8409288473	0.9874829270	0.9429283016	-0.0148201696	-0.0022240982	-0.0087499478	-0.0125960714	-0.0065258496	0.0002196374	0.0000049466	0.0000765616	0.0001586610	0.0000425867	0.0003011456	0.0002012477	0.0005023934
0.4226666667	0.8260254038	0.8816083351	0.8919127791	0.8414453242	0.9884468030	0.9434166030	-0.0137482883	-0.0021278346	-0.0081359620	-0.0116204537	-0.0060081273	0.0001890154	0.0000045277	0.0000661939	0.0001350349	0.0000360976	0.0002597370	0.0001711325	0.0004308695
0.4226666667	0.8326920705	0.8825512853	0.8919974907	0.8419591617	0.9894100539	0.9439030608	-0.0126792804	-0.0020328617	-0.0075254878	-0.0106464187	-0.0054926261	0.0001607642	0.0000041325	0.0000566330	0.0001133462	0.0000301689	0.0002215296	0.0001435152	0.0003650448
0.4226666667	0.8393587371	0.8834926444	0.8920810085	0.8424702111	0.9903726635	0.9443875646	-0.0116132149	-0.0019392360	-0.0069186955	-0.0096739789	-0.0049794595	0.0001348668	0.0000037606	0.0000478683	0.0000935859	0.0000247950	0.0001864957	0.0001183809	0.0003048766
0.4226666667	0.8460254038	0.8844323497	0.8921632835	0.8429783314	0.9913346200	0.9448700109	-0.0105501548	-0.0018470121	-0.0063157458	-0.0087031427	-0.0044687337	0.0001113058	0.0000034115	0.0000398886	0.0000757447	0.0000199696	0.0001546059	0.0000957143	0.0002503201
0.4226666667	0.8526920705	0.8853703433	0.8922442682	0.8434833885	0.9922959159	0.9453503022	-0.0094901567	-0.0017562428	-0.0057167910	-0.0077339139	-0.0039605482	0.0000900631	0.0000030844	0.0000326817	0.0000598134	0.0000156859	0.0001258292	0.0000754994	0.0002013285
0.4226666667	0.8593587371	0.8863065723	0.8923239165	0.8439852553	0.9932565472	0.9458283474	-0.0084332721	-0.0016669794	-0.0051219749	-0.0067662926	-0.0034549955	0.0000711201	0.0000027788	0.0000262346	0.0000457827	0.0000119370	0.0001001335	0.0000577197	0.0001578532
0.4226666667	0.8660254038	0.8872409883	0.8924021840	0.8444838110	0.9942165138	0.9463040612	-0.0073795466	-0.0015792713	-0.0045314332	-0.0058002753	-0.0029521619	0.0000544577	0.0000024941	0.0000205339	0.0000336432	0.0000087153	0.0000774857	0.0000423585	0.0001198441
0.4226666667	0.8726920705	0.8881735473	0.8924790277	0.8449789412	0.9951758189	0.9467773638	-0.0063290211	-0.0014931661	-0.0039452940	-0.0048358550	-0.0024521278	0.0000400565	0.0000022295	0.0000155653	0.0000233855	0.0000060129	0.0000578514	0.0000293984	0.0000872498
0.4226666667	0.8793587371	0.8891042094	0.8925544061	0.8454705374	0.9961344690	0.9472481807	-0.0052817316	-0.0014087101	-0.0033636780	-0.0038730215	-0.0019549678	0.0000278967	0.0000019845	0.0000113143	0.0000150003	0.0000038219	0.0000411955	0.0000188222	0.0000600177
0.4226666667	0.8860254038	0.8900329386	0.8926282790	0.8459584969	0.9970924735	0.9477164424	-0.0042377095	-0.0013259479	-0.0027866989	-0.0029117616	-0.0014607510	0.0000179582	0.0000017581	0.0000077657	0.0000084784	0.0000021338	0.0000274820	0.0000106121	0.0000380942
0.4226666667	0.8926920705	0.8909597026	0.8927006074	0.8464427226	0.9980498446	0.9481820843	-0.0031969819	-0.0012449225	-0.0022144638	-0.0019520594	-0.0009695413	0.0000102207	0.0000015498	0.0000049038	0.0000038105	0.0000009400	0.0000166744	0.0000047505	0.0000214249
0.4226666667	0.8993587371	0.8918844727	0.8927713541	0.8469231225	0.9990065974	0.9486450463	-0.0021595719	-0.0011656756	-0.0016470733	-0.0009938963	-0.0004813977	0.0000046638	0.0000013588	0.0000027129	0.0000009878	0.0000002317	0.0000087354	0.0000012196	0.0000099550
0.4226666667	0.9060254038	0.8928072236	0.8928404826	0.8473996097	0.9999627492	0.9491052727	-0.0011254987	-0.0010882472	-0.0010846218	-0.0000372515	0.0000036254	0.0000012667	0.0000011843	0.0000011764	0.0000000014	0.0000000000	0.0000036274	0.0000000014	0.0000036288
0.4226666667	0.9126920705	0.8937279330	0.8929079580	0.8478721021	1.0009183198	0.9495627119	-0.0000947778	-0.0010126762	-0.0005271979	0.0009178984	0.0004854783	0.0000000090	0.0000010255	0.0000002779	0.0000008425	0.0000002357	0.0000013124	0.0000010782	0.0000023907
0.4226666667	0.9193587371	0.8946465820	0.8929737465	0.8483405223	1.0018733310	0.9500173164	0.0009325786	-0.0009389999	0.0000251152	0.0018715785	0.0009641151	0.0000008697	0.0000008817	0.0000000006	0.0000035028	0.0000009295	0.0000017521	0.0000044323	0.0000061844
0.4226666667	0.9260254038	0.8955631540	0.8930378156	0.8488047975	1.0028278068	0.9504690424	0.0019565616	-0.0008672545	0.0005722400	0.0028238161	0.0014394945	0.0000038281	0.0000007521	0.0000003275	0.0000079739	0.0000020721	0.0000049077	0.0000100461	0.0000149538
0.4226666667	0.9326920705	0.8964776357	0.8931001337	0.8492648587	1.0037817730	0.9509178496	0.0029771654	-0.0007974747	0.0011141038	0.0037746401	0.0019115785	0.0000088635	0.0000006360	0.0000012412	0.0000142479	0.0000036541	0.0000107407	0.0000179020	0.0000286427
0.4226666667	0.9393587371	0.8973900160	0.8931606706	0.8497206413	1.0047352571	0.9513637012	0.0039943868	-0.0007296942	0.0016506389	0.0047240811	0.0023803331	0.0000159551	0.0000005325	0.0000027246	0.0000223169	0.0000056660	0.0000192122	0.0000279829	0.0000471951
0.4226666667	0.9460254038	0.8983002863	0.8932193968	0.8501720847	1.0056882884	0.9518065636	0.0050082258	-0.0006639453	0.0021817822	0.0056721711	0.0028457276	0.0000250823	0.0000004408	0.0000047602	0.0000321735	0.0000080982	0.0000302833	0.0000402717	0.0000705550
0.4226666667	0.9526920705	0.8992084404	0.8932762843	0.8506191316	1.0066408974	0.9522464064	0.0060186845	-0.0006002593	0.0027074751	0.0066189438	0.0033077344	0.0000362246	0.0000003603	0.0000073304	0.0000438104	0.0000109411	0.0000439153	0.0000547515	0.0000986668
0.4226666667	0.9593587371	0.9001144742	0.8933313057	0.8510617287	1.0075931163	0.9526832019	0.0070257676	-0.0005386661	0.0032276632	0.0075644337	0.0037663294	0.0000493614	0.0000002902	0.0000104178	0.0000572207	0.0000141852	0.0000600694	0.0000714059	0.0001314753
0.4226666667	0.9660254038	0.9010183857	0.8933844348	0.8514998258	1.0085449786	0.9531169255	0.0080294821	-0.0004791948	0.0037422962	0.0085086769	0.0042214910	0.0000644726	0.0000002296	0.0000140048	0.0000723976	0.0000178210	0.0000787070	0.0000902186	0.0001689256
0.4226666667	0.9726920705	0.9019201747	0.8934356464	0.8519333761	1.0094965186	0.9535475549	0.0090298368	-0.0004218733	0.0042513274	0.0094517102	0.0046732008	0.0000815380	0.0000001780	0.0000180738	0.0000893348	0.0000218388	0.0000997897	0.0001111736	0.0002109633
0.4226666667	0.9793587371	0.9028198430	0.8934849161	0.8523623361	1.0104477722	0.9539750707	0.0100268429	-0.0003667285	0.0047547142	0.0103935714	0.0051214427	0.0001005376	0.0000001345	0.0000226073	0.0001080263	0.0000262292	0.0001232794	0.0001342555	0.0002575349
0.4226666667	0.9860254038	0.9037173941	0.8935322205	0.8527866649	1.0113987760	0.9543994557	0.0110205132	-0.0003137862	0.0052524171	0.0113342995	0.0055662033	0.0001214517	0.0000000985	0.0000275879	0.0001284663	0.0000309826	0.0001491381	0.0001594490	0.0003085870
0.4226666667	0.9926920705	0.9046128332	0.8935775370	0.8532063247	1.0123495675	0.9548206948	0.0120108623	-0.0002630714	0.0057444002	0.0122739337	0.0060074716	0.0001442608	0.0000000692	0.0000329981	0.0001506494	0.0000360897	0.0001773282	0.0001867392	0.0003640673
0.4226666667	0.9993587371	0.9055061667	0.8936208439	0.8536212806	1.0133001853	0.9552387754	0.0129979064	-0.0002146079	0.0062306308	0.0132125143	0.0064452387	0.0001689456	0.0000000461	0.0000388208	0.0001745705	0.0000415411	0.0002078124	0.0002161116	0.0004239240
0.4226666667	1.0060254038	0.9063974029	0.8936621203	0.8540314999	1.0142506684	0.9556536867	0.0139816632	-0.0001684189	0.0067110789	0.0141500821	0.0068794979	0.0001954869	0.0000000284	0.0000450386	0.0002002248	0.0000473275	0.0002405539	0.0002475523	0.0004881062
0.4226666667	1.0126920705	0.9072865511	0.8937013461	0.8544369528	1.0152010568	0.9560654200	0.0149621519	-0.0001245266	0.0071857179	0.0150866784	0.0073102445	0.0002238660	0.0000000155	0.0000516345	0.0002276079	0.0000534397	0.0002755160	0.0002810475	0.0005565636
0.4226666667	1.0193587371	0.9081736220	0.8937385020	0.8548376116	1.0161513910	0.9564739683	0.0159393928	-0.0000829521	0.0076545237	0.0160223449	0.0077374758	0.0002540642	0.0000000069	0.0000585917	0.0002567155	0.0000598685	0.0003126629	0.0003165841	0.0006292469
0.4226666667	1.0260254038	0.9090586276	0.8937735695	0.8552334511	1.0171017120	0.9568793264	0.0169134078	-0.0000437160	0.0081174746	0.0169571238	0.0081611907	0.0002860634	0.0000000019	0.0000658934	0.0002875440	0.0000666050	0.0003519587	0.0003541491	0.0007061077
0.4226666667	1.0326920705	0.9099415810	0.8938065307	0.8556244483	1.0180520613	0.9572814909	0.0178842195	-0.0000068380	0.0085745519	0.0178910576	0.0085813899	0.0003198453	0.0000000000	0.0000735229	0.0003200899	0.0000736403	0.0003933683	0.0003937302	0.0007870985
0.4226666667	1.0393587371	0.9108224960	0.8938373685	0.8560105820	1.0190024809	0.9576804597	0.0188518519	0.0000276630	0.0090257389	0.0188241889	0.0089980758	0.0003553923	0.0000000008	0.0000814640	0.0003543501	0.0000809654	0.0004368570	0.0004353155	0.0008721725
0.4226666667	1.0460254038	0.9117013880	0.8938660665	0.8563918333	1.0199530132	0.9580762324	0.0198163298	0.0000597691	0.0094710213	0.0197565607	0.0094112522	0.0003926869	0.0000000036	0.0000897002	0.0003903217	0.0000885717	0.0004823907	0.0004788934	0.0009612841
0.4226666667	1.0526920705	0.9125782727	0.8938926090	0.8567681852	1.0209037009	0.9584688099	0.0207776789	0.0000894626	0.0099103870	0.0206882163	0.0098209243	0.0004317119	0.0000000080	0.0000982158	0.0004280023	0.0000964506	0.0005299357	0.0005244528	0.0010543886
0.4226666667	1.0593587371	0.9134531671	0.8939169808	0.8571396223	1.0218545868	0.9588581946	0.0217359258	0.0001167271	0.0103438259	0.0216191987	0.0102270988	0.0004724505	0.0000000136	0.0001069947	0.0004673898	0.0001045935	0.0005794588	0.0005719833	0.0011514421
0.4226666667	1.0660254038	0.9143260888	0.8939391675	0.8575061312	1.0228057143	0.9592443898	0.0226910978	0.0001415464	0.0107713298	0.0225495514	0.0106297834	0.0005148859	0.0000000200	0.0001160215	0.0005084823	0.0001129923	0.0006309275	0.0006214746	0.0012524021
0.4253333333	0.6660254038	0.8591443318	0.8897403408	0.8290505408	0.9656124292	0.9317893129	-0.0395592502	-0.0045665129	-0.0229758801	-0.0349927373	-0.0184093672	0.0015649343	0.0000208530	0.0005278911	0.0012244917	0.0003389048	0.0021136784	0.0015633965	0.0036770748
0.4253333333	0.6726920705	0.8600817552	0.8898334739	0.8295584306	0.9665648466	0.9322625580	-0.0384687323	-0.0044618439	-0.0223634514	-0.0340068884	-0.0179016075	0.0014798434	0.0000199081	0.0005001240	0.0011564685	0.0003204676	0.0019998754	0.0014769360	0.0034768114
0.4253333333	0.6793587371	0.8610215890	0.8899272026	0.8300701929	0.9675191257	0.9327394314	-0.0373766028	-0.0043565167	-0.0217467323	-0.0330200861	-0.0173902156	0.0013970104	0.0000189792	0.0004729204	0.0010903261	0.0003024196	0.0018889100	0.0013927457	0.0032816557
0.4253333333	0.6860254038	0.8619635422	0.8900214257	0.8305853890	0.9684750471	0.9332195440	-0.0362832059	-0.0042506449	-0.0211262592	-0.0320325609	-0.0168756142	0.0013164710	0.0000180680	0.0004463188	0.0010260850	0.0002847864	0.0017808578	0.0013108713	0.0030917291
0.4253333333	0.6926920705	0.8629073384	0.8901160449	0.8311035987	0.9694324053	0.9337025250	-0.0351888673	-0.0041443394	-0.0205025448	-0.0310445279	-0.0163582053	0.0012382564	0.0000171755	0.0004203543	0.0009637627	0.0002675909	0.0016757863	0.0012313536	0.0029071399
0.4253333333	0.6993587371	0.8638527155	0.8902109644	0.8316244195	0.9703910085	0.9341880215	-0.0340938951	-0.0040377079	-0.0198760793	-0.0300561872	-0.0158383713	0.0011623937	0.0000163031	0.0003950585	0.0009033744	0.0002508540	0.0015737553	0.0011542284	0.0027279837
0.4253333333	0.7060254038	0.8647994245	0.8903060907	0.8321474663	0.9713506776	0.9346756975	-0.0329985803	-0.0039308554	-0.0192473311	-0.0290677249	-0.0153164756	0.0010889063	0.0000154516	0.0003704598	0.0008449326	0.0002345944	0.0014748177	0.0010795271	0.0025543447
0.4253333333	0.7126920705	0.8657472298	0.8904013331	0.8326723704	0.9723112462	0.9351652332	-0.0319031976	-0.0038238840	-0.0186167474	-0.0280793136	-0.0147928634	0.0010178140	0.0000146221	0.0003465833	0.0007884479	0.0002188288	0.0013790194	0.0010072767	0.0023862961
0.4253333333	0.7193587371	0.8666959082	0.8904966033	0.8331987790	0.9732725594	0.9356563248	-0.0308080062	-0.0037168929	-0.0179847553	-0.0270911133	-0.0142678625	0.0009491332	0.0000138153	0.0003234514	0.0007339284	0.0002035719	0.0012864000	0.0009375003	0.0022239003
0.4253333333	0.7260254038	0.8676452482	0.8905918151	0.8337263549	0.9742344736	0.9361486830	-0.0297132502	-0.0036099786	-0.0173517625	-0.0261032716	-0.0137417839	0.0008828772	0.0000130319	0.0003010837	0.0006813808	0.0001888366	0.0011969928	0.0008702174	0.0020672103
0.4253333333	0.7326920705	0.8685950503	0.8906868852	0.8342547753	0.9751968562	0.9366420334	-0.0286191595	-0.0035032350	-0.0167181577	-0.0251159246	-0.0132149227	0.0008190563	0.0000122727	0.0002794968	0.0006308097	0.0001746342	0.0011108257	0.0008054438	0.0019162696
0.4253333333	0.7393587371	0.8695451257	0.8907817323	0.8347837319	0.9761595845	0.9371361150	-0.0275259502	-0.0033967530	-0.0160843117	-0.0241291972	-0.0126875587	0.0007576779	0.0000115379	0.0002587051	0.0005822182	0.0001609741	0.0010279210	0.0007431923	0.0017711133
0.4253333333	0.7460254038	0.8704952963	0.8908762776	0.8353129301	0.9771225458	0.9376306802	-0.0264338254	-0.0032906213	-0.0154505781	-0.0231432041	-0.0121599568	0.0006987471	0.0000108282	0.0002387204	0.0005356079	0.0001478645	0.0009482957	0.0006834724	0.0016317681
0.4253333333	0.7526920705	0.8714453941	0.8909704443	0.8358420882	0.9780856365	0.9381254940	-0.0253429756	-0.0031849256	-0.0148172938	-0.0221580499	-0.0116323681	0.0006422664	0.0000101438	0.0002195522	0.0004909792	0.0001353120	0.0008719624	0.0006262912	0.0014982535
0.4253333333	0.7593587371	0.8723952608	0.8910641582	0.8363709375	0.9790487618	0.9386203336	-0.0242535792	-0.0030797493	-0.0141847795	-0.0211738299	-0.0111050302	0.0005882361	0.0000094849	0.0002012080	0.0004483311	0.0001233217	0.0007989289	0.0005716528	0.0013705817
0.4253333333	0.7660254038	0.8733447475	0.8911573470	0.8368992211	0.9800118356	0.9391149878	-0.0231658036	-0.0029751733	-0.0135533410	-0.0201906302	-0.0105781677	0.0005366545	0.0000088517	0.0001836931	0.0004076615	0.0001118976	0.0007291992	0.0005195592	0.0012487583
0.4253333333	0.7726920705	0.8742937140	0.8912499407	0.8374266941	0.9809747794	0.9396092564	-0.0220798048	-0.0028712760	-0.0129232689	-0.0192085288	-0.0100519929	0.0004875178	0.0000082442	0.0001670109	0.0003689676	0.0001010426	0.0006627729	0.0004700101	0.0011327830
0.4253333333	0.7793587371	0.8752420288	0.8913418713	0.8379531226	0.9819375226	0.9401029500	-0.0209957287	-0.0027681334	-0.0122948400	-0.0182275953	-0.0095267066	0.0004408206	0.0000076626	0.0001511631	0.0003322452	0.0000907581	0.0005996463	0.0004230034	0.0010226496
0.4253333333	0.7860254038	0.8761895686	0.8914330729	0.8384782838	0.9829000014	0.9405958891	-0.0199137112	-0.0026658192	-0.0116683173	-0.0172478920	-0.0090024982	0.0003965559	0.0000071066	0.0001361496	0.0002974898	0.0000810450	0.0005398121	0.0003785348	0.0009183469
0.4253333333	0.7926920705	0.8771362176	0.8915234816	0.8390019648	0.9838621592	0.9410879042	-0.0188338787	-0.0025644048	-0.0110439510	-0.0162694739	-0.0084795462	0.0003547150	0.0000065762	0.0001219689	0.0002646958	0.0000719027	0.0004832600	0.0003365985	0.0008198585
0.4253333333	0.7993587371	0.8780818676	0.8916130355	0.8395239632	0.9848239456	0.9415788350	-0.0177563486	-0.0024639595	-0.0104219786	-0.0152923892	-0.0079580192	0.0003152879	0.0000060711	0.0001086176	0.0002338572	0.0000633301	0.0004299767	0.0002971872	0.0007271639
0.4253333333	0.8060254038	0.8790264175	0.8917016745	0.8400440857	0.9857853166	0.9420685300	-0.0166812299	-0.0023645502	-0.0098026259	-0.0143166798	-0.0074380757	0.0002782634	0.0000055911	0.0000960915	0.0002049673	0.0000553250	0.0003799460	0.0002602923	0.0006402383
0.4253333333	0.8126920705	0.8799697730	0.8917893405	0.8405621484	0.9867462337	0.9425568464	-0.0156086232	-0.0022662419	-0.0091861070	-0.0133423814	-0.0069198651	0.0002436291	0.0000051359	0.0000843846	0.0001780191	0.0000478845	0.0003331495	0.0002259037	0.0005590532
0.4253333333	0.8193587371	0.8809118461	0.8918759772	0.8410779763	0.9877066640	0.9430436494	-0.0145386214	-0.0021690973	-0.0085726251	-0.0123695241	-0.0064035278	0.0002113715	0.0000047050	0.0000734899	0.0001530051	0.0000410052	0.0002895664	0.0001940103	0.0004835767
0.4253333333	0.8260254038	0.8818525553	0.8919615300	0.8415914025	0.9886665799	0.9435288118	-0.0134713100	-0.0020731774	-0.0079623730	-0.0113981327	-0.0058891956	0.0001814762	0.0000042981	0.0000633994	0.0001299174	0.0000346826	0.0002491736	0.0001646001	0.0004137737
0.4253333333	0.8326920705	0.8827918246	0.8920459461	0.8421022687	0.9896259587	0.9440122141	-0.0124067676	-0.0019785408	-0.0073555332	-0.0104282268	-0.0053769924	0.0001539279	0.0000039146	0.0000541039	0.0001087479	0.0000289120	0.0002119464	0.0001376600	0.0003496063
0.4253333333	0.8393587371	0.8837295839	0.8921291745	0.8426104239	0.9905847821	0.9444937438	-0.0113450659	-0.0018852447	-0.0067522787	-0.0094598213	-0.0048670341	0.0001287105	0.0000035541	0.0000455933	0.0000894882	0.0000236880	0.0001778579	0.0001131762	0.0002910342
0.4253333333	0.8460254038	0.8846657682	0.8922111656	0.8431157249	0.9915430364	0.9449732949	-0.0102862705	-0.0017933439	-0.0061527733	-0.0084929267	-0.0043594294	0.0001058074	0.0000032161	0.0000378566	0.0000721298	0.0000190046	0.0001468801	0.0000911344	0.0002380145
0.4253333333	0.8526920705	0.8856003179	0.8922918717	0.8436180355	0.9925007119	0.9454507682	-0.0092304409	-0.0017028917	-0.0055571717	-0.0075275491	-0.0038542800	0.0000852010	0.0000028998	0.0000308822	0.0000566640	0.0000148555	0.0001189830	0.0000715195	0.0001905025
0.4253333333	0.8593587371	0.8865331779	0.8923712464	0.8441172264	0.9934578030	0.9459260704	-0.0081776307	-0.0016139397	-0.0049656205	-0.0065636910	-0.0033516808	0.0000668736	0.0000026048	0.0000246574	0.0000430820	0.0000112338	0.0000941358	0.0000543158	0.0001484516
0.4253333333	0.8660254038	0.8874642979	0.8924492450	0.8446131749	0.9944143075	0.9463991142	-0.0071278883	-0.0015265375	-0.0043782580	-0.0056013508	-0.0028517205	0.0000508068	0.0000023303	0.0000191691	0.0000313751	0.0000081323	0.0000723063	0.0000395074	0.0001118137
0.4253333333	0.8726920705	0.8883936321	0.8925258242	0.8451057646	0.9953702268	0.9468698178	-0.0060812570	-0.0014407332	-0.0037952146	-0.0046405238	-0.0023544814	0.0000369817	0.0000020757	0.0000144037	0.0000215345	0.0000055436	0.0000534611	0.0000270780	0.0000805391
0.4253333333	0.8793587371	0.8893211387	0.8926009423	0.8455948851	0.9963255656	0.9473381049	-0.0050377750	-0.0013565733	-0.0032166136	-0.0036812017	-0.0018600403	0.0000253792	0.0000018403	0.0000103466	0.0000135512	0.0000034598	0.0000375661	0.0000170110	0.0000545771
0.4253333333	0.8860254038	0.8902467798	0.8926745588	0.8460804319	0.9972803314	0.9478039041	-0.0039974762	-0.0012741026	-0.0026425711	-0.0027233736	-0.0013684685	0.0000159798	0.0000016233	0.0000069832	0.0000074168	0.0000018727	0.0000245863	0.0000092895	0.0000338758
0.4253333333	0.8926920705	0.8911705216	0.8927466346	0.8465623059	0.9982345349	0.9482671490	-0.0029603898	-0.0011933644	-0.0020731963	-0.0017670254	-0.0008798319	0.0000087639	0.0000014241	0.0000042981	0.0000031224	0.0000007741	0.0000144862	0.0000038965	0.0000183827
0.4253333333	0.8993587371	0.8920923334	0.8928171320	0.8470404135	0.9991881892	0.9487277777	-0.0019265411	-0.0011144006	-0.0015085921	-0.0008121405	-0.0003941914	0.0000037116	0.0000012419	0.0000022759	0.0000006596	0.0000001554	0.0000072293	0.0000008150	0.0000080443
0.4253333333	0.9060254038	0.8930121885	0.8928860147	0.8475146661	1.0001413101	0.9491857328	-0.0008959515	-0.0010372516	-0.0009488551	0.0001413001	0.0000883965	0.0000008027	0.0000010759	0.0000009003	0.0000000200	0.0000000078	0.0000027789	0.0000000278	0.0000028067
0.4253333333	0.9126920705	0.8939300628	0.8929532473	0.8479849800	1.0010939156	0.9496409611	0.0001313614	-0.0009619563	-0.0003940759	0.0010933177	0.0005678804	0.0000000173	0.0000009254	0.0000001553	0.0000011953	0.0000003225	0.0000010979	0.0000015178	0.0000026157
0.4253333333	0.9193587371	0.8948459358	0.8930187961	0.8484512762	1.0020460260	0.9500934134	0.0011553835	-0.0008885523	0.0001556603	0.0020439358	0.0010442125	0.0000013349	0.0000007895	0.0000000242	0.0000041777	0.0000010904	0.0000021487	0.0000052681	0.0000074167
0.4253333333	0.9260254038	0.8957597896	0.8930826282	0.8489134801	1.0029976638	0.9505430442	0.0021761039	-0.0008170758	0.0007002738	0.0029931797	0.0015173497	0.0000047354	0.0000006676	0.0000004904	0.0000089591	0.0000023024	0.0000058934	0.0000112615	0.0000171549
0.4253333333	0.9326920705	0.8966716091	0.8931447119	0.8493715216	1.0039488530	0.9509898119	0.0031935148	-0.0007475620	0.0012396903	0.0039410768	0.0019872523	0.0000101985	0.0000005588	0.0000015368	0.0000155321	0.0000039492	0.0000122942	0.0000194813	0.0000317755
0.4253333333	0.9393587371	0.8975813820	0.8932050169	0.8498253344	1.0048996199	0.9514336779	0.0042076114	-0.0006800444	0.0017738401	0.0048876558	0.0024538845	0.0000177040	0.0000004625	0.0000031465	0.0000238892	0.0000060215	0.0000213130	0.0000299107	0.0000512237
0.4253333333	0.9460254038	0.8984890981	0.8932635137	0.8502748564	1.0058499920	0.9518746074	0.0052183915	-0.0006145557	0.0023026584	0.0058329472	0.0029172141	0.0000272316	0.0000003777	0.0000053022	0.0000340233	0.0000085101	0.0000329115	0.0000425334	0.0000754449
0.4253333333	0.9526920705	0.8993947499	0.8933201739	0.8507200292	1.0067999987	0.9523125683	0.0062258558	-0.0005511272	0.0028260847	0.0067769830	0.0033772119	0.0000387613	0.0000003037	0.0000079868	0.0000459275	0.0000114056	0.0000470518	0.0000573331	0.0001043848
0.4253333333	0.9593587371	0.9002983320	0.8933749702	0.8511607979	1.0077496706	0.9527475318	0.0072300072	-0.0004897890	0.0033440631	0.0077197962	0.0038338521	0.0000522730	0.0000002399	0.0000111828	0.0000595953	0.0000146984	0.0000636957	0.0000742937	0.0001379893
0.4253333333	0.9660254038	0.9011998409	0.8934278763	0.8515971112	1.0086990398	0.9531794718	0.0082308509	-0.0004305703	0.0038565415	0.0086614212	0.0042871117	0.0000677469	0.0000001854	0.0000148729	0.0000750202	0.0000183793	0.0000828052	0.0000933995	0.0001762048
0.4253333333	0.9726920705	0.9020992755	0.8934788668	0.8520289210	1.0096481395	0.9536083647	0.0092283943	-0.0003734990	0.0043634718	0.0096018934	0.0047369708	0.0000851633	0.0000001395	0.0000190399	0.0000921964	0.0000224389	0.0001043426	0.0001146352	0.0002189779
0.4253333333	0.9793587371	0.9029966361	0.8935279172	0.8524561825	1.0105970040	0.9540341897	0.0102226470	-0.0003186023	0.0048648097	0.0105412493	0.0051834120	0.0001045025	0.0000001015	0.0000236664	0.0001111179	0.0000268678	0.0001282704	0.0001379857	0.0002662561
0.4253333333	0.9860254038	0.9038919251	0.8935750041	0.8528788538	1.0115456687	0.9544569285	0.0112136202	-0.0002659059	0.0053605144	0.0114795261	0.0056264203	0.0001257453	0.0000000707	0.0000287351	0.0001317795	0.0000316566	0.0001545511	0.0001634361	0.0003179872
0.4253333333	0.9926920705	0.9047851463	0.8936201048	0.8532968959	1.0124941701	0.9548765648	0.0122013270	-0.0002154350	0.0058505485	0.0124167620	0.0060659835	0.0001488724	0.0000000464	0.0000342289	0.0001541760	0.0000367962	0.0001831477	0.0001909721	0.0003741198
0.4253333333	0.9993587371	0.9056763054	0.8936631975	0.8537102726	1.0134425452	0.9552930847	0.0131857822	-0.0001672136	0.0063348777	0.0133529958	0.0065020913	0.0001738649	0.0000000280	0.0000401307	0.0001783025	0.0000422772	0.0002140235	0.0002205797	0.0004346032
0.4253333333	1.0060254038	0.9065654092	0.8937042612	0.8541189505	1.0143908322	0.9557064764	0.0141670022	-0.0001212647	0.0068134710	0.0142882670	0.0069347358	0.0002007040	0.0000000147	0.0000464234	0.0002041546	0.0000480906	0.0002471420	0.0002522451	0.0004993872
0.4253333333	1.0126920705	0.9074524662	0.8937432759	0.8545228984	1.0153390697	0.9561167300	0.0151450048	-0.0000776107	0.0072863003	0.0152226155	0.0073639110	0.0002293712	0.0000000060	0.0000530902	0.0002317280	0.0000542272	0.0002824674	0.0002859552	0.0005684226
0.4253333333	1.0193587371	0.9083374860	0.8937802220	0.8549220878	1.0162872971	0.9565238375	0.0161198090	-0.0000362729	0.0077533401	0.0161560819	0.0077896130	0.0002598482	0.0000000013	0.0000601143	0.0002610190	0.0000606781	0.0003199638	0.0003216971	0.0006416609
0.4253333333	1.0260254038	0.9092204796	0.8938150811	0.8553164926	1.0172355544	0.9569277926	0.0170914354	0.0000027282	0.0082145679	0.0170887071	0.0082118396	0.0002921172	0.0000000000	0.0000674791	0.0002920239	0.0000674343	0.0003595963	0.0003594582	0.0007190545
0.4253333333	1.0326920705	0.9101014589	0.8938478353	0.8557060885	1.0181838820	0.9573285908	0.0180599054	0.0000393729	0.0086699633	0.0180205325	0.0086305904	0.0003261602	0.0000000016	0.0000751683	0.0003247396	0.0000744871	0.0004013300	0.0003992267	0.0008005567
0.4253333333	1.0393587371	0.9109804371	0.8938784674	0.8560908538	1.0191323209	0.9577262291	0.0190252417	0.0000736422	0.0091195088	0.0189515995	0.0090458666	0.0003619598	0.0000000054	0.0000831654	0.0003591631	0.0000818277	0.0004451307	0.0004409908	0.0008861215
0.4253333333	1.0460254038	0.9118574283	0.8939069609	0.8564707685	1.0200809125	0.9581207061	0.0199874681	0.0001055180	0.0095631889	0.0198819501	0.0094576709	0.0003994989	0.0000000111	0.0000914546	0.0003952919	0.0000894475	0.0004909646	0.0004847395	0.0009757041
0.4253333333	1.0526920705	0.9127324477	0.8939333000	0.8568458148	1.0210296984	0.9585120218	0.0209466090	0.0001349828	0.0100009904	0.0208116263	0.0098660076	0.0004387604	0.0000000182	0.0001000198	0.0004331238	0.0000973381	0.0005387985	0.0005304619	0.0010692604
0.4253333333	1.0593587371	0.9136055112	0.8939574697	0.8572159765	1.0219787206	0.9589001776	0.0219026901	0.0001620199	0.0104329021	0.0217406702	0.0102708822	0.0004797278	0.0000000263	0.0001088454	0.0004726567	0.0001054910	0.0005885995	0.0005781478	0.0011667473
0.4253333333	1.0660254038	0.9144766355	0.8939794554	0.8575812392	1.0229280214	0.9592851760	0.0228557374	0.0001866133	0.0108589149	0.0226691242	0.0106723016	0.0005223847	0.0000000348	0.0001179160	0.0005138892	0.0001138980	0.0006403356	0.0006277872	0.0012681228
0.4280000000	0.6660254038	0.8595064919	0.8897991356	0.8292964617	0.9659556383	0.9320041215	-0.0391378032	-0.0045004343	-0.0226792945	-0.0346373689	-0.0181788602	0.0015317676	0.0000202539	0.0005143504	0.0011997473	0.0003304710	0.0020663720	0.0015302183	0.0035965902
0.4280000000	0.6726920705	0.8604376375	0.8898916714	0.8297988145	0.9669015512	0.9324717167	-0.0380550406	-0.0043964434	-0.0220737201	-0.0336585972	-0.0176772767	0.0014481861	0.0000193287	0.0004872491	0.0011329012	0.0003124861	0.0019547639	0.0014453873	0.0034001512
0.4280000000	0.6793587371	0.8613713310	0.8899848255	0.8303051825	0.9678494580	0.9329430780	-0.0369704909	-0.0042917686	-0.0214636763	-0.0326787224	-0.0171719077	0.0013668172	0.0000184193	0.0004606894	0.0010678989	0.0002948744	0.0018459259	0.0013627733	0.0032086992
0.4280000000	0.6860254038	0.8623072792	0.8900784958	0.8308151239	0.9687991377	0.9334178140	-0.0358845016	-0.0041865248	-0.0208497035	-0.0316979768	-0.0166631787	0.0012876975	0.0000175270	0.0004347101	0.0010047617	0.0002776615	0.0017399346	0.0012824233	0.0030223578
0.4280000000	0.6926920705	0.8632452033	0.8901725827	0.8313282151	0.9697503833	0.9338955516	-0.0347974015	-0.0040808241	-0.0202323184	-0.0307165774	-0.0161514943	0.0012108591	0.0000166531	0.0004093467	0.0009435081	0.0002608708	0.0016368590	0.0012043789	0.0028412379
0.4280000000	0.6993587371	0.8641848384	0.8902669892	0.8318440507	0.9707030014	0.9343759352	-0.0337095019	-0.0039747756	-0.0196120152	-0.0297347263	-0.0156372396	0.0011363305	0.0000157988	0.0003846311	0.0008841539	0.0002445233	0.0015367605	0.0011286772	0.0026654377
0.4280000000	0.7060254038	0.8651259334	0.8903616210	0.8323622422	0.9716568111	0.9348586266	-0.0326210971	-0.0038684852	-0.0189892660	-0.0287526119	-0.0151207808	0.0010641360	0.0000149652	0.0003605922	0.0008267127	0.0002286380	0.0014396934	0.0010553507	0.0024950441
0.4280000000	0.7126920705	0.8660682498	0.8904563863	0.8328824178	0.9726116441	0.9353433033	-0.0315324653	-0.0037620563	-0.0183645222	-0.0277704090	-0.0146024659	0.0009942964	0.0000141531	0.0003372557	0.0007711956	0.0002132320	0.0013457051	0.0009844276	0.0023301327
0.4280000000	0.7193587371	0.8670115620	0.8905511957	0.8334042217	0.9735673437	0.9358296589	-0.0304438688	-0.0036555891	-0.0177382147	-0.0267882797	-0.0140826256	0.0009268292	0.0000133633	0.0003146443	0.0007176119	0.0001983203	0.0012548367	0.0009159323	0.0021707690
0.4280000000	0.7260254038	0.8679556561	0.8906459624	0.8339273134	0.9745237644	0.9363174017	-0.0293555553	-0.0035491813	-0.0171107550	-0.0258063741	-0.0135615737	0.0008617486	0.0000125967	0.0002927779	0.0006659689	0.0001839163	0.0011671233	0.0008498852	0.0020170085
0.4280000000	0.7326920705	0.8689003297	0.8907406020	0.8344513672	0.9754807715	0.9368062546	-0.0282677579	-0.0034429274	-0.0164825357	-0.0248248305	-0.0130396083	0.0007990661	0.0000118537	0.0002716740	0.0006162722	0.0001700314	0.0010825939	0.0007863036	0.0018688975
0.4280000000	0.7393587371	0.8698453916	0.8908350325	0.8349760717	0.9764382404	0.9372959541	-0.0271806961	-0.0033369196	-0.0158539315	-0.0238437765	-0.0125170119	0.0007387902	0.0000111350	0.0002513471	0.0005685257	0.0001566756	0.0010012724	0.0007252013	0.0017264737
0.4280000000	0.7460254038	0.8707906612	0.8909291742	0.8355011293	0.9773960562	0.9377862501	-0.0260945763	-0.0032312471	-0.0152252996	-0.0228633292	-0.0119940525	0.0006809269	0.0000104410	0.0002318097	0.0005227318	0.0001438573	0.0009231776	0.0006665891	0.0015897667
0.4280000000	0.7526920705	0.8717359679	0.8910229497	0.8360262555	0.9783541133	0.9382769049	-0.0250095923	-0.0031259968	-0.0145969807	-0.0218835955	-0.0114709839	0.0006254797	0.0000097719	0.0002130718	0.0004788918	0.0001315835	0.0008483234	0.0006104752	0.0014587986
0.4280000000	0.7593587371	0.8726811509	0.8911162840	0.8365511784	0.9793123148	0.9387676933	-0.0239259259	-0.0030212526	-0.0139692992	-0.0209046732	-0.0109480465	0.0005724499	0.0000091280	0.0001951413	0.0004370054	0.0001198597	0.0007767192	0.0005568651	0.0013335843
0.4280000000	0.7660254038	0.8736260587	0.8912091043	0.8370756386	0.9802705724	0.9392584014	-0.0228437475	-0.0029170963	-0.0133425642	-0.0199266512	-0.0104254679	0.0005218368	0.0000085095	0.0001780240	0.0003970714	0.0001086904	0.0007083703	0.0005057618	0.0012141321
0.4280000000	0.7726920705	0.8745705490	0.8913013397	0.8375993882	0.9812288056	0.9397488267	-0.0217632165	-0.0028136069	-0.0127170701	-0.0189496095	-0.0099034632	0.0004736376	0.0000079164	0.0001617239	0.0003590877	0.0000980786	0.0006432778	0.0004571663	0.0011004441
0.4280000000	0.7793587371	0.8755144875	0.8913929218	0.8381221908	0.9821869415	0.9402387772	-0.0206844819	-0.0027108612	-0.0120930970	-0.0179736206	-0.0093822358	0.0004278478	0.0000073488	0.0001462430	0.0003230510	0.0000880263	0.0005814396	0.0004110774	0.0009925169
0.4280000000	0.7860254038	0.8764577486	0.8914837841	0.8386438206	0.9831449144	0.9407280711	-0.0196076826	-0.0026089335	-0.0114709114	-0.0169987492	-0.0088619779	0.0003844612	0.0000068065	0.0001315818	0.0002889575	0.0000785347	0.0005228496	0.0003674921	0.0008903417
0.4280000000	0.7926920705	0.8774002142	0.8915738622	0.8391640625	0.9841026655	0.9412165364	-0.0185329483	-0.0025078958	-0.0108507667	-0.0160250525	-0.0083428709	0.0003434702	0.0000062895	0.0001177391	0.0002568023	0.0000696035	0.0004674989	0.0003264058	0.0007939047
0.4280000000	0.7993587371	0.8783417738	0.8916630935	0.8396827112	0.9850601423	0.9417040105	-0.0174603993	-0.0024078178	-0.0102329036	-0.0150525815	-0.0078250858	0.0003048655	0.0000057976	0.0001047123	0.0002265802	0.0000612320	0.0004153754	0.0002878122	0.0007031876
0.4280000000	0.8060254038	0.8792823239	0.8917514177	0.8401995711	0.9860172987	0.9421903397	-0.0163901474	-0.0023087672	-0.0096175511	-0.0140813802	-0.0073087839	0.0002686369	0.0000053304	0.0000924973	0.0001982853	0.0000534183	0.0003664646	0.0002517036	0.0006181682
0.4280000000	0.8126920705	0.8802217681	0.8918387760	0.8407144558	0.9869740942	0.9426753786	-0.0153222963	-0.0022108093	-0.0090049263	-0.0131114870	-0.0067941170	0.0002347728	0.0000048877	0.0000810887	0.0001719111	0.0000461600	0.0003207491	0.0002180711	0.0005388203
0.4280000000	0.8193587371	0.8811600161	0.8919251118	0.8412271879	0.9879304938	0.9431589903	-0.0142569416	-0.0021140075	-0.0083952356	-0.0121429341	-0.0062812281	0.0002032604	0.0000044690	0.0000704800	0.0001474508	0.0000394538	0.0002782094	0.0001869047	0.0004651141
0.4280000000	0.8260254038	0.8820969843	0.8920103701	0.8417375984	0.9888864679	0.9436410456	-0.0131941717	-0.0020184229	-0.0077886745	-0.0111757488	-0.0057702516	0.0001740862	0.0000040740	0.0000606635	0.0001248974	0.0000332958	0.0002388236	0.0001581932	0.0003970168
0.4280000000	0.8326920705	0.8830325945	0.8920944978	0.8422455264	0.9898419917	0.9441214226	-0.0121340679	-0.0019241150	-0.0071854286	-0.0102099529	-0.0052613136	0.0001472356	0.0000037022	0.0000516304	0.0001042431	0.0000276814	0.0002025682	0.0001319246	0.0003344928
0.4280000000	0.8393587371	0.8839667746	0.8921774433	0.8427508190	0.9907970451	0.9446000067	-0.0110767046	-0.0018311409	-0.0065856734	-0.0092455637	-0.0047545325	0.0001226934	0.0000033531	0.0000433711	0.0000854804	0.0000226056	0.0001694176	0.0001080860	0.0002775036
0.4280000000	0.8460254038	0.8848994576	0.8922591569	0.8432533307	0.9917516124	0.9450766900	-0.0100221499	-0.0017395561	-0.0059895756	-0.0082825937	-0.0042500195	0.0001004435	0.0000030261	0.0000358750	0.0000686014	0.0000180627	0.0001393446	0.0000866640	0.0002260086
0.4280000000	0.8526920705	0.8858305818	0.8923395905	0.8437529232	0.9927056821	0.9455513711	-0.0089704658	-0.0016494142	-0.0053972926	-0.0073210515	-0.0037478783	0.0000804693	0.0000027206	0.0000291308	0.0000535978	0.0000140466	0.0001123206	0.0000676444	0.0001799650
0.4280000000	0.8593587371	0.8867600903	0.8924186974	0.8442494654	0.9936592464	0.9460239548	-0.0079217086	-0.0015607671	-0.0048089733	-0.0063609415	-0.0032482062	0.0000627535	0.0000024360	0.0000231262	0.0000404616	0.0000105508	0.0000883157	0.0000510124	0.0001393281
0.4280000000	0.8660254038	0.8876879309	0.8924964326	0.8447428324	0.9946123016	0.9464943518	-0.0068759291	-0.0014736647	-0.0042247587	-0.0054022644	-0.0027510940	0.0000472784	0.0000021717	0.0000178486	0.0000291845	0.0000075685	0.0000672987	0.0000367530	0.0001040517
0.4280000000	0.8726920705	0.8886140559	0.8925727526	0.8452329060	0.9955648470	0.9469624785	-0.0058331728	-0.0013881554	-0.0036447816	-0.0044450174	-0.0022566262	0.0000340259	0.0000019270	0.0000132844	0.0000197582	0.0000050924	0.0000492373	0.0000248505	0.0000740879
0.4280000000	0.8793587371	0.8895384216	0.8926476153	0.8457195739	0.9965168857	0.9474282566	-0.0047934804	-0.0013042859	-0.0030691676	-0.0034891945	-0.0017648817	0.0000229775	0.0000017012	0.0000094198	0.0000121745	0.0000031148	0.0000340984	0.0000152893	0.0000493877
0.4280000000	0.8860254038	0.8904609886	0.8927209801	0.8462027298	0.9974684234	0.9478916130	-0.0037568878	-0.0012221014	-0.0024980350	-0.0025347865	-0.0012759337	0.0000141142	0.0000014935	0.0000062402	0.0000064251	0.0000016280	0.0000218479	0.0000080531	0.0000299011
0.4280000000	0.8926920705	0.8913817211	0.8927928078	0.8466822730	0.9984194690	0.9483524796	-0.0027234267	-0.0011416454	-0.0019314955	-0.0015817814	-0.0007898501	0.0000074171	0.0000013034	0.0000037307	0.0000025020	0.0000006239	0.0000124511	0.0000031259	0.0000155770
0.4280000000	0.8993587371	0.8923005870	0.8928630603	0.8471581080	0.9993700340	0.9488107926	-0.0016931245	-0.0010629599	-0.0013696538	-0.0006301645	-0.0003066939	0.0000028667	0.0000011299	0.0000018760	0.0000003971	0.0000000941	0.0000058725	0.0000004912	0.0000063637
0.4280000000	0.9060254038	0.8932175576	0.8929317012	0.8476301446	1.0003201325	0.9492664932	-0.0006660044	-0.0009860857	-0.0008126089	0.0003200813	0.0001734768	0.0000004436	0.0000009724	0.0000006603	0.0000001025	0.0000000301	0.0000020763	0.0000001325	0.0000022088
0.4280000000	0.9126920705	0.8941326077	0.8929986950	0.8480982976	1.0012697810	0.9497195263	0.0003579138	-0.0009110617	-0.0002604533	0.0012689755	0.0006506084	0.0000001281	0.0000008300	0.0000000678	0.0000016103	0.0000004233	0.0000010260	0.0000020336	0.0000030596
0.4280000000	0.9193587371	0.8950457149	0.8930640076	0.8485624862	1.0022189981	0.9501698412	0.0013786139	-0.0008379258	0.0002867258	0.0022165397	0.0011246516	0.0000019006	0.0000007021	0.0000000822	0.0000049130	0.0000012648	0.0000026849	0.0000061779	0.0000088628
0.4280000000	0.9260254038	0.8959568599	0.8931276061	0.8490226346	1.0031678046	0.9506173908	0.0023960832	-0.0007667145	0.0008288469	0.0031627977	0.0015955615	0.0000057412	0.0000005879	0.0000006870	0.0000100033	0.0000025458	0.0000070161	0.0000125491	0.0000195652
0.4280000000	0.9326920705	0.8968660261	0.8931894588	0.8494786710	1.0041162234	0.9510621320	0.0034103120	-0.0006974629	0.0013658337	0.0041077749	0.0020632966	0.0000116302	0.0000004865	0.0000018655	0.0000168738	0.0000042572	0.0000139822	0.0000211310	0.0000351132
0.4280000000	0.9393587371	0.8977731998	0.8932495350	0.8499305278	1.0050642789	0.9515040249	0.0044212937	-0.0006302049	0.0018976148	0.0050514986	0.0025278197	0.0000195478	0.0000003972	0.0000036009	0.0000255176	0.0000063899	0.0000235459	0.0000319075	0.0000554534
0.4280000000	0.9460254038	0.8986783694	0.8933078052	0.8503781415	1.0060119975	0.9519430330	0.0054290245	-0.0005649731	0.0024241236	0.0059939975	0.0029890966	0.0000294743	0.0000003192	0.0000058764	0.0000359280	0.0000089347	0.0000356699	0.0000448627	0.0000805326
0.4280000000	0.9526920705	0.8995815261	0.8933642409	0.8508214523	1.0069594069	0.9523791231	0.0064335030	-0.0005017989	0.0029452980	0.0069353020	0.0034470969	0.0000413900	0.0000002518	0.0000086748	0.0000480984	0.0000118825	0.0000503165	0.0000599809	0.0001102974
0.4280000000	0.9593587371	0.9004826631	0.8934188147	0.8512604042	1.0079065365	0.9528122647	0.0074347307	-0.0004407129	0.0034610803	0.0078754436	0.0039017931	0.0000552752	0.0000001942	0.0000119791	0.0000620226	0.0000152240	0.0000674485	0.0000772466	0.0001446951
0.4280000000	0.9660254038	0.9013817758	0.8934715001	0.8516949444	1.0088534169	0.9532424305	0.0084327112	-0.0003817440	0.0039714169	0.0088144552	0.0043531609	0.0000711106	0.0000001457	0.0000157722	0.0000776946	0.0000189500	0.0000870285	0.0000966446	0.0001836731
0.4280000000	0.9726920705	0.9022788615	0.8935222717	0.8521250237	1.0098000801	0.9536695958	0.0094274502	-0.0003249205	0.0044762582	0.0097523707	0.0048011787	0.0000888768	0.0000001056	0.0000200369	0.0000951087	0.0000230513	0.0001090193	0.0001181601	0.0002271793
0.4280000000	0.9793587371	0.9031739197	0.8935711050	0.8525505962	1.0107465591	0.9540937384	0.0104189558	-0.0002702694	0.0049755584	0.0106892252	0.0052458278	0.0001085546	0.0000000730	0.0000247562	0.0001142595	0.0000275187	0.0001333839	0.0001417782	0.0002751621
0.4280000000	0.9860254038	0.9040669513	0.8936179764	0.8529716186	1.0116928880	0.9545148388	0.0114072377	-0.0002178168	0.0054692752	0.0116250545	0.0056870920	0.0001301251	0.0000000474	0.0000299130	0.0001351419	0.0000323430	0.0001600855	0.0001674849	0.0003275704
0.4280000000	0.9926920705	0.9049579593	0.8936628631	0.8533880511	1.0126391021	0.9549328794	0.0123923076	-0.0001675878	0.0059573698	0.0125598954	0.0061249576	0.0001535693	0.0000000281	0.0000354903	0.0001577510	0.0000375151	0.0001890876	0.0001952661	0.0003843537
0.4280000000	0.9993587371	0.9058469479	0.8937057433	0.8537998563	1.0135852373	0.9553478454	0.0133741789	-0.0001196064	0.0064398067	0.0134937853	0.0065594130	0.0001788687	0.0000000143	0.0000414711	0.0001820822	0.0000430259	0.0002203541	0.0002251081	0.0004454622
0.4280000000	1.0060254038	0.9067339231	0.8937465960	0.8542069996	1.0145313304	0.9557597236	0.0143528665	-0.0000738959	0.0069165533	0.0144267624	0.0069904492	0.0002060048	0.0000000055	0.0000478387	0.0002081315	0.0000488664	0.0002538489	0.0002569979	0.0005108468
0.4280000000	1.0126920705	0.9076188922	0.8937854009	0.8546094490	1.0154774191	0.9561685032	0.0153283870	-0.0000304785	0.0073875804	0.0153588656	0.0074180590	0.0002349594	0.0000000009	0.0000545763	0.0002358948	0.0000550276	0.0002895367	0.0002909224	0.0005804591
0.4280000000	1.0193587371	0.9085018638	0.8938221387	0.8550071750	1.0164235416	0.9565741750	0.0163007582	0.0000106242	0.0078528614	0.0162901340	0.0078422371	0.0002657147	0.0000000001	0.0000616674	0.0002653685	0.0000615007	0.0003273823	0.0003268691	0.0006542514
0.4280000000	1.0260254038	0.9093828479	0.8938567907	0.8554001503	1.0173697368	0.9569767319	0.0172699992	0.0000493918	0.0083123722	0.0172206074	0.0082629804	0.0002982529	0.0000000024	0.0000690955	0.0002965493	0.0000682768	0.0003673508	0.0003648262	0.0007321770
0.4280000000	1.0326920705	0.9102618556	0.8938893390	0.8557883501	1.0183160441	0.9573761681	0.0182361303	0.0000858045	0.0087660917	0.0181503259	0.0086802872	0.0003325564	0.0000000074	0.0000768444	0.0003294343	0.0000753474	0.0004094082	0.0004047817	0.0008141899
0.4280000000	1.0393587371	0.9111388990	0.8939197664	0.8561717515	1.0192625035	0.9577724799	0.0191991732	0.0001198432	0.0092140009	0.0190793300	0.0090941577	0.0003686083	0.0000000144	0.0000848978	0.0003640208	0.0000827037	0.0004535204	0.0004467245	0.0009002450
0.4280000000	1.0460254038	0.9120139914	0.8939480563	0.8565503337	1.0202091552	0.9581656648	0.0201591502	0.0001514898	0.0096560834	0.0200076604	0.0095045936	0.0004063913	0.0000000229	0.0000932399	0.0004003065	0.0000903373	0.0004996542	0.0004906438	0.0009902980
0.4280000000	1.0526920705	0.9128871469	0.8939741931	0.8569240780	1.0211560401	0.9585557219	0.0211160849	0.0001807268	0.0100923249	0.0209353581	0.0099115981	0.0004458890	0.0000000327	0.0001018550	0.0004382892	0.0000982398	0.0005477767	0.0005365290	0.0010843057
0.4280000000	1.0593587371	0.9137583808	0.8939981614	0.8572929675	1.0221031991	0.9589426517	0.0220700017	0.0002075374	0.0105227133	0.0218624643	0.0103151758	0.0004870850	0.0000000431	0.0001107275	0.0004779673	0.0001064029	0.0005978555	0.0005843702	0.0011822257
0.4280000000	1.0660254038	0.9146277089	0.8940199469	0.8576569871	1.0230506736	0.9593264559	0.0230209257	0.0002319057	0.0109472383	0.0227890201	0.0107153326	0.0005299630	0.0000000538	0.0001198420	0.0005193394	0.0001148184	0.0006498588	0.0006341578	0.0012840166
0.4306666667	0.6660254038	0.8598678096	0.8898577292	0.8295409910	0.9662980737	0.9322175487	-0.0387175136	-0.0044345861	-0.0223844744	-0.0342829275	-0.0179498883	0.0014990459	0.0000196656	0.0005010647	0.0011753191	0.0003221985	0.0020197761	0.0014975176	0.0035172937
0.4306666667	0.6726920705	0.8607927469	0.8899496850	0.8300379044	0.9672375433	0.9326795867	-0.0376424178	-0.0043312538	-0.0217856317	-0.0333111640	-0.0174543779	0.0014169516	0.0000187598	0.0004746137	0.0011096336	0.0003046553	0.0019103251	0.0014142890	0.0033246141
0.4306666667	0.6793587371	0.8617203670	0.8900422814	0.8305389718	0.9681791360	0.9331455248	-0.0365653633	-0.0042272123	-0.0211821457	-0.0323381510	-0.0169549334	0.0013370258	0.0000178693	0.0004486833	0.0010457560	0.0002874698	0.0018035784	0.0013332258	0.0031368042
0.4306666667	0.6860254038	0.8626503742	0.8901354152	0.8310437483	0.9691226295	0.9336149692	-0.0354867006	-0.0041225781	-0.0205745605	-0.0313641225	-0.0164519824	0.0012593059	0.0000169957	0.0004233125	0.0009837082	0.0002706677	0.0016996141	0.0012543759	0.0029539900
0.4306666667	0.6926920705	0.8635824872	0.8902289855	0.8315518074	0.9700678154	0.9340875448	-0.0344067616	-0.0040174644	-0.0199633967	-0.0303892971	-0.0159459322	0.0011838252	0.0000161400	0.0003985372	0.0009235094	0.0002542728	0.0015985025	0.0011777821	0.0027762846
0.4306666667	0.6993587371	0.8645164390	0.8903228944	0.8320627405	0.9710144987	0.9345628937	-0.0333258606	-0.0039119815	-0.0193491521	-0.0294138791	-0.0154371705	0.0011106130	0.0000153036	0.0003743897	0.0008651763	0.0002383062	0.0015003063	0.0011034825	0.0026037888
0.4306666667	0.7060254038	0.8654519758	0.8904170465	0.8325761562	0.9719624969	0.9350406750	-0.0322442953	-0.0038062366	-0.0187323027	-0.0284380587	-0.0149260661	0.0010396946	0.0000144874	0.0003508992	0.0008087232	0.0002227875	0.0014050812	0.0010315106	0.0024365918
0.4306666667	0.7126920705	0.8663888569	0.8905113490	0.8330916795	0.9729116400	0.9355205641	-0.0311623469	-0.0037003340	-0.0181133037	-0.0274620129	-0.0144129697	0.0009710919	0.0000136925	0.0003280918	0.0007541622	0.0002077337	0.0013128761	0.0009618958	0.0022747720
0.4306666667	0.7193587371	0.8673268541	0.8906057115	0.8336089517	0.9738617694	0.9360022521	-0.0300802811	-0.0035943752	-0.0174925898	-0.0264859059	-0.0138982146	0.0009048233	0.0000129195	0.0003059907	0.0007015032	0.0001931604	0.0012237335	0.0008946636	0.0021183971
0.4306666667	0.7260254038	0.8682657509	0.8907000464	0.8341276292	0.9748127379	0.9364854448	-0.0289983487	-0.0034884586	-0.0168705761	-0.0255098901	-0.0133821175	0.0008409042	0.0000121693	0.0002846163	0.0006507545	0.0001790811	0.0011376899	0.0008298356	0.0019675255
0.4306666667	0.7326920705	0.8692053427	0.8907942685	0.8346473834	0.9757644088	0.9369698627	-0.0279167861	-0.0033826800	-0.0162476590	-0.0245341061	-0.0128649791	0.0007793469	0.0000114425	0.0002639864	0.0006019224	0.0001655077	0.0010547759	0.0007674300	0.0018222059
0.4306666667	0.7393587371	0.8701454357	0.8908882948	0.8351678999	0.9767166555	0.9374552397	-0.0268358160	-0.0032771322	-0.0156242169	-0.0235586838	-0.0123470847	0.0007201610	0.0000107396	0.0002441162	0.0005550116	0.0001524505	0.0009750168	0.0007074621	0.0016824789
0.4306666667	0.7460254038	0.8710858467	0.8909820449	0.8356888783	0.9776693612	0.9379413234	-0.0257556481	-0.0031719055	-0.0150006106	-0.0225837426	-0.0118287051	0.0006633534	0.0000100610	0.0002250183	0.0005100254	0.0001399183	0.0008984327	0.0006499437	0.0015483764
0.4306666667	0.7526920705	0.8720264028	0.8910754409	0.8362100312	0.9786224183	0.9384278736	-0.0246764793	-0.0030670874	-0.0143771843	-0.0216093918	-0.0113100969	0.0006089286	0.0000094070	0.0002067034	0.0004669658	0.0001279183	0.0008250391	0.0005948841	0.0014199232
0.4306666667	0.7593587371	0.8729669407	0.8911684068	0.8367310840	0.9795757279	0.9389146627	-0.0235984946	-0.0029627628	-0.0137542660	-0.0206357318	-0.0107915031	0.0005568889	0.0000087780	0.0001891798	0.0004258334	0.0001164565	0.0007548467	0.0005422900	0.0012971367
0.4306666667	0.7660254038	0.8739073066	0.8912608692	0.8372517745	0.9805291996	0.9394014743	-0.0225218676	-0.0028590141	-0.0131321682	-0.0196628535	-0.0102731541	0.0005072345	0.0000081740	0.0001724538	0.0003866278	0.0001055377	0.0006878623	0.0004921655	0.0011800278
0.4306666667	0.7726920705	0.8748473556	0.8913527567	0.8377718521	0.9814827508	0.9398881036	-0.0214467608	-0.0027559211	-0.0125111887	-0.0186908397	-0.0097552677	0.0004599635	0.0000075951	0.0001565298	0.0003493475	0.0000951652	0.0006240885	0.0004445127	0.0010686012
0.4306666667	0.7793587371	0.8757869512	0.8914440002	0.8382910777	0.9824363067	0.9403743561	-0.0203733262	-0.0026535611	-0.0118916110	-0.0177197651	-0.0092380499	0.0004150724	0.0000070414	0.0001414104	0.0003139901	0.0000853416	0.0005635242	0.0003993316	0.0009628559
0.4306666667	0.7860254038	0.8767259654	0.8915345327	0.8388092231	0.9833897995	0.9408600478	-0.0193017059	-0.0025520091	-0.0112737047	-0.0167496968	-0.0087216957	0.0003725558	0.0000065128	0.0001270964	0.0002805523	0.0000760680	0.0005061650	0.0003566203	0.0008627853
0.4306666667	0.7926920705	0.8776642778	0.8916242893	0.8393260705	0.9843431682	0.9413450044	-0.0182320322	-0.0024513377	-0.0106577265	-0.0157806945	-0.0082063888	0.0003324070	0.0000060091	0.0001135871	0.0002490303	0.0000673448	0.0004520032	0.0003163751	0.0007683783
0.4306666667	0.7993587371	0.8786017756	0.8917132069	0.8398414122	0.9852963585	0.9418290608	-0.0171644287	-0.0023516172	-0.0100439203	-0.0148128114	-0.0076923031	0.0002946176	0.0000055301	0.0001008803	0.0002194194	0.0000591715	0.0004010281	0.0002785909	0.0006796190
0.4306666667	0.8060254038	0.8795383533	0.8918012246	0.8403550501	0.9862493222	0.9423120612	-0.0160990099	-0.0022529158	-0.0094325181	-0.0138460941	-0.0071796022	0.0002591781	0.0000050756	0.0000889724	0.0001917143	0.0000515467	0.0003532261	0.0002432610	0.0005964872
0.4306666667	0.8126920705	0.8804739120	0.8918882833	0.8408667957	0.9872020167	0.9427938581	-0.0150358824	-0.0021552993	-0.0088237399	-0.0128805830	-0.0066684406	0.0002260778	0.0000046453	0.0000778584	0.0001659094	0.0000444681	0.0003085815	0.0002103775	0.0005189590
0.4306666667	0.8193587371	0.8814083595	0.8919743260	0.8413764690	0.9881544051	0.9432743123	-0.0139751445	-0.0020588315	-0.0082177951	-0.0119163130	-0.0061589636	0.0001953047	0.0000042388	0.0000675322	0.0001419985	0.0000379328	0.0002670756	0.0001799313	0.0004470070
0.4306666667	0.8260254038	0.8823416099	0.8920592972	0.8418838988	0.9891064558	0.9437532925	-0.0129168874	-0.0019635741	-0.0076148820	-0.0109533133	-0.0056513079	0.0001668460	0.0000038556	0.0000579864	0.0001199751	0.0000319373	0.0002286880	0.0001519124	0.0003806004
0.4306666667	0.8326920705	0.8832735831	0.8921431435	0.8423889222	0.9900581421	0.9442306746	-0.0118611949	-0.0018695867	-0.0070151889	-0.0099916082	-0.0051456021	0.0001406879	0.0000034954	0.0000492129	0.0000998322	0.0000264772	0.0001933962	0.0001263095	0.0003197056
0.4306666667	0.8393587371	0.8842042049	0.8922258129	0.8428913840	0.9910094420	0.9447063421	-0.0108081441	-0.0017769272	-0.0064188942	-0.0090312170	-0.0046419670	0.0001168160	0.0000031575	0.0000412022	0.0000815629	0.0000215479	0.0001611757	0.0001031107	0.0002642864
0.4306666667	0.8460254038	0.8851334065	0.8923072554	0.8433911368	0.9919603377	0.9451801850	-0.0097578058	-0.0016856511	-0.0058261670	-0.0080721546	-0.0041405158	0.0000952148	0.0000028414	0.0000339442	0.0000651597	0.0000171439	0.0001320004	0.0000823036	0.0002143040
0.4306666667	0.8526920705	0.8860611240	0.8923874226	0.8438880402	0.9929108160	0.9456521000	-0.0087102443	-0.0015958126	-0.0052371673	-0.0071144316	-0.0036413547	0.0000758684	0.0000025466	0.0000274279	0.0000506151	0.0000132595	0.0001058429	0.0000638746	0.0001697175
0.4306666667	0.8593587371	0.8869872987	0.8924662675	0.8443819610	0.9938608674	0.9461219899	-0.0076655183	-0.0015074637	-0.0046520467	-0.0061580546	-0.0031445830	0.0000587602	0.0000022724	0.0000216415	0.0000379216	0.0000098884	0.0000826742	0.0000478100	0.0001304842
0.4306666667	0.8660254038	0.8879118767	0.8925437449	0.8448727726	0.9948104860	0.9465897637	-0.0066236811	-0.0014206548	-0.0040709483	-0.0052030263	-0.0026502935	0.0000438732	0.0000020183	0.0000165726	0.0000270715	0.0000070241	0.0000624640	0.0000340955	0.0000965596
0.4306666667	0.8726920705	0.8888348082	0.8926198110	0.8453603548	0.9957596697	0.9470553357	-0.0055847804	-0.0013354345	-0.0034940075	-0.0042493460	-0.0021585730	0.0000311898	0.0000017834	0.0000122081	0.0000180569	0.0000046594	0.0000451812	0.0000227164	0.0000678976
0.4306666667	0.8793587371	0.8897560481	0.8926944235	0.8458445936	0.9967084196	0.9475186260	-0.0045488593	-0.0012518498	-0.0029213521	-0.0032970095	-0.0016695023	0.0000206921	0.0000015671	0.0000085343	0.0000108703	0.0000027872	0.0000307935	0.0000136575	0.0000444511
0.4306666667	0.8860254038	0.8906755550	0.8927675415	0.8463253809	0.9976567399	0.9479795597	-0.0035159559	-0.0011699460	-0.0023531027	-0.0023460098	-0.0011831566	0.0000123619	0.0000013688	0.0000055371	0.0000055038	0.0000013999	0.0000192678	0.0000069036	0.0000261714
0.4306666667	0.8926920705	0.8915932915	0.8928391256	0.8468026142	0.9986046376	0.9484380668	-0.0024861038	-0.0010897670	-0.0017893729	-0.0013963368	-0.0006996059	0.0000061807	0.0000011876	0.0000032019	0.0000019498	0.0000004894	0.0000105702	0.0000024392	0.0000130094
0.4306666667	0.8993587371	0.8925092239	0.8929091376	0.8472761966	0.9995521227	0.9488940821	-0.0014593327	-0.0010113551	-0.0012302698	-0.0004479776	-0.0002189148	0.0000021297	0.0000010228	0.0000015136	0.0000002007	0.0000000479	0.0000046661	0.0000002486	0.0000049147
0.4306666667	0.9060254038	0.8934233219	0.8929775408	0.8477460360	1.0004992076	0.9493475449	-0.0004356679	-0.0009347509	-0.0006758942	0.0004990830	0.0002588567	0.0000001898	0.0000008738	0.0000004568	0.0000002491	0.0000000670	0.0000015204	0.0000003161	0.0000018365
0.4306666667	0.9126920705	0.8943355587	0.8930442996	0.8482120458	1.0014459071	0.9497983988	0.0005848689	-0.0008599939	-0.0001263408	0.0014448628	0.0007336531	0.0000003421	0.0000007396	0.0000000160	0.0000020876	0.0000005382	0.0000010976	0.0000026259	0.0000037235
0.4306666667	0.9193587371	0.8952459104	0.8931093798	0.8486741438	1.0023922385	0.9502465913	0.0016022596	-0.0007871220	0.0004183015	0.0023893817	0.0012054236	0.0000025672	0.0000006196	0.0000001750	0.0000057091	0.0000014530	0.0000033618	0.0000071622	0.0000105240
0.4306666667	0.9260254038	0.8961543563	0.8931727483	0.8491322525	1.0033382210	0.9506920740	0.0026164896	-0.0007161719	0.0009579492	0.0033326615	0.0016741212	0.0000068460	0.0000005129	0.0000009177	0.0000111066	0.0000028027	0.0000082766	0.0000139093	0.0000221859
0.4306666667	0.9326920705	0.8970608783	0.8932343731	0.8495862987	1.0042838759	0.9511348021	0.0036275474	-0.0006471788	0.0014925243	0.0042747262	0.0021397031	0.0000131591	0.0000004188	0.0000022276	0.0000182733	0.0000045783	0.0000158056	0.0000228516	0.0000386572
0.4306666667	0.9393587371	0.8979654613	0.8932942237	0.8500362136	1.0052292262	0.9515747344	0.0046354245	-0.0005801768	0.0020219535	0.0052156013	0.0026021303	0.0000214872	0.0000003366	0.0000040883	0.0000272025	0.0000067711	0.0000259121	0.0000339736	0.0000598856
0.4306666667	0.9460254038	0.8988680923	0.8933522702	0.8504819323	1.0061742968	0.9520118330	0.0056401154	-0.0005151985	0.0025461686	0.0061553140	0.0030613672	0.0000318109	0.0000002654	0.0000064830	0.0000378879	0.0000093720	0.0000385593	0.0000472599	0.0000858192
0.4306666667	0.9526920705	0.8997687613	0.8934084842	0.8509233936	1.0071191142	0.9524460631	0.0066416172	-0.0004522757	0.0030651059	0.0070938930	0.0035173817	0.0000441111	0.0000002046	0.0000093949	0.0000503233	0.0000123720	0.0000537105	0.0000626953	0.0001164058
0.4306666667	0.9593587371	0.9006674600	0.8934628381	0.8513605402	1.0080637063	0.9528773933	0.0076399296	-0.0003914388	0.0035787061	0.0080313684	0.0039701449	0.0000583685	0.0000001532	0.0000128071	0.0000645029	0.0000157621	0.0000713289	0.0000802649	0.0001515938
0.4306666667	0.9660254038	0.9015641828	0.8935153054	0.8517933183	1.0090081024	0.9533057948	0.0086350544	-0.0003327170	0.0040869140	0.0089677715	0.0044196310	0.0000745642	0.0000001107	0.0000167029	0.0000804209	0.0000195331	0.0000913777	0.0000999541	0.0001913318
0.4306666667	0.9726920705	0.9024589256	0.8935658604	0.8522216774	1.0099523332	0.9537312415	0.0096269962	-0.0002761387	0.0045896785	0.0099031349	0.0048658171	0.0000926791	0.0000000763	0.0000210651	0.0000980721	0.0000236762	0.0001138205	0.0001217483	0.0002355687
0.4306666667	0.9793587371	0.9033516867	0.8936144787	0.8526455703	1.0108964304	0.9541537102	0.0106157612	-0.0002217308	0.0050869523	0.0108374921	0.0053086831	0.0001126944	0.0000000492	0.0000258771	0.0001174512	0.0000281821	0.0001386206	0.0001456334	0.0002842540
0.4306666667	0.9860254038	0.9042424660	0.8936611366	0.8530649529	1.0118404270	0.9545731799	0.0116013579	-0.0001695197	0.0055786917	0.0117708776	0.0057482114	0.0001345915	0.0000000287	0.0000311218	0.0001385536	0.0000330419	0.0001657420	0.0001715955	0.0003373375
0.4306666667	0.9926920705	0.9051312652	0.8937058112	0.8534797840	1.0127843569	0.9549896323	0.0125837964	-0.0001195304	0.0060648567	0.0127033268	0.0061843871	0.0001583519	0.0000000143	0.0000367825	0.0001613745	0.0000382466	0.0001951487	0.0001996212	0.0003947699
0.4306666667	0.9993587371	0.9060180876	0.8937484806	0.8538900253	1.0137282548	0.9554030511	0.0135630889	-0.0000717871	0.0065454102	0.0136348760	0.0066171974	0.0001839574	0.0000000052	0.0000428424	0.0001859098	0.0000437873	0.0002268049	0.0002296971	0.0004565021
0.4306666667	1.0060254038	0.9069029379	0.8937891239	0.8542956412	1.0146721567	0.9558134222	0.0145392488	-0.0000263132	0.0070203187	0.0145655619	0.0070466318	0.0002113898	0.0000000007	0.0000492849	0.0002121556	0.0000496550	0.0002606753	0.0002618106	0.0005224859
0.4306666667	1.0126920705	0.9077858226	0.8938277206	0.8546965988	1.0156160987	0.9562207336	0.0155122914	0.0000168692	0.0074895514	0.0154954222	0.0074726822	0.0002406312	0.0000000003	0.0000560934	0.0002401081	0.0000558410	0.0002967248	0.0002959491	0.0005926739
0.4306666667	1.0193587371	0.9086667492	0.8938642515	0.8550928674	1.0165601183	0.9566249752	0.0164822333	0.0000577385	0.0079530805	0.0164244948	0.0078953421	0.0002716640	0.0000000033	0.0000632515	0.0002697640	0.0000623364	0.0003349188	0.0003321005	0.0006670193
0.4306666667	1.0260254038	0.9095457267	0.8938986976	0.8554844189	1.0175042531	0.9570261386	0.0174490923	0.0000962740	0.0084108810	0.0173528183	0.0083146071	0.0003044708	0.0000000093	0.0000707429	0.0003011203	0.0000691327	0.0003752230	0.0003702530	0.0007454760
0.4306666667	1.0326920705	0.9104227652	0.8939310412	0.8558712276	1.0184485416	0.9574242175	0.0184128876	0.0001324559	0.0088629305	0.0182804317	0.0087304746	0.0003390344	0.0000000175	0.0000785515	0.0003341742	0.0000762212	0.0004176035	0.0004103954	0.0008279989
0.4306666667	1.0393587371	0.9112978761	0.8939612650	0.8562532697	1.0193930227	0.9578192068	0.0193736397	0.0001662653	0.0093092089	0.0192073744	0.0091429436	0.0003753379	0.0000000276	0.0000866614	0.0003689232	0.0000835934	0.0004620269	0.0004525166	0.0009145436
0.4306666667	1.0460254038	0.9121710715	0.8939893524	0.8566305237	1.0203377357	0.9582111033	0.0203313697	0.0001976838	0.0097496988	0.0201336859	0.0095520149	0.0004133646	0.0000000391	0.0000950566	0.0004053653	0.0000912410	0.0005084603	0.0004966063	0.0010050666
0.4306666667	1.0526920705	0.9130423649	0.8940152876	0.8570029699	1.0212827204	0.9585999052	0.0212861003	0.0002266941	0.0101843847	0.0210594062	0.0099576907	0.0004530981	0.0000000514	0.0001037217	0.0004434986	0.0000991556	0.0005568711	0.0005426542	0.0010995253
0.4306666667	1.0593587371	0.9139117706	0.8940390554	0.8573705907	1.0222280169	0.9589856120	0.0222378545	0.0002532792	0.0106132536	0.0219845754	0.0103599745	0.0004945222	0.0000000642	0.0001126412	0.0004833216	0.0001073291	0.0006072275	0.0005906506	0.0011978781
0.4306666667	1.0660254038	0.9147793036	0.8940606413	0.8577333701	1.0231736656	0.9593682246	0.0231866567	0.0002774231	0.0110362944	0.0229092336	0.0107588713	0.0005376211	0.0000000770	0.0001217998	0.0005248330	0.0001157533	0.0006594978	0.0006405863	0.0013000841
0.4333333333	0.6660254038	0.8602282660	0.8899161139	0.8297841051	0.9666397232	0.9324295764	-0.0382984015	-0.0043689769	-0.0220914467	-0.0339294246	-0.0177224698	0.0014667676	0.0000190880	0.0004880320	0.0011512059	0.0003140859	0.0019738875	0.0014652918	0.0034391793
0.4333333333	0.6726920705	0.8611470651	0.8900075074	0.8302756771	0.9675728103	0.9328861500	-0.0372308840	-0.0042662832	-0.0214992126	-0.0329646008	-0.0172329294	0.0013861387	0.0000182012	0.0004622161	0.0010866649	0.0002969739	0.0018665560	0.0013836388	0.0032501948
0.4333333333	0.6793587371	0.8620686787	0.8900995633	0.8307715380	0.9685081469	0.9333467539	-0.0361612400	-0.0041628558	-0.0209021664	-0.0319983842	-0.0167393106	0.0013076353	0.0000173294	0.0004369006	0.0010238966	0.0002802045	0.0017618652	0.0013041011	0.0030659663
0.4333333333	0.6860254038	0.8629928089	0.8901921771	0.8312712401	0.9694455097	0.9338109921	-0.0350898228	-0.0040588124	-0.0203008556	-0.0310310104	-0.0162420432	0.0012312957	0.0000164740	0.0004121247	0.0009629236	0.0002638040	0.0016598944	0.0012267276	0.0028866219
0.4333333333	0.6926920705	0.8639191723	0.8902852471	0.8317743540	0.9703846887	0.9342784874	-0.0340169673	-0.0039542675	-0.0196958044	-0.0300626998	-0.0157415369	0.0011571541	0.0000156362	0.0003879247	0.0009037659	0.0002477960	0.0015607150	0.0011515619	0.0027122769
0.4333333333	0.6993587371	0.8648474996	0.8903786740	0.8322804680	0.9713254875	0.9347488797	-0.0329429909	-0.0038493326	-0.0190875143	-0.0290936583	-0.0152381818	0.0010852406	0.0000148174	0.0003643332	0.0008464410	0.0002322022	0.0014643912	0.0010786431	0.0025430344
0.4333333333	0.7060254038	0.8657775345	0.8904723614	0.8327891878	0.9722677222	0.9352218259	-0.0318681942	-0.0037441161	-0.0184764651	-0.0281240781	-0.0147323490	0.0010155818	0.0000140184	0.0003413798	0.0007909638	0.0002170421	0.0013709800	0.0010080059	0.0023789858
0.4333333333	0.7126920705	0.8667090341	0.8905662157	0.8333001355	0.9732112210	0.9356969991	-0.0307928615	-0.0036387233	-0.0178631153	-0.0271541382	-0.0142243920	0.0009482003	0.0000132403	0.0003190909	0.0007373472	0.0002023333	0.0012805315	0.0009396805	0.0022202121
0.4333333333	0.7193587371	0.8676417677	0.8906601455	0.8338129494	0.9741558237	0.9361740880	-0.0297172618	-0.0035332569	-0.0172479034	-0.0261840049	-0.0137146465	0.0008831156	0.0000124839	0.0002974902	0.0006856021	0.0001880915	0.0011930897	0.0008736936	0.0020667834
0.4333333333	0.7260254038	0.8685755165	0.8907540623	0.8343272831	0.9751013813	0.9366527962	-0.0286416488	-0.0034278162	-0.0166312481	-0.0252138326	-0.0132034319	0.0008203440	0.0000117499	0.0002765984	0.0006357374	0.0001743306	0.0011086924	0.0008100680	0.0019187604
0.4333333333	0.7326920705	0.8695100734	0.8908478799	0.8348428052	0.9760477552	0.9371328417	-0.0275662622	-0.0033224979	-0.0160135495	-0.0242437642	-0.0126910515	0.0007598988	0.0000110390	0.0002564338	0.0005877601	0.0001610628	0.0010273716	0.0007488229	0.0017761945
0.4333333333	0.7393587371	0.8704452422	0.8909415147	0.8353591984	0.9769948171	0.9376139562	-0.0264913277	-0.0032173959	-0.0153951892	-0.0232739319	-0.0121777933	0.0007017904	0.0000103516	0.0002370119	0.0005416759	0.0001482987	0.0009491539	0.0006899746	0.0016391285
0.4333333333	0.7460254038	0.8713808375	0.8910348856	0.8358761595	0.9779424482	0.9380958849	-0.0254170582	-0.0031126012	-0.0147765318	-0.0223044571	-0.0116639307	0.0006460268	0.0000096883	0.0002183459	0.0004974888	0.0001360473	0.0008740610	0.0006335361	0.0015075971
0.4333333333	0.7526920705	0.8723166838	0.8911279137	0.8363933983	0.9788905390	0.9385783852	-0.0243436537	-0.0030082021	-0.0141579248	-0.0213354517	-0.0111497228	0.0005926135	0.0000090493	0.0002004468	0.0004552015	0.0001243163	0.0008021096	0.0005795178	0.0013816274
0.4333333333	0.7593587371	0.8732526155	0.8912205225	0.8369106376	0.9798389887	0.9390612272	-0.0232713023	-0.0029042843	-0.0135396996	-0.0203670181	-0.0106354154	0.0005415535	0.0000084349	0.0001833235	0.0004148154	0.0001131121	0.0007333118	0.0005279275	0.0012612393
0.4333333333	0.7660254038	0.8741884765	0.8913126380	0.8374276125	0.9807877048	0.9395441922	-0.0222001806	-0.0028009309	-0.0129221722	-0.0193992497	-0.0101212413	0.0004928480	0.0000078452	0.0001669825	0.0003763309	0.0001024395	0.0006676758	0.0004787704	0.0011464462
0.4333333333	0.7726920705	0.8751241195	0.8914041881	0.8379440699	0.9817366029	0.9400270731	-0.0211304540	-0.0026982223	-0.0123056435	-0.0184322317	-0.0096074212	0.0004464961	0.0000072804	0.0001514289	0.0003397472	0.0000923025	0.0006052054	0.0004320497	0.0010372551
0.4333333333	0.7793587371	0.8760594058	0.8914951032	0.8384597680	0.9826856061	0.9405096730	-0.0200622777	-0.0025962367	-0.0116904001	-0.0174660410	-0.0090941634	0.0004024950	0.0000067404	0.0001366655	0.0003050626	0.0000827038	0.0005459009	0.0003877664	0.0009336673
0.4333333333	0.7860254038	0.8769942051	0.8915853156	0.8389744762	0.9836346447	0.9409918058	-0.0189957965	-0.0024950495	-0.0110767150	-0.0165007470	-0.0085816655	0.0003608403	0.0000062253	0.0001226936	0.0002722747	0.0000736450	0.0004897592	0.0003459196	0.0008356788
0.4333333333	0.7926920705	0.8779283948	0.8916747599	0.8394879742	0.9845836556	0.9414732948	-0.0179311458	-0.0023947340	-0.0104648479	-0.0155364118	-0.0080701139	0.0003215260	0.0000057348	0.0001095130	0.0002413801	0.0000651267	0.0004367738	0.0003065068	0.0007432806
0.4333333333	0.7993587371	0.8788618598	0.8917633727	0.8400000519	0.9855325827	0.9419539730	-0.0168684519	-0.0022953610	-0.0098550457	-0.0145730908	-0.0075596847	0.0002845447	0.0000052687	0.0000971219	0.0002123750	0.0000571488	0.0003869353	0.0002695238	0.0006564591
0.4333333333	0.8060254038	0.8797944925	0.8918510925	0.8405105090	0.9864813756	0.9424336821	-0.0158078322	-0.0021969992	-0.0092475433	-0.0136108330	-0.0070505441	0.0002498876	0.0000048268	0.0000855171	0.0001852548	0.0000497102	0.0003402314	0.0002349649	0.0005751964
0.4333333333	0.8126920705	0.8807261920	0.8919378599	0.8410191545	0.9874299899	0.9429122726	-0.0147493959	-0.0020997148	-0.0086425637	-0.0126496810	-0.0065428489	0.0002175447	0.0000044088	0.0000746939	0.0001600144	0.0000428089	0.0002966474	0.0002028233	0.0004994707
0.4333333333	0.8193587371	0.8816568638	0.8920236172	0.8415258064	0.9883783868	0.9433896033	-0.0136932442	-0.0020035722	-0.0080403191	-0.0116896719	-0.0060367468	0.0001875049	0.0000040143	0.0000646467	0.0001366484	0.0000364423	0.0002561660	0.0001730907	0.0004292567
0.4333333333	0.8260254038	0.8825864201	0.8921083089	0.8420302912	0.9893265328	0.9438655406	-0.0126394707	-0.0019086335	-0.0074410105	-0.0107308373	-0.0055323770	0.0001597562	0.0000036429	0.0000553686	0.0001151509	0.0000306072	0.0002187677	0.0001457581	0.0003645258
0.4333333333	0.8326920705	0.8835147787	0.8921918809	0.8425324438	0.9902743991	0.9443399586	-0.0115881621	-0.0018149587	-0.0068448288	-0.0097732034	-0.0050298702	0.0001342855	0.0000032941	0.0000468517	0.0000955155	0.0000252996	0.0001844313	0.0001208151	0.0003052464
0.4333333333	0.8393587371	0.8844418635	0.8922742811	0.8430321072	0.9912219619	0.9448127387	-0.0105393978	-0.0017226059	-0.0062519552	-0.0088167920	-0.0045293494	0.0001110789	0.0000029674	0.0000390869	0.0000777358	0.0000205150	0.0001531332	0.0000982508	0.0002513840
0.4333333333	0.8460254038	0.8853676036	0.8923554591	0.8435291317	0.9921692018	0.9452837690	-0.0094932511	-0.0016316312	-0.0056625612	-0.0078616199	-0.0040309300	0.0000901218	0.0000026622	0.0000320646	0.0000618051	0.0000162484	0.0001248486	0.0000780535	0.0002029021
0.4333333333	0.8526920705	0.8862919334	0.8924353661	0.8440233751	0.9931161035	0.9457529443	-0.0084497889	-0.0015420890	-0.0050768095	-0.0069076998	-0.0035347204	0.0000713989	0.0000023780	0.0000257740	0.0000477163	0.0000124942	0.0000995510	0.0000602106	0.0001597615
0.4333333333	0.8593587371	0.8872147924	0.8925139551	0.8445147023	0.9940626557	0.9462201655	-0.0074090721	-0.0014540317	-0.0044948537	-0.0059550404	-0.0030408220	0.0000548943	0.0000021142	0.0000202037	0.0000354625	0.0000092466	0.0000772123	0.0000447091	0.0001219214
0.4333333333	0.8660254038	0.8881361247	0.8925911804	0.8450029848	0.9950088509	0.9466853397	-0.0063711563	-0.0013675099	-0.0039168396	-0.0050036464	-0.0025493298	0.0000405916	0.0000018701	0.0000153416	0.0000250365	0.0000064991	0.0000578033	0.0000315356	0.0000893389
0.4333333333	0.8726920705	0.8890558790	0.8926669980	0.8454881007	0.9959546852	0.9471483796	-0.0053360917	-0.0012825725	-0.0033429048	-0.0040535192	-0.0020603323	0.0000284739	0.0000016450	0.0000111750	0.0000164310	0.0000042450	0.0000412939	0.0000206760	0.0000619699
0.4333333333	0.8793587371	0.8899740081	0.8927413653	0.8459699341	0.9969001579	0.9476092034	-0.0043039233	-0.0011992667	-0.0027731793	-0.0031046565	-0.0015739125	0.0000185238	0.0000014382	0.0000076905	0.0000096389	0.0000024772	0.0000276525	0.0000121161	0.0000397686
0.4333333333	0.8860254038	0.8908904692	0.8928142414	0.8464483752	0.9978452716	0.9480677345	-0.0032746914	-0.0011176382	-0.0022077857	-0.0021570532	-0.0010901475	0.0000107236	0.0000012491	0.0000048743	0.0000046529	0.0000011884	0.0000168470	0.0000058413	0.0000226883
0.4333333333	0.8926920705	0.8918052232	0.8928855866	0.8469233201	0.9987900316	0.9485239014	-0.0022484320	-0.0010377310	-0.0016468400	-0.0012107010	-0.0006091089	0.0000050554	0.0000010769	0.0000027121	0.0000014658	0.0000003710	0.0000088444	0.0000018368	0.0000106812
0.4333333333	0.8993587371	0.8927182349	0.8929553625	0.8473946699	0.9997344463	0.9489776371	-0.0012251766	-0.0009595876	-0.0010904511	-0.0002655890	-0.0001308635	0.0000015011	0.0000009208	0.0000011891	0.0000000705	0.0000000171	0.0000036109	0.0000000877	0.0000036986
0.4333333333	0.9060254038	0.8936294723	0.8930235322	0.8478623313	1.0006785265	0.9494288793	-0.0002049525	-0.0008832488	-0.0005387218	0.0006782964	0.0003445270	0.0000000420	0.0000007801	0.0000002902	0.0000004601	0.0000001187	0.0000011124	0.0000005788	0.0000016911
0.4333333333	0.9126920705	0.8945389070	0.8930900600	0.8483262160	1.0016222855	0.9498775700	0.0008122166	-0.0008087543	0.0000082512	0.0016209710	0.0008170055	0.0000006597	0.0000006541	0.0000000001	0.0000026275	0.0000006675	0.0000013138	0.0000032950	0.0000046089
0.4333333333	0.9193587371	0.8954465138	0.8931549115	0.8487862403	1.0025657389	0.9503236554	0.0018263108	-0.0007361422	0.0005503771	0.0025624531	0.0012865194	0.0000033354	0.0000005419	0.0000003029	0.0000065662	0.0000016551	0.0000041802	0.0000082213	0.0000124015
0.4333333333	0.9260254038	0.8963522704	0.8932180535	0.8492423254	1.0035089046	0.9507670855	0.0028373135	-0.0006654493	0.0010875708	0.0035027628	0.0017530201	0.0000080503	0.0000004428	0.0000011828	0.0000122693	0.0000030731	0.0000096760	0.0000153424	0.0000250184
0.4333333333	0.9326920705	0.8972561575	0.8932794539	0.8496943968	1.0044518024	0.9512078141	0.0038452115	-0.0005967109	0.0016197523	0.0044419224	0.0022164632	0.0000147857	0.0000003561	0.0000026236	0.0000197307	0.0000049127	0.0000177653	0.0000246434	0.0000424087
0.4333333333	0.9393587371	0.8981581584	0.8933390820	0.8501423841	1.0053944538	0.9516457986	0.0048499945	-0.0005299613	0.0021468468	0.0053799558	0.0026768081	0.0000235224	0.0000002809	0.0000046090	0.0000289439	0.0000071653	0.0000284123	0.0000361092	0.0000645215
0.4333333333	0.9460254038	0.8990582590	0.8933969079	0.8505862211	1.0063368823	0.9520809996	0.0058516554	-0.0004652333	0.0026687844	0.0063168887	0.0031340177	0.0000342419	0.0000002164	0.0000071224	0.0000399031	0.0000098221	0.0000415807	0.0000497251	0.0000913059
0.4333333333	0.9526920705	0.8999564477	0.8934529030	0.8510258456	1.0072791131	0.9525133812	0.0068501895	-0.0004025586	0.0031854997	0.0072527482	0.0035880583	0.0000469251	0.0000001621	0.0000101474	0.0000526024	0.0000128742	0.0000572346	0.0000654765	0.0001227111
0.4333333333	0.9593587371	0.9008527153	0.8935070396	0.8514611989	1.0082211726	0.9529429105	0.0078455950	-0.0003419679	0.0036969318	0.0081875629	0.0040388997	0.0000615534	0.0000001169	0.0000136673	0.0000670362	0.0000163127	0.0000753376	0.0000833489	0.0001586865
0.4333333333	0.9660254038	0.9017470545	0.8935592912	0.8518922260	1.0091630890	0.9533695575	0.0088378722	-0.0002834904	0.0042030242	0.0091213626	0.0044865146	0.0000781080	0.0000000804	0.0000176654	0.0000831993	0.0000201288	0.0000958538	0.0001033281	0.0001991818
0.4333333333	0.9726920705	0.9026394605	0.8936096321	0.8523188753	1.0101048916	0.9537932949	0.0098270240	-0.0002271545	0.0047037243	0.0100541785	0.0049308788	0.0000965704	0.0000000516	0.0000221250	0.0001010865	0.0000243136	0.0001187470	0.0001254001	0.0002441471
0.4333333333	0.9793587371	0.9035299302	0.8936580375	0.8527410985	1.0110466109	0.9542140983	0.0108130552	-0.0001729875	0.0051989833	0.0109860427	0.0053719708	0.0001169222	0.0000000299	0.0000270294	0.0001206931	0.0000288581	0.0001439815	0.0001495512	0.0002935327
0.4333333333	0.9860254038	0.9044184623	0.8937044839	0.8531588503	1.0119882786	0.9546319456	0.0117959729	-0.0001210155	0.0056887562	0.0119169884	0.0058097718	0.0001391450	0.0000000146	0.0000323619	0.0001420146	0.0000337534	0.0001715216	0.0001757681	0.0003472896
0.4333333333	0.9926920705	0.9053050575	0.8937489483	0.8535720885	1.0129299275	0.9550468172	0.0127757858	-0.0000712638	0.0061730015	0.0128470497	0.0062442654	0.0001632207	0.0000000051	0.0000381059	0.0001650467	0.0000389909	0.0002013317	0.0002040375	0.0004053693
0.4333333333	0.9993587371	0.9061897179	0.8937914088	0.8539807738	1.0138715912	0.9554586958	0.0137525046	-0.0000237567	0.0066516811	0.0137762613	0.0066754378	0.0001891314	0.0000000006	0.0000442449	0.0001897854	0.0000445615	0.0002333768	0.0002343468	0.0004677237
0.4333333333	1.0060254038	0.9070724474	0.8938318443	0.8543848696	1.0148133043	0.9558675662	0.0147261416	0.0000214827	0.0071247599	0.0147046590	0.0071032773	0.0002168592	0.0000000005	0.0000507622	0.0002162270	0.0000504565	0.0002676219	0.0002666835	0.0005343055
0.4333333333	1.0126920705	0.9079532513	0.8938702344	0.8547843420	1.0157551022	0.9562734154	0.0156967107	0.0000644318	0.0075922062	0.0156322790	0.0075277744	0.0002463867	0.0000000042	0.0000576416	0.0002443681	0.0000566674	0.0003040325	0.0003010355	0.0006050680
0.4333333333	1.0193587371	0.9088321362	0.8939065596	0.8551791594	1.0166970209	0.9566762322	0.0166642273	0.0001050691	0.0080539909	0.0165591581	0.0079489217	0.0002776965	0.0000000110	0.0000648668	0.0002742057	0.0000631854	0.0003425743	0.0003373911	0.0006799654
0.4333333333	1.0260254038	0.9097091100	0.8939408013	0.8555692930	1.0176390972	0.9570760074	0.0176287079	0.0001433740	0.0085100878	0.0174853339	0.0083667138	0.0003107713	0.0000000206	0.0000724216	0.0003057369	0.0000700019	0.0003832135	0.0003757388	0.0007589523
0.4333333333	1.0326920705	0.9105841820	0.8939729414	0.8559547158	1.0185813685	0.9574727335	0.0185901707	0.0001793266	0.0089604734	0.0184108440	0.0087811467	0.0003455944	0.0000000322	0.0000802901	0.0003389592	0.0000771085	0.0004259167	0.0004160677	0.0008419844
0.4333333333	1.0393587371	0.9114573626	0.8940029626	0.8563354035	1.0195238727	0.9578664046	0.0195486347	0.0002129079	0.0094051266	0.0193357268	0.0091922187	0.0003821491	0.0000000453	0.0000884564	0.0003738703	0.0000844969	0.0004706509	0.0004583672	0.0009290181
0.4333333333	1.0460254038	0.9123286632	0.8940308485	0.8567113336	1.0204666481	0.9582570166	0.0205041203	0.0002440995	0.0098440289	0.0202600208	0.0095999294	0.0004204190	0.0000000596	0.0000969049	0.0004104684	0.0000921586	0.0005173834	0.0005026271	0.0010200105
0.4333333333	1.0526920705	0.9131980963	0.8940565830	0.8570824856	1.0214097336	0.9586445667	0.0214566488	0.0002728840	0.0102771639	0.0211837648	0.0100042799	0.0004603878	0.0000000745	0.0001056201	0.0004487519	0.0001000856	0.0005660823	0.0005488375	0.0011149199
0.4333333333	1.0593587371	0.9140656753	0.8940801511	0.8574488412	1.0223531684	0.9590290536	0.0224062425	0.0002992445	0.0107045175	0.0221069980	0.0104052730	0.0005020397	0.0000000895	0.0001145867	0.0004887194	0.0001082697	0.0006167159	0.0005969891	0.0012137050
0.4333333333	1.0660254038	0.9149314145	0.8941015382	0.8578103837	1.0232969919	0.9594104775	0.0233529245	0.0003231649	0.0111260777	0.0230297595	0.0108029127	0.0005453591	0.0000001044	0.0001237896	0.0005303698	0.0001167029	0.0006692531	0.0006470727	0.0013163259
0.4360000000	0.6660254038	0.8605878430	0.8899742823	0.8300257811	0.9669805748	0.9326401870	-0.0378804870	-0.0043036152	-0.0218002375	-0.0335768718	-0.0174966223	0.0014349313	0.0000185211	0.0004752504	0.0011274063	0.0003061318	0.0019287028	0.0014335381	0.0033622409
0.4360000000	0.6726920705	0.8615005739	0.8900651314	0.8305121101	0.9679073401	0.9330913893	-0.0368204591	-0.0042015397	-0.0212144887	-0.0326189193	-0.0170129489	0.0013557462	0.0000176529	0.0004500545	0.0010639939	0.0002894404	0.0018234537	0.0013534343	0.0031768880
0.4360000000	0.6793587371	0.8624162481	0.8901566643	0.8310028592	0.9688364787	0.9335467481	-0.0357581406	-0.0040987067	-0.0206237638	-0.0316594339	-0.0165250571	0.0012786446	0.0000167994	0.0004253396	0.0010023198	0.0002730775	0.0017207836	0.0012753973	0.0029961809
0.4360000000	0.6860254038	0.8633345658	0.8902487751	0.8314975779	0.9697677659	0.9340058657	-0.0346938876	-0.0039952349	-0.0200286136	-0.0306986527	-0.0160333788	0.0012036658	0.0000159619	0.0004011454	0.0009424073	0.0002570692	0.0016207731	0.0011994765	0.0028202496
0.4360000000	0.6926920705	0.8642552413	0.8903413610	0.8319958338	0.9707009908	0.9344683625	-0.0336280378	-0.0038912402	-0.0194295660	-0.0297367976	-0.0155383258	0.0011308449	0.0000151418	0.0003775080	0.0008842771	0.0002414396	0.0015234947	0.0011257167	0.0026492114
0.4360000000	0.6993587371	0.8651780030	0.8904343219	0.8324972125	0.9716359554	0.9349338767	-0.0325609116	-0.0037868354	-0.0188271259	-0.0287740762	-0.0150402905	0.0010602130	0.0000143401	0.0003544607	0.0008279475	0.0002262103	0.0014290138	0.0010541578	0.0024831716
0.4360000000	0.7060254038	0.8661025926	0.8905275601	0.8330013168	0.9725724743	0.9354020629	-0.0314928124	-0.0036821299	-0.0182217764	-0.0278106825	-0.0145396465	0.0009917972	0.0000135581	0.0003320331	0.0007734341	0.0002114013	0.0013373885	0.0009848354	0.0023222238
0.4360000000	0.7126920705	0.8670287647	0.8906209810	0.8335077660	0.9735103744	0.9358725921	-0.0304240277	-0.0035772303	-0.0176139798	-0.0268467974	-0.0140367495	0.0009256215	0.0000127966	0.0003102523	0.0007207505	0.0001970303	0.0012486703	0.0009177809	0.0021664512
0.4360000000	0.7193587371	0.8679562864	0.8907144925	0.8340161957	0.9744494939	0.9363451507	-0.0293548291	-0.0034722400	-0.0170041779	-0.0258825891	-0.0135319379	0.0008617060	0.0000120565	0.0002891421	0.0006699084	0.0001831133	0.0011629045	0.0008530218	0.0020159263
0.4360000000	0.7260254038	0.8688849366	0.8908080050	0.8345262565	0.9753896819	0.9368194402	-0.0282854737	-0.0033672596	-0.0163927929	-0.0249182141	-0.0130255333	0.0008000680	0.0000113384	0.0002687237	0.0006209174	0.0001696645	0.0010801301	0.0007905819	0.0018707120
0.4360000000	0.7326920705	0.8698145058	0.8909014316	0.8350376144	0.9763307982	0.9372951763	-0.0272162040	-0.0032623866	-0.0157802283	-0.0239538174	-0.0125178417	0.0007407218	0.0000106432	0.0002490156	0.0005737854	0.0001566964	0.0010003805	0.0007304817	0.0017308623
0.4360000000	0.7393587371	0.8707447956	0.8909946879	0.8355499493	0.9772727127	0.9377720886	-0.0261472488	-0.0031577157	-0.0151668693	-0.0229895331	-0.0120091536	0.0006836786	0.0000099712	0.0002300339	0.0005285186	0.0001442198	0.0009236837	0.0006727384	0.0015964221
0.4360000000	0.7460254038	0.8716756181	0.8910876919	0.8360629554	0.9782153048	0.9382499197	-0.0250788240	-0.0030533389	-0.0145530836	-0.0220254851	-0.0114997447	0.0006289474	0.0000093229	0.0002117922	0.0004851220	0.0001322441	0.0008500625	0.0006173661	0.0014674287
0.4360000000	0.7526920705	0.8726067957	0.8911803642	0.8365763398	0.9791584631	0.9387284252	-0.0240111326	-0.0029493453	-0.0139392221	-0.0210617874	-0.0109898768	0.0005765345	0.0000086986	0.0001943019	0.0004435989	0.0001207774	0.0007795350	0.0005643763	0.0013439113
0.4360000000	0.7593587371	0.8735381605	0.8912726275	0.8370898227	0.9801020849	0.9392073725	-0.0229443657	-0.0028458213	-0.0133256195	-0.0200985444	-0.0104797983	0.0005264439	0.0000080987	0.0001775721	0.0004039515	0.0001098262	0.0007121148	0.0005137777	0.0012258924
0.4360000000	0.7660254038	0.8744695539	0.8913644071	0.8376031366	0.9810460760	0.9396865411	-0.0218787027	-0.0027428506	-0.0127125950	-0.0191358521	-0.0099697444	0.0004786776	0.0000075232	0.0001616101	0.0003661808	0.0000993958	0.0006478109	0.0004655766	0.0011133876
0.4360000000	0.7726920705	0.8754008266	0.8914556305	0.8381160259	0.9819903500	0.9401657213	-0.0208143122	-0.0026405146	-0.0121004527	-0.0181737976	-0.0094599381	0.0004332356	0.0000069723	0.0001464210	0.0003302869	0.0000894904	0.0005866289	0.0004197773	0.0010064062
0.4360000000	0.7793587371	0.8763318376	0.8915462274	0.8386282465	0.9829348279	0.9406447145	-0.0197513519	-0.0025388917	-0.0114894823	-0.0172124602	-0.0089505905	0.0003901159	0.0000064460	0.0001320082	0.0002962688	0.0000801131	0.0005285701	0.0003763819	0.0009049519
0.4360000000	0.7860254038	0.8772624543	0.8916361296	0.8391395651	0.9838794383	0.9411233319	-0.0186899699	-0.0024380583	-0.0108799597	-0.0162519115	-0.0084419014	0.0003493150	0.0000059441	0.0001183735	0.0002641246	0.0000712657	0.0004736326	0.0003353903	0.0008090230
0.4360000000	0.7926920705	0.8781925520	0.8917252711	0.8396497592	0.9848241162	0.9416013949	-0.0176303041	-0.0023380880	-0.0102721478	-0.0152922160	-0.0079340597	0.0003108276	0.0000054667	0.0001055170	0.0002338519	0.0000629493	0.0004218113	0.0002968012	0.0007186125
0.4360000000	0.7993587371	0.8791220136	0.8918135881	0.8401586164	0.9857688033	0.9420787344	-0.0165724836	-0.0022390523	-0.0096662962	-0.0143334313	-0.0074272439	0.0002746472	0.0000050134	0.0000934373	0.0002054473	0.0000551640	0.0003730979	0.0002606112	0.0006337091
0.4360000000	0.8060254038	0.8800507291	0.8919010188	0.8406659342	0.9867134476	0.9425551900	-0.0155166286	-0.0021410203	-0.0090626428	-0.0133756083	-0.0069216225	0.0002407658	0.0000045840	0.0000821315	0.0001789069	0.0000479089	0.0003274812	0.0002268158	0.0005542970
0.4360000000	0.8126920705	0.8809785957	0.8919875030	0.8411715192	0.9876580027	0.9430306101	-0.0144628510	-0.0020440587	-0.0084614135	-0.0124187922	-0.0064173547	0.0002091741	0.0000041782	0.0000715955	0.0001542264	0.0000411824	0.0002849478	0.0001954088	0.0004803566
0.4360000000	0.8193587371	0.8819055170	0.8920729831	0.8416751873	0.9886024280	0.9435048513	-0.0134112545	-0.0019482324	-0.0078628228	-0.0114630221	-0.0059145905	0.0001798617	0.0000037956	0.0000618240	0.0001314009	0.0000349824	0.0002454813	0.0001663833	0.0004118646
0.4360000000	0.8260254038	0.8828314030	0.8921574027	0.8421767630	0.9895466879	0.9439777784	-0.0123619354	-0.0018536037	-0.0072670748	-0.0105083317	-0.0054134711	0.0001528174	0.0000034358	0.0000528104	0.0001104250	0.0000293057	0.0002090637	0.0001397307	0.0003487944
0.4360000000	0.8326920705	0.8837561696	0.8922407078	0.8426760792	0.9904907520	0.9444492633	-0.0113149828	-0.0017602332	-0.0066743629	-0.0095547496	-0.0049141296	0.0001280288	0.0000030984	0.0000445471	0.0000912932	0.0000241487	0.0001756744	0.0001154419	0.0002911163
0.4360000000	0.8393587371	0.8846797388	0.8923228457	0.8431729767	0.9914345946	0.9449191856	-0.0102704787	-0.0016681794	-0.0060848706	-0.0086022993	-0.0044166912	0.0001054827	0.0000027828	0.0000370257	0.0000739996	0.0000195072	0.0001452912	0.0000935067	0.0002387979
0.4360000000	0.8460254038	0.8856020379	0.8924037659	0.8436673039	0.9923781944	0.9453874313	-0.0092284986	-0.0015774987	-0.0054987721	-0.0076510000	-0.0039212734	0.0000851652	0.0000024885	0.0000302365	0.0000585378	0.0000153764	0.0001178902	0.0000739142	0.0001918044
0.4360000000	0.8526920705	0.8865229994	0.8924834192	0.8441589169	0.9933215344	0.9458538935	-0.0081891120	-0.0014882457	-0.0049162323	-0.0067008663	-0.0034279867	0.0000670616	0.0000022149	0.0000241693	0.0000449016	0.0000117511	0.0000934458	0.0000566527	0.0001500985
0.4360000000	0.8593587371	0.8874425608	0.8925617582	0.8446476785	0.9942646016	0.9463184713	-0.0071523821	-0.0014004731	-0.0043374074	-0.0057519090	-0.0029369343	0.0000511566	0.0000019613	0.0000188131	0.0000330845	0.0000086256	0.0000719310	0.0000417100	0.0001136410
0.4360000000	0.8660254038	0.8883606647	0.8926387371	0.8451334586	0.9952073866	0.9467810699	-0.0061183667	-0.0013142319	-0.0037624453	-0.0048041348	-0.0024482134	0.0000374344	0.0000017272	0.0000141560	0.0000230797	0.0000059937	0.0000533176	0.0000290735	0.0000823911
0.4360000000	0.8726920705	0.8892772580	0.8927143117	0.8456161334	0.9961498839	0.9472416005	-0.0050871181	-0.0012295712	-0.0031914858	-0.0038575469	-0.0019619146	0.0000258788	0.0000015118	0.0000101856	0.0000148807	0.0000038491	0.0000375762	0.0000187298	0.0000563060
0.4360000000	0.8793587371	0.8901922918	0.8927884392	0.8460955854	0.9970920912	0.9476999793	-0.0040586836	-0.0011465386	-0.0026246610	-0.0029121450	-0.0014781224	0.0000164729	0.0000013146	0.0000068888	0.0000084806	0.0000021848	0.0000246763	0.0000106654	0.0000353417
0.4360000000	0.8860254038	0.8911057217	0.8928610784	0.8465717032	0.9980340092	0.9481561284	-0.0030331057	-0.0010651797	-0.0020620958	-0.0019679259	-0.0009969161	0.0000091997	0.0000011346	0.0000042522	0.0000038727	0.0000009938	0.0000145866	0.0000048666	0.0000194532
0.4360000000	0.8926920705	0.8920175070	0.8929321893	0.8470443811	0.9989756419	0.9486099743	-0.0020104222	-0.0009855390	-0.0015039080	-0.0010248832	-0.0005183690	0.0000040418	0.0000009713	0.0000022617	0.0000010504	0.0000002687	0.0000072748	0.0000013191	0.0000085939
0.4360000000	0.8993587371	0.8929276107	0.8930017336	0.8475135189	0.9999169958	0.9490614486	-0.0009906666	-0.0009076590	-0.0009502087	-0.0000830076	-0.0000425497	0.0000009814	0.0000008238	0.0000009029	0.0000000069	0.0000000018	0.0000027082	0.0000000087	0.0000027169
0.4360000000	0.9060254038	0.8938359996	0.8930696740	0.8479790217	1.0008580804	0.9495104876	0.0000261316	-0.0008315809	-0.0004011024	0.0008577125	0.0004304785	0.0000000007	0.0000006915	0.0000001609	0.0000007357	0.0000001853	0.0000008531	0.0000009210	0.0000017741
0.4360000000	0.9126920705	0.8947426438	0.8931359749	0.8484407996	1.0017989074	0.9499570316	0.0010399469	-0.0007573444	0.0001433122	0.0017972913	0.0009006566	0.0000010815	0.0000005736	0.0000000205	0.0000032303	0.0000008112	0.0000016756	0.0000040414	0.0000057170
0.4360000000	0.9193587371	0.8956475164	0.8932006015	0.8488987676	1.0027394909	0.9504010254	0.0020507576	-0.0006849878	0.0006829426	0.0027357453	0.0013679304	0.0000042056	0.0000004692	0.0000004664	0.0000074843	0.0000018712	0.0000051412	0.0000093555	0.0000144968
0.4360000000	0.9260254038	0.8965505939	0.8932635206	0.8493528454	1.0036798472	0.9508424175	0.0030585452	-0.0006145479	0.0012177019	0.0036730931	0.0018322498	0.0000093547	0.0000003777	0.0000014828	0.0000134916	0.0000033571	0.0000112152	0.0000168488	0.0000280639
0.4360000000	0.9326920705	0.8974518555	0.8933247001	0.8498029573	1.0046199947	0.9512811603	0.0040632948	-0.0005460605	0.0017475083	0.0046093553	0.0022935688	0.0000165104	0.0000002982	0.0000030538	0.0000212462	0.0000052605	0.0000198623	0.0000265066	0.0000463689
0.4360000000	0.9393587371	0.8983512831	0.8933841089	0.8502490315	1.0055599536	0.9517172099	0.0050649945	-0.0004795596	0.0022722855	0.0055445542	0.0027518451	0.0000256542	0.0000002300	0.0000051633	0.0000307421	0.0000075727	0.0000310474	0.0000383147	0.0000693622
0.4360000000	0.9460254038	0.8992488615	0.8934417172	0.8506910006	1.0064997461	0.9521505255	0.0060636354	-0.0004150784	0.0027919618	0.0064787138	0.0032070402	0.0000367677	0.0000001723	0.0000077951	0.0000419737	0.0000102851	0.0000447350	0.0000522588	0.0000969939
0.4360000000	0.9526920705	0.9001445778	0.8934974963	0.8511288011	1.0074393957	0.9525810701	0.0070592112	-0.0003526487	0.0033064705	0.0074118599	0.0036591192	0.0000498325	0.0000001244	0.0000109327	0.0000549357	0.0000133892	0.0000608896	0.0000683248	0.0001292144
0.4360000000	0.9593587371	0.9010384213	0.8935514184	0.8515623732	1.0083789279	0.9530088092	0.0080517185	-0.0002923011	0.0038157490	0.0083440196	0.0041080501	0.0000648302	0.0000000854	0.0000145599	0.0000696227	0.0000168761	0.0000794756	0.0000864987	0.0001659743
0.4360000000	0.9660254038	0.9019303838	0.8936034568	0.8519916606	1.0093183694	0.9534337118	0.0090411561	-0.0002340651	0.0043197394	0.0092752212	0.0045538045	0.0000817425	0.0000000548	0.0000186601	0.0000860297	0.0000207371	0.0001004574	0.0001067669	0.0002072243
0.4360000000	0.9726920705	0.9028204592	0.8936535858	0.8524166107	1.0102577481	0.9538557493	0.0100275254	-0.0001779691	0.0048183877	0.0102054945	0.0049963568	0.0001005513	0.0000000317	0.0000232169	0.0001041521	0.0000249636	0.0001237998	0.0001291157	0.0002529155
0.4360000000	0.9793587371	0.9037086431	0.8937017807	0.8528371740	1.0111970935	0.9542748962	0.0110108298	-0.0001240403	0.0053116437	0.0111348701	0.0054356840	0.0001212384	0.0000000154	0.0000282136	0.0001239853	0.0000295467	0.0001494673	0.0001535320	0.0003029993
0.4360000000	0.9860254038	0.9045949334	0.8937480177	0.8532533043	1.0121364361	0.9546911293	0.0119910749	-0.0000723052	0.0057994610	0.0120633801	0.0058717662	0.0001437859	0.0000000052	0.0000336337	0.0001455251	0.0000344776	0.0001774249	0.0001800028	0.0003574276
0.4360000000	0.9926920705	0.9054793294	0.8937922738	0.8536649583	1.0130758074	0.9551044278	0.0129682681	-0.0000227889	0.0062817970	0.0129910570	0.0063045858	0.0001681760	0.0000000005	0.0000394610	0.0001687676	0.0000397478	0.0002076375	0.0002085154	0.0004161528
0.4360000000	0.9993587371	0.9063618325	0.8938345272	0.8540720956	1.0140152398	0.9555147733	0.0139424187	0.0000244842	0.0067586120	0.0139179345	0.0067341278	0.0001943910	0.0000000006	0.0000456788	0.0001937089	0.0000453485	0.0002400705	0.0002390574	0.0004791279
0.4360000000	1.0060254038	0.9072424453	0.8938747565	0.8544746788	1.0149547670	0.9559221497	0.0149135378	0.0000694908	0.0072298701	0.0148440470	0.0071603792	0.0002224136	0.0000000048	0.0000522710	0.0002203457	0.0000512710	0.0002746895	0.0002716168	0.0005463062
0.4360000000	1.0126920705	0.9081211721	0.8939129416	0.8548726730	1.0158944231	0.9563265428	0.0158816379	0.0001122084	0.0076955380	0.0157694295	0.0075833296	0.0002522264	0.0000000126	0.0000592213	0.0002486749	0.0000575069	0.0003114603	0.0003061818	0.0006176421
0.4360000000	1.0193587371	0.9089980186	0.8939490627	0.8552660457	1.0168342432	0.9567279406	0.0168467332	0.0001526155	0.0081555858	0.0166941177	0.0080029703	0.0002838124	0.0000000233	0.0000665136	0.0002786936	0.0000640475	0.0003503493	0.0003427411	0.0006930904
0.4360000000	1.0260254038	0.9098729919	0.8939831011	0.8556547671	1.0177742630	0.9571263327	0.0178088392	0.0001906913	0.0086099860	0.0176181479	0.0084192947	0.0003171548	0.0000000364	0.0000741319	0.0003103991	0.0000708845	0.0003913230	0.0003812837	0.0007726066
0.4360000000	1.0326920705	0.9107461002	0.8940150389	0.8560388095	1.0187145188	0.9575217108	0.0187679727	0.0002264159	0.0090587140	0.0185415568	0.0088322981	0.0003522368	0.0000000513	0.0000820603	0.0003437893	0.0000780095	0.0004343484	0.0004217988	0.0008561472
0.4360000000	1.0393587371	0.9116173530	0.8940448588	0.8564181477	1.0196550476	0.9579140681	0.0197241518	0.0002597704	0.0095017479	0.0194643814	0.0092419775	0.0003890422	0.0000000675	0.0000902832	0.0003788621	0.0000854141	0.0004793929	0.0004642763	0.0009436692
0.4360000000	1.0460254038	0.9124867610	0.8940725441	0.8567927584	1.0205958867	0.9583033995	0.0206773956	0.0002907362	0.0099390678	0.0203866594	0.0096483316	0.0004275547	0.0000000845	0.0000987851	0.0004156159	0.0000930903	0.0005264243	0.0005087062	0.0010351305
0.4360000000	1.0526920705	0.9133543356	0.8940980790	0.8571626204	1.0215370742	0.9586897014	0.0216277245	0.0003192960	0.0103706567	0.0213084285	0.0100513606	0.0004677585	0.0000001019	0.0001075505	0.0004540491	0.0001010299	0.0005754109	0.0005550790	0.0011304899
0.4360000000	1.0593587371	0.9142200896	0.8941214482	0.8575277144	1.0224786481	0.9590729718	0.0225751596	0.0003454329	0.0107964992	0.0222297267	0.0104510664	0.0005096378	0.0000001193	0.0001165644	0.0004941607	0.0001092248	0.0006263215	0.0006033855	0.0012297071
0.4360000000	1.0660254038	0.9150840365	0.8941426372	0.8578880232	1.0234206473	0.9594532098	0.0235197230	0.0003691307	0.0112165826	0.0231505923	0.0108474519	0.0005531774	0.0000001363	0.0001258117	0.0005359499	0.0001176672	0.0006791254	0.0006536171	0.0013327425
0.4386666667	0.6660254038	0.8609465228	0.8900322267	0.8302659963	0.9673206171	0.9328493636	-0.0374637892	-0.0042385093	-0.0215108724	-0.0332252799	-0.0172723631	0.0014035355	0.0000179650	0.0004627176	0.0011039192	0.0002983345	0.0018842181	0.0014022538	0.0032864718
0.4386666667	0.6726920705	0.8618532556	0.8901225498	0.8307471813	0.9682411212	0.9332952877	-0.0364111621	-0.0041370315	-0.0209314851	-0.0322741306	-0.0167944536	0.0013257727	0.0000171150	0.0004381271	0.0010416195	0.0002820537	0.0017810148	0.0013236732	0.0031046880
0.4386666667	0.6793587371	0.8627630579	0.8902135774	0.8312329137	0.9691641194	0.9337454908	-0.0353560841	-0.0040347726	-0.0203469625	-0.0313213116	-0.0163121899	0.0012500527	0.0000162794	0.0004139989	0.0009810246	0.0002660875	0.0016803310	0.0012471121	0.0029274431
0.4386666667	0.6860254038	0.8636756275	0.8903052026	0.8317227403	0.9700893862	0.9341995732	-0.0342989140	-0.0039318530	-0.0197578588	-0.0303670610	-0.0158260059	0.0011764155	0.0000154595	0.0003903730	0.0009221584	0.0002504625	0.0015822480	0.0011726209	0.0027548688
0.4386666667	0.6926920705	0.8645906770	0.8903973212	0.8322162260	0.9710167095	0.9346571538	-0.0332399920	-0.0038283897	-0.0191647052	-0.0294116023	-0.0153363155	0.0011048971	0.0000146566	0.0003672859	0.0008650424	0.0002352026	0.0014868396	0.0011002449	0.0025870845
0.4386666667	0.6993587371	0.8655079324	0.8904898321	0.8327129537	0.9719458900	0.9351178685	-0.0321796415	-0.0037244966	-0.0185680099	-0.0284551448	-0.0148435132	0.0010355293	0.0000138719	0.0003447710	0.0008096953	0.0002203299	0.0013941722	0.0010300252	0.0024241973
0.4386666667	0.7060254038	0.8664271334	0.8905826368	0.8332125235	0.9728767411	0.9355813700	-0.0311181685	-0.0036202845	-0.0179682595	-0.0274978840	-0.0143479750	0.0009683404	0.0000131065	0.0003228583	0.0007561336	0.0002058644	0.0013043052	0.0009619980	0.0022663032
0.4386666667	0.7126920705	0.8673480324	0.8906756396	0.8337145519	0.9738090881	0.9360473273	-0.0300558635	-0.0035158609	-0.0173659195	-0.0265400027	-0.0138500586	0.0009033549	0.0000123613	0.0003015752	0.0007043717	0.0001918241	0.0012172914	0.0008961959	0.0021134872
0.4386666667	0.7193587371	0.8682703941	0.8907687473	0.8342186717	0.9747427677	0.9365154247	-0.0289930011	-0.0034113303	-0.0167614350	-0.0255816708	-0.0133501048	0.0008405941	0.0000116372	0.0002809457	0.0006544219	0.0001782253	0.0011331770	0.0008326472	0.0019658242
0.4386666667	0.7260254038	0.8691939954	0.8908618697	0.8347245311	0.9756776274	0.9369853616	-0.0279298411	-0.0033067941	-0.0161552318	-0.0246230469	-0.0128484377	0.0007800760	0.0000109349	0.0002609915	0.0006062944	0.0001650824	0.0010520024	0.0007713768	0.0018233792
0.4386666667	0.7326920705	0.8701186244	0.8909549189	0.8352317931	0.9766135255	0.9374568515	-0.0268666289	-0.0032023510	-0.0155477164	-0.0236642779	-0.0123453654	0.0007218157	0.0000102551	0.0002417315	0.0005599980	0.0001524080	0.0009738023	0.0007124061	0.0016862084
0.4386666667	0.7393587371	0.8710440806	0.8910478098	0.8357401354	0.9775503300	0.9379296219	-0.0258035965	-0.0030980965	-0.0149392774	-0.0227054999	-0.0118411809	0.0006658256	0.0000095982	0.0002231820	0.0005155397	0.0001402136	0.0008986058	0.0006557533	0.0015543591
0.4386666667	0.7460254038	0.8719701737	0.8911404597	0.8362492491	0.9784879187	0.9384034134	-0.0247409623	-0.0029941234	-0.0143302858	-0.0217468389	-0.0113361624	0.0006121152	0.0000089648	0.0002053571	0.0004729250	0.0001285086	0.0008264371	0.0006014336	0.0014278707
0.4386666667	0.7526920705	0.8728967240	0.8912327883	0.8367588392	0.9794261784	0.9388779791	-0.0236789325	-0.0028905215	-0.0137210955	-0.0207884110	-0.0108305740	0.0005606918	0.0000083551	0.0001882685	0.0004321580	0.0001173013	0.0007573154	0.0005494594	0.0013067748
0.4386666667	0.7593587371	0.8738235612	0.8913247179	0.8372686232	0.9803650047	0.9393530847	-0.0226177009	-0.0027873780	-0.0131120446	-0.0198303229	-0.0103246665	0.0005115604	0.0000077695	0.0001719257	0.0003932417	0.0001065987	0.0006912556	0.0004998404	0.0011910960
0.4386666667	0.7660254038	0.8747505248	0.8914161730	0.8377783312	0.9813043013	0.9398285072	-0.0215574500	-0.0026847775	-0.0125034551	-0.0188726725	-0.0098186776	0.0004647236	0.0000072080	0.0001563364	0.0003561778	0.0000964064	0.0006282681	0.0004525842	0.0010808523
0.4386666667	0.7726920705	0.8756774630	0.8915070805	0.8382877050	0.9822439801	0.9403040350	-0.0204983509	-0.0025828017	-0.0118956343	-0.0179155492	-0.0093128326	0.0004201824	0.0000066709	0.0001415061	0.0003209669	0.0000867289	0.0005683594	0.0004076958	0.0009760551
0.4386666667	0.7793587371	0.8766042329	0.8915973695	0.8387964983	0.9831839604	0.9407794672	-0.0194405644	-0.0024815299	-0.0112888750	-0.0169590345	-0.0088073450	0.0003779355	0.0000061580	0.0001274387	0.0002876089	0.0000775693	0.0005115322	0.0003651782	0.0008767104
0.4386666667	0.7860254038	0.8775306996	0.8916869715	0.8393044754	0.9841241687	0.9412546131	-0.0183842411	-0.0023810390	-0.0106834559	-0.0160032022	-0.0083024170	0.0003379803	0.0000056693	0.0001141362	0.0002561025	0.0000689301	0.0004577859	0.0003250326	0.0007828185
0.4386666667	0.7926920705	0.8784567364	0.8917758199	0.8398114116	0.9850645384	0.9417292920	-0.0173295219	-0.0022814031	-0.0100796427	-0.0150481188	-0.0077982396	0.0003003123	0.0000052048	0.0001015992	0.0002264459	0.0000608125	0.0004071163	0.0002872584	0.0006943747
0.4386666667	0.7993587371	0.8793822240	0.8918638504	0.8403170921	0.9860050092	0.9422033327	-0.0162765384	-0.0021826943	-0.0094776881	-0.0140938441	-0.0072949938	0.0002649257	0.0000047642	0.0000898266	0.0001986364	0.0000532169	0.0003595164	0.0002518534	0.0006113698
0.4386666667	0.8060254038	0.8803070506	0.8919510006	0.8408213123	0.9869455272	0.9426765727	-0.0152254135	-0.0020849821	-0.0088778324	-0.0131404314	-0.0067928503	0.0002318132	0.0000043472	0.0000788159	0.0001726709	0.0000461428	0.0003149763	0.0002188138	0.0005337900
0.4386666667	0.8126920705	0.8812311110	0.8920372103	0.8413238767	0.9878860443	0.9431488586	-0.0141762616	-0.0019883339	-0.0082803044	-0.0121879277	-0.0062919706	0.0002009664	0.0000039535	0.0000685634	0.0001485456	0.0000395889	0.0002734833	0.0001881345	0.0004616178
0.4386666667	0.8193587371	0.8821543071	0.8921224211	0.8418245992	0.9888265178	0.9436200450	-0.0131291891	-0.0018928146	-0.0076853213	-0.0112363744	-0.0057925067	0.0001723756	0.0000035827	0.0000590642	0.0001262561	0.0000335531	0.0002350225	0.0001598092	0.0003948318
0.4386666667	0.8260254038	0.8830765469	0.8922065766	0.8423233021	0.9897669106	0.9440899947	-0.0120842947	-0.0017984873	-0.0070930895	-0.0102858074	-0.0052946022	0.0001460302	0.0000032346	0.0000503119	0.0001057978	0.0000280328	0.0001995767	0.0001338306	0.0003334073
0.4386666667	0.8326920705	0.8839977445	0.8922896221	0.8428198164	0.9907071904	0.9445585778	-0.0110416700	-0.0017054129	-0.0065038051	-0.0093362571	-0.0047983922	0.0001219185	0.0000029084	0.0000422995	0.0000871657	0.0000230246	0.0001671264	0.0001101903	0.0002773167
0.4386666667	0.8393587371	0.8849178199	0.8923715048	0.8433139809	0.9916473297	0.9450256718	-0.0100013994	-0.0016136501	-0.0059176541	-0.0083877493	-0.0043040041	0.0001000280	0.0000026039	0.0000350186	0.0000703543	0.0000185245	0.0001376505	0.0000888788	0.0002265293
0.4386666667	0.8460254038	0.8858366984	0.8924521739	0.8438056422	0.9925873054	0.9454911612	-0.0089635608	-0.0015232557	-0.0053348130	-0.0074403052	-0.0038115573	0.0000803454	0.0000023203	0.0000284602	0.0000553581	0.0000145280	0.0001111260	0.0000698861	0.0001810121
0.4386666667	0.8526920705	0.8867543110	0.8925315798	0.8442946545	0.9935270987	0.9459549372	-0.0079282259	-0.0014342846	-0.0047554489	-0.0064939413	-0.0033211643	0.0000628568	0.0000020572	0.0000226143	0.0000421713	0.0000110301	0.0000875282	0.0000532014	0.0001407296
0.4386666667	0.8593587371	0.8876705935	0.8926096750	0.8447808789	0.9944666950	0.9464168971	-0.0068954603	-0.0013467899	-0.0041797205	-0.0055486704	-0.0028329306	0.0000475474	0.0000018138	0.0000174701	0.0000307877	0.0000080255	0.0000668313	0.0000388132	0.0001056445
0.4386666667	0.8660254038	0.8885854865	0.8926864135	0.8452641835	0.9954060833	0.9468769444	-0.0058653238	-0.0012608227	-0.0036077776	-0.0046045011	-0.0023469549	0.0000344020	0.0000015897	0.0000130161	0.0000212014	0.0000055082	0.0000490078	0.0000267096	0.0000757174
0.4386666667	0.8726920705	0.8894989352	0.8927617506	0.8457444428	0.9963452563	0.9473349886	-0.0048378711	-0.0011764325	-0.0030397624	-0.0036614386	-0.0018633299	0.0000234050	0.0000013840	0.0000092402	0.0000134061	0.0000034720	0.0000340291	0.0000168781	0.0000509073
0.4386666667	0.8793587371	0.8904108894	0.8928356436	0.8462215378	0.9972842100	0.9477909444	-0.0038131515	-0.0010936670	-0.0024758090	-0.0027194845	-0.0013821420	0.0000145401	0.0000011961	0.0000061296	0.0000073956	0.0000019103	0.0000218659	0.0000093059	0.0000311718
0.4386666667	0.8860254038	0.8913213029	0.8929080508	0.8466953554	0.9982229436	0.9482447320	-0.0027912094	-0.0010125722	-0.0019160443	-0.0017786373	-0.0009034721	0.0000077909	0.0000010253	0.0000036712	0.0000031636	0.0000008163	0.0000124874	0.0000039798	0.0000164672
0.4386666667	0.8926920705	0.8922301333	0.8929789324	0.8471657882	0.9991614594	0.9486962766	-0.0017720849	-0.0009331925	-0.0013605880	-0.0008388924	-0.0004273955	0.0000031403	0.0000008708	0.0000018512	0.0000007037	0.0000001827	0.0000058623	0.0000008864	0.0000067487
0.4386666667	0.8993587371	0.8931373424	0.8930482496	0.8476327347	1.0000997626	0.9491455082	-0.0007558133	-0.0008555709	-0.0008095533	0.0000997576	0.0000460176	0.0000005713	0.0000007320	0.0000006554	0.0000000100	0.0000000021	0.0000019586	0.0000000121	0.0000019707
0.4386666667	0.9060254038	0.8940428952	0.8931159651	0.8480960984	1.0010378608	0.9495923614	0.0002575740	-0.0007797485	-0.0002630464	0.0010373226	0.0005167021	0.0000000663	0.0000006080	0.0000000692	0.0000010760	0.0000002670	0.0000007435	0.0000013430	0.0000020866
0.4386666667	0.9126920705	0.8949467604	0.8931820431	0.8485557880	1.0019757644	0.9500367753	0.0012680497	-0.0007057654	0.0002788322	0.0019738151	0.0009845976	0.0000016080	0.0000004981	0.0000000777	0.0000038959	0.0000009694	0.0000021838	0.0000048654	0.0000070492
0.4386666667	0.9193587371	0.8958489098	0.8932464488	0.8490117172	1.0029134860	0.9504786931	0.0022755901	-0.0006336599	0.0008159881	0.0029092501	0.0014496481	0.0000051783	0.0000004015	0.0000006658	0.0000084637	0.0000021015	0.0000062457	0.0000105652	0.0000168109
0.4386666667	0.9260254038	0.8967493184	0.8933091487	0.8494638044	1.0038510406	0.9509180620	0.0032801752	-0.0005634691	0.0013483328	0.0038436443	0.0019118019	0.0000107595	0.0000003175	0.0000018180	0.0000147736	0.0000036550	0.0000128950	0.0000184286	0.0000313236
0.4386666667	0.9326920705	0.8976479641	0.8933701106	0.8499119724	1.0047884449	0.9513548330	0.0042817882	-0.0004952286	0.0018757829	0.0047770168	0.0023710115	0.0000183337	0.0000002453	0.0000035186	0.0000228199	0.0000056217	0.0000220975	0.0000284416	0.0000505391
0.4386666667	0.9393587371	0.8985448276	0.8934293034	0.8503561483	1.0057257180	0.9517889608	0.0052804154	-0.0004289729	0.0023982604	0.0057093883	0.0028272333	0.0000278828	0.0000001840	0.0000057517	0.0000325971	0.0000079932	0.0000338185	0.0000405904	0.0000744088
0.4386666667	0.9460254038	0.8994398923	0.8934866972	0.8507962634	1.0066628804	0.9522204035	0.0062760465	-0.0003647351	0.0029156921	0.0066407816	0.0032804271	0.0000393888	0.0000001330	0.0000085013	0.0000441000	0.0000107612	0.0000480231	0.0000548612	0.0001028842
0.4386666667	0.9526920705	0.9003331439	0.8935422632	0.8512322529	1.0075999547	0.9526491225	0.0072686736	-0.0003025470	0.0034280097	0.0075712206	0.0037305567	0.0000528336	0.0000000915	0.0000117513	0.0000573234	0.0000139171	0.0000646764	0.0000712404	0.0001359168
0.4386666667	0.9593587371	0.9012245708	0.8935959734	0.8516640560	1.0085369648	0.9530750824	0.0082582915	-0.0002424395	0.0039351493	0.0085007310	0.0041775888	0.0000681994	0.0000000588	0.0000154854	0.0000722624	0.0000174522	0.0000837436	0.0000897147	0.0001734582
0.4386666667	0.9660254038	0.9021141634	0.8936478012	0.8520916153	1.0094739362	0.9534982508	0.0092448979	-0.0001844420	0.0044370514	0.0094293399	0.0046214935	0.0000854681	0.0000000340	0.0000196874	0.0000889125	0.0000213582	0.0001051896	0.0001102707	0.0002154602
0.4386666667	0.9726920705	0.9030019145	0.8936977208	0.8525148770	1.0104108956	0.9539185982	0.0102284924	-0.0001285831	0.0049336607	0.0103570755	0.0050622438	0.0001046221	0.0000000165	0.0000243410	0.0001072690	0.0000256263	0.0001289796	0.0001328953	0.0002618749
0.4386666667	0.9793587371	0.9038878186	0.8937457074	0.8529337906	1.0113478713	0.9543360976	0.0112090771	-0.0000748901	0.0054249257	0.0112839672	0.0054998158	0.0001256434	0.0000000056	0.0000294298	0.0001273279	0.0000302480	0.0001550788	0.0001575759	0.0003126547
0.4386666667	0.9860254038	0.9047718725	0.8937917371	0.8533483088	1.0122848925	0.9547507248	0.0121866562	-0.0000233894	0.0059107987	0.0122100456	0.0059341881	0.0001485146	0.0000000005	0.0000349375	0.0001490852	0.0000352146	0.0001834527	0.0001842998	0.0003677525
0.4386666667	0.9926920705	0.9056540745	0.8938357870	0.8537583874	1.0132219896	0.9551624580	0.0131612358	0.0000258937	0.0063912357	0.0131353421	0.0063653420	0.0001732181	0.0000000007	0.0000408479	0.0001725372	0.0000405176	0.0002140667	0.0002130548	0.0004271215
0.4386666667	0.9993587371	0.9065344248	0.8938778350	0.8541639850	1.0141591941	0.9555712778	0.0141328238	0.0000729348	0.0068661959	0.0140598890	0.0067932611	0.0001997367	0.0000000053	0.0000471446	0.0001976805	0.0000461484	0.0002468867	0.0002438289	0.0004907156
0.4386666667	1.0060254038	0.9074129251	0.8939178600	0.8545650632	1.0150965382	0.9559771669	0.0151014301	0.0001177106	0.0073356422	0.0149837195	0.0072179316	0.0002280532	0.0000000139	0.0000538116	0.0002245119	0.0000520985	0.0002818787	0.0002766104	0.0005584891
0.4386666667	1.0126920705	0.9082895788	0.8939558415	0.8549615862	1.0160340552	0.9563801102	0.0160670660	0.0001601985	0.0077995402	0.0159068675	0.0076393417	0.0002581506	0.0000000257	0.0000608328	0.0002530284	0.0000583595	0.0003190091	0.0003113880	0.0006303971
0.4386666667	1.0193587371	0.9091643905	0.8939917600	0.8553535207	1.0169717790	0.9567800946	0.0170297443	0.0002003769	0.0082578586	0.0168293674	0.0080574817	0.0002900122	0.0000000402	0.0000681922	0.0002832276	0.0000649230	0.0003582446	0.0003481506	0.0007063952
0.4386666667	1.0260254038	0.9100373665	0.8940255966	0.8557408359	1.0179097443	0.9571771090	0.0179894795	0.0002382251	0.0087105692	0.0177512544	0.0084723441	0.0003236214	0.0000000568	0.0000758740	0.0003151070	0.0000717806	0.0003995521	0.0003868876	0.0007864398
0.4386666667	1.0326920705	0.9109085140	0.8940573334	0.8561235035	1.0188479866	0.9575711440	0.0189462873	0.0002737232	0.0091576462	0.0186725641	0.0088839230	0.0003589618	0.0000000749	0.0000838625	0.0003486646	0.0000789241	0.0004428992	0.0004275887	0.0008704879
0.4386666667	1.0393587371	0.9117778416	0.8940869530	0.8565014973	1.0197865416	0.9579621920	0.0199001845	0.0003068521	0.0095990666	0.0195933325	0.0092922145	0.0003960173	0.0000000942	0.0000921421	0.0003838987	0.0000863453	0.0004882536	0.0004702439	0.0009584975
0.4386666667	1.0460254038	0.9126453592	0.8941144388	0.8568747932	1.0207254459	0.9583502470	0.0208511894	0.0003375934	0.0100348097	0.0205135960	0.0096972163	0.0004347721	0.0000001140	0.0001006974	0.0004208076	0.0000940360	0.0005355835	0.0005148436	0.0010504271
0.4386666667	1.0526920705	0.9135110775	0.8941397749	0.8572433693	1.0216647365	0.9587353045	0.0217993210	0.0003659295	0.0104648572	0.0214333915	0.0100989277	0.0004752104	0.0000001339	0.0001095132	0.0004593903	0.0001019883	0.0005848575	0.0005613786	0.0011462361
0.4386666667	1.0593587371	0.9143750083	0.8941629461	0.8576072057	1.0226044507	0.9591173616	0.0227445997	0.0003918437	0.0108891931	0.0223527560	0.0104973494	0.0005173168	0.0000001535	0.0001185745	0.0004996457	0.0001101943	0.0006360449	0.0006098400	0.0012458849
0.4386666667	1.0660254038	0.9152371643	0.8941839378	0.8579662842	1.0235446262	0.9594964168	0.0236870465	0.0004153198	0.0113078036	0.0232717267	0.0108924839	0.0005610762	0.0000001725	0.0001278664	0.0005415733	0.0001186462	0.0006891151	0.0006602195	0.0013493346
0.4413333333	0.6660254038	0.8613042878	0.8900899396	0.8305047287	0.9676598392	0.9330570897	-0.0370483271	-0.0041736678	-0.0212233765	-0.0328746593	-0.0170497087	0.0013725785	0.0000174195	0.0004504317	0.0010807432	0.0002906926	0.0018404298	0.0013714358	0.0032118655
0.4413333333	0.6726920705	0.8622050930	0.8901797555	0.8309808691	0.9685741421	0.9334978289	-0.0360030119	-0.0040727664	-0.0206502263	-0.0319302455	-0.0165774600	0.0012962169	0.0000165874	0.0004264318	0.0010195406	0.0002748122	0.0017392361	0.0012943528	0.0030335889
0.4413333333	0.6793587371	0.8631090908	0.8902702960	0.8314616804	0.9694910576	0.9339429656	-0.0349550893	-0.0039710612	-0.0200717866	-0.0309840281	-0.0161007254	0.0012218583	0.0000157693	0.0004028766	0.0009600100	0.0002592334	0.0016405042	0.0012192434	0.0028597476
0.4413333333	0.6860254038	0.8640159772	0.8903614531	0.8319467068	0.9704103589	0.9343920988	-0.0339049204	-0.0038686739	-0.0194886149	-0.0300362465	-0.0156199410	0.0011495436	0.0000149666	0.0003798061	0.0009021761	0.0002439826	0.0015443164	0.0011461587	0.0026904750
0.4413333333	0.6926920705	0.8649254627	0.8904531215	0.8324355106	0.9713318330	0.9348448453	-0.0328528482	-0.0037657227	-0.0189012452	-0.0290871255	-0.0151355225	0.0010793096	0.0000141807	0.0003572571	0.0008460609	0.0002290840	0.0014507474	0.0010751449	0.0025258923
0.4413333333	0.6993587371	0.8658372714	0.8905451990	0.8329276720	0.9722552796	0.9353008393	-0.0317991986	-0.0036623229	-0.0183101892	-0.0281368757	-0.0146478664	0.0010111890	0.0000134126	0.0003352630	0.0007916838	0.0002145600	0.0013598647	0.0010062438	0.0023661084
0.4413333333	0.7060254038	0.8667511407	0.8906375861	0.8334227885	0.9731805106	0.9357597317	-0.0307442805	-0.0035585861	-0.0177159366	-0.0271856944	-0.0141573505	0.0009452108	0.0000126635	0.0003138544	0.0007390620	0.0002004306	0.0012717287	0.0009394926	0.0022112213
0.4413333333	0.7126920705	0.8676668211	0.8907301860	0.8339204742	0.9741073500	0.9362211894	-0.0296883869	-0.0034546211	-0.0171189562	-0.0262337658	-0.0136643351	0.0008814003	0.0000119344	0.0002930587	0.0006882105	0.0001867141	0.0011863934	0.0008749245	0.0020613179
0.4413333333	0.7193587371	0.8685840751	0.8908229050	0.8344203591	0.9750356330	0.9366848949	-0.0286317953	-0.0033505333	-0.0165196962	-0.0252812619	-0.0131691629	0.0008197797	0.0000112261	0.0002729004	0.0006391422	0.0001734269	0.0011039061	0.0008125691	0.0019164752
0.4413333333	0.7260254038	0.8695026773	0.8909156516	0.8349220888	0.9759652059	0.9371505454	-0.0275747682	-0.0032464253	-0.0159185856	-0.0243283429	-0.0126721603	0.0007603678	0.0000105393	0.0002534014	0.0005918683	0.0001605836	0.0010243085	0.0007524519	0.0017767604
0.4413333333	0.7326920705	0.8704224140	0.8910083373	0.8354253239	0.9768959251	0.9376178527	-0.0265175540	-0.0031423965	-0.0153160342	-0.0233751576	-0.0121736377	0.0007031807	0.0000098747	0.0002345809	0.0005463980	0.0001481975	0.0009476362	0.0006945954	0.0016422317
0.4413333333	0.7393587371	0.8713430821	0.8911008762	0.8359297394	0.9778276572	0.9380865419	-0.0254603874	-0.0030385433	-0.0147124335	-0.0224218441	-0.0116738902	0.0006482313	0.0000092327	0.0002164557	0.0005027391	0.0001362797	0.0008739198	0.0006390188	0.0015129386
0.4413333333	0.7460254038	0.8722644895	0.8911931848	0.8364350241	0.9787602782	0.9385563517	-0.0244034896	-0.0029349593	-0.0141081578	-0.0214685304	-0.0111731985	0.0005955303	0.0000086140	0.0001990401	0.0004608978	0.0001248404	0.0008031844	0.0005857382	0.0013889226
0.4413333333	0.7526920705	0.8731864540	0.8912851822	0.8369408804	0.9796936732	0.9390270333	-0.0233470696	-0.0028317351	-0.0135035640	-0.0205153345	-0.0106718289	0.0005450857	0.0000080187	0.0001823462	0.0004208790	0.0001138879	0.0007354506	0.0005347669	0.0012702175
0.4413333333	0.7593587371	0.8741088035	0.8913767899	0.8374470234	0.9806277361	0.9394983501	-0.0222913241	-0.0027289588	-0.0128989932	-0.0195623653	-0.0101700344	0.0004969031	0.0000074472	0.0001663840	0.0003826861	0.0001034296	0.0006707344	0.0004861157	0.0011568501
0.4413333333	0.7660254038	0.8750313752	0.8914679320	0.8379531808	0.9815623690	0.9399700772	-0.0212364381	-0.0026267154	-0.0122947705	-0.0186097227	-0.0096680551	0.0004509863	0.0000068996	0.0001511614	0.0003463218	0.0000934713	0.0006090473	0.0004397931	0.0010488404
0.4413333333	0.7726920705	0.8759540152	0.8915585346	0.8384590923	0.9824974818	0.9404420010	-0.0201825857	-0.0025250874	-0.0116912060	-0.0176574983	-0.0091661186	0.0004073368	0.0000063761	0.0001366843	0.0003117872	0.0000840177	0.0005503971	0.0003958050	0.0009462021
0.4413333333	0.7793587371	0.8768765784	0.8916485265	0.8389645089	0.9834329922	0.9409139184	-0.0191299303	-0.0024241548	-0.0110885954	-0.0167057755	-0.0086644406	0.0003659542	0.0000058765	0.0001229569	0.0002790829	0.0000750725	0.0004947877	0.0003541555	0.0008489432
0.4413333333	0.7860254038	0.8777989280	0.8917378384	0.8394691930	0.9843688247	0.9413856369	-0.0180786252	-0.0023239949	-0.0104872203	-0.0157546303	-0.0081632254	0.0003268367	0.0000054010	0.0001099818	0.0002482084	0.0000666382	0.0004422194	0.0003148466	0.0007570661
0.4413333333	0.7926920705	0.8787209351	0.8918264034	0.8399729175	0.9853049111	0.9418569738	-0.0170288138	-0.0022246825	-0.0098873491	-0.0148041313	-0.0076626666	0.0002899805	0.0000049492	0.0000977597	0.0002191623	0.0000587165	0.0003926894	0.0002778788	0.0006705681
0.4413333333	0.7993587371	0.8796424786	0.8919141567	0.8404754656	0.9862411892	0.9423277557	-0.0159806306	-0.0021262901	-0.0092892372	-0.0138543405	-0.0071629471	0.0002553806	0.0000045211	0.0000862899	0.0001919428	0.0000513078	0.0003461916	0.0002432506	0.0005894422
0.4413333333	0.8060254038	0.8805634445	0.8920010356	0.8409766304	0.9871776034	0.9427978185	-0.0149342008	-0.0020288877	-0.0086931276	-0.0129053131	-0.0066642400	0.0002230304	0.0000041164	0.0000755705	0.0001665471	0.0000444121	0.0003027172	0.0002109592	0.0005136764
0.4413333333	0.8126920705	0.8814837258	0.8920869792	0.8414762145	0.9881141036	0.9432670066	-0.0138896414	-0.0019325430	-0.0080992517	-0.0119570984	-0.0061667086	0.0001929221	0.0000037347	0.0000655979	0.0001429722	0.0000380283	0.0002622547	0.0001810005	0.0004432552
0.4413333333	0.8193587371	0.8824032224	0.8921719290	0.8419740297	0.9890506457	0.9437351730	-0.0128470614	-0.0018373217	-0.0075078291	-0.0110097397	-0.0056705075	0.0001650470	0.0000033758	0.0000563675	0.0001212144	0.0000321547	0.0002247902	0.0001533690	0.0003781593
0.4413333333	0.8260254038	0.8833218404	0.8922558281	0.8424698964	0.9899871904	0.9442021783	-0.0118065618	-0.0017432870	-0.0069190690	-0.0100632749	-0.0051757820	0.0001393949	0.0000030390	0.0000478735	0.0001012695	0.0000267887	0.0001903075	0.0001280582	0.0003183657
0.4413333333	0.8326920705	0.8842394920	0.8923386215	0.8429636437	0.9909237040	0.9446678910	-0.0107682366	-0.0016505001	-0.0063331696	-0.0091177366	-0.0046826695	0.0001159549	0.0000027242	0.0000401090	0.0000831331	0.0000219274	0.0001587881	0.0001050605	0.0002638486
0.4413333333	0.8393587371	0.8851560955	0.8924202563	0.8434551084	0.9918601569	0.9451321869	-0.0097321726	-0.0015590202	-0.0057503193	-0.0081731525	-0.0041912991	0.0000947152	0.0000024305	0.0000330662	0.0000668004	0.0000175670	0.0001302119	0.0000843674	0.0002145793
0.4413333333	0.8460254038	0.8860715744	0.8925006811	0.8439441356	0.9927965247	0.9455949485	-0.0086984501	-0.0014689044	-0.0051706970	-0.0072295456	-0.0037017926	0.0000756630	0.0000021577	0.0000267361	0.0000522663	0.0000137033	0.0001045568	0.0000659696	0.0001705264
0.4413333333	0.8526920705	0.8869858579	0.8925798463	0.8444305773	0.9937327866	0.9460560653	-0.0076671427	-0.0013802079	-0.0045944721	-0.0062869348	-0.0032142642	0.0000587851	0.0000019050	0.0000211092	0.0000395255	0.0000103315	0.0000817992	0.0000498570	0.0001316563
0.4413333333	0.8593587371	0.8878988801	0.8926577039	0.8449142932	0.9946689265	0.9465154331	-0.0066383185	-0.0012929841	-0.0040218053	-0.0053453344	-0.0027288212	0.0000440673	0.0000016718	0.0000161749	0.0000285726	0.0000074465	0.0000619140	0.0000360191	0.0000979331
0.4413333333	0.8660254038	0.8888105799	0.8927342078	0.8453951495	0.9956049316	0.9469729536	-0.0056120394	-0.0012072843	-0.0034528487	-0.0044047551	-0.0022455644	0.0000314950	0.0000014575	0.0000119222	0.0000194019	0.0000050426	0.0000448747	0.0000244444	0.0000693191
0.4413333333	0.8726920705	0.8897209010	0.8928093132	0.8458730193	0.9965407930	0.9474285346	-0.0045883620	-0.0011231582	-0.0028877464	-0.0034652039	-0.0017645882	0.0000210531	0.0000012615	0.0000083391	0.0000120076	0.0000031138	0.0000306536	0.0000151214	0.0000457750
0.4413333333	0.8793587371	0.8906297914	0.8928829770	0.8463477817	0.9974765052	0.9478820893	-0.0035673380	-0.0010406537	-0.0023266347	-0.0025266842	-0.0012859809	0.0000127259	0.0000010830	0.0000054132	0.0000063841	0.0000016537	0.0000192221	0.0000080379	0.0000272600
0.4413333333	0.8860254038	0.8915372033	0.8929551575	0.8468193223	0.9984120657	0.9483335364	-0.0025490136	-0.0009598172	-0.0017696423	-0.0015891964	-0.0008098251	0.0000064975	0.0000009212	0.0000031316	0.0000025255	0.0000006558	0.0000105504	0.0000031814	0.0000137317
0.4413333333	0.8926920705	0.8924430931	0.8930258145	0.8472875322	0.9993474753	0.9487827994	-0.0015334308	-0.0008806931	-0.0012168909	-0.0006527376	-0.0003361978	0.0000023514	0.0000007756	0.0000014808	0.0000004261	0.0000001130	0.0000046079	0.0000005391	0.0000051469
0.4413333333	0.8993587371	0.8933474208	0.8930949092	0.8477523083	1.0002827377	0.9492298070	-0.0005206269	-0.0008033247	-0.0006684954	0.0002826977	0.0001348292	0.0000002711	0.0000006453	0.0000004469	0.0000000799	0.0000000182	0.0000013633	0.0000000981	0.0000014614
0.4413333333	0.9060254038	0.8942501501	0.8931624042	0.8482135528	1.0012178590	0.9496744923	0.0004893648	-0.0007277532	-0.0001245641	0.0012171180	0.0006031891	0.0000002395	0.0000005296	0.0000000155	0.0000014814	0.0000003638	0.0000007846	0.0000018452	0.0000026298
0.4413333333	0.9126920705	0.8951512482	0.8932282634	0.8486711730	1.0021528480	0.9501167929	0.0014965152	-0.0006540188	0.0004148010	0.0021505340	0.0010688198	0.0000022396	0.0000004277	0.0000001721	0.0000046248	0.0000011424	0.0000028394	0.0000057672	0.0000086065
0.4413333333	0.9193587371	0.8960506855	0.8932924521	0.8491250812	1.0030877161	0.9505566506	0.0025007989	-0.0005821600	0.0009495038	0.0030829589	0.0015316638	0.0000062540	0.0000003389	0.0000009016	0.0000095046	0.0000023460	0.0000074945	0.0000118506	0.0000193451
0.4413333333	0.9260254038	0.8969484358	0.8933549365	0.8495751945	1.0040224766	0.9509940112	0.0035021940	-0.0005122140	0.0014794541	0.0040144080	0.0019916681	0.0000122654	0.0000002624	0.0000021888	0.0000161155	0.0000039667	0.0000147165	0.0000200822	0.0000347987
0.4413333333	0.9326920705	0.8978444755	0.8934156844	0.8500214344	1.0049571450	0.9514288246	0.0045006822	-0.0004442166	0.0020045668	0.0049448988	0.0024487834	0.0000202561	0.0000001973	0.0000040183	0.0000244520	0.0000059965	0.0000244718	0.0000304486	0.0000549203
0.4413333333	0.9393587371	0.8987387840	0.8934746646	0.8504637269	1.0058917389	0.9518610439	0.0054962483	-0.0003782022	0.0025247625	0.0058744505	0.0029029647	0.0000302087	0.0000001430	0.0000063744	0.0000345092	0.0000084272	0.0000367262	0.0000429364	0.0000796626
0.4413333333	0.9460254038	0.8996313435	0.8935318470	0.8509020021	1.0068262777	0.9522906262	0.0064888800	-0.0003142042	0.0030399664	0.0068030842	0.0033541707	0.0000421056	0.0000000987	0.0000092414	0.0000462820	0.0000112505	0.0000514457	0.0000575324	0.0001089781
0.4413333333	0.9526920705	0.9005221387	0.8935872027	0.8513361940	1.0077607825	0.9527175315	0.0074785680	-0.0002522545	0.0035501088	0.0077308225	0.0038023633	0.0000559290	0.0000000636	0.0000126033	0.0000597656	0.0000144580	0.0000685959	0.0000742236	0.0001428195
0.4413333333	0.9593587371	0.9014111564	0.8936407039	0.8517662406	1.0086952759	0.9531417233	0.0084653058	-0.0001923839	0.0040551243	0.0086576897	0.0042475083	0.0000716614	0.0000000370	0.0000164440	0.0000749556	0.0000180413	0.0000881424	0.0000929969	0.0001811394
0.4413333333	0.9660254038	0.9022983862	0.8936923237	0.8521920835	1.0096297822	0.9535631680	0.0094490893	-0.0001346221	0.0045549522	0.0095837114	0.0046895743	0.0000892853	0.0000000181	0.0000207476	0.0000918475	0.0000219921	0.0001100510	0.0001138396	0.0002238906
0.4413333333	0.9726920705	0.9031838195	0.8937420363	0.8526136677	1.0105643270	0.9539818349	0.0104299169	-0.0000789976	0.0050495355	0.0105089145	0.0051285331	0.0001087832	0.0000000062	0.0000254978	0.0001104373	0.0000263019	0.0001342872	0.0001367391	0.0002710264
0.4413333333	0.9793587371	0.9040674500	0.8937898169	0.8530309419	1.0114989373	0.9543976959	0.0114077892	-0.0000255378	0.0055388217	0.0114333270	0.0055643595	0.0001301377	0.0000000007	0.0000306785	0.0001307210	0.0000309621	0.0001608169	0.0001616831	0.0003224999
0.4413333333	0.9860254038	0.9049492731	0.8938356415	0.8534438576	1.0124336411	0.9548107258	0.0123827091	0.0000257309	0.0060227617	0.0123569782	0.0059970309	0.0001533315	0.0000000007	0.0000362737	0.0001526949	0.0000359644	0.0001896058	0.0001886593	0.0003782651
0.4413333333	0.9926920705	0.9058292862	0.8938794871	0.8538523697	1.0133684677	0.9552209017	0.0133546813	0.0000747830	0.0065013104	0.0132798983	0.0064265273	0.0001783475	0.0000000056	0.0000422670	0.0001763557	0.0000413003	0.0002206201	0.0002176560	0.0004382761
0.4413333333	0.9993587371	0.9067074885	0.8939213317	0.8542564360	1.0143034475	0.9556282032	0.0143237125	0.0001215943	0.0069744257	0.0142021183	0.0068528315	0.0002051687	0.0000000148	0.0000486426	0.0002017002	0.0000469613	0.0002538261	0.0002486615	0.0005024876
0.4413333333	1.0060254038	0.9075838808	0.8939611540	0.8546560170	1.0152386116	0.9560326119	0.0152898113	0.0001661412	0.0074420694	0.0151236702	0.0072759282	0.0002337783	0.0000000276	0.0000553844	0.0002287254	0.0000529391	0.0002891903	0.0002816645	0.0005708549
0.4413333333	1.0126920705	0.9084584653	0.8939989336	0.8550510760	1.0161739922	0.9564341118	0.0162529878	0.0002084012	0.0079042059	0.0160445866	0.0076958047	0.0002641596	0.0000000434	0.0000624765	0.0002574288	0.0000592254	0.0003266795	0.0003166542	0.0006433337
0.4413333333	1.0193587371	0.9093312460	0.8940346509	0.8554415790	1.0171096222	0.9568326889	0.0172132537	0.0002483527	0.0083608030	0.0169649010	0.0081124503	0.0002962961	0.0000000617	0.0000699030	0.0002878079	0.0000658119	0.0003662608	0.0003536197	0.0007198805
0.4413333333	1.0260254038	0.9102022279	0.8940682871	0.8558274943	1.0180455353	0.9572283311	0.0181706221	0.0002859749	0.0088118312	0.0178846473	0.0085258564	0.0003301715	0.0000000818	0.0000776484	0.0003198606	0.0000726902	0.0004079017	0.0003925508	0.0008004525
0.4413333333	1.0326920705	0.9110714177	0.8940998241	0.8562087928	1.0189817659	0.9576210281	0.0191251078	0.0003212478	0.0092572639	0.0188038600	0.0089360160	0.0003657697	0.0000001032	0.0000856969	0.0003535851	0.0000798524	0.0004515699	0.0004334375	0.0008850074
0.4413333333	1.0393587371	0.9119388229	0.8941292446	0.8565854473	1.0199183490	0.9580107714	0.0200767265	0.0003541524	0.0096970768	0.0197225741	0.0093429244	0.0004030749	0.0000001254	0.0000940333	0.0003889799	0.0000872902	0.0004972337	0.0004762702	0.0009735038
0.4413333333	1.0460254038	0.9128044526	0.8941565320	0.8569574332	1.0208553200	0.9583975541	0.0210254953	0.0003846704	0.0101312486	0.0206408249	0.0097465782	0.0004420715	0.0000001480	0.0001026422	0.0004260437	0.0000949958	0.0005448616	0.0005210394	0.0010659011
0.4413333333	1.0526920705	0.9136683166	0.8941816703	0.8573247279	1.0217927150	0.9587813711	0.0219714323	0.0004127840	0.0105597598	0.0215586484	0.0101469758	0.0004827438	0.0000001704	0.0001115085	0.0004647753	0.0001029611	0.0005944228	0.0005677364	0.0011621592
0.4413333333	1.0593587371	0.9145304261	0.8942046444	0.8576873105	1.0227305706	0.9591622185	0.0229145569	0.0004384765	0.0109825937	0.0224760804	0.0105441173	0.0005250769	0.0000001923	0.0001206174	0.0005051742	0.0001111784	0.0006458865	0.0006163526	0.0012622391
0.4413333333	1.0660254038	0.9153907930	0.8942254395	0.8580451623	1.0236689235	0.9595400940	0.0238548891	0.0004617317	0.0113997355	0.0233931574	0.0109380038	0.0005690557	0.0000002132	0.0001299540	0.0005472398	0.0001196399	0.0006992229	0.0006668797	0.0013661026
0.4440000000	0.6660254038	0.8616611210	0.8901474136	0.8307419566	0.9679982302	0.9332633493	-0.0366341189	-0.0041090989	-0.0209377742	-0.0325250200	-0.0168286753	0.0013420587	0.0000168847	0.0004383904	0.0010578769	0.0002832043	0.0017973337	0.0013410812	0.0031384150
0.4440000000	0.6726920705	0.8625560691	0.8902367413	0.8312131523	0.9689063921	0.9336989968	-0.0355960267	-0.0040087524	-0.0203707364	-0.0315872744	-0.0163619840	0.0012670771	0.0000160701	0.0004149669	0.0009977559	0.0002677145	0.0016981141	0.0012654704	0.0029635845
0.4440000000	0.6793587371	0.8634543301	0.8903268132	0.8316891386	0.9698172820	0.9341391568	-0.0345551743	-0.0039075800	-0.0197982598	-0.0306475943	-0.0158906798	0.0011940601	0.0000152692	0.0003919711	0.0009392750	0.0002525137	0.0016013003	0.0011917887	0.0027930891
0.4440000000	0.6860254038	0.8643555983	0.8904175201	0.8321694571	0.9707306727	0.9345834266	-0.0335119250	-0.0038057048	-0.0192209049	-0.0297062202	-0.0154152001	0.0011230491	0.0000144834	0.0003694432	0.0008824595	0.0002376284	0.0015069757	0.0011200879	0.0026270636
0.4440000000	0.6926920705	0.8652595821	0.8905087556	0.8326536676	0.9716463500	0.9350314215	-0.0324666244	-0.0037032462	-0.0186392088	-0.0287633782	-0.0149359625	0.0010540817	0.0000137140	0.0003474201	0.0008273319	0.0002230830	0.0014152158	0.0010504149	0.0024656307
0.4440000000	0.6993587371	0.8661660037	0.8906004165	0.8331413480	0.9725641125	0.9354827738	-0.0314196008	-0.0036003206	-0.0180536860	-0.0278192802	-0.0144533655	0.0009871913	0.0000129623	0.0003259356	0.0007739124	0.0002088998	0.0013260892	0.0009828121	0.0023089013
0.4440000000	0.7060254038	0.8670745986	0.8906924023	0.8336320932	0.9734837711	0.9359371328	-0.0303711659	-0.0034970409	-0.0174648296	-0.0268741250	-0.0139677887	0.0009224077	0.0000122293	0.0003050203	0.0007222186	0.0001950991	0.0012396573	0.0009173177	0.0021569750
0.4440000000	0.7126920705	0.8679851151	0.8907846152	0.8341255146	0.9744051484	0.9363941635	-0.0293216151	-0.0033935167	-0.0168731112	-0.0259280984	-0.0134795945	0.0008597571	0.0000115160	0.0002847019	0.0006722663	0.0001816995	0.0011559750	0.0008539658	0.0020099407
0.4440000000	0.7193587371	0.8688973138	0.8908769604	0.8346212399	0.9753280783	0.9368535465	-0.0282712288	-0.0032898548	-0.0162789823	-0.0249813740	-0.0129891275	0.0007992624	0.0000108231	0.0002650053	0.0006240690	0.0001687174	0.0010750908	0.0007927865	0.0018678773
0.4440000000	0.7260254038	0.8698109673	0.8909693459	0.8351189122	0.9762524056	0.9373149773	-0.0272202721	-0.0031861584	-0.0156828748	-0.0240341137	-0.0124967163	0.0007409432	0.0000101516	0.0002459526	0.0005776386	0.0001561679	0.0009970474	0.0007338065	0.0017308539
0.4440000000	0.7326920705	0.8707258595	0.8910616823	0.8356181897	0.9771779854	0.9377781654	-0.0261689961	-0.0030825280	-0.0150852015	-0.0230864681	-0.0120026735	0.0006848164	0.0000095020	0.0002275633	0.0005329850	0.0001440642	0.0009218816	0.0006770492	0.0015989308
0.4440000000	0.7393587371	0.8716417855	0.8911538827	0.8361187448	0.9781046825	0.9382428344	-0.0251176381	-0.0029790607	-0.0144863571	-0.0221385774	-0.0115072963	0.0006308957	0.0000088748	0.0002098545	0.0004901166	0.0001324179	0.0008496251	0.0006225345	0.0014721596
0.4440000000	0.7460254038	0.8725585510	0.8912458631	0.8366202641	0.9790323715	0.9387087209	-0.0240664222	-0.0028758511	-0.0138867186	-0.0211905711	-0.0110108675	0.0005791927	0.0000082705	0.0001928410	0.0004490403	0.0001212392	0.0007803042	0.0005702795	0.0013505837
0.4440000000	0.7526920705	0.8734759717	0.8913375419	0.8371224475	0.9799609359	0.9391755740	-0.0230155600	-0.0027729906	-0.0132866462	-0.0202425695	-0.0105136556	0.0005297160	0.0000076895	0.0001765350	0.0004097616	0.0001105370	0.0007139404	0.0005202986	0.0012342390
0.4440000000	0.7593587371	0.8743938735	0.8914288399	0.8376250079	0.9808902678	0.9396431553	-0.0219652508	-0.0026705677	-0.0126864836	-0.0192946832	-0.0100159159	0.0004824722	0.0000071319	0.0001609469	0.0003722848	0.0001003186	0.0006505510	0.0004726034	0.0011231544
0.4440000000	0.7660254038	0.8753120914	0.8915196806	0.8381276706	0.9818202676	0.9401112380	-0.0209156825	-0.0025686683	-0.0120865589	-0.0183470142	-0.0095178906	0.0004374658	0.0000065981	0.0001460849	0.0003366129	0.0000905902	0.0005901487	0.0004272032	0.0010173519
0.4440000000	0.7726920705	0.8762304696	0.8916099896	0.8386301730	0.9827508437	0.9405796063	-0.0198670317	-0.0024673756	-0.0114871850	-0.0173996561	-0.0090198094	0.0003946989	0.0000060879	0.0001319554	0.0003027480	0.0000813570	0.0005327423	0.0003841050	0.0009168473
0.4440000000	0.7793587371	0.8771488609	0.8916996951	0.8391322641	0.9836819119	0.9410480555	-0.0188194644	-0.0023667700	-0.0108886603	-0.0164526944	-0.0085218903	0.0003541722	0.0000056016	0.0001185629	0.0002706912	0.0000726226	0.0004783368	0.0003433138	0.0008216505
0.4440000000	0.7860254038	0.8780671265	0.8917887273	0.8396337040	0.9846133952	0.9415163909	-0.0177731366	-0.0022669295	-0.0102912693	-0.0155062071	-0.0080243398	0.0003158844	0.0000051390	0.0001059102	0.0002404425	0.0000643900	0.0004269336	0.0003048325	0.0007317661
0.4440000000	0.7926920705	0.8789851356	0.8918770188	0.8401342634	0.9855452233	0.9419844280	-0.0167281942	-0.0021679294	-0.0096952828	-0.0145602648	-0.0075273534	0.0002798325	0.0000046999	0.0000939985	0.0002120013	0.0000566610	0.0003785309	0.0002686624	0.0006471933
0.4440000000	0.7993587371	0.8799027650	0.8919645044	0.8406337236	0.9864773325	0.9424519916	-0.0156847742	-0.0020698427	-0.0091009590	-0.0136149315	-0.0070311164	0.0002460121	0.0000042842	0.0000828275	0.0001853664	0.0000494366	0.0003331238	0.0002348030	0.0005679268
0.4440000000	0.8060254038	0.8808198988	0.8920511209	0.8411318757	0.9874096654	0.9429189157	-0.0146430043	-0.0019727398	-0.0085085435	-0.0126702645	-0.0065358037	0.0002144176	0.0000038917	0.0000723953	0.0001605356	0.0000427167	0.0002907046	0.0002032523	0.0004939569
0.4440000000	0.8126920705	0.8817364282	0.8921368073	0.8416285201	0.9883421702	0.9433850428	-0.0136030040	-0.0018766890	-0.0079182700	-0.0117263150	-0.0060415810	0.0001850417	0.0000035220	0.0000626990	0.0001375065	0.0000365007	0.0002512627	0.0001740072	0.0004252698
0.4440000000	0.8193587371	0.8826522512	0.8922215044	0.8421234668	0.9892748010	0.9438502240	-0.0125648846	-0.0017817561	-0.0073303607	-0.0107831285	-0.0055486046	0.0001578763	0.0000031747	0.0000537342	0.0001162759	0.0000307870	0.0002147852	0.0001470629	0.0003618480
0.4440000000	0.8260254038	0.8835672720	0.8923051551	0.8426165343	0.9902075170	0.9443143184	-0.0115287497	-0.0016880050	-0.0067450270	-0.0098407447	-0.0050570220	0.0001329121	0.0000028494	0.0000454954	0.0000968403	0.0000255735	0.0001812568	0.0001224137	0.0003036705
0.4440000000	0.8326920705	0.8844814011	0.8923877041	0.8431075497	0.9911402824	0.9447771925	-0.0104946954	-0.0015954971	-0.0061624697	-0.0088991983	-0.0045669726	0.0001101386	0.0000025456	0.0000379760	0.0000791957	0.0000208572	0.0001506603	0.0001000530	0.0002507132
0.4440000000	0.8393587371	0.8853945549	0.8924690982	0.8435963483	0.9920730663	0.9452387203	-0.0094628108	-0.0015042920	-0.0055828794	-0.0079585188	-0.0040785874	0.0000895448	0.0000022629	0.0000311685	0.0000633380	0.0000166349	0.0001229762	0.0000799729	0.0002029491
0.4440000000	0.8460254038	0.8863066553	0.8925492857	0.8440827731	0.9930058424	0.9456987829	-0.0084331784	-0.0014144470	-0.0050064371	-0.0070187314	-0.0035919901	0.0000711185	0.0000020007	0.0000250644	0.0000492626	0.0000129024	0.0000981836	0.0000621650	0.0001603486
0.4440000000	0.8526920705	0.8872176296	0.8926282167	0.8445666748	0.9939385884	0.9461572679	-0.0074058743	-0.0013260177	-0.0044333144	-0.0060798566	-0.0031072967	0.0000548470	0.0000017583	0.0000196543	0.0000369647	0.0000096553	0.0000762596	0.0000466199	0.0001228795
0.4440000000	0.8593587371	0.8881274104	0.8927058431	0.8450479110	0.9948712863	0.9466140695	-0.0063809683	-0.0012390576	-0.0038636741	-0.0051419107	-0.0026246166	0.0000407168	0.0000015353	0.0000149280	0.0000264392	0.0000068886	0.0000571800	0.0000333279	0.0000905079
0.4440000000	0.8660254038	0.8890359350	0.8927821185	0.8455263466	0.9958039220	0.9470690879	-0.0053585246	-0.0011536184	-0.0032976705	-0.0042049063	-0.0021440521	0.0000287138	0.0000013308	0.0000108746	0.0000176812	0.0000045970	0.0000409193	0.0000222782	0.0000631974
0.4440000000	0.8726920705	0.8899431454	0.8928569978	0.8460018529	0.9967364848	0.9475222292	-0.0043386021	-0.0010697499	-0.0027354495	-0.0032688521	-0.0016656996	0.0000188235	0.0000011444	0.0000074827	0.0000106854	0.0000027746	0.0000274505	0.0000134599	0.0000409105
0.4440000000	0.8793587371	0.8908489881	0.8929304379	0.8464743077	0.9976689676	0.9479734051	-0.0033212539	-0.0009875004	-0.0021771494	-0.0023337535	-0.0011896489	0.0000110307	0.0000009752	0.0000047400	0.0000054464	0.0000014153	0.0000167459	0.0000068617	0.0000236075
0.4440000000	0.8860254038	0.8917534138	0.8930023968	0.8469435949	0.9986013666	0.9484225328	-0.0023065288	-0.0009069163	-0.0016229008	-0.0013996124	-0.0007159845	0.0000053201	0.0000008225	0.0000026338	0.0000019589	0.0000005126	0.0000087764	0.0000024715	0.0000112479
0.4440000000	0.8926920705	0.8926563772	0.8930728342	0.8474096043	0.9995336809	0.9488695343	-0.0012944703	-0.0008280424	-0.0010728274	-0.0004664279	-0.0002447850	0.0000016757	0.0000006857	0.0000011510	0.0000002176	0.0000000599	0.0000035123	0.0000002775	0.0000037897
0.4440000000	0.8993587371	0.8935578371	0.8931417111	0.8478722312	1.0004659126	0.9493143368	-0.0002851177	-0.0007509218	-0.0005270456	0.0004658041	0.0002238762	0.0000000813	0.0000005639	0.0000002778	0.0000002170	0.0000000501	0.0000009230	0.0000002671	0.0000011900
0.4440000000	0.9060254038	0.8944577557	0.8932089901	0.8483313765	1.0013980665	0.9497568721	0.0007214939	-0.0006755962	0.0000143344	0.0013970901	0.0006899306	0.0000005206	0.0000004564	0.0000000002	0.0000019519	0.0000004760	0.0000009772	0.0000024279	0.0000034051
0.4440000000	0.9126920705	0.8953560987	0.8932746348	0.8487869463	1.0023301500	0.9501970763	0.0017253336	-0.0006021058	0.0005512089	0.0023274394	0.0011533147	0.0000029768	0.0000003625	0.0000003038	0.0000054170	0.0000013301	0.0000036431	0.0000067471	0.0000103902
0.4440000000	0.9193587371	0.8962528353	0.8933386103	0.8492388515	1.0032621729	0.9506348899	0.0027263743	-0.0005304893	0.0010834802	0.0032568636	0.0016139695	0.0000074331	0.0000002814	0.0000011739	0.0000106072	0.0000026049	0.0000088885	0.0000132121	0.0000221005
0.4440000000	0.9260254038	0.8971479379	0.8934008831	0.8496870079	1.0041941472	0.9510702575	0.0037245924	-0.0004607838	0.0016110564	0.0041853763	0.0020718402	0.0000138726	0.0000002123	0.0000025955	0.0000175174	0.0000042925	0.0000166804	0.0000218099	0.0000384903
0.4440000000	0.9326920705	0.8980413816	0.8934614205	0.8501313359	1.0051260871	0.9515031275	0.0047199680	-0.0003930255	0.0021338511	0.0051129934	0.0025268765	0.0000222781	0.0000001545	0.0000045533	0.0000261427	0.0000063851	0.0000269859	0.0000325278	0.0000595137
0.4440000000	0.9393587371	0.8989331446	0.8935201914	0.8505717602	1.0060580088	0.9519334519	0.0057124841	-0.0003272488	0.0026517830	0.0060397328	0.0029790318	0.0000326325	0.0000001071	0.0000070320	0.0000364784	0.0000088746	0.0000397715	0.0000453530	0.0000851245
0.4440000000	0.9460254038	0.8998232078	0.8935771656	0.8510082097	1.0069899304	0.9523611865	0.0067021270	-0.0002634870	0.0031647763	0.0069656140	0.0034282633	0.0000449185	0.0000000694	0.0000100158	0.0000485198	0.0000117530	0.0000550037	0.0000602728	0.0001152765
0.4440000000	0.9526920705	0.9007115546	0.8936323142	0.8514406174	1.0079218716	0.9527862901	0.0076888860	-0.0002017723	0.0036727595	0.0078906583	0.0038745318	0.0000591190	0.0000000407	0.0000134892	0.0000622625	0.0000150120	0.0000726488	0.0000772745	0.0001499233
0.4440000000	0.9593587371	0.9015981710	0.8936856091	0.8518689201	1.0088538539	0.9532087251	0.0086727529	-0.0001421355	0.0041756660	0.0088148884	0.0043178015	0.0000752166	0.0000000202	0.0000174362	0.0000777023	0.0000186434	0.0000926730	0.0000963457	0.0001890187
0.4440000000	0.9660254038	0.9024830451	0.8937370236	0.8522930584	1.0097859004	0.9536284566	0.0096537222	-0.0000846063	0.0046734337	0.0097383286	0.0047580400	0.0000931944	0.0000000072	0.0000218410	0.0000948350	0.0000226389	0.0001150425	0.0001174740	0.0002325165
0.4440000000	0.9726920705	0.9033661673	0.8937865317	0.8527129765	1.0107180354	0.9540454529	0.0106317910	-0.0000292134	0.0051660044	0.0106610044	0.0051952178	0.0001130350	0.0000000009	0.0000266876	0.0001136570	0.0000269903	0.0001397234	0.0001406473	0.0002803707
0.4440000000	0.9793587371	0.9042475303	0.8938341085	0.8531286216	1.0116502846	0.9544596850	0.0116069584	0.0000240158	0.0056533242	0.0115829426	0.0056293083	0.0001347215	0.0000000006	0.0000319601	0.0001341646	0.0000316891	0.0001666821	0.0001658537	0.0003325358
0.4440000000	0.9860254038	0.9051271284	0.8938797302	0.8535399447	1.0125826751	0.9548711263	0.0125792260	0.0000750549	0.0061353429	0.0125041711	0.0060602879	0.0001582369	0.0000000056	0.0000376424	0.0001563543	0.0000367271	0.0001958850	0.0001930814	0.0003889664
0.4440000000	0.9926920705	0.9060049580	0.8939233736	0.8539468995	1.0135152350	0.9552797530	0.0135485973	0.0001238784	0.0066120140	0.0134247189	0.0064881355	0.0001835645	0.0000000153	0.0000437187	0.0001802231	0.0000420959	0.0002272986	0.0002223190	0.0004496175
0.4440000000	0.9993587371	0.9068810173	0.8939650166	0.8543494429	1.0144479935	0.9556855437	0.0145150777	0.0001704619	0.0070832945	0.0143446158	0.0069128326	0.0002106875	0.0000000291	0.0000501731	0.0002057680	0.0000477873	0.0002608896	0.0002535553	0.0005144449
0.4440000000	1.0060254038	0.9077553061	0.8940046380	0.8547475346	1.0153809807	0.9560884791	0.0154786744	0.0002147819	0.0075491449	0.0152638925	0.0073343630	0.0002395894	0.0000000461	0.0000569896	0.0002329864	0.0000537929	0.0002966251	0.0002867793	0.0005834044
0.4440000000	1.0126920705	0.9086278257	0.8940422173	0.8551411371	1.0163142278	0.9564885422	0.0164393965	0.0002568159	0.0080095287	0.0161825806	0.0077527128	0.0002702538	0.0000000660	0.0000641525	0.0002618759	0.0000601046	0.0003344723	0.0003219805	0.0006564527
0.4440000000	1.0193587371	0.9094985791	0.8940777350	0.8555302154	1.0172477666	0.9568857180	0.0173972545	0.0002965421	0.0084644124	0.0171007124	0.0081678703	0.0003026645	0.0000000879	0.0000716463	0.0002924344	0.0000667141	0.0003743987	0.0003591485	0.0007335471
0.4440000000	1.0260254038	0.9103675705	0.8941111721	0.8559147371	1.0181816299	0.9572799936	0.0183522604	0.0003339399	0.0089137657	0.0180183205	0.0085798258	0.0003368055	0.0000001115	0.0000794552	0.0003246599	0.0000736134	0.0004163722	0.0003982733	0.0008146455
0.4440000000	1.0326920705	0.9112348056	0.8941425106	0.8562946722	1.0191158510	0.9576713577	0.0193044278	0.0003689892	0.0093575608	0.0189354386	0.0089885716	0.0003726609	0.0000001362	0.0000875639	0.0003585508	0.0000807944	0.0004603610	0.0004393453	0.0008997063
0.4440000000	1.0393587371	0.9121002913	0.8941717332	0.8566699929	1.0200504639	0.9580598011	0.0202537714	0.0004016709	0.0097957726	0.0198521005	0.0093941017	0.0004102153	0.0000001613	0.0000959572	0.0003941059	0.0000882491	0.0005063338	0.0004823550	0.0009886888
0.4440000000	1.0460254038	0.9129640356	0.8941988232	0.8570406737	1.0209855033	0.9584453160	0.0212003072	0.0004319666	0.0102283787	0.0207683406	0.0097964121	0.0004494530	0.0000001866	0.0001046197	0.0004313240	0.0000959697	0.0005542594	0.0005272937	0.0010815530
0.4440000000	1.0526920705	0.9138260477	0.8942237648	0.8574066913	1.0219210043	0.9588278964	0.0221440524	0.0004598588	0.0106553590	0.0216841936	0.0101955001	0.0004903591	0.0000002115	0.0001135367	0.0004702043	0.0001039482	0.0006041072	0.0005741525	0.0011782597
0.4440000000	1.0593587371	0.9146863379	0.8942465426	0.8577680242	1.0228570024	0.9592075377	0.0230850253	0.0004853307	0.0110766955	0.0225996946	0.0105913649	0.0005329184	0.0000002355	0.0001226932	0.0005107462	0.0001121770	0.0006558471	0.0006229232	0.0012787703
0.4440000000	1.0660254038	0.9155449174	0.8942671420	0.8581246530	1.0237935337	0.9595842368	0.0240232450	0.0005083659	0.0114923728	0.0235148791	0.0109840069	0.0005771163	0.0000002584	0.0001320746	0.0005529495	0.0001206484	0.0007094494	0.0006735979	0.0013830473
0.4466666667	0.6660254038	0.8620170057	0.8902046413	0.8309776592	0.9683357800	0.9334681270	-0.0362211825	-0.0040448108	-0.0206540891	-0.0321763717	-0.0166092783	0.0013119741	0.0000163605	0.0004265914	0.0010353189	0.0002758681	0.0017549260	0.0013111870	0.0030661130
0.4466666667	0.6726920705	0.8629061674	0.8902935002	0.8314440104	0.9692378605	0.9338987763	-0.0351902244	-0.0039449973	-0.0200930386	-0.0312452271	-0.0161480413	0.0012383519	0.0000155630	0.0004037302	0.0009762642	0.0002607592	0.0016576451	0.0012370235	0.0028946686
0.4466666667	0.6793587371	0.8637987595	0.8903831223	0.8319152681	0.9701427821	0.9343340492	-0.0341563568	-0.0038443365	-0.0195264050	-0.0303120203	-0.0156820684	0.0011666567	0.0000147789	0.0003812805	0.0009188186	0.0002459273	0.0015627161	0.0011647458	0.0027274620
0.4466666667	0.6860254038	0.8646944745	0.8904733973	0.8323909714	0.9710503167	0.9347735417	-0.0331199453	-0.0037429528	-0.0189547514	-0.0293769925	-0.0152117986	0.0010969308	0.0000140097	0.0003592826	0.0008630077	0.0002313988	0.0014702231	0.0010944065	0.0025646296
0.4466666667	0.6926920705	0.8655930191	0.8905642177	0.8328706779	0.9719602494	0.9352168674	-0.0320813380	-0.0036409669	-0.0183786179	-0.0284403711	-0.0147376510	0.0010292122	0.0000132566	0.0003377736	0.0008088547	0.0002171984	0.0013802425	0.0010260531	0.0024062955
0.4466666667	0.6993587371	0.8664941135	0.8906554790	0.8333539629	0.9728723776	0.9356636573	-0.0310408654	-0.0035384962	-0.0177985220	-0.0275023692	-0.0142600258	0.0009635353	0.0000125210	0.0003167874	0.0007563803	0.0002033483	0.0012928437	0.0009597286	0.0022525723
0.4466666667	0.7060254038	0.8673974914	0.8907470799	0.8338404188	0.9737865113	0.9361135587	-0.0299988418	-0.0034356549	-0.0172149596	-0.0265631869	-0.0137793047	0.0008999305	0.0000118037	0.0002963548	0.0007056029	0.0001898692	0.0012080891	0.0008954721	0.0021035612
0.4466666667	0.7126920705	0.8683028991	0.8908389217	0.8343296550	0.9747024719	0.9365662351	-0.0289555653	-0.0033325537	-0.0166284053	-0.0256230115	-0.0132958516	0.0008384248	0.0000111059	0.0002765039	0.0006565387	0.0001767797	0.0011260345	0.0008333184	0.0019593529
0.4466666667	0.7193587371	0.8692100952	0.8909309088	0.8348212965	0.9756200921	0.9370213653	-0.0279113185	-0.0032293002	-0.0160393135	-0.0246820183	-0.0128100133	0.0007790417	0.0000104284	0.0002572596	0.0006092020	0.0001640964	0.0010467297	0.0007732985	0.0018200281
0.4466666667	0.7260254038	0.8701188503	0.8910229480	0.8353149841	0.9765392151	0.9374786430	-0.0268663693	-0.0031259987	-0.0154481191	-0.0237403706	-0.0123221204	0.0007218018	0.0000097719	0.0002386444	0.0005636052	0.0001518347	0.0009702181	0.0007154398	0.0016856579
0.4466666667	0.7326920705	0.8710289463	0.8911149493	0.8358103737	0.9774596948	0.9379377760	-0.0258209714	-0.0030227505	-0.0148552377	-0.0227982210	-0.0118324873	0.0006667226	0.0000091370	0.0002206781	0.0005197589	0.0001400078	0.0008965377	0.0006597666	0.0015563043
0.4466666667	0.7393587371	0.8719401763	0.8912068251	0.8363071353	0.9783813945	0.9383984859	-0.0247753647	-0.0029196537	-0.0142610670	-0.0218557111	-0.0113414133	0.0006138187	0.0000085244	0.0002033780	0.0004776721	0.0001286277	0.0008257211	0.0006062998	0.0014320209
0.4466666667	0.7460254038	0.8728523440	0.8912984907	0.8368049532	0.9793041872	0.9388605074	-0.0237297760	-0.0028168035	-0.0136659868	-0.0209129725	-0.0108491834	0.0005631023	0.0000079344	0.0001867592	0.0004373524	0.0001177048	0.0007577958	0.0005550572	0.0013128530
0.4466666667	0.7526920705	0.8737652631	0.8913898636	0.8373035251	0.9802279550	0.9393235881	-0.0226844192	-0.0027142920	-0.0130703601	-0.0199701272	-0.0103560681	0.0005145829	0.0000073674	0.0001708343	0.0003988060	0.0001072481	0.0006927846	0.0005060541	0.0011988387
0.4466666667	0.7593587371	0.8746787574	0.8914808643	0.8378025615	0.9811525883	0.9397874874	-0.0216394966	-0.0026122087	-0.0124745334	-0.0190272879	-0.0098623247	0.0004682678	0.0000068236	0.0001556140	0.0003620377	0.0000972654	0.0006307054	0.0004593031	0.0010900086
0.4466666667	0.7660254038	0.8755926600	0.8915714154	0.8383017857	0.9820779860	0.9402519767	-0.0205951983	-0.0025106401	-0.0118788375	-0.0180845583	-0.0093681974	0.0004241622	0.0000063033	0.0001411068	0.0003270512	0.0000877631	0.0005715723	0.0004148144	0.0009863867
0.4466666667	0.7726920705	0.8765068131	0.8916614422	0.8388009329	0.9830040547	0.9407168385	-0.0195517038	-0.0024096698	-0.0112835881	-0.0171420340	-0.0088739183	0.0003822691	0.0000058065	0.0001273194	0.0002938493	0.0000787464	0.0005153950	0.0003725958	0.0008879907
0.4466666667	0.7793587371	0.8774210675	0.8917508721	0.8392997499	0.9839307086	0.9411818661	-0.0185091814	-0.0023093790	-0.0106890862	-0.0161998025	-0.0083797072	0.0003425898	0.0000053332	0.0001142566	0.0002624336	0.0000702195	0.0004621796	0.0003326531	0.0007948327
0.4466666667	0.7860254038	0.8783352825	0.8918396351	0.8397979948	0.9848578690	0.9416468631	-0.0174677897	-0.0022098461	-0.0100956188	-0.0152579436	-0.0078857728	0.0003051237	0.0000048834	0.0001019215	0.0002328048	0.0000621854	0.0004119286	0.0002949903	0.0007069189
0.4466666667	0.7926920705	0.8792493254	0.8919276632	0.8402954362	0.9857854641	0.9421116430	-0.0164276771	-0.0021111469	-0.0095034595	-0.0143165301	-0.0073923126	0.0002698686	0.0000044569	0.0000903157	0.0002049630	0.0000546463	0.0003646413	0.0002596093	0.0006242506
0.4466666667	0.7993587371	0.8801630710	0.8920148908	0.8407918535	0.9867134283	0.9425760289	-0.0153889829	-0.0020133551	-0.0089128688	-0.0133756279	-0.0068995138	0.0002368208	0.0000040536	0.0000794392	0.0001789074	0.0000476033	0.0003203136	0.0002265107	0.0005468243
0.4466666667	0.8060254038	0.8810764016	0.8921012542	0.8412870356	0.9876417026	0.9430398529	-0.0143518375	-0.0019165413	-0.0083240949	-0.0124352962	-0.0064075535	0.0002059752	0.0000036731	0.0000692906	0.0001546366	0.0000410567	0.0002789389	0.0001956933	0.0004746323
0.4466666667	0.8126920705	0.8819892066	0.8921866921	0.8417807813	0.9885702336	0.9435029560	-0.0133163626	-0.0018207744	-0.0077373737	-0.0114955882	-0.0059165993	0.0001773255	0.0000033152	0.0000598670	0.0001321485	0.0000350061	0.0002405077	0.0001671547	0.0004076624
0.4466666667	0.8193587371	0.8829013821	0.8922711450	0.8422728985	0.9894989736	0.9439651873	-0.0122826719	-0.0017261206	-0.0071529301	-0.0105565513	-0.0054268095	0.0001508640	0.0000029795	0.0000511644	0.0001114408	0.0000294503	0.0002050079	0.0001408910	0.0003458990
0.4466666667	0.8260254038	0.8838128306	0.8923545554	0.8427632040	0.9904278801	0.9444264042	-0.0112508711	-0.0016326439	-0.0065709775	-0.0096182271	-0.0049383336	0.0001265821	0.0000026655	0.0000431777	0.0000925103	0.0000243871	0.0001724254	0.0001168974	0.0002893228
0.4466666667	0.8326920705	0.8847234607	0.8924368678	0.8432515232	0.9913569157	0.9448864717	-0.0102210587	-0.0015404064	-0.0059917190	-0.0086806524	-0.0044513126	0.0001044700	0.0000023729	0.0000359007	0.0000753537	0.0000198142	0.0001427436	0.0000951679	0.0002379115
0.4466666667	0.8393587371	0.8856331873	0.8925180285	0.8437376895	0.9922860480	0.9453452620	-0.0091933261	-0.0014494677	-0.0054153475	-0.0077438585	-0.0039658798	0.0000845172	0.0000021010	0.0000293260	0.0000599673	0.0000157282	0.0001159442	0.0000756955	0.0001916397
0.4466666667	0.8460254038	0.8865419304	0.8925979857	0.8442215443	0.9932152487	0.9458026545	-0.0081677579	-0.0013598856	-0.0048420459	-0.0068078723	-0.0034821603	0.0000667123	0.0000018493	0.0000234454	0.0000463471	0.0000121254	0.0000920070	0.0000584726	0.0001504795
0.4466666667	0.8526920705	0.8874496159	0.8926766893	0.8447029365	0.9941444943	0.9462585353	-0.0071444323	-0.0012717159	-0.0042719882	-0.0058727164	-0.0030002723	0.0000510429	0.0000016173	0.0000182499	0.0000344888	0.0000090016	0.0000709101	0.0000434904	0.0001144005
0.4466666667	0.8593587371	0.8883561745	0.8927540909	0.8451817224	0.9950737650	0.9467127969	-0.0061234212	-0.0011850123	-0.0037053390	-0.0049384089	-0.0025203267	0.0000374963	0.0000014043	0.0000137295	0.0000243879	0.0000063520	0.0000526301	0.0000307399	0.0000833700
0.4466666667	0.8660254038	0.8892615420	0.8928301439	0.8456577650	0.9960030451	0.9471653380	-0.0051047909	-0.0010998268	-0.0031422546	-0.0040049641	-0.0020424278	0.0000260589	0.0000012096	0.0000098738	0.0000160397	0.0000041715	0.0000371423	0.0000202112	0.0000573535
0.4466666667	0.8726920705	0.8901656590	0.8929048030	0.8461309343	0.9969323224	0.9476160633	-0.0040886021	-0.0010162095	-0.0025828830	-0.0030723926	-0.0015666734	0.0000167167	0.0000010327	0.0000066713	0.0000094396	0.0000024545	0.0000244206	0.0000118941	0.0000363147
0.4466666667	0.8793587371	0.8910684702	0.8929780249	0.8466011066	0.9978615883	0.9480648829	-0.0030749102	-0.0009342088	-0.0020273642	-0.0021407014	-0.0010931554	0.0000094551	0.0000008727	0.0000041102	0.0000045826	0.0000011950	0.0000144380	0.0000057776	0.0000202156
0.4466666667	0.8860254038	0.8919699250	0.8930497675	0.8470681642	0.9987908373	0.9485117124	-0.0020637655	-0.0008538712	-0.0014758307	-0.0012098943	-0.0006219595	0.0000042591	0.0000007291	0.0000021781	0.0000014638	0.0000003868	0.0000071663	0.0000018507	0.0000090170
0.4466666667	0.8926920705	0.8928699768	0.8931199903	0.8475319956	0.9997200673	0.9489564726	-0.0010552136	-0.0007752417	-0.0009284079	-0.0002799719	-0.0001531662	0.0000011135	0.0000006010	0.0000008619	0.0000000784	0.0000000235	0.0000025764	0.0000001018	0.0000026783
0.4466666667	0.8993587371	0.8937685826	0.8931886542	0.8479924948	1.0006492787	0.9493990892	-0.0000492957	-0.0006983637	-0.0003852140	0.0006490680	0.0003131497	0.0000000024	0.0000004877	0.0000001484	0.0000004213	0.0000000981	0.0000006385	0.0000005194	0.0000011579
0.4466666667	0.9060254038	0.8946657034	0.8932557216	0.8484495613	1.0015784750	0.9498394926	0.0009539515	-0.0006232790	0.0001536391	0.0015772305	0.0007769180	0.0000009100	0.0000003885	0.0000000236	0.0000024877	0.0000006036	0.0000013221	0.0000030913	0.0000044134
0.4466666667	0.9126920705	0.8955613036	0.8933211560	0.8489030999	1.0025076620	0.9502776176	0.0019544954	-0.0005500278	0.0006880461	0.0025045231	0.0012380739	0.0000038201	0.0000003025	0.0000004734	0.0000062726	0.0000015328	0.0000045960	0.0000078055	0.0000124015
0.4466666667	0.9193587371	0.8964553510	0.8933849225	0.8493530203	1.0034368483	0.9507134035	0.0029523070	-0.0004786489	0.0012179078	0.0034309559	0.0016965567	0.0000087161	0.0000002291	0.0000014833	0.0000117715	0.0000028783	0.0000104285	0.0000146498	0.0000250783
0.4466666667	0.9260254038	0.8973478167	0.8934469874	0.8497992371	1.0043660445	0.9511467934	0.0039473612	-0.0004091798	0.0017431306	0.0043565410	0.0021523104	0.0000155817	0.0000001674	0.0000030385	0.0000189794	0.0000046324	0.0000187876	0.0000236119	0.0000423995
0.4466666667	0.9326920705	0.8982386745	0.8935073179	0.8502416694	1.0052952634	0.9515777345	0.0049396364	-0.0003416564	0.0022636266	0.0052812928	0.0026052830	0.0000244000	0.0000001167	0.0000051240	0.0000278921	0.0000067875	0.0000296407	0.0000346796	0.0000643203
0.4466666667	0.9393587371	0.8991279016	0.8935658830	0.8506802407	1.0062245199	0.9520061777	0.0059291141	-0.0002761135	0.0027793133	0.0062052276	0.0030554268	0.0000351544	0.0000000762	0.0000077246	0.0000385048	0.0000093356	0.0000429552	0.0000478405	0.0000907957
0.4466666667	0.9460254038	0.9000154774	0.8936226522	0.8511148790	1.0071538308	0.9524320774	0.0069157792	-0.0002125844	0.0032901132	0.0071283635	0.0035026975	0.0000478280	0.0000000452	0.0000108248	0.0000508136	0.0000122689	0.0000586980	0.0000630825	0.0001217805
0.4466666667	0.9526920705	0.9009013844	0.8936775966	0.8515455162	1.0080832146	0.9528553915	0.0078996192	-0.0001511013	0.0037959535	0.0080507204	0.0039470547	0.0000624040	0.0000000228	0.0000144093	0.0000648141	0.0000155792	0.0000768361	0.0000803933	0.0001572294
0.4466666667	0.9593587371	0.9017856072	0.8937306881	0.8519720879	1.0090126916	0.9532760811	0.0088806246	-0.0000916951	0.0042967663	0.0089723197	0.0043884614	0.0000788655	0.0000000084	0.0000184622	0.0000805025	0.0000192586	0.0000973361	0.0000997611	0.0001970972
0.4466666667	0.9660254038	0.9026681330	0.8937818999	0.8523945338	1.0099422835	0.9536941102	0.0098587886	-0.0000343956	0.0047924882	0.0098931842	0.0048268837	0.0000971957	0.0000000012	0.0000229679	0.0000978751	0.0000232988	0.0001201648	0.0001211739	0.0002413387
0.4466666667	0.9726920705	0.9035489511	0.8938312061	0.8528127969	1.0108720136	0.9541094460	0.0108341068	0.0000207686	0.0052830597	0.0108133381	0.0052622911	0.0001173779	0.0000000004	0.0000279107	0.0001169283	0.0000276917	0.0001452890	0.0001446200	0.0002899090
0.4466666667	0.9793587371	0.9044280529	0.8938785815	0.8532268237	1.0118019064	0.9545220585	0.0118065770	0.0000737699	0.0057684257	0.0117328070	0.0056946557	0.0001393953	0.0000000054	0.0000332747	0.0001376588	0.0000324291	0.0001726754	0.0001700879	0.0003427633
0.4466666667	0.9860254038	0.9053054319	0.8939240024	0.8536365640	1.0127319878	0.9549319200	0.0127761995	0.0001245819	0.0062485348	0.0126516175	0.0061239529	0.0001632313	0.0000000155	0.0000390442	0.0001600634	0.0000375028	0.0002022910	0.0001975662	0.0003998572
0.4466666667	0.9926920705	0.9061810836	0.8939674457	0.8540419708	1.0136622849	0.9553390059	0.0137429764	0.0001731791	0.0067233394	0.0135697973	0.0065501604	0.0001888694	0.0000000300	0.0000452033	0.0001841394	0.0000429046	0.0002341027	0.0002270440	0.0004611467
0.4466666667	0.9993587371	0.9070550049	0.8940088891	0.8544430001	1.0145928257	0.9557432935	0.0147069120	0.0002195370	0.0071927954	0.0144873750	0.0069732585	0.0002162933	0.0000000482	0.0000517363	0.0002098840	0.0000486263	0.0002680778	0.0002585104	0.0005265881
0.4466666667	1.0060254038	0.9079271949	0.8940483114	0.8548396106	1.0155236393	0.9561447628	0.0156680123	0.0002636321	0.0076568621	0.0154043803	0.0073932300	0.0002454866	0.0000000695	0.0000586275	0.0002372949	0.0000546599	0.0003041836	0.0002919548	0.0005961384
0.4466666667	1.0126920705	0.9087976539	0.8940856921	0.8552317640	1.0164547558	0.9565433958	0.0166262852	0.0003054419	0.0081155019	0.0163208434	0.0078100601	0.0002764334	0.0000000933	0.0000658614	0.0002663699	0.0000609970	0.0003423880	0.0003273670	0.0006697550
0.4466666667	1.0193587371	0.9096663839	0.8941210116	0.8556194246	1.0173862062	0.9569391766	0.0175817400	0.0003449446	0.0085686806	0.0172367954	0.0082237360	0.0003091176	0.0000001190	0.0000734223	0.0002971071	0.0000676298	0.0003826589	0.0003647369	0.0007473958
0.4466666667	1.0260254038	0.9105333884	0.8941542511	0.8560025591	1.0183180221	0.9573320913	0.0185343877	0.0003821195	0.0090163664	0.0181522682	0.0086342469	0.0003435235	0.0000001460	0.0000812949	0.0003295048	0.0000745502	0.0004249644	0.0004040551	0.0008290195
0.4466666667	1.0326920705	0.9113986722	0.8941853925	0.8563811368	1.0192502359	0.9577221279	0.0194842408	0.0004169466	0.0094585310	0.0190672942	0.0090415844	0.0003796356	0.0000001738	0.0000894638	0.0003635617	0.0000817502	0.0004692733	0.0004453120	0.0009145852
0.4466666667	1.0393587371	0.9122622413	0.8942144183	0.8567551291	1.0201828807	0.9581092762	0.0204313128	0.0004494068	0.0098951481	0.0199819060	0.0094457413	0.0004174385	0.0000002020	0.0000979140	0.0003992766	0.0000892220	0.0005155545	0.0004884986	0.0010040531
0.4466666667	1.0460254038	0.9131241029	0.8942413121	0.8571245099	1.0211159902	0.9584935277	0.0213756189	0.0004794816	0.0103261945	0.0208961373	0.0098467128	0.0004569171	0.0000002299	0.0001066303	0.0004366486	0.0000969578	0.0005637773	0.0005336063	0.0010973836
0.4466666667	1.0526920705	0.9139842655	0.8942660578	0.8574892550	1.0220495987	0.9588748756	0.0223171752	0.0005071536	0.0107516490	0.0218100216	0.0102444955	0.0004980563	0.0000002572	0.0001155980	0.0004756770	0.0001049497	0.0006139115	0.0005806267	0.0011945382
0.4466666667	1.0593587371	0.9148427386	0.8942886403	0.8578493424	1.0229837408	0.9592533146	0.0232559989	0.0005324057	0.0111714931	0.0227235932	0.0106390874	0.0005408415	0.0000002835	0.0001248023	0.0005163617	0.0001131902	0.0006659272	0.0006295519	0.0012954791
0.4466666667	1.0660254038	0.9156995325	0.8943090448	0.8582047518	1.0239184517	0.9596288407	0.0241921084	0.0005552220	0.0115857102	0.0236368865	0.0110304883	0.0005852581	0.0000003083	0.0001342287	0.0005587024	0.0001216717	0.0007197951	0.0006803741	0.0014001691
0.4493333333	0.6660254038	0.8623719256	0.8902616153	0.8312118157	0.9686724787	0.9336714078	-0.0358095353	-0.0039808118	-0.0203723444	-0.0318287235	-0.0163915325	0.0012823228	0.0000158469	0.0004150324	0.0010130676	0.0002686823	0.0017132021	0.0012817500	0.0029949521
0.4493333333	0.6726920705	0.8632553716	0.8903500253	0.8316734232	0.9695685373	0.9340971523	-0.0347856224	-0.0038815090	-0.0198171558	-0.0309041134	-0.0159356468	0.0012100395	0.0000150661	0.0003927197	0.0009550642	0.0002539448	0.0016178253	0.0012090091	0.0028268344
0.4493333333	0.6793587371	0.8641423628	0.8904392168	0.8321400491	0.9704675474	0.9345276280	-0.0337586542	-0.0037813382	-0.0192562444	-0.0299773160	-0.0154749062	0.0011396467	0.0000142985	0.0003708029	0.0008986395	0.0002394727	0.0015247482	0.0011381122	0.0026628604
0.4493333333	0.6860254038	0.8650325900	0.8905290784	0.8326112305	0.9713692803	0.9349624293	-0.0327289987	-0.0036804250	-0.0186901762	-0.0290485737	-0.0150097512	0.0010711874	0.0000135455	0.0003493227	0.0008438196	0.0002252926	0.0014340556	0.0010691123	0.0025031678
0.4493333333	0.6926920705	0.8659257580	0.8906195015	0.8330865224	0.9722735203	0.9354011685	-0.0316970061	-0.0035788915	-0.0181194941	-0.0281181146	-0.0145406026	0.0010047002	0.0000128085	0.0003283161	0.0007906284	0.0002114291	0.0013458247	0.0010020575	0.0023478822
0.4493333333	0.6993587371	0.8668215854	0.8907103808	0.8335654981	0.9731800640	0.9358434751	-0.0306630094	-0.0034768562	-0.0175447182	-0.0271861532	-0.0140678621	0.0009402201	0.0000120885	0.0003078171	0.0007390869	0.0001979047	0.0012601258	0.0009369917	0.0021971175
0.4493333333	0.7060254038	0.8677198039	0.8908016136	0.8340477476	0.9740887203	0.9362889950	-0.0296273252	-0.0033744343	-0.0169663473	-0.0262528908	-0.0135919129	0.0008777784	0.0000113868	0.0002878569	0.0006892143	0.0001847401	0.0011770221	0.0008739544	0.0020509765
0.4493333333	0.7126920705	0.8686201580	0.8908931006	0.8345328778	0.9749993096	0.9367373900	-0.0285902539	-0.0032717378	-0.0163848587	-0.0253185161	-0.0131131210	0.0008174026	0.0000107043	0.0002684636	0.0006410273	0.0001719539	0.0010965705	0.0008129812	0.0019095517
0.4493333333	0.7193587371	0.8695224044	0.8909847450	0.8350205118	0.9759116631	0.9371883373	-0.0275520808	-0.0031688750	-0.0158007098	-0.0243832057	-0.0126318348	0.0007591172	0.0000100418	0.0002496624	0.0005945407	0.0001595633	0.0010188214	0.0007541040	0.0017729253
0.4493333333	0.7260254038	0.8704263117	0.8910764532	0.8355102878	0.9768256232	0.9376415288	-0.0265130761	-0.0030659514	-0.0152143380	-0.0234471247	-0.0121483866	0.0007029432	0.0000094001	0.0002314761	0.0005497677	0.0001475833	0.0009438193	0.0006973510	0.0016411703
0.4493333333	0.7326920705	0.8713316600	0.8911681340	0.8360018595	0.9777410421	0.9380966707	-0.0254734961	-0.0029630689	-0.0146261619	-0.0225104271	-0.0116630930	0.0006488990	0.0000087798	0.0002139246	0.0005067193	0.0001360277	0.0008716034	0.0006427471	0.0015143505
0.4493333333	0.7393587371	0.8722382404	0.8912596993	0.8364948948	0.9786577820	0.9385534828	-0.0244335831	-0.0028603268	-0.0140365819	-0.0215732563	-0.0111762552	0.0005970000	0.0000081815	0.0001970256	0.0004654054	0.0001249087	0.0008022071	0.0005903141	0.0013925212
0.4493333333	0.7460254038	0.8731458546	0.8913510634	0.8369890758	0.9795757143	0.9390116982	-0.0233935664	-0.0027578207	-0.0134459805	-0.0206357457	-0.0106881598	0.0005472589	0.0000076056	0.0001807944	0.0004258340	0.0001142368	0.0007356589	0.0005400708	0.0012757297
0.4493333333	0.7526920705	0.8740543145	0.8914421436	0.8374840979	0.9804947195	0.9394710626	-0.0223536627	-0.0026556438	-0.0128547234	-0.0196980189	-0.0101990796	0.0004996862	0.0000070524	0.0001652439	0.0003880119	0.0001040212	0.0006719826	0.0004920332	0.0011640158
0.4493333333	0.7593587371	0.8749634419	0.8915328594	0.8379796695	0.9814146867	0.9399313336	-0.0213140764	-0.0025538860	-0.0122631598	-0.0187601904	-0.0097092739	0.0004542899	0.0000065223	0.0001503851	0.0003519447	0.0000942700	0.0006111973	0.0004462147	0.0010574120
0.4493333333	0.7660254038	0.8758730679	0.8916231330	0.8384755119	0.9823355131	0.9403922810	-0.0202750004	-0.0024526345	-0.0116716232	-0.0178223659	-0.0092189887	0.0004110756	0.0000060154	0.0001362268	0.0003176367	0.0000849898	0.0005533178	0.0004026265	0.0009559443
0.4493333333	0.7726920705	0.8767830328	0.8917128891	0.8389713580	0.9832571038	0.9408536854	-0.0192366165	-0.0023519736	-0.0110804317	-0.0168846428	-0.0087284581	0.0003700474	0.0000055318	0.0001227760	0.0002850912	0.0000761860	0.0004983552	0.0003612771	0.0008596323
0.4493333333	0.7793587371	0.8776931856	0.8918020546	0.8394669527	0.9841793714	0.9413153383	-0.0181990956	-0.0022519851	-0.0104898890	-0.0159471105	-0.0082379039	0.0003312071	0.0000050714	0.0001100378	0.0002543103	0.0000678631	0.0004463163	0.0003221734	0.0007684897
0.4493333333	0.7860254038	0.8786033836	0.8918905590	0.8399620521	0.9851022356	0.9417770416	-0.0171625985	-0.0021527478	-0.0099002846	-0.0150098507	-0.0077475367	0.0002945548	0.0000046343	0.0000980156	0.0002252956	0.0000600243	0.0003972047	0.0002853199	0.0006825247
0.4493333333	0.7926920705	0.8795134922	0.8919783339	0.8404564229	0.9860256228	0.9422386071	-0.0161272763	-0.0020543382	-0.0093118944	-0.0140729381	-0.0072575562	0.0002600890	0.0000042203	0.0000867114	0.0001980476	0.0000526721	0.0003510207	0.0002507197	0.0006017404
0.4493333333	0.7993587371	0.8804233846	0.8920653132	0.8409498425	0.9869494661	0.9426998562	-0.0150932705	-0.0019568302	-0.0087249815	-0.0131364403	-0.0067681513	0.0002278068	0.0000038292	0.0000761253	0.0001725661	0.0000458079	0.0003077613	0.0002183739	0.0005261352
0.4493333333	0.8060254038	0.8813329412	0.8921514330	0.8414420979	0.9878737046	0.9431606192	-0.0140607138	-0.0018602951	-0.0081397963	-0.0122004187	-0.0062795012	0.0001977037	0.0000034607	0.0000662563	0.0001488502	0.0000394321	0.0002674207	0.0001882824	0.0004557030
0.4493333333	0.8126920705	0.8822420495	0.8922366314	0.8419329861	0.9887982834	0.9436207353	-0.0130297303	-0.0017648020	-0.0075565771	-0.0112649283	-0.0057917752	0.0001697739	0.0000031145	0.0000571019	0.0001268986	0.0000335447	0.0002299903	0.0001604433	0.0003904335
0.4493333333	0.8193587371	0.8831506039	0.8923208486	0.8424223133	0.9897231531	0.9440800522	-0.0120004358	-0.0016704175	-0.0069755510	-0.0103300183	-0.0053051335	0.0001440105	0.0000027903	0.0000486583	0.0001067093	0.0000281444	0.0001954591	0.0001348537	0.0003303128
0.4493333333	0.8260254038	0.8840585051	0.8924040269	0.8429098945	0.9906482696	0.9445384255	-0.0109729385	-0.0015772061	-0.0063969338	-0.0093957324	-0.0048197276	0.0001204054	0.0000024876	0.0000409208	0.0000882798	0.0000232298	0.0001638137	0.0001115096	0.0002753233
0.4493333333	0.8326920705	0.8849656602	0.8924861105	0.8433955532	0.9915735940	0.9449957184	-0.0099473390	-0.0014852301	-0.0058209305	-0.0084621089	-0.0043357004	0.0000989496	0.0000022059	0.0000338832	0.0000716073	0.0000187983	0.0001350387	0.0000904056	0.0002254443
0.4493333333	0.8393587371	0.8858719821	0.8925670454	0.8438791214	0.9924990920	0.9454518019	-0.0089237307	-0.0013945494	-0.0052477361	-0.0075291812	-0.0038531867	0.0000796330	0.0000019448	0.0000275387	0.0000566886	0.0000148470	0.0001091165	0.0000715356	0.0001806521
0.4493333333	0.8460254038	0.8867773896	0.8926467795	0.8443604386	0.9934247341	0.9459065535	-0.0079022004	-0.0013052222	-0.0046775359	-0.0065969782	-0.0033723137	0.0000624448	0.0000017036	0.0000218793	0.0000435201	0.0000113725	0.0000860277	0.0000548926	0.0001409203
0.4493333333	0.8526920705	0.8876818066	0.8927252625	0.8448393525	0.9943504949	0.9463598578	-0.0068828283	-0.0012173044	-0.0041105055	-0.0056655239	-0.0028932011	0.0000473733	0.0000014818	0.0000168963	0.0000320982	0.0000083706	0.0000657514	0.0000404688	0.0001062202
0.4493333333	0.8593587371	0.8885851624	0.8928024458	0.8453157174	0.9952763533	0.9468116059	-0.0058656885	-0.0011308501	-0.0035468117	-0.0047348384	-0.0024159616	0.0000344063	0.0000012788	0.0000125799	0.0000224187	0.0000058369	0.0000482650	0.0000282556	0.0000765206
0.4493333333	0.8660254038	0.8894873913	0.8928782825	0.8457893952	0.9962022918	0.9472616949	-0.0048508492	-0.0010459114	-0.0029866126	-0.0038049378	-0.0019407012	0.0000235307	0.0000010939	0.0000089199	0.0000144776	0.0000037663	0.0000335445	0.0000182439	0.0000517884
0.4493333333	0.8726920705	0.8903884321	0.8929527273	0.8462602541	0.9971282968	0.9477100279	-0.0038383731	-0.0009625386	-0.0024300580	-0.0028758344	-0.0014675194	0.0000147331	0.0000009265	0.0000059052	0.0000082704	0.0000021536	0.0000215648	0.0000104240	0.0000319888
0.4493333333	0.8793587371	0.8912882285	0.8930257366	0.8467281691	0.9980543583	0.9481565138	-0.0028283173	-0.0008807803	-0.0018772899	-0.0019475370	-0.0009965096	0.0000079994	0.0000007758	0.0000035242	0.0000037929	0.0000009930	0.0000122994	0.0000047859	0.0000170853
0.4493333333	0.8860254038	0.8921867281	0.8930972682	0.8471930213	0.9989804692	0.9486010667	-0.0018207341	-0.0008006833	-0.0013284424	-0.0010200509	-0.0005277592	0.0000033151	0.0000006411	0.0000017648	0.0000010405	0.0000002785	0.0000057209	0.0000013190	0.0000070400
0.4493333333	0.8926920705	0.8930838828	0.8931672815	0.8476546976	0.9999066259	0.9490436060	-0.0008156710	-0.0007222926	-0.0007836427	-0.0000933785	-0.0000613501	0.0000006653	0.0000005217	0.0000006141	0.0000000087	0.0000000038	0.0000018011	0.0000000125	0.0000018136
0.4493333333	0.8993587371	0.8939796485	0.8932357372	0.8481130908	1.0008328275	0.9494840561	0.0001868292	-0.0006456518	-0.0002430107	0.0008324809	0.0004026411	0.0000000349	0.0000004169	0.0000000591	0.0000006930	0.0000001621	0.0000005108	0.0000008551	0.0000013660
0.4493333333	0.9060254038	0.8948739847	0.8933025975	0.8485680990	1.0017590760	0.9499223459	0.0011867279	-0.0005708027	0.0002933403	0.0017575306	0.0008641430	0.0000014083	0.0000003258	0.0000000860	0.0000030889	0.0000007467	0.0000018202	0.0000038357	0.0000056558
0.4493333333	0.9126920705	0.8957668545	0.8933678260	0.8490196259	1.0026853759	0.9503584091	0.0021839909	-0.0004977859	0.0008253032	0.0026817768	0.0013230891	0.0000047698	0.0000002478	0.0000006811	0.0000071919	0.0000017506	0.0000056987	0.0000089425	0.0000146412
0.4493333333	0.9193587371	0.8966582244	0.8934313876	0.8494675799	1.0036117343	0.9507921836	0.0031785876	-0.0004266401	0.0013527773	0.0036052277	0.0017794175	0.0000101034	0.0000001820	0.0000018300	0.0000129977	0.0000031663	0.0000121154	0.0000161640	0.0000282794
0.4493333333	0.9260254038	0.8975480642	0.8934932484	0.8499118744	1.0045381606	0.9512236113	0.0041704912	-0.0003574030	0.0018756676	0.0045278942	0.0022330706	0.0000173930	0.0000001277	0.0000035181	0.0000205018	0.0000049866	0.0000210389	0.0000254884	0.0000465273
0.4493333333	0.9326920705	0.8984363467	0.8935533758	0.8503524275	1.0054646661	0.9516526382	0.0051596785	-0.0002901105	0.0023938848	0.0054497890	0.0026839953	0.0000266223	0.0000000842	0.0000057307	0.0000297002	0.0000072038	0.0000324371	0.0000369040	0.0000693412
0.4493333333	0.9393587371	0.8993230475	0.8936117384	0.8507891615	1.0063912646	0.9520792140	0.0061461297	-0.0002247975	0.0029073448	0.0063709271	0.0031321422	0.0000377749	0.0000000505	0.0000084527	0.0000405887	0.0000098103	0.0000462781	0.0000503990	0.0000966771
0.4493333333	0.9460254038	0.9002081451	0.8936683059	0.8512220033	1.0073179716	0.9525032920	0.0071298278	-0.0001614974	0.0034159687	0.0072913252	0.0035774661	0.0000508344	0.0000000261	0.0000116688	0.0000531634	0.0000127983	0.0000625294	0.0000659617	0.0001284911
0.4493333333	0.9526920705	0.9010916208	0.8937230492	0.8516508837	1.0082448043	0.9529248289	0.0081107592	-0.0001002424	0.0039196827	0.0082110016	0.0040199250	0.0000657844	0.0000000100	0.0000153639	0.0000674205	0.0000161598	0.0000811584	0.0000835803	0.0001647387
0.4493333333	0.9593587371	0.9019734581	0.8937759402	0.8520757375	1.0091717818	0.9533437846	0.0090889129	-0.0000410635	0.0044184173	0.0091299764	0.0044594809	0.0000826083	0.0000000017	0.0000195224	0.0000833565	0.0000198870	0.0001021324	0.0001032434	0.0002053759
0.4493333333	0.9660254038	0.9028536431	0.8938269521	0.8524965031	1.0100989246	0.9537601223	0.0100642805	0.0000160094	0.0049121079	0.0100482712	0.0048960986	0.0001012897	0.0000000003	0.0000241288	0.0001009678	0.0000239718	0.0001254188	0.0001249395	0.0002503583
0.4493333333	0.9726920705	0.9037321639	0.8938760588	0.8529131228	1.0110262548	0.9541738079	0.0110368565	0.0000709477	0.0054006939	0.0109659088	0.0053297463	0.0001218122	0.0000000050	0.0000291675	0.0001202512	0.0000284062	0.0001509847	0.0001486574	0.0002996421
0.4493333333	0.9793587371	0.9046090112	0.8939232353	0.8533255420	1.0119537959	0.9545848103	0.0120066373	0.0001237237	0.0058841190	0.0118829136	0.0057603952	0.0001441593	0.0000000153	0.0000346229	0.0001412036	0.0000331822	0.0001787975	0.0001743858	0.0003531833
0.4493333333	0.9860254038	0.9054841772	0.8939684577	0.8537337097	1.0128815726	0.9549931012	0.0129736219	0.0001743111	0.0063623305	0.0127993108	0.0061880194	0.0001683149	0.0000000304	0.0000404792	0.0001638224	0.0000382916	0.0002088245	0.0002021139	0.0004109384
0.4493333333	0.9926920705	0.9063576565	0.8940117028	0.8541375780	1.0138096108	0.9553986545	0.0139378113	0.0002226843	0.0068352798	0.0137151270	0.0066125956	0.0001942626	0.0000000496	0.0000467211	0.0001881047	0.0000437264	0.0002410332	0.0002318311	0.0004728644
0.4493333333	0.9993587371	0.9072294451	0.8940529485	0.8545371019	1.0147379376	0.9558014470	0.0148992084	0.0002688188	0.0073029217	0.0146303896	0.0070341030	0.0002219864	0.0000000723	0.0000533327	0.0002140483	0.0000494786	0.0002753913	0.0002635269	0.0005389182
0.4493333333	1.0060254038	0.9080995410	0.8940921735	0.8549322395	1.0156665811	0.9562014575	0.0158578181	0.0003126910	0.0077652144	0.0155451271	0.0074525234	0.0002514704	0.0000000978	0.0000602986	0.0002416510	0.0000555401	0.0003118667	0.0002971911	0.0006090578
0.4493333333	1.0126920705	0.9089679439	0.8941293573	0.8553229515	1.0165955702	0.9565986672	0.0168136471	0.0003542785	0.0082221194	0.0164593686	0.0078678408	0.0002826987	0.0000001255	0.0000676032	0.0002709108	0.0000619029	0.0003504275	0.0003328137	0.0006832412
0.4493333333	1.0193587371	0.9098346547	0.8941644803	0.8557092015	1.0175249350	0.9569930592	0.0177667037	0.0003935595	0.0086736012	0.0173731442	0.0082800417	0.0003156558	0.0000001549	0.0000752314	0.0003018261	0.0000685591	0.0003910420	0.0003703852	0.0007614272
0.4493333333	1.0260254038	0.9106996760	0.8941975236	0.8560909554	1.0184547060	0.9573846189	0.0187169976	0.0004305132	0.0091196274	0.0182864845	0.0086891143	0.0003503260	0.0000001853	0.0000831676	0.0003343955	0.0000755007	0.0004336789	0.0004098962	0.0008435752
0.4493333333	1.0326920705	0.9115630119	0.8942284691	0.8564681817	1.0193849149	0.9577733334	0.0196645404	0.0004651196	0.0095601685	0.0191994208	0.0090950489	0.0003866941	0.0000002163	0.0000913968	0.0003686178	0.0000827199	0.0004783073	0.0004513377	0.0009296450
0.4493333333	1.0393587371	0.9124246674	0.8942572995	0.8568408512	1.0203155937	0.9581591917	0.0206093446	0.0004973596	0.0099951975	0.0201119850	0.0094978379	0.0004247451	0.0000002474	0.0000999040	0.0004044919	0.0000902089	0.0005248964	0.0004947009	0.0010195973
0.4493333333	1.0460254038	0.9132846492	0.8942839981	0.8572089371	1.0212467752	0.9585421845	0.0215514243	0.0005272148	0.0104246901	0.0210242095	0.0098974754	0.0004644639	0.0000002780	0.0001086742	0.0004420174	0.0000979600	0.0005734160	0.0005399774	0.0011133934
0.4493333333	1.0526920705	0.9141429648	0.8943085490	0.8575724144	1.0221784929	0.9589223041	0.0224907947	0.0005546676	0.0108486245	0.0219361271	0.0102939569	0.0005058358	0.0000003077	0.0001176927	0.0004811937	0.0001059655	0.0006238362	0.0005871592	0.0012109954
0.4493333333	1.0593587371	0.9149996229	0.8943309370	0.8579312606	1.0231107804	0.9592995445	0.0234274720	0.0005797012	0.0112669811	0.0228477708	0.0106872799	0.0005488464	0.0000003361	0.0001269449	0.0005220206	0.0001142180	0.0006761274	0.0006362386	0.0013123659
0.4493333333	1.0660254038	0.9158546333	0.8943511475	0.8582854547	1.0240436722	0.9596739011	0.0243614736	0.0006022993	0.0116797426	0.0237591743	0.0110774433	0.0005934814	0.0000003628	0.0001364164	0.0005644984	0.0001227097	0.0007302605	0.0006872081	0.0014174687
0.4520000000	0.6660254038	0.8627258648	0.8903183284	0.8314444062	0.9690083168	0.9338731774	-0.0353991943	-0.0039171100	-0.0200925626	-0.0314820843	-0.0161754525	0.0012531030	0.0000153438	0.0004037111	0.0009911216	0.0002616453	0.0016721578	0.0012527669	0.0029249247
0.4520000000	0.6726920705	0.8636036661	0.8904063095	0.8319013710	0.9698984126	0.9342941106	-0.0343822374	-0.0038182951	-0.0195431100	-0.0305639423	-0.0157248149	0.0011821382	0.0000145794	0.0003819331	0.0009341546	0.0002472698	0.0015786508	0.0011814244	0.0027600751
0.4520000000	0.6793587371	0.8644851245	0.8904950899	0.8323634625	0.9707915679	0.9347198788	-0.0333620832	-0.0037185923	-0.0189877999	-0.0296434909	-0.0152692076	0.0011130286	0.0000138279	0.0003605365	0.0008787366	0.0002331487	0.0014873931	0.0011118853	0.0025992783
0.4520000000	0.6860254038	0.8653699293	0.8905845571	0.8328302154	0.9716875533	0.9351500751	-0.0323391018	-0.0036181284	-0.0184272009	-0.0287209734	-0.0148090726	0.0010458175	0.0000130909	0.0003395617	0.0008248943	0.0002193086	0.0013984701	0.0010442029	0.0024426730
0.4520000000	0.6926920705	0.8662577835	0.8906746013	0.8333011829	0.9725861524	0.9355843107	-0.0313136454	-0.0035170266	-0.0178618584	-0.0277966188	-0.0143448318	0.0009805444	0.0000123695	0.0003190460	0.0007726520	0.0002057742	0.0013119599	0.0009784262	0.0022903861
0.4520000000	0.6993587371	0.8671484041	0.8907651161	0.8337759357	0.9734871612	0.9360222135	-0.0302860493	-0.0034154067	-0.0172922953	-0.0268706426	-0.0138768886	0.0009172448	0.0000116650	0.0002990235	0.0007220314	0.0001925680	0.0012279333	0.0009145995	0.0021425327
0.4520000000	0.7060254038	0.8680415211	0.8908559980	0.8342540618	0.9743903874	0.9364634280	-0.0292566323	-0.0033133851	-0.0167190129	-0.0259432472	-0.0134056278	0.0008559505	0.0000109785	0.0002795254	0.0006730521	0.0001797109	0.0011464544	0.0008527629	0.0019992174
0.4520000000	0.7126920705	0.8689368769	0.8909471467	0.8347351660	0.9752956505	0.9369076146	-0.0282256973	-0.0032110746	-0.0161424913	-0.0250146227	-0.0129314167	0.0007966900	0.0000103110	0.0002605800	0.0006257313	0.0001672215	0.0010675810	0.0007929529	0.0018605339
0.4520000000	0.7193587371	0.8698342267	0.8910384645	0.8352188689	0.9762027807	0.9373544490	-0.0271935317	-0.0031085846	-0.0155631904	-0.0240849470	-0.0124546058	0.0007394882	0.0000096633	0.0002422129	0.0005800847	0.0001551172	0.0009913644	0.0007352019	0.0017265662
0.4520000000	0.7260254038	0.8707333372	0.8911298568	0.8357048068	0.9771116190	0.9378036214	-0.0261604083	-0.0030060215	-0.0149815504	-0.0231543868	-0.0119755289	0.0006843670	0.0000090362	0.0002244469	0.0005361256	0.0001434133	0.0009178500	0.0006795389	0.0015973889
0.4520000000	0.7326920705	0.8716339865	0.8912212320	0.8361926312	0.9780220165	0.9382548364	-0.0251265856	-0.0029034883	-0.0143979926	-0.0222230974	-0.0114945044	0.0006313453	0.0000084302	0.0002073022	0.0004938661	0.0001321236	0.0008470777	0.0006259897	0.0014730674
0.4520000000	0.7393587371	0.8725359639	0.8913125010	0.8366820079	0.9789338341	0.9387078124	-0.0240923086	-0.0028010846	-0.0138129199	-0.0212912240	-0.0110118353	0.0005804393	0.0000078461	0.0001907968	0.0004533162	0.0001212605	0.0007790822	0.0005745767	0.0013536589
0.4520000000	0.7460254038	0.8734390692	0.8914035775	0.8371726167	0.9798469417	0.9391622805	-0.0230578088	-0.0026989073	-0.0132267174	-0.0203589015	-0.0105278101	0.0005316625	0.0000072841	0.0001749461	0.0004144849	0.0001108348	0.0007138927	0.0005253197	0.0012392124
0.4520000000	0.7526920705	0.8743431125	0.8914943781	0.8376641511	0.9807612185	0.9396179849	-0.0220233053	-0.0025970500	-0.0126397535	-0.0194262553	-0.0100427035	0.0004850260	0.0000067447	0.0001597634	0.0003773794	0.0001008559	0.0006515340	0.0004782353	0.0011297693
0.4520000000	0.7593587371	0.8752479137	0.8915848218	0.8381563175	0.9816765520	0.9400746817	-0.0209890050	-0.0024956034	-0.0120523798	-0.0184934016	-0.0095567764	0.0004405383	0.0000062280	0.0001452599	0.0003420059	0.0000913320	0.0005920262	0.0004333379	0.0010253641
0.4520000000	0.7660254038	0.8761533020	0.8916748301	0.8386488349	0.9825928381	0.9405321386	-0.0199551033	-0.0023946553	-0.0114649324	-0.0175604480	-0.0090702771	0.0003982061	0.0000057344	0.0001314447	0.0003083693	0.0000822699	0.0005353852	0.0003906393	0.0009260245
0.4520000000	0.7726920705	0.8770591159	0.8917643272	0.8391414345	0.9835099803	0.9409901349	-0.0189217841	-0.0022942907	-0.0108777320	-0.0166274934	-0.0085834412	0.0003580339	0.0000052638	0.0001183251	0.0002764735	0.0000736755	0.0004816227	0.0003501490	0.0008317717
0.4520000000	0.7793587371	0.8779652025	0.8918532396	0.8396338592	0.9844278897	0.9414484603	-0.0178892210	-0.0021945918	-0.0102910845	-0.0156946292	-0.0080964927	0.0003200242	0.0000048162	0.0001059064	0.0002463214	0.0000655532	0.0004307469	0.0003118746	0.0007426215
0.4520000000	0.7860254038	0.8788714174	0.8919414962	0.8401258630	0.9853464843	0.9419069150	-0.0168575770	-0.0020956380	-0.0097052818	-0.0147619390	-0.0076096438	0.0002841779	0.0000043917	0.0000941925	0.0002179148	0.0000579067	0.0003827621	0.0002758215	0.0006585836
0.4520000000	0.7926920705	0.8797776242	0.8920290282	0.8406172109	0.9862656891	0.9423653091	-0.0158270054	-0.0019975063	-0.0091206024	-0.0138294991	-0.0071230961	0.0002504941	0.0000039900	0.0000831854	0.0001912550	0.0000507385	0.0003376695	0.0002419935	0.0005796631
0.4520000000	0.7993587371	0.8806836942	0.8921157692	0.8411076783	0.9871854356	0.9428234623	-0.0147976502	-0.0019002710	-0.0085373115	-0.0128973792	-0.0066370406	0.0002189705	0.0000036110	0.0000728857	0.0001663424	0.0000440503	0.0002954672	0.0002103927	0.0005058599
0.4520000000	0.8060254038	0.8815895060	0.8922016547	0.8415970506	0.9881056612	0.9432812035	-0.0137696462	-0.0018040038	-0.0079556618	-0.0119656424	-0.0061516580	0.0001896032	0.0000032544	0.0000632926	0.0001431766	0.0000378429	0.0002561501	0.0001810195	0.0004371696
0.4520000000	0.8126920705	0.8824949455	0.8922866227	0.8420851230	0.9890263096	0.9437383701	-0.0127431198	-0.0017087743	-0.0073758940	-0.0110343455	-0.0056671197	0.0001623871	0.0000029199	0.0000544038	0.0001217568	0.0000321162	0.0002197108	0.0001538730	0.0003735839
0.4520000000	0.8193587371	0.8833999054	0.8923706130	0.8425716998	0.9899473296	0.9441948082	-0.0117181891	-0.0016146494	-0.0067982371	-0.0101035397	-0.0051835876	0.0001373160	0.0000026071	0.0000462160	0.0001020815	0.0000268696	0.0001861391	0.0001289511	0.0003150902
0.4520000000	0.8260254038	0.8843042847	0.8924535676	0.8430565945	0.9908686757	0.9446503718	-0.0106949643	-0.0015216940	-0.0062229089	-0.0091732703	-0.0047012150	0.0001143823	0.0000023156	0.0000387246	0.0000841489	0.0000221014	0.0001554224	0.0001062503	0.0002616727
0.4520000000	0.8326920705	0.8852079888	0.8925354303	0.8435396289	0.9917903074	0.9451049228	-0.0096735482	-0.0014299705	-0.0056501169	-0.0082435777	-0.0042201464	0.0000935775	0.0000020448	0.0000319238	0.0000679566	0.0000178096	0.0001275462	0.0000857662	0.0002133124
0.4520000000	0.8393587371	0.8861109291	0.8926161469	0.8440206334	0.9927121889	0.9455583301	-0.0086540363	-0.0013395394	-0.0050800579	-0.0073144969	-0.0037405186	0.0000748923	0.0000017944	0.0000258070	0.0000535019	0.0000139915	0.0001024937	0.0000674933	0.0001699870
0.4520000000	0.8460254038	0.8870130226	0.8926956652	0.8444994460	0.9936342890	0.9460104702	-0.0076365174	-0.0012504589	-0.0045129191	-0.0063860585	-0.0032624602	0.0000583164	0.0000015636	0.0000203664	0.0000407817	0.0000106436	0.0000802465	0.0000514254	0.0001316719
0.4520000000	0.8526920705	0.8879141918	0.8927739345	0.8449759126	0.9945565809	0.9464612261	-0.0066210737	-0.0011627852	-0.0039488781	-0.0054582885	-0.0027860929	0.0000438386	0.0000013521	0.0000155936	0.0000297929	0.0000077623	0.0000607843	0.0000375552	0.0000983396
0.4520000000	0.8593587371	0.8888143644	0.8928509060	0.8454498864	0.9954790418	0.9469104872	-0.0056077814	-0.0010765728	-0.0033881037	-0.0045312086	-0.0023115309	0.0000314472	0.0000011590	0.0000114792	0.0000205319	0.0000053432	0.0000440855	0.0000258750	0.0000699605
0.4520000000	0.8660254038	0.8897134732	0.8929265328	0.8459212276	0.9964016529	0.9473581494	-0.0045967105	-0.0009918738	-0.0028307556	-0.0036048367	-0.0018388818	0.0000211297	0.0000009838	0.0000080132	0.0000129948	0.0000033815	0.0000301267	0.0000163763	0.0000465031
0.4520000000	0.8726920705	0.8906114556	0.8930007693	0.8463898032	0.9973243991	0.9478041143	-0.0035879256	-0.0009087389	-0.0022769856	-0.0026791867	-0.0013682467	0.0000128732	0.0000008258	0.0000051847	0.0000071780	0.0000018721	0.0000188837	0.0000090501	0.0000279338
0.4520000000	0.8793587371	0.8915082537	0.8930735717	0.8468554866	0.9982472688	0.9482482893	-0.0025814857	-0.0008272166	-0.0017269372	-0.0017542691	-0.0008997206	0.0000066641	0.0000006843	0.0000029823	0.0000030775	0.0000008095	0.0000103307	0.0000038870	0.0000142176
0.4520000000	0.8860254038	0.8924038139	0.8931448977	0.8473181575	0.9991702535	0.9486905873	-0.0015774449	-0.0007473540	-0.0011807465	-0.0008300909	-0.0004333924	0.0000024883	0.0000005585	0.0000013942	0.0000006891	0.0000001878	0.0000044410	0.0000008769	0.0000053179
0.4520000000	0.8926920705	0.8932980865	0.8932147065	0.8477777018	1.0000933483	0.9491309263	-0.0005758525	-0.0006691964	-0.0006385420	0.0000933439	0.0000306544	0.0000003316	0.0000004478	0.0000004077	0.0000000087	0.0000000009	0.0000011872	0.0000000097	0.0000011968
0.4520000000	0.8993587371	0.8941910262	0.8932829588	0.8482340108	1.0010165507	0.9495692294	0.0004232471	-0.0005927873	-0.0001004454	0.0010160344	0.0004923419	0.0000001791	0.0000003514	0.0000000101	0.0000010323	0.0000002424	0.0000005406	0.0000012747	0.0000018154
0.4520000000	0.9060254038	0.8950825912	0.8933496168	0.8486869816	1.0019398614	0.9500054242	0.0014198135	-0.0005181688	0.0004334283	0.0019379823	0.0009515971	0.0000020159	0.0000002685	0.0000001879	0.0000037558	0.0000009055	0.0000024722	0.0000046613	0.0000071335
0.4520000000	0.9126920705	0.8959727432	0.8934146437	0.8491365164	1.0028632836	0.9504394431	0.0024138108	-0.0004453814	0.0009629708	0.0028591922	0.0014083522	0.0000058265	0.0000001984	0.0000009273	0.0000081750	0.0000019835	0.0000069522	0.0000101584	0.0000171106
0.4520000000	0.9193587371	0.8968614476	0.8934780045	0.8495825227	1.0037868230	0.9508712228	0.0034052069	-0.0003744641	0.0014880797	0.0037796710	0.0018625438	0.0000115954	0.0000001402	0.0000022144	0.0000142859	0.0000034691	0.0000139500	0.0000177550	0.0000317050
0.4520000000	0.9260254038	0.8977486727	0.8935396652	0.8500249126	1.0047104876	0.9513007040	0.0043939735	-0.0003054545	0.0020086587	0.0046994280	0.0023141132	0.0000193070	0.0000000933	0.0000040347	0.0000220846	0.0000053551	0.0000234350	0.0000274397	0.0000508748
0.4520000000	0.9326920705	0.8986343903	0.8935995931	0.8504636031	1.0056342876	0.9517278316	0.0053800857	-0.0002383887	0.0025246169	0.0056184744	0.0027630056	0.0000289453	0.0000000568	0.0000063737	0.0000315673	0.0000076342	0.0000353758	0.0000392015	0.0000745773
0.4520000000	0.9393587371	0.8995185748	0.8936577568	0.8508985156	1.0065582355	0.9521525541	0.0063635221	-0.0001733017	0.0030358690	0.0065368238	0.0032091707	0.0000404944	0.0000000300	0.0000092165	0.0000427301	0.0000102988	0.0000497409	0.0000530288	0.0001027698
0.4520000000	0.9460254038	0.9004012035	0.8937141258	0.8513295757	1.0074823453	0.9525748235	0.0073442645	-0.0001102269	0.0035423348	0.0074544914	0.0036525617	0.0000539382	0.0000000121	0.0000125481	0.0000555694	0.0000133412	0.0000664985	0.0000689106	0.0001354092
0.4520000000	0.9526920705	0.9012822566	0.8937686712	0.8517567134	1.0084066333	0.9529945957	0.0083222978	-0.0000491966	0.0040439391	0.0083714944	0.0040931356	0.0000692606	0.0000000024	0.0000163534	0.0000700819	0.0000167538	0.0000856165	0.0000868357	0.0001724522
0.4520000000	0.9593587371	0.9021617166	0.8938213646	0.8521798623	1.0093311173	0.9534118293	0.0092976095	0.0000097582	0.0045406113	0.0092878513	0.0045308531	0.0000864455	0.0000000001	0.0000206172	0.0000862642	0.0000205286	0.0001070628	0.0001067928	0.0002138556
0.4520000000	0.9660254038	0.9030395684	0.8938721793	0.8525989601	1.0102558166	0.9538264865	0.0102701901	0.0000666076	0.0050322854	0.0102035825	0.0049656778	0.0001054768	0.0000000044	0.0000253239	0.0001041131	0.0000246580	0.0001308051	0.0001287711	0.0002595762
0.4520000000	0.9726920705	0.9039157992	0.8939210891	0.8530139480	1.0111807521	0.9542385323	0.0112400324	0.0001213229	0.0055188998	0.0111187096	0.0053975769	0.0001263383	0.0000000147	0.0000304583	0.0001236257	0.0000291338	0.0001568113	0.0001527595	0.0003095708
0.4520000000	0.9793587371	0.9047903986	0.8939680691	0.8534247706	1.0121059463	0.9546479345	0.0122071319	0.0001738764	0.0060003968	0.0120332555	0.0058265204	0.0001490141	0.0000000302	0.0000360048	0.0001447992	0.0000339483	0.0001850491	0.0001787476	0.0003637966
0.4520000000	0.9860254038	0.9056633578	0.8940130952	0.8538313760	1.0130314228	0.9550546637	0.0131714861	0.0002242418	0.0064767230	0.0129472443	0.0062524812	0.0001734880	0.0000000503	0.0000419479	0.0001676311	0.0000390935	0.0002154863	0.0002067247	0.0004222109
0.4520000000	0.9926920705	0.9065346704	0.8940561443	0.8542337153	1.0139572063	0.9554586932	0.0141330948	0.0002723933	0.0069478283	0.0138607015	0.0066754350	0.0001997444	0.0000000742	0.0000482723	0.0001921190	0.0000445614	0.0002480909	0.0002366805	0.0004847714
0.4520000000	0.9993587371	0.9074043317	0.8940971944	0.8546317428	1.0148833230	0.9558599985	0.0150919598	0.0003183066	0.0074136667	0.0147736532	0.0070953601	0.0002277673	0.0000001013	0.0000549625	0.0002182608	0.0000503441	0.0002828310	0.0002686050	0.0005514360
0.4520000000	1.0060254038	0.9082723386	0.8941362239	0.8550254158	1.0158097998	0.9562585577	0.0160480848	0.0003619581	0.0078741953	0.0156861267	0.0075122372	0.0002575410	0.0000001310	0.0000620030	0.0002460546	0.0000564337	0.0003196750	0.0003024883	0.0006221633
0.4520000000	1.0126920705	0.9091386898	0.8941732125	0.8554146943	1.0167366648	0.9566543510	0.0170014754	0.0004033252	0.0083293746	0.0165981502	0.0079260493	0.0002890502	0.0000001627	0.0000693785	0.0002754986	0.0000628223	0.0003585913	0.0003383208	0.0006969122
0.4520000000	1.0193587371	0.9100033856	0.8942081405	0.8557995408	1.0176639469	0.9570473608	0.0179521387	0.0004423862	0.0087791681	0.0175097525	0.0083367819	0.0003222793	0.0000001957	0.0000770738	0.0003065914	0.0000695019	0.0003995488	0.0003760934	0.0007756421
0.4520000000	1.0260254038	0.9108664276	0.8942409890	0.8561799209	1.0185916758	0.9574375715	0.0189000836	0.0004791203	0.0092235427	0.0184209633	0.0087444223	0.0003572132	0.0000002296	0.0000850737	0.0003393319	0.0000764649	0.0004425165	0.0004157968	0.0008583133
0.4520000000	1.0326920705	0.9117278191	0.8942717400	0.8565558021	1.0195198822	0.9578249694	0.0198453203	0.0005135076	0.0096624676	0.0193318128	0.0091489600	0.0003938367	0.0000002637	0.0000933633	0.0003737190	0.0000837035	0.0004874637	0.0004574225	0.0009448862
0.4520000000	1.0393587371	0.9125875643	0.8943003761	0.8569271546	1.0204485972	0.9582095428	0.0207878606	0.0005455288	0.0100959152	0.0202423318	0.0095503864	0.0004321351	0.0000002976	0.0001019275	0.0004097520	0.0000912099	0.0005343603	0.0005009619	0.0010353221
0.4520000000	1.0460254038	0.9134456691	0.8943268808	0.8572939508	1.0213778528	0.9585912815	0.0217277174	0.0005751656	0.0105238602	0.0211525518	0.0099486946	0.0004720937	0.0000003308	0.0001107516	0.0004474304	0.0000989765	0.0005831762	0.0005464070	0.0011295831
0.4520000000	1.0526920705	0.9143021403	0.8943512380	0.8576561652	1.0223076813	0.9589701772	0.0226649049	0.0006024005	0.0109462800	0.0220625045	0.0103438795	0.0005136979	0.0000003629	0.0001198210	0.0004867541	0.0001069958	0.0006338818	0.0005937499	0.0012276318
0.4520000000	1.0593587371	0.9151569859	0.8943734325	0.8580137744	1.0232381158	0.9593462230	0.0235994386	0.0006272165	0.0113631541	0.0229722222	0.0107359377	0.0005569335	0.0000003934	0.0001291213	0.0005277230	0.0001152604	0.0006864482	0.0006429833	0.0013294315
0.4520000000	1.0660254038	0.9160102148	0.8943934497	0.8583667571	1.0241691898	0.9597194136	0.0245313349	0.0006495975	0.0117744647	0.0238817374	0.0111248672	0.0006017864	0.0000004220	0.0001386380	0.0005703374	0.0001237627	0.0007408464	0.0006941001	0.0014349464
0.4546666667	0.6660254038	0.8630788077	0.8903747733	0.8316754111	0.9693432851	0.9340734217	-0.0349901759	-0.0038537135	-0.0198147656	-0.0311364624	-0.0159610521	0.0012243124	0.0000148511	0.0003926249	0.0009694793	0.0002547552	0.0016317885	0.0012242345	0.0028560229
0.4546666667	0.6726920705	0.8639510353	0.8904623460	0.8321278347	0.9702274770	0.9344896372	-0.0339800860	-0.0037553634	-0.0192709228	-0.0302247226	-0.0155155594	0.0011546462	0.0000141028	0.0003713685	0.0009135339	0.0002407326	0.0015401175	0.0011542664	0.0026943839
0.4546666667	0.6793587371	0.8648270293	0.8905507353	0.8325854894	0.9711148338	0.9349107878	-0.0329666604	-0.0036561062	-0.0187210927	-0.0293105542	-0.0150649866	0.0010868007	0.0000133671	0.0003504793	0.0008591086	0.0002269538	0.0014506471	0.0010860624	0.0025367095
0.4546666667	0.6860254038	0.8657064772	0.8906398272	0.8330479080	0.9720051257	0.9353364655	-0.0319502710	-0.0035560698	-0.0181658462	-0.0283942012	-0.0146097764	0.0010208198	0.0000126456	0.0003299980	0.0008062307	0.0002134456	0.0013634634	0.0010196762	0.0023831396
0.4546666667	0.6926920705	0.8665890806	0.8907295111	0.8335146413	0.9728981356	0.9357662802	-0.0309312722	-0.0034553788	-0.0176057313	-0.0274758933	-0.0141503524	0.0009567436	0.0000119396	0.0003099618	0.0007549247	0.0002002325	0.0012786450	0.0009551572	0.0022338022
0.4546666667	0.6993587371	0.8674745549	0.8908196795	0.8339852581	0.9737936587	0.9361998588	-0.0299100013	-0.0033541542	-0.0170412733	-0.0265558471	-0.0136871191	0.0008946082	0.0000112504	0.0002904050	0.0007052130	0.0001873372	0.0011962635	0.0008925502	0.0020888138
0.4546666667	0.7060254038	0.8683626282	0.8909102279	0.8344593443	0.9746915021	0.9366368443	-0.0288867793	-0.0032525132	-0.0164729760	-0.0256342661	-0.0132204629	0.0008344460	0.0000105788	0.0002713589	0.0006571156	0.0001747806	0.0011163838	0.0008318962	0.0019482800
0.4546666667	0.7126920705	0.8692530415	0.8910010549	0.8349365026	0.9755914842	0.9370768957	-0.0278619112	-0.0031505697	-0.0159013222	-0.0247113415	-0.0127507524	0.0007762861	0.0000099261	0.0002528520	0.0006106504	0.0001625817	0.0010390642	0.0007732321	0.0018122963
0.4546666667	0.7193587371	0.8701455480	0.8910920623	0.8354163515	0.9764934342	0.9375196872	-0.0268356869	-0.0030484344	-0.0153267742	-0.0237872525	-0.0122783398	0.0007201541	0.0000092930	0.0002349100	0.0005658334	0.0001507576	0.0009643571	0.0007165910	0.0016809481
0.4546666667	0.7260254038	0.8710399127	0.8911831545	0.8358985253	0.9773971919	0.9379649078	-0.0258083814	-0.0029462143	-0.0147497748	-0.0228621672	-0.0118035606	0.0006660726	0.0000086802	0.0002175559	0.0005226787	0.0001393240	0.0008923086	0.0006620027	0.0015543113
0.4546666667	0.7326920705	0.8719359119	0.8912742390	0.8363826733	0.9783026074	0.9384122604	-0.0247802555	-0.0028440132	-0.0141707478	-0.0219362423	-0.0113267346	0.0006140611	0.0000080884	0.0002008101	0.0004811987	0.0001282949	0.0008229596	0.0006094936	0.0014324532
0.4546666667	0.7393587371	0.8728333331	0.8913652262	0.8368684593	0.9792095400	0.9388614619	-0.0237515564	-0.0027419318	-0.0135900985	-0.0210096246	-0.0108481668	0.0005641364	0.0000075182	0.0001846908	0.0004414043	0.0001176827	0.0007563454	0.0005590870	0.0013154324
0.4546666667	0.7460254038	0.8737319744	0.8914560291	0.8373555612	0.9801178588	0.9393122419	-0.0227225180	-0.0026400675	-0.0130082147	-0.0200824505	-0.0103681472	0.0005163128	0.0000069700	0.0001692137	0.0004033048	0.0001074985	0.0006924964	0.0005108033	0.0012032997
0.4546666667	0.7526920705	0.8746316439	0.8915465635	0.8378436704	0.9810274413	0.9397643429	-0.0216933618	-0.0025385147	-0.0124254671	-0.0191548471	-0.0098869524	0.0004706019	0.0000064441	0.0001543922	0.0003669082	0.0000977518	0.0006314382	0.0004646600	0.0010960982
0.4546666667	0.7593587371	0.8755321598	0.8916367479	0.8383324913	0.9819381737	0.9402175194	-0.0206642970	-0.0024373648	-0.0118422099	-0.0182269322	-0.0094048450	0.0004270132	0.0000059407	0.0001402379	0.0003322211	0.0000884511	0.0005731919	0.0004206722	0.0009938640
0.4546666667	0.7660254038	0.8764333496	0.8917265033	0.8388217411	0.9828499505	0.9406715378	-0.0196355212	-0.0023367063	-0.0112587813	-0.0172988149	-0.0089220750	0.0003855537	0.0000054602	0.0001267602	0.0002992490	0.0000796034	0.0005177740	0.0003788524	0.0008966265
0.4546666667	0.7726920705	0.8773350499	0.8918157533	0.8393111491	0.9837626737	0.9411261754	-0.0186072208	-0.0022366245	-0.0106755045	-0.0163705963	-0.0084388800	0.0003462287	0.0000050025	0.0001139664	0.0002679964	0.0000712147	0.0004651976	0.0003392111	0.0008044087
0.4546666667	0.7793587371	0.8782371061	0.8919044240	0.8398004562	0.9846762529	0.9415812206	-0.0175795714	-0.0021372023	-0.0100926879	-0.0154423691	-0.0079554855	0.0003090413	0.0000045676	0.0001018623	0.0002384668	0.0000632897	0.0004154713	0.0003017565	0.0007172278
0.4546666667	0.7860254038	0.8791393720	0.8919924437	0.8402894147	0.9855906047	0.9420364719	-0.0165527386	-0.0020385198	-0.0095106256	-0.0145142188	-0.0074721058	0.0002739932	0.0000041556	0.0000904520	0.0002106625	0.0000558324	0.0003686007	0.0002664949	0.0006350956
0.4546666667	0.7926920705	0.8800417095	0.8920797434	0.8407777877	0.9865056526	0.9424917378	-0.0155268777	-0.0019406541	-0.0089295982	-0.0135862236	-0.0069889441	0.0002410839	0.0000037661	0.0000797377	0.0001845855	0.0000488453	0.0003245878	0.0002334308	0.0005580186
0.4546666667	0.7993587371	0.8809439880	0.8921662561	0.8412653489	0.9874213264	0.9429468366	-0.0145021350	-0.0018436802	-0.0083498732	-0.0126584548	-0.0065061930	0.0002103119	0.0000033992	0.0000697204	0.0001602365	0.0000423305	0.0002834315	0.0002025670	0.0004859985
0.4546666667	0.8060254038	0.8818460847	0.8922519171	0.8417518820	0.9883375622	0.9434015953	-0.0134786476	-0.0017476702	-0.0077717055	-0.0117309774	-0.0060240353	0.0001816739	0.0000030544	0.0000603994	0.0001376158	0.0000362890	0.0002451277	0.0001739048	0.0004190325
0.4546666667	0.8126920705	0.8827478836	0.8923366639	0.8422371804	0.9892543020	0.9438558500	-0.0124565439	-0.0016526939	-0.0071953378	-0.0108038500	-0.0055426439	0.0001551655	0.0000027314	0.0000517729	0.0001167232	0.0000307209	0.0002096698	0.0001474441	0.0003571138
0.4546666667	0.8193587371	0.8836492758	0.8924204361	0.8427210469	0.9901714932	0.9443094452	-0.0114359441	-0.0015588187	-0.0066210013	-0.0098771254	-0.0050621826	0.0001307808	0.0000024299	0.0000438377	0.0000975576	0.0000256257	0.0001770484	0.0001231833	0.0003002317
0.4546666667	0.8260254038	0.8845501587	0.8925031754	0.8432032932	0.9910890887	0.9447622334	-0.0104169606	-0.0014661097	-0.0060489159	-0.0089508509	-0.0045828062	0.0001085131	0.0000021495	0.0000365894	0.0000801177	0.0000210021	0.0001472519	0.0001011198	0.0002483718
0.4546666667	0.8326920705	0.8854504362	0.8925848253	0.8436837398	0.9920070464	0.9452140748	-0.0093996982	-0.0013746297	-0.0054792908	-0.0080250685	-0.0041046611	0.0000883543	0.0000018896	0.0000300226	0.0000644017	0.0000168482	0.0001202666	0.0000812500	0.0002015165
0.4546666667	0.8393587371	0.8863500179	0.8926653313	0.8441622152	0.9929253291	0.9456648372	-0.0083842546	-0.0012844395	-0.0049123250	-0.0070998151	-0.0036278855	0.0000702957	0.0000016498	0.0000241309	0.0000504074	0.0000131616	0.0000960764	0.0000635689	0.0001596454
0.4546666667	0.8460254038	0.8872488193	0.8927446410	0.8446385563	0.9938439040	0.9461143954	-0.0073707203	-0.0011955975	-0.0043482075	-0.0061751229	-0.0031526100	0.0000543275	0.0000014295	0.0000189069	0.0000381321	0.0000099389	0.0000746639	0.0000480711	0.0001227350
0.4546666667	0.8526920705	0.8881467616	0.8928227036	0.8451126073	0.9947627429	0.9465626309	-0.0063591798	-0.0011081602	-0.0037871178	-0.0052510196	-0.0026789576	0.0000404392	0.0000012280	0.0000143423	0.0000275732	0.0000071768	0.0000560094	0.0000347500	0.0000907595
0.4546666667	0.8593587371	0.8890437708	0.8928994701	0.8455842200	0.9956818215	0.9470094319	-0.0053497108	-0.0010221821	-0.0032292263	-0.0043275288	-0.0022070442	0.0000286194	0.0000010449	0.0000104279	0.0000187275	0.0000048710	0.0000400922	0.0000235985	0.0000636907
0.4546666667	0.8660254038	0.8899397783	0.8929748933	0.8460532532	0.9966011195	0.9474546928	-0.0043423855	-0.0009377157	-0.0026746947	-0.0034046698	-0.0017369790	0.0000188563	0.0000008793	0.0000071540	0.0000115918	0.0000030171	0.0000268896	0.0000146089	0.0000414985
0.4546666667	0.8726920705	0.8908347202	0.8930489275	0.8465195725	0.9975206204	0.9478983138	-0.0033372702	-0.0008548118	-0.0021236764	-0.0024824584	-0.0012688646	0.0000111374	0.0000007307	0.0000045100	0.0000061626	0.0000016100	0.0000163781	0.0000077726	0.0000241507
0.4546666667	0.8793587371	0.8917285369	0.8931215287	0.8469830501	0.9984403110	0.9483402010	-0.0023344257	-0.0007735192	-0.0015763166	-0.0015609065	-0.0008027974	0.0000054495	0.0000005983	0.0000024848	0.0000024364	0.0000006445	0.0000085326	0.0000030809	0.0000116136
0.4546666667	0.8860254038	0.8926211736	0.8931926546	0.8474435644	0.9993601817	0.9487802660	-0.0013339080	-0.0006938850	-0.0010327529	-0.0006400230	-0.0003388680	0.0000017793	0.0000004815	0.0000010666	0.0000004096	0.0000001148	0.0000033274	0.0000005245	0.0000038518
0.4546666667	0.8926920705	0.8935125794	0.8932622642	0.8479010000	1.0002802259	0.9492184255	-0.0003357679	-0.0006159545	-0.0004931157	0.0002801866	0.0001228389	0.0000001127	0.0000003794	0.0000002432	0.0000000785	0.0000000151	0.0000007353	0.0000000936	0.0000008289
0.4546666667	0.8993587371	0.8944027075	0.8933303181	0.8483552470	1.0012004399	0.9496546012	0.0006599483	-0.0005397716	0.0000424721	0.0011997200	0.0005822437	0.0000004355	0.0000002914	0.0000000018	0.0000014393	0.0000003390	0.0000007287	0.0000017783	0.0000025070
0.4546666667	0.9060254038	0.8952915147	0.8933967783	0.8488062012	1.0021208230	0.9500887197	0.0016531988	-0.0004653784	0.0005738939	0.0021185772	0.0010392723	0.0000027331	0.0000002166	0.0000003294	0.0000044884	0.0000010801	0.0000032790	0.0000055685	0.0000088475
0.4546666667	0.9126920705	0.8961789617	0.8934616081	0.8492537639	1.0030413770	0.9505207120	0.0026439459	-0.0003928155	0.0011010398	0.0030367614	0.0014938552	0.0000069905	0.0000001543	0.0000012123	0.0000092219	0.0000022316	0.0000083570	0.0000114535	0.0000198106
0.4546666667	0.9193587371	0.8970650125	0.8935247723	0.8496978412	1.0039621064	0.9509505137	0.0036321560	-0.0003221219	0.0016238061	0.0039542779	0.0019459280	0.0000131926	0.0000001038	0.0000026367	0.0000156363	0.0000037866	0.0000159331	0.0000194229	0.0000353560
0.4546666667	0.9260254038	0.8979496344	0.8935862369	0.8501383444	1.0048830178	0.9513780643	0.0046177991	-0.0002533354	0.0021420950	0.0048711345	0.0023954304	0.0000213241	0.0000000642	0.0000045886	0.0000237280	0.0000057381	0.0000259768	0.0000294660	0.0000554429
0.4546666667	0.9326920705	0.8988327977	0.8936459690	0.8505751891	1.0058041203	0.9518033076	0.0056008490	-0.0001864922	0.0026558144	0.0057873413	0.0028423066	0.0000313695	0.0000000348	0.0000070534	0.0000334933	0.0000080787	0.0000384576	0.0000415720	0.0000800297
0.4546666667	0.9393587371	0.8997144760	0.8937039373	0.8510082959	1.0067254249	0.9522261908	0.0065812829	-0.0001216272	0.0031648777	0.0067029101	0.0032865049	0.0000433133	0.0000000148	0.0000100165	0.0000449290	0.0000108011	0.0000533445	0.0000557301	0.0001090746
0.4546666667	0.9460254038	0.9005946453	0.8937601112	0.8514375895	1.0076469446	0.9526466652	0.0075590810	-0.0000587740	0.0036692033	0.0076178550	0.0037279772	0.0000571397	0.0000000035	0.0000134631	0.0000580317	0.0000138978	0.0000706062	0.0000719295	0.0001425357
0.4546666667	0.9526920705	0.9014732848	0.8938144617	0.8518629986	1.0085686945	0.9530646852	0.0085342268	0.0000020352	0.0041687148	0.0085321916	0.0041666796	0.0000728330	0.0000000000	0.0000173782	0.0000727983	0.0000173612	0.0000902112	0.0000901595	0.0001803707
0.4546666667	0.9593587371	0.9023503757	0.8938669606	0.8522844561	1.0094906910	0.9534802087	0.0095067066	0.0000607693	0.0046633405	0.0094459373	0.0046025712	0.0000903775	0.0000000037	0.0000217467	0.0000892257	0.0000211837	0.0001121279	0.0001104094	0.0002225373
0.4546666667	0.9660254038	0.9032259022	0.8939175808	0.8527018987	1.0104129525	0.9538931966	0.0104765095	0.0001173983	0.0051530131	0.0103591112	0.0050356148	0.0001097573	0.0000000138	0.0000265535	0.0001073112	0.0000253574	0.0001363246	0.0001326686	0.0002689932
0.4546666667	0.9726920705	0.9040998503	0.8939662964	0.8531152666	1.0113354988	0.9543036131	0.0114436269	0.0001718935	0.0056376699	0.0112717335	0.0054657764	0.0001309566	0.0000000295	0.0000317833	0.0001270520	0.0000298747	0.0001627695	0.0001569267	0.0003196962
0.4546666667	0.9793587371	0.9049722085	0.8940130823	0.8535245037	1.0122583511	0.9547114249	0.0124080532	0.0002242273	0.0061172522	0.0121838259	0.0058930249	0.0001539598	0.0000000503	0.0000374208	0.0001484456	0.0000347277	0.0001914308	0.0001831734	0.0003746042
0.4546666667	0.9860254038	0.9058429673	0.8940579144	0.8539295571	1.0131815319	0.9551166019	0.0133697846	0.0002743731	0.0065917052	0.0130954115	0.0063173321	0.0001787511	0.0000000753	0.0000434506	0.0001714898	0.0000399087	0.0002222770	0.0002113985	0.0004336755
0.4546666667	0.9926920705	0.9067121192	0.8941007697	0.8543303772	1.0141050650	0.9555191161	0.0143288197	0.0003223055	0.0070609782	0.0140065142	0.0067386727	0.0002053151	0.0000001039	0.0000498574	0.0001961824	0.0000454097	0.0002552764	0.0002415922	0.0004968685
0.4546666667	0.9993587371	0.9075796586	0.8941416260	0.8547269175	1.0150289755	0.9559189424	0.0152851592	0.0003679998	0.0075250239	0.0149171594	0.0071570240	0.0002336361	0.0000001354	0.0000566260	0.0002225216	0.0000512230	0.0002903975	0.0002737446	0.0005641421
0.4546666667	1.0060254038	0.9084455815	0.8941804620	0.8551191344	1.0159532893	0.9563160579	0.0162388056	0.0004114326	0.0079837984	0.0158273730	0.0075723658	0.0002636988	0.0000001693	0.0000637410	0.0002505057	0.0000573407	0.0003276091	0.0003078465	0.0006354556
0.4546666667	1.0126920705	0.9093098858	0.8942172571	0.8555069872	1.0168780335	0.9567104419	0.0171897634	0.0004525813	0.0084372613	0.0167371821	0.0079846800	0.0002954880	0.0000002048	0.0000711874	0.0002801333	0.0000637551	0.0003668802	0.0003438884	0.0007107686
0.4546666667	1.0193587371	0.9101725709	0.8942519917	0.8558904377	1.0178032360	0.9571020760	0.0181380387	0.0004914242	0.0088853753	0.0176466145	0.0083939512	0.0003289884	0.0000002415	0.0000789499	0.0003114030	0.0000704584	0.0004081798	0.0003818614	0.0007900413
0.4546666667	1.0260254038	0.9110336376	0.8942846470	0.8562694507	1.0187289256	0.9574909439	0.0190836392	0.0005279404	0.0093281061	0.0185556989	0.0088001658	0.0003641853	0.0000002787	0.0000870136	0.0003443140	0.0000774429	0.0004514776	0.0004217569	0.0008732345
0.4546666667	1.0326920705	0.9118930883	0.8943152048	0.8566439931	1.0196551321	0.9578770309	0.0200265743	0.0005621100	0.0097654224	0.0194644643	0.0092033124	0.0004010637	0.0000003160	0.0000953635	0.0003788654	0.0000847010	0.0004967431	0.0004635663	0.0009603095
0.4546666667	1.0393587371	0.9127509266	0.8943436479	0.8570140344	1.0205818856	0.9582603246	0.0209668545	0.0005939138	0.0101972954	0.0203729407	0.0096033815	0.0004396090	0.0000003527	0.0001039848	0.0004150567	0.0000922249	0.0005439466	0.0005072817	0.0010512282
0.4546666667	1.0460254038	0.9136071575	0.8943699597	0.8573795463	1.0215092173	0.9586408141	0.0219044921	0.0006233336	0.0106236991	0.0212811585	0.0100003655	0.0004798068	0.0000003885	0.0001128630	0.0004528877	0.0001000073	0.0005930583	0.0005528950	0.0011459533
0.4546666667	1.0526920705	0.9144617870	0.8943941242	0.8577405027	1.0224371586	0.9590184903	0.0228395001	0.0006503516	0.0110446100	0.0221891485	0.0103942584	0.0005216428	0.0000004230	0.0001219834	0.0004923583	0.0001080406	0.0006440491	0.0006003989	0.0012444481
0.4546666667	1.0593587371	0.9153148224	0.8944161261	0.8580968796	1.0233657418	0.9593933456	0.0237718931	0.0006749512	0.0114600071	0.0230969420	0.0107850559	0.0005651029	0.0000004556	0.0001313318	0.0005334687	0.0001163174	0.0006968902	0.0006497862	0.0013466764
0.4546666667	1.0660254038	0.9161662721	0.8944359510	0.8584486550	1.0242949996	0.9597653740	0.0247016867	0.0006971161	0.0118698714	0.0240045706	0.0111727554	0.0006101733	0.0000004860	0.0001408938	0.0005762194	0.0001248305	0.0007515531	0.0007010499	0.0014526030
0.4573333333	0.6660254038	0.8634307392	0.8904309428	0.8319048112	0.9696773750	0.9342721273	-0.0345824961	-0.0037906302	-0.0195389747	-0.0307918659	-0.0157483445	0.0011959490	0.0000143689	0.0003817715	0.0009481390	0.0002480104	0.0015920894	0.0011961494	0.0027882388
0.4573333333	0.6726920705	0.8642974643	0.8905181281	0.8323527955	0.9705557215	0.9346837187	-0.0335791843	-0.0036927215	-0.0190006153	-0.0298864628	-0.0153078938	0.0011275616	0.0000136362	0.0003610234	0.0008932007	0.0002343316	0.0015022212	0.0011275323	0.0026297535
0.4573333333	0.6793587371	0.8651680621	0.8906061463	0.8328061116	0.9714373359	0.9351003416	-0.0325724017	-0.0035938870	-0.0184561434	-0.0289785147	-0.0148622564	0.0010609614	0.0000129160	0.0003406292	0.0008397543	0.0002208867	0.0014145066	0.0010606410	0.0024751476
0.4573333333	0.6860254038	0.8660422188	0.8906948826	0.8332642901	0.9723219879	0.9355215871	-0.0315625222	-0.0034942562	-0.0179061324	-0.0280682661	-0.0144118763	0.0009961928	0.0000122098	0.0003206296	0.0007878276	0.0002077022	0.0013290322	0.0009955297	0.0023245620
0.4573333333	0.6926920705	0.8669196347	0.8907842251	0.8337268801	0.9732094600	0.9359470639	-0.0305499022	-0.0033939547	-0.0173511325	-0.0271559476	-0.0139571779	0.0009332965	0.0000115189	0.0003010618	0.0007374455	0.0001948028	0.0012458773	0.0009322483	0.0021781256
0.4573333333	0.6993587371	0.8678000232	0.8908740653	0.8341934482	0.9740995468	0.9363763978	-0.0295348810	-0.0032931046	-0.0167916716	-0.0262417765	-0.0134985671	0.0008723092	0.0000108445	0.0002819602	0.0006886308	0.0001822113	0.0011651140	0.0008708421	0.0020359561
0.4573333333	0.7060254038	0.8686831111	0.8909642978	0.8346635784	0.9749920544	0.9368092307	-0.0285177816	-0.0031918243	-0.0162282558	-0.0253259573	-0.0130364315	0.0008132639	0.0000101877	0.0002633563	0.0006414041	0.0001699485	0.0010868079	0.0008113527	0.0018981606
0.4573333333	0.7126920705	0.8695686377	0.8910548204	0.8351368713	0.9758868004	0.9372452202	-0.0274989113	-0.0030902288	-0.0156613702	-0.0244086825	-0.0125711413	0.0007561901	0.0000095495	0.0002452785	0.0005957838	0.0001580336	0.0010110182	0.0007538174	0.0017648355
0.4573333333	0.7193587371	0.8704563543	0.8911455337	0.8356129436	0.9767836132	0.9376840393	-0.0264785619	-0.0029884296	-0.0150914796	-0.0234901323	-0.0121030500	0.0007011142	0.0000089307	0.0002277528	0.0005517863	0.0001464838	0.0009377977	0.0006982701	0.0016360678
0.4573333333	0.7260254038	0.8713460244	0.8912363416	0.8360914275	0.9776823315	0.9381253754	-0.0254570106	-0.0028865345	-0.0145190291	-0.0225704761	-0.0116324946	0.0006480594	0.0000083321	0.0002108022	0.0005094264	0.0001353149	0.0008671937	0.0006447413	0.0015119350
0.4573333333	0.7326920705	0.8722374227	0.8913271508	0.8365719704	0.9785828041	0.9385689302	-0.0244345206	-0.0027846485	-0.0139444450	-0.0216498722	-0.0111597966	0.0005970458	0.0000077543	0.0001944475	0.0004687170	0.0001245411	0.0007992476	0.0005932580	0.0013925056
0.4573333333	0.7393587371	0.8731303347	0.8914178709	0.8370542342	0.9794848895	0.9390144190	-0.0234113412	-0.0026828727	-0.0133681350	-0.0207284685	-0.0106852623	0.0005480909	0.0000071978	0.0001787070	0.0004296694	0.0001141748	0.0007339957	0.0005438442	0.0012778400
0.4573333333	0.7460254038	0.8740245570	0.8915084143	0.8375378947	0.9803884551	0.9394615701	-0.0223877087	-0.0025813056	-0.0127904893	-0.0198064031	-0.0102091837	0.0005012095	0.0000066631	0.0001635966	0.0003922936	0.0001042274	0.0006714693	0.0004965210	0.0011679903
0.4573333333	0.7526920705	0.8749198958	0.8915986962	0.8380226415	0.9812933774	0.9399101245	-0.0213638466	-0.0024800420	-0.0122118807	-0.0188838046	-0.0097318387	0.0004564139	0.0000061506	0.0001491300	0.0003565981	0.0000947087	0.0006116946	0.0004513068	0.0010630013
0.4573333333	0.7593587371	0.8758161677	0.8916886344	0.8385081772	0.9821995413	0.9403598352	-0.0203399665	-0.0023791741	-0.0116326659	-0.0179607924	-0.0092534918	0.0004137142	0.0000056605	0.0001353189	0.0003225901	0.0000856271	0.0005546936	0.0004082172	0.0009629108
0.4573333333	0.7660254038	0.8767131983	0.8917781495	0.8389942171	0.9831068398	0.9408104669	-0.0193162681	-0.0022787909	-0.0110531854	-0.0170374772	-0.0087743945	0.0003731182	0.0000051929	0.0001221729	0.0002902756	0.0000769900	0.0005004840	0.0003672656	0.0008677496
0.4573333333	0.7726920705	0.8776108227	0.8918671645	0.8394804887	0.9840151736	0.9412617956	-0.0182929402	-0.0021789785	-0.0104737647	-0.0161139617	-0.0082947862	0.0003346317	0.0000047479	0.0001096997	0.0002596598	0.0000688035	0.0004490794	0.0003284632	0.0007775426
0.4573333333	0.7793587371	0.8785088844	0.8919556050	0.8399667310	0.9849244508	0.9417136081	-0.0172701605	-0.0020798200	-0.0098947142	-0.0151903404	-0.0078148941	0.0002982584	0.0000043257	0.0000979054	0.0002307464	0.0000610726	0.0004004895	0.0002918190	0.0006923085
0.4573333333	0.7860254038	0.8794072356	0.8920433990	0.8404526948	0.9858345867	0.9421657014	-0.0162480966	-0.0019813962	-0.0093163303	-0.0142667004	-0.0073349342	0.0002640006	0.0000039259	0.0000867940	0.0002035387	0.0000538013	0.0003547206	0.0002573400	0.0006120606
0.4573333333	0.7926920705	0.8803057364	0.8921304770	0.8409381413	0.9867455032	0.9426178826	-0.0152269063	-0.0018837846	-0.0087388959	-0.0133431217	-0.0068551112	0.0002318587	0.0000035486	0.0000763683	0.0001780389	0.0000469925	0.0003117756	0.0002250314	0.0005368071
0.4573333333	0.7993587371	0.8812042548	0.8922167716	0.8414228425	0.9876571286	0.9430699683	-0.0142067379	-0.0017870606	-0.0081626803	-0.0124196773	-0.0063756197	0.0002018314	0.0000031936	0.0000666294	0.0001542484	0.0000406485	0.0002716543	0.0001948969	0.0004665512
0.4573333333	0.8060254038	0.8821026661	0.8923022178	0.8419065805	0.9885693977	0.9435217841	-0.0131877305	-0.0016912968	-0.0075879407	-0.0114964337	-0.0058966439	0.0001739162	0.0000028605	0.0000575768	0.0001321680	0.0000347704	0.0002343536	0.0001669384	0.0004012920
0.4573333333	0.8126920705	0.8830008528	0.8923867528	0.8423891472	0.9894822509	0.9439731647	-0.0121700148	-0.0015965632	-0.0070149218	-0.0105734516	-0.0054183586	0.0001481093	0.0000025490	0.0000492091	0.0001117979	0.0000293586	0.0001998674	0.0001411565	0.0003410239
0.4573333333	0.8193587371	0.8838987044	0.8924703158	0.8428703437	0.9903956341	0.9444239531	-0.0111537129	-0.0015029277	-0.0064438566	-0.0096507853	-0.0049409290	0.0001244053	0.0000022588	0.0000415233	0.0000931377	0.0000244128	0.0001681874	0.0001175504	0.0002857378
0.4573333333	0.8260254038	0.8847961167	0.8925528483	0.8433499801	0.9913094988	0.9448740002	-0.0101389394	-0.0014104555	-0.0058749672	-0.0087284838	-0.0044645116	0.0001027981	0.0000019894	0.0000345152	0.0000761864	0.0000199319	0.0001393027	0.0000961183	0.0002354210
0.4573333333	0.8326920705	0.8856929919	0.8926342935	0.8438278755	0.9922238014	0.9453231650	-0.0091258009	-0.0013192100	-0.0053084645	-0.0078065909	-0.0039892545	0.0000832802	0.0000017403	0.0000281798	0.0000609429	0.0000159142	0.0001132004	0.0000768570	0.0001900574
0.4573333333	0.8393587371	0.8865892384	0.8927145968	0.8443038570	0.9931385031	0.9457713137	-0.0081143970	-0.0012292519	-0.0047445494	-0.0068851452	-0.0035152975	0.0000658434	0.0000015111	0.0000225107	0.0000474052	0.0000123573	0.0000898652	0.0000597625	0.0001496278
0.4573333333	0.8460254038	0.8874847700	0.8927937054	0.8447777598	0.9940535699	0.9462183198	-0.0071048205	-0.0011406400	-0.0041834127	-0.0059641805	-0.0030427727	0.0000504785	0.0000013011	0.0000175009	0.0000355714	0.0000092585	0.0000692805	0.0000448299	0.0001141104
0.4573333333	0.8526920705	0.8883795064	0.8928715684	0.8452494269	0.9949689719	0.9466640633	-0.0060971574	-0.0010534311	-0.0036252357	-0.0050437264	-0.0025718046	0.0000371753	0.0000011097	0.0000131423	0.0000254392	0.0000066142	0.0000514274	0.0000320534	0.0000834807
0.4573333333	0.8593587371	0.8892733722	0.8929481366	0.8457187088	0.9958846834	0.9471084312	-0.0050914876	-0.0009676798	-0.0030701905	-0.0041238078	-0.0021025108	0.0000259232	0.0000009364	0.0000094261	0.0000170058	0.0000044206	0.0000362857	0.0000214263	0.0000577121
0.4573333333	0.8660254038	0.8901662975	0.8930233625	0.8461854628	0.9968006827	0.9475513164	-0.0040878848	-0.0008834388	-0.0025184406	-0.0032044460	-0.0016350018	0.0000167108	0.0000007805	0.0000063425	0.0000102685	0.0000026732	0.0000238338	0.0000129417	0.0000367755
0.4573333333	0.8726920705	0.8910582167	0.8930972005	0.8466495532	0.9977169519	0.9479926180	-0.0030864172	-0.0008007591	-0.0019701409	-0.0022856582	-0.0011693818	0.0000095260	0.0000006412	0.0000038815	0.0000052242	0.0000013675	0.0000140486	0.0000065917	0.0000206403
0.4573333333	0.8793587371	0.8919490692	0.8931696064	0.8471108511	0.9986334765	0.9484322407	-0.0020871476	-0.0007196895	-0.0014254382	-0.0013674580	-0.0007057487	0.0000043562	0.0000005180	0.0000020319	0.0000018699	0.0000004981	0.0000069060	0.0000023680	0.0000092740
0.4573333333	0.8860254038	0.8928387986	0.8932405377	0.8475692336	0.9995502453	0.9488700947	-0.0010901333	-0.0006402774	-0.0008844718	-0.0004498558	-0.0002441944	0.0000011884	0.0000004100	0.0000007823	0.0000002024	0.0000000596	0.0000023806	0.0000002620	0.0000026426
0.4573333333	0.8926920705	0.8937273528	0.8933099534	0.8480245840	1.0004672505	0.9493060956	-0.0000954270	-0.0005625683	-0.0003473734	0.0004671413	0.0002151949	0.0000000091	0.0000003165	0.0000001207	0.0000002182	0.0000000463	0.0000004463	0.0000002645	0.0000007108
0.4573333333	0.8993587371	0.8946146837	0.8933778138	0.8484767913	1.0013844869	0.9497401639	0.0008969234	-0.0004866060	0.0001857323	0.0013835294	0.0006723383	0.0000008045	0.0000002368	0.0000000345	0.0000019142	0.0000004520	0.0000010758	0.0000023662	0.0000034419
0.4573333333	0.9060254038	0.8955007470	0.8934440810	0.8489257502	1.0023019527	0.9501722249	0.0018868745	-0.0004124328	0.0007147276	0.0022993073	0.0011271604	0.0000035603	0.0000001701	0.0000005108	0.0000052868	0.0000012705	0.0000042412	0.0000065573	0.0000107985
0.4573333333	0.9126920705	0.8963855019	0.8935087182	0.8493713608	1.0032196482	0.9506022085	0.0028743870	-0.0003400893	0.0012395010	0.0032144763	0.0015795903	0.0000082621	0.0000001157	0.0000015364	0.0000103329	0.0000024951	0.0000099141	0.0000128280	0.0000227421
0.4573333333	0.9193587371	0.8972689114	0.8935716900	0.8498135282	1.0041375767	0.9510300491	0.0038594257	-0.0002696148	0.0017599475	0.0041290405	0.0020295623	0.0000148952	0.0000000727	0.0000030974	0.0000170490	0.0000041191	0.0000180653	0.0000211681	0.0000392334
0.4573333333	0.9260254038	0.8981509415	0.8936329624	0.8502521626	1.0050557436	0.9514556852	0.0048419593	-0.0002010469	0.0022759680	0.0050430062	0.0024770149	0.0000234446	0.0000000404	0.0000051800	0.0000254319	0.0000061356	0.0000286650	0.0000315675	0.0000602325
0.4573333333	0.9326920705	0.8990315616	0.8936925026	0.8506871787	1.0059741565	0.9518790592	0.0058219601	-0.0001344219	0.0027874691	0.0059563820	0.0029218910	0.0000338952	0.0000000181	0.0000077700	0.0000354785	0.0000085374	0.0000416833	0.0000440159	0.0000856992
0.4573333333	0.9393587371	0.8999107438	0.8937502791	0.8511184959	1.0068928255	0.9523001177	0.0067994037	-0.0000697749	0.0032943627	0.0068691786	0.0033641376	0.0000462319	0.0000000049	0.0000108528	0.0000471856	0.0000113174	0.0000570896	0.0000585030	0.0001155926
0.4573333333	0.9460254038	0.9007884634	0.8938062613	0.8515460380	1.0078117623	0.9527188104	0.0077742690	-0.0000071394	0.0037965663	0.0077814085	0.0038037057	0.0000604393	0.0000000001	0.0000144139	0.0000605503	0.0000144682	0.0000748532	0.0000750185	0.0001498717
0.4573333333	0.9526920705	0.9016646982	0.8938604201	0.8519697330	1.0087309806	0.9531350911	0.0087465383	0.0000534522	0.0042940022	0.0086930860	0.0042405500	0.0000765019	0.0000000029	0.0000184385	0.0000755697	0.0000179823	0.0000949432	0.0000935520	0.0001884953
0.4573333333	0.9593587371	0.9025394286	0.8939127274	0.8523895126	1.0096504960	0.9535489164	0.0097161963	0.0001119689	0.0047865974	0.0096042274	0.0046746285	0.0000944045	0.0000000125	0.0000229115	0.0000922412	0.0000218522	0.0001173285	0.0001140933	0.0002314219
0.4573333333	0.9660254038	0.9034126376	0.8939631560	0.8528053126	1.0105703256	0.9539602464	0.0106832309	0.0001683806	0.0052742837	0.0105148503	0.0051059031	0.0001141314	0.0000000284	0.0000278181	0.0001105621	0.0000260702	0.0001419778	0.0001366323	0.0002786102
0.4573333333	0.9726920705	0.9042843104	0.8940116800	0.8532170726	1.0114904880	0.9543690443	0.0116476325	0.0002226588	0.0057569971	0.0114249737	0.0055343384	0.0001356673	0.0000000496	0.0000331430	0.0001305300	0.0000306289	0.0001688599	0.0001611589	0.0003300189
0.4573333333	0.9793587371	0.9051544345	0.8940582742	0.8536247354	1.0124110034	0.9547752758	0.0126093938	0.0002747756	0.0062346780	0.0123346183	0.0059599024	0.0001589968	0.0000000755	0.0000388712	0.0001521428	0.0000355204	0.0001979435	0.0001876632	0.0003856068
0.4573333333	0.9860254038	0.9060229994	0.8941029147	0.8540282474	1.0133318933	0.9551789099	0.0135685102	0.0003247045	0.0067072705	0.0132438057	0.0063825660	0.0001841045	0.0000001054	0.0000449875	0.0001753984	0.0000407371	0.0002291974	0.0002161355	0.0004453329
0.4573333333	0.9926920705	0.9068899967	0.8941455784	0.8544275582	1.0142531804	0.9555799177	0.0145249790	0.0003724201	0.0071747228	0.0141525589	0.0068023027	0.0002109750	0.0000001387	0.0000514766	0.0002002949	0.0000462713	0.0002625904	0.0002465662	0.0005091566
0.4573333333	0.9993587371	0.9077554198	0.8941862430	0.8548226205	1.0151748888	0.9559782732	0.0154787996	0.0004178978	0.0076369867	0.0150609019	0.0072190889	0.0002395932	0.0000001746	0.0000583236	0.0002268308	0.0000521152	0.0002980914	0.0002789460	0.0005770375
0.4573333333	1.0060254038	0.9086192639	0.8942248872	0.8552133900	1.0160970433	0.9563739527	0.0164299737	0.0004611140	0.0080940174	0.0159688597	0.0076329034	0.0002699440	0.0000002126	0.0000655131	0.0002550045	0.0000582612	0.0003356698	0.0003132657	0.0006489355
0.4573333333	1.0126920705	0.9094815262	0.8942614905	0.8555998251	1.0170196702	0.9567669347	0.0173785045	0.0005020462	0.0085457735	0.0168764583	0.0080437272	0.0003020124	0.0000002521	0.0000730302	0.0002848148	0.0000647015	0.0003752947	0.0003495164	0.0007248111
0.4573333333	1.0193587371	0.9103422050	0.8942960334	0.8559818872	1.0179427963	0.9571571999	0.0183243971	0.0005406727	0.0089922168	0.0177837243	0.0084515440	0.0003357835	0.0000002923	0.0000808600	0.0003162609	0.0000714286	0.0004169358	0.0003876894	0.0008046253
0.4573333333	1.0260254038	0.9112013005	0.8943284969	0.8563595401	1.0188664496	0.9575447311	0.0192676581	0.0005769727	0.0094333121	0.0186906854	0.0088563393	0.0003712427	0.0000003329	0.0000889874	0.0003493417	0.0000784347	0.0004605629	0.0004277765	0.0008883394
0.4573333333	1.0326920705	0.9120588141	0.8943588630	0.8567327501	1.0197906588	0.9579295130	0.0202082960	0.0006109262	0.0098690272	0.0195973698	0.0092581009	0.0004083752	0.0000003732	0.0000973977	0.0003840569	0.0000857124	0.0005061462	0.0004697693	0.0009759155
0.4573333333	1.0393587371	0.9129147489	0.8943871144	0.8571014862	1.0207154533	0.9583115324	0.0211463204	0.0006425142	0.0102993326	0.0205038062	0.0096568184	0.0004471669	0.0000004128	0.0001060763	0.0004204061	0.0000932541	0.0005536559	0.0005136602	0.0010673162
0.4573333333	1.0460254038	0.9137691090	0.8944132345	0.8574657193	1.0216408633	0.9586907776	0.0220817424	0.0006717182	0.0107242014	0.0214100242	0.0100524833	0.0004876033	0.0000004512	0.0001150085	0.0004583891	0.0001010524	0.0006030630	0.0005594416	0.0011625046
0.4573333333	1.0526920705	0.9146218997	0.8944372073	0.8578254227	1.0225669194	0.9590672389	0.0230145743	0.0006985207	0.0111436095	0.0223160536	0.0104450888	0.0005296706	0.0000004879	0.0001241800	0.0004980062	0.0001090999	0.0006543386	0.0006071061	0.0012614447
0.4573333333	1.0593587371	0.9154731275	0.8944590177	0.8581805719	1.0234936531	0.9594409078	0.0239448297	0.0007229048	0.0115575348	0.0232219249	0.0108346300	0.0005733549	0.0000005226	0.0001335766	0.0005392578	0.0001173892	0.0007074541	0.0006566470	0.0013641011
0.4573333333	1.0660254038	0.9163228002	0.8944786511	0.8585311442	1.0244210961	0.9598117777	0.0248725234	0.0007448546	0.0119659578	0.0241276688	0.0112211032	0.0006186424	0.0000005548	0.0001431841	0.0005821444	0.0001259132	0.0007623814	0.0007080576	0.0014704389
0.4600000000	0.6660254038	0.8637816445	0.8904868299	0.8321325880	0.9700105778	0.9344692813	-0.0341761706	-0.0037278681	-0.0192652107	-0.0304483026	-0.0155373426	0.0011680106	0.0000138970	0.0003711483	0.0009270991	0.0002414090	0.0015530560	0.0011685081	0.0027215641
0.4600000000	0.6726920705	0.8646429382	0.8905736489	0.8325762353	0.9708831372	0.9348763422	-0.0331795477	-0.0036303768	-0.0187322077	-0.0295491710	-0.0151018309	0.0011008824	0.0000131796	0.0003508956	0.0008731535	0.0002280653	0.0014649576	0.0011012188	0.0025661764
0.4600000000	0.6793587371	0.8655082084	0.8906613167	0.8330253112	0.9717590650	0.9352885273	-0.0321793227	-0.0035319419	-0.0181929720	-0.0286473807	-0.0146610301	0.0010355088	0.0000124746	0.0003309842	0.0008206724	0.0002149458	0.0013789677	0.0010356182	0.0024145859
0.4600000000	0.6860254038	0.8663771399	0.8907497172	0.8334793444	0.9726381307	0.9357054270	-0.0311758710	-0.0034326942	-0.0176480792	-0.0277431768	-0.0142153850	0.0009719349	0.0000117834	0.0003114547	0.0007696839	0.0002020772	0.0012951730	0.0009717610	0.0022669341
0.4600000000	0.6926920705	0.8672494314	0.8908387375	0.8339378822	0.9735201163	0.9361266490	-0.0301695510	-0.0033327605	-0.0170980816	-0.0268367905	-0.0137653211	0.0009102018	0.0000111073	0.0002923444	0.0007202133	0.0001894841	0.0012136535	0.0009096974	0.0021233509
0.4600000000	0.6993587371	0.8681247949	0.8909282682	0.8344004892	0.9744048157	0.9365518180	-0.0291607039	-0.0032322640	-0.0165435093	-0.0259284399	-0.0133112453	0.0008503467	0.0000104475	0.0002736877	0.0006722840	0.0001771893	0.0011344819	0.0008494732	0.0019839551
0.4600000000	0.7060254038	0.8690029557	0.8910182028	0.8348667477	0.9752920344	0.9369805747	-0.0281496546	-0.0031313243	-0.0159848708	-0.0250183303	-0.0128535465	0.0007924031	0.0000098052	0.0002555161	0.0006259169	0.0001652137	0.0010577243	0.0007911305	0.0018488549
0.4600000000	0.7126920705	0.8698836514	0.8911084381	0.8353362563	0.9761815894	0.9374125758	-0.0271367125	-0.0030300573	-0.0154226534	-0.0241066552	-0.0123925962	0.0007364012	0.0000091812	0.0002378582	0.0005811308	0.0001535764	0.0009834407	0.0007347073	0.0017181479
0.4600000000	0.7193587371	0.8707666319	0.8911988742	0.8358086297	0.9770733078	0.9378474928	-0.0261221714	-0.0029285753	-0.0148573243	-0.0231935961	-0.0119287490	0.0006823678	0.0000085766	0.0002207401	0.0005379429	0.0001422951	0.0009116845	0.0006802380	0.0015919224
0.4600000000	0.7260254038	0.8716516589	0.8912894139	0.8362834984	0.9779670277	0.9382850120	-0.0251063108	-0.0028269873	-0.0142893308	-0.0222793235	-0.0114623435	0.0006303268	0.0000079919	0.0002041850	0.0004963683	0.0001313853	0.0008425037	0.0006277536	0.0014702572
0.4600000000	0.7326920705	0.8725385055	0.8913799633	0.8367605078	0.9788625967	0.9387248337	-0.0240893957	-0.0027253987	-0.0137191014	-0.0213639969	-0.0109937027	0.0005802990	0.0000074278	0.0001882137	0.0004564204	0.0001208615	0.0007759405	0.0005772819	0.0013532224
0.4600000000	0.7393587371	0.8734269557	0.8914704312	0.8372393180	0.9797598722	0.9391666720	-0.0230716776	-0.0026239119	-0.0131470462	-0.0204477657	-0.0105231342	0.0005323023	0.0000068849	0.0001728448	0.0004181111	0.0001107364	0.0007120320	0.0005288475	0.0012408795
0.4600000000	0.7460254038	0.8743168041	0.8915607294	0.8377196031	0.9806587204	0.9396102536	-0.0220533951	-0.0025226257	-0.0125735574	-0.0195307694	-0.0100509317	0.0004863522	0.0000063636	0.0001580943	0.0003814510	0.0001010212	0.0006508102	0.0004824722	0.0011332824
0.4600000000	0.7526920705	0.8752078556	0.8916507726	0.8382010507	0.9815590167	0.9400553182	-0.0210347738	-0.0024216358	-0.0119990103	-0.0186131380	-0.0095773744	0.0004424617	0.0000058643	0.0001439762	0.0003464489	0.0000917261	0.0005923023	0.0004381750	0.0010304773
0.4600000000	0.7593587371	0.8760999248	0.8917404779	0.8386833618	0.9824606447	0.9405016175	-0.0200160274	-0.0023210350	-0.0114237636	-0.0176949924	-0.0091027286	0.0004006414	0.0000053872	0.0001305024	0.0003131128	0.0000828597	0.0005365309	0.0003959724	0.0009325034
0.4600000000	0.7660254038	0.8769928359	0.8918297654	0.8391662498	0.9833634959	0.9409489147	-0.0189973578	-0.0022209128	-0.0108481601	-0.0167764449	-0.0086272473	0.0003608996	0.0000049325	0.0001176826	0.0002814491	0.0000744294	0.0004835146	0.0003558785	0.0008393931
0.4600000000	0.7726920705	0.8778864221	0.8919185576	0.8396494405	0.9842674699	0.9413969844	-0.0179789557	-0.0021213559	-0.0102725273	-0.0158575998	-0.0081511715	0.0003232428	0.0000045002	0.0001055248	0.0002514635	0.0000664416	0.0004332678	0.0003179051	0.0007511729
0.4600000000	0.7793587371	0.8787805255	0.8920067797	0.8401326713	0.9851724734	0.9418456119	-0.0169610013	-0.0020224480	-0.0096971779	-0.0149385532	-0.0076747299	0.0002876756	0.0000040903	0.0000940353	0.0002231604	0.0000589015	0.0003858011	0.0002820619	0.0006678630
0.4600000000	0.7860254038	0.8796749965	0.8920943593	0.8406156911	0.9860784202	0.9422945929	-0.0159436641	-0.0019242702	-0.0091224103	-0.0140193939	-0.0071981401	0.0002542004	0.0000037028	0.0000832184	0.0001965434	0.0000518132	0.0003411216	0.0002483566	0.0005894782
0.4600000000	0.7926920705	0.8805696936	0.8921812263	0.8410982598	0.9869852308	0.9427437329	-0.0149271040	-0.0018269007	-0.0085485093	-0.0131002033	-0.0067216086	0.0002228184	0.0000033376	0.0000730770	0.0001716153	0.0000451800	0.0002992330	0.0002167954	0.0005160284
0.4600000000	0.7993587371	0.8814644833	0.8922673132	0.8415801476	0.9878928324	0.9431928472	-0.0139114714	-0.0017304150	-0.0079757465	-0.0121810564	-0.0062453315	0.0001935290	0.0000029943	0.0000636125	0.0001483781	0.0000390042	0.0002601359	0.0001873823	0.0004475182
0.4600000000	0.8060254038	0.8823592392	0.8923525545	0.8420611351	0.9888011579	0.9436417600	-0.0128969074	-0.0016348862	-0.0074043807	-0.0112620212	-0.0057694946	0.0001663302	0.0000026729	0.0000548249	0.0001268331	0.0000332871	0.0002238279	0.0001601202	0.0003839481
0.4600000000	0.8126920705	0.8832538424	0.8924368871	0.8425410125	0.9897101465	0.9440903044	-0.0118835447	-0.0015403847	-0.0068346588	-0.0103431600	-0.0052942741	0.0001412186	0.0000023728	0.0000467126	0.0001069810	0.0000280293	0.0001903040	0.0001350103	0.0003253143
0.4600000000	0.8193587371	0.8841481805	0.8925202500	0.8430195795	0.9906197428	0.9445383222	-0.0108715075	-0.0014469787	-0.0062668156	-0.0094245289	-0.0048198370	0.0001181897	0.0000020937	0.0000392730	0.0000888217	0.0000232308	0.0001595564	0.0001120526	0.0002716090
0.4600000000	0.8260254038	0.8850421482	0.8926025843	0.8434966448	0.9915298966	0.9449856629	-0.0098609123	-0.0013547337	-0.0057010750	-0.0085061786	-0.0043463413	0.0000972376	0.0000018353	0.0000325023	0.0000723551	0.0000188907	0.0001315752	0.0000912458	0.0002228209
0.4600000000	0.8326920705	0.8859356459	0.8926838331	0.8439720260	0.9924405630	0.9454321840	-0.0088518676	-0.0012637132	-0.0051376498	-0.0075881543	-0.0038739366	0.0000783556	0.0000015970	0.0000263954	0.0000575801	0.0000150074	0.0001063480	0.0000725875	0.0001789354
0.4600000000	0.8393587371	0.8868285806	0.8927639415	0.8444455487	0.9933517018	0.9458777505	-0.0078444750	-0.0011739784	-0.0045767427	-0.0066704966	-0.0034027643	0.0000615358	0.0000013782	0.0000209466	0.0000444955	0.0000115788	0.0000838606	0.0000560743	0.0001399349
0.4600000000	0.8460254038	0.8877208648	0.8928428566	0.8449170469	0.9942632775	0.9463222343	-0.0068388290	-0.0010855883	-0.0040185461	-0.0057532407	-0.0029329578	0.0000467696	0.0000011785	0.0000161487	0.0000330998	0.0000086022	0.0000640968	0.0000417020	0.0001057988
0.4600000000	0.8526920705	0.8886124166	0.8929205271	0.8453863623	0.9951752587	0.9467655145	-0.0058350176	-0.0009985997	-0.0034632430	-0.0048364179	-0.0024646434	0.0000340474	0.0000009972	0.0000119941	0.0000233909	0.0000060745	0.0000470387	0.0000294654	0.0000765041
0.4600000000	0.8593587371	0.8895031593	0.8929969038	0.8458533437	0.9960876185	0.9472074764	-0.0048331223	-0.0009130675	-0.0029110073	-0.0039200549	-0.0019979398	0.0000233591	0.0000008337	0.0000084740	0.0000153668	0.0000039918	0.0000326667	0.0000193586	0.0000520253
0.4600000000	0.8660254038	0.8903930214	0.8930719391	0.8463178476	0.9970003338	0.9476480119	-0.0038332189	-0.0008290446	-0.0023620039	-0.0030041742	-0.0015329593	0.0000146936	0.0000006873	0.0000055791	0.0000090251	0.0000023500	0.0000209599	0.0000113750	0.0000323350
0.4600000000	0.8726920705	0.8912819362	0.8931455871	0.8467797369	0.9979133851	0.9480870186	-0.0028353770	-0.0007465821	-0.0018163894	-0.0020887949	-0.0010698073	0.0000080394	0.0000005574	0.0000032993	0.0000043631	0.0000011445	0.0000118960	0.0000055076	0.0000174036
0.4600000000	0.8793587371	0.8921698417	0.8932178036	0.8472388813	0.9988267566	0.9485244001	-0.0018396612	-0.0006657290	-0.0012743122	-0.0011739322	-0.0006085832	0.0000033844	0.0000004432	0.0000016239	0.0000013781	0.0000003704	0.0000054514	0.0000017485	0.0000071999
0.4600000000	0.8860254038	0.8930566803	0.8932885459	0.8476951569	0.9997404359	0.9489600654	-0.0008461306	-0.0005865328	-0.0007359129	-0.0002595978	-0.0001493801	0.0000007159	0.0000003440	0.0000005416	0.0000000674	0.0000000223	0.0000016015	0.0000000897	0.0000016912
0.4600000000	0.8926920705	0.8939423984	0.8933577729	0.8481484458	1.0006544137	0.9493939288	0.0001451606	-0.0005090390	-0.0002013248	0.0006541997	0.0003077142	0.0000000211	0.0000002591	0.0000000405	0.0000004280	0.0000000947	0.0000003207	0.0000005227	0.0000008434
0.4600000000	0.8993587371	0.8948269468	0.8934254449	0.8485986360	1.0015686837	0.9498259097	0.0011341629	-0.0004332917	0.0003293261	0.0015674546	0.0007626178	0.0000012863	0.0000001877	0.0000001085	0.0000024569	0.0000005816	0.0000015825	0.0000030385	0.0000046210
0.4600000000	0.9060254038	0.8957102800	0.8934915239	0.8490456210	1.0024832425	0.9502559323	0.0021208313	-0.0003593331	0.0008559205	0.0024801643	0.0012152536	0.0000044979	0.0000001291	0.0000007326	0.0000061512	0.0000014768	0.0000053596	0.0000076281	0.0000129877
0.4600000000	0.9126920705	0.8965923560	0.8935559729	0.8494892998	1.0033980894	0.9506839253	0.0031051250	-0.0002872040	0.0013783458	0.0033923289	0.0016655498	0.0000096418	0.0000000825	0.0000018998	0.0000115079	0.0000027741	0.0000116241	0.0000142820	0.0000259061
0.4600000000	0.9193587371	0.8974731365	0.8936187567	0.8499295765	1.0043132262	0.9511098219	0.0040870073	-0.0002169436	0.0018964956	0.0043039509	0.0021134392	0.0000167036	0.0000000471	0.0000035967	0.0000185240	0.0000044666	0.0000203474	0.0000229906	0.0000433380
0.4600000000	0.9260254038	0.8983525866	0.8936798410	0.8503663603	1.0052286572	0.9515335596	0.0050664455	-0.0001485898	0.0024102694	0.0052150353	0.0025588592	0.0000256689	0.0000000221	0.0000058094	0.0000271966	0.0000065478	0.0000315003	0.0000337444	0.0000652447
0.4600000000	0.9326920705	0.8992306743	0.8937391931	0.8507995649	1.0061443889	0.9519550798	0.0060434103	-0.0000821788	0.0029195726	0.0061255891	0.0030017515	0.0000365228	0.0000000068	0.0000085239	0.0000375228	0.0000090105	0.0000450535	0.0000465334	0.0000915868
0.4600000000	0.9393587371	0.9001073710	0.8937967814	0.8512291089	1.0070604300	0.9523743278	0.0070178761	-0.0000177457	0.0034243162	0.0070356219	0.0034420619	0.0000492506	0.0000000003	0.0000117259	0.0000495000	0.0000118478	0.0000609768	0.0000613478	0.0001223246
0.4600000000	0.9460254038	0.9009826505	0.8938525753	0.8516549150	1.0079767911	0.9527912527	0.0079898205	0.0000446758	0.0039244161	0.0079451446	0.0038797403	0.0000638372	0.0000000020	0.0000154010	0.0000631253	0.0000150524	0.0000792403	0.0000781777	0.0001574180
0.4600000000	0.9526920705	0.9018564899	0.8939065457	0.8520769102	1.0088934847	0.9532058069	0.0089592241	0.0001050535	0.0044197936	0.0088541706	0.0043147401	0.0000802677	0.0000000110	0.0000195346	0.0000783963	0.0000186170	0.0000998133	0.0000970133	0.0001968266
0.4600000000	0.9593587371	0.9027288685	0.8939586644	0.8524950256	1.0098105253	0.9536179463	0.0099260707	0.0001633562	0.0049103747	0.0097627146	0.0047470185	0.0000985269	0.0000000267	0.0000241118	0.0000953106	0.0000225342	0.0001226653	0.0001178448	0.0002405101
0.4600000000	0.9660254038	0.9035997682	0.8940089042	0.8529091960	1.0107279289	0.9540276299	0.0108903468	0.0002195539	0.0053960900	0.0106707929	0.0051765361	0.0001185997	0.0000000482	0.0000291178	0.0001138658	0.0000267965	0.0001477656	0.0001406623	0.0002884280
0.4600000000	0.9726920705	0.9044691732	0.8940572392	0.8533193601	1.0116457130	0.9544348199	0.0118520415	0.0002736179	0.0058768745	0.0115784236	0.0056032566	0.0001404709	0.0000000749	0.0000345377	0.0001340599	0.0000313965	0.0001750834	0.0001654564	0.0003405398
0.4600000000	0.9793587371	0.9053370702	0.8941036444	0.8537254601	1.0125638968	0.9548394814	0.0128111465	0.0003255206	0.0063526675	0.0124856259	0.0060271469	0.0001641255	0.0000001060	0.0000403564	0.0001558909	0.0000363265	0.0002045878	0.0001922174	0.0003968052
0.4600000000	0.9860254038	0.9062034478	0.8941480956	0.8541274414	1.0134825006	0.9552415821	0.0137676557	0.0003752353	0.0068234121	0.0133924205	0.0064481769	0.0001895483	0.0000001408	0.0000465590	0.0001793569	0.0000415790	0.0002362481	0.0002209359	0.0004571840
0.4600000000	0.9926920705	0.9070682966	0.8941905697	0.8545252529	1.0144015463	0.9556410925	0.0147215655	0.0004227365	0.0072890557	0.0142988290	0.0068663191	0.0002167245	0.0000001787	0.0000531303	0.0002044565	0.0000471463	0.0002700335	0.0002516028	0.0005216364
0.4600000000	0.9993587371	0.9079316092	0.8942310447	0.8549188466	1.0153210567	0.9560379856	0.0156728743	0.0004679998	0.0077495489	0.0152048745	0.0072815490	0.0002456390	0.0000002190	0.0000600555	0.0002311882	0.0000530210	0.0003059135	0.0002842092	0.0005901227
0.4600000000	1.0060254038	0.9087933799	0.8942694991	0.8553081774	1.0162410559	0.9564322369	0.0166215824	0.0005110016	0.0082048461	0.0161105807	0.0076938444	0.0002762770	0.0000002611	0.0000673195	0.0002595508	0.0000591952	0.0003438576	0.0003187461	0.0006626037
0.4600000000	1.0126920705	0.9096536050	0.8943059124	0.8556932031	1.0171615689	0.9568238242	0.0175676920	0.0005517194	0.0086549050	0.0170159726	0.0081031856	0.0003086238	0.0000003044	0.0000749074	0.0002895433	0.0000656616	0.0003838356	0.0003552049	0.0007390405
0.4600000000	1.0193587371	0.9105122821	0.8943402652	0.8560738843	1.0180826220	0.9572127272	0.0185112073	0.0005901314	0.0090996865	0.0179210759	0.0085095551	0.0003426648	0.0000003483	0.0000828043	0.0003211650	0.0000724125	0.0004258173	0.0003935775	0.0008193948
0.4600000000	1.0260254038	0.9113694106	0.8943725385	0.8564501842	1.0190042420	0.9575989281	0.0194521340	0.0006262169	0.0095391547	0.0188259171	0.0089129378	0.0003783855	0.0000003921	0.0000909955	0.0003544152	0.0000794405	0.0004697731	0.0004338556	0.0009036288
0.4600000000	1.0326920705	0.9122249912	0.8944027142	0.8568220685	1.0199264567	0.9579824109	0.0203904793	0.0006599559	0.0099732764	0.0197305234	0.0093133205	0.0004157716	0.0000004355	0.0000994662	0.0003892936	0.0000867379	0.0005156734	0.0004760315	0.0009917049
0.4600000000	1.0393587371	0.9130790260	0.8944307751	0.8571895054	1.0208492947	0.9583631614	0.0213262521	0.0006913293	0.0104020213	0.0206349227	0.0097106919	0.0004548090	0.0000004779	0.0001082020	0.0004258000	0.0000942975	0.0005634890	0.0005200976	0.0010835866
0.4600000000	1.0460254038	0.9139315185	0.8944567047	0.8575524653	1.0217727853	0.9587411674	0.0222594624	0.0007203189	0.0108253618	0.0215391435	0.0101050429	0.0004954837	0.0000005189	0.0001171885	0.0004639347	0.0001021119	0.0006131910	0.0005660466	0.0011792376
0.4600000000	1.0526920705	0.9147824733	0.8944804869	0.8579109209	1.0226969583	0.9591164183	0.0231901217	0.0007469070	0.0112432730	0.0224432147	0.0104963659	0.0005377817	0.0000005579	0.0001264112	0.0005036979	0.0001101737	0.0006647508	0.0006138716	0.0012786224
0.4600000000	1.0593587371	0.9156318962	0.8945021067	0.8582648470	1.0236218443	0.9594889052	0.0241182427	0.0007710770	0.0116557321	0.0233471658	0.0108846551	0.0005816896	0.0000005946	0.0001358561	0.0005450901	0.0001184757	0.0007181403	0.0006635659	0.0013817061
0.4600000000	1.0660254038	0.9164797943	0.8945215495	0.8586142206	1.0245474744	0.9598586206	0.0250438393	0.0007928126	0.0120627188	0.0242510267	0.0112699062	0.0006271939	0.0000006286	0.0001455092	0.0005881123	0.0001270108	0.0007733316	0.0007151231	0.0014884547
0.4626666667	0.6660254038	0.8641315090	0.8905424276	0.8323587233	0.9703428857	0.9346648712	-0.0337712145	-0.0036654349	-0.0189934936	-0.0301057795	-0.0153280586	0.0011404949	0.0000134354	0.0003607528	0.0009063580	0.0002349494	0.0015146831	0.0011413073	0.0026559905
0.4626666667	0.6726920705	0.8649874427	0.8906289018	0.8327981363	0.9712097158	0.9350674951	-0.0327811915	-0.0035683367	-0.0184657198	-0.0292128548	-0.0148973831	0.0010746065	0.0000127330	0.0003409828	0.0008533909	0.0002219320	0.0014283224	0.0010753229	0.0025036453
0.4626666667	0.6793587371	0.8658474539	0.8907162401	0.8332430708	0.9720800126	0.9354753325	-0.0317874384	-0.0034702779	-0.0179315980	-0.0283171605	-0.0144613200	0.0010104412	0.0000120428	0.0003215422	0.0008018616	0.0002091298	0.0013440263	0.0010109914	0.0023550176
0.4626666667	0.6860254038	0.8667112261	0.8908043250	0.8336930539	0.9729535451	0.9358879728	-0.0307903325	-0.0033713906	-0.0173917056	-0.0274189419	-0.0140203150	0.0009480446	0.0000113663	0.0003024714	0.0007517984	0.0001965692	0.0012618823	0.0009483676	0.0022102499
0.4626666667	0.6926920705	0.8675784566	0.8908930428	0.8341476310	0.9738300951	0.9363050231	-0.0297902336	-0.0032718027	-0.0168465971	-0.0265184309	-0.0135747944	0.0008874580	0.0000107047	0.0002838078	0.0007032272	0.0001842750	0.0011819705	0.0008875022	0.0020694728
0.4626666667	0.6993587371	0.8684488561	0.8909822827	0.8346063650	0.9747094560	0.9367261069	-0.0287874848	-0.0031716386	-0.0162968047	-0.0256158462	-0.0131251662	0.0008287193	0.0000100593	0.0002655858	0.0006561716	0.0001722700	0.0011043644	0.0008284416	0.0019328060
0.4626666667	0.7060254038	0.8693221483	0.8910719376	0.8350688364	0.9755914327	0.9371508641	-0.0277824131	-0.0030710189	-0.0157428391	-0.0247113942	-0.0126718202	0.0007718625	0.0000094312	0.0002478370	0.0006106530	0.0001605750	0.0010291306	0.0007712280	0.0018003587
0.4626666667	0.7126920705	0.8701980693	0.8911619034	0.8355346419	0.9764758412	0.9375789503	-0.0267753296	-0.0029700605	-0.0151851897	-0.0238052691	-0.0122151292	0.0007169183	0.0000088213	0.0002305900	0.0005666908	0.0001492094	0.0009563295	0.0007159002	0.0016722297
0.4626666667	0.7193587371	0.8710763675	0.8912520791	0.8360033946	0.9773625083	0.9380100357	-0.0257665302	-0.0028688767	-0.0146243258	-0.0228976535	-0.0117554491	0.0006639141	0.0000082305	0.0002138709	0.0005243025	0.0001381906	0.0008860154	0.0006624931	0.0015485086
0.4626666667	0.7260254038	0.8719568031	0.8913423670	0.8364747230	0.9782512707	0.9384438057	-0.0247562962	-0.0027675773	-0.0140606969	-0.0219887190	-0.0112931196	0.0006128742	0.0000076595	0.0001977032	0.0004835038	0.0001275346	0.0008182369	0.0006110383	0.0014292752
0.4626666667	0.7326920705	0.8728391475	0.8914326722	0.8369482710	0.9791419752	0.9388799593	-0.0237448949	-0.0026662686	-0.0134947336	-0.0210786263	-0.0108284650	0.0005638200	0.0000071090	0.0001821078	0.0004443085	0.0001172557	0.0007530369	0.0005615641	0.0013146010
0.4626666667	0.7393587371	0.8737231832	0.8915229032	0.8374236967	0.9800344782	0.9393182091	-0.0227325797	-0.0025650536	-0.0129268481	-0.0201675261	-0.0103617945	0.0005167702	0.0000065795	0.0001671034	0.0004067291	0.0001073668	0.0006904531	0.0005140959	0.0012045490
0.4626666667	0.7460254038	0.8746087032	0.8916129708	0.8379006726	0.9809286448	0.9397582808	-0.0217195912	-0.0024640320	-0.0123574350	-0.0192555592	-0.0098934030	0.0004717406	0.0000060715	0.0001527062	0.0003707766	0.0000978794	0.0006305183	0.0004686560	0.0010991743
0.4626666667	0.7526920705	0.8754955107	0.8917027892	0.8383788846	0.9818243492	0.9401999128	-0.0207061571	-0.0023633001	-0.0117868714	-0.0183428571	-0.0094235713	0.0004287449	0.0000055852	0.0001389303	0.0003364604	0.0000888037	0.0005732605	0.0004252641	0.0009985246
0.4626666667	0.7593587371	0.8763834189	0.8917922751	0.8388580320	0.9827214737	0.9406428553	-0.0196924932	-0.0022629512	-0.0112155182	-0.0174295421	-0.0089525670	0.0003877943	0.0000051209	0.0001257878	0.0003037889	0.0000801485	0.0005187031	0.0003839374	0.0009026405
0.4626666667	0.7660254038	0.8772722502	0.8918813479	0.8393378264	0.9836199089	0.9410868703	-0.0186788035	-0.0021630754	-0.0106437202	-0.0165157280	-0.0084806448	0.0003488977	0.0000046789	0.0001132888	0.0002727693	0.0000719213	0.0004668654	0.0003446906	0.0008115560
0.4626666667	0.7726920705	0.8781618363	0.8919699298	0.8398179921	0.9845195527	0.9415317311	-0.0176652807	-0.0020637601	-0.0100718071	-0.0156015205	-0.0080080469	0.0003120621	0.0000042591	0.0001014413	0.0002434074	0.0000641288	0.0004177625	0.0003075363	0.0007252988
0.4626666667	0.7793587371	0.8790520178	0.8920579454	0.8402982648	0.9854203107	0.9419772215	-0.0166521069	-0.0019650895	-0.0095000933	-0.0146870174	-0.0075350039	0.0002772927	0.0000038616	0.0000902518	0.0002157085	0.0000567763	0.0003714060	0.0002724848	0.0006438908
0.4626666667	0.7860254038	0.8799426433	0.8921453220	0.8407783920	0.9863220954	0.9424231359	-0.0156394539	-0.0018671449	-0.0089288794	-0.0137723090	-0.0070617346	0.0002445925	0.0000034862	0.0000797249	0.0001896765	0.0000498681	0.0003278036	0.0002395446	0.0005673482
0.4626666667	0.7926920705	0.8808335700	0.8922319890	0.8412581318	0.9872248259	0.9428692785	-0.0146274834	-0.0017700050	-0.0083584521	-0.0128574784	-0.0065884471	0.0002139633	0.0000031329	0.0000698637	0.0001653147	0.0000434076	0.0002869599	0.0002087224	0.0004956823
0.4626666667	0.7993587371	0.8817246626	0.8923178786	0.8417372530	0.9881284279	0.9433154632	-0.0136163478	-0.0016737459	-0.0077890849	-0.0119426019	-0.0061153389	0.0001854049	0.0000028014	0.0000606698	0.0001426257	0.0000373974	0.0002488762	0.0001800231	0.0004288993
0.4626666667	0.8060254038	0.8826157933	0.8924029250	0.8422155346	0.9890328332	0.9437615129	-0.0126061904	-0.0015784409	-0.0072210385	-0.0110277495	-0.0056425976	0.0001589160	0.0000024915	0.0000521434	0.0001216113	0.0000318389	0.0002135509	0.0001534502	0.0003670011
0.4626666667	0.8126920705	0.8835068417	0.8924870648	0.8426927655	0.9899379795	0.9442072594	-0.0115971456	-0.0014841608	-0.0066545614	-0.0101129848	-0.0051704006	0.0001344938	0.0000022027	0.0000442832	0.0001022725	0.0000267330	0.0001809797	0.0001290055	0.0003099852
0.4626666667	0.8193587371	0.8843976939	0.8925702368	0.8431687439	0.9908438098	0.9446525430	-0.0105893397	-0.0013909739	-0.0060898906	-0.0091983657	-0.0046989166	0.0001121341	0.0000019348	0.0000370868	0.0000846099	0.0000220798	0.0001511557	0.0001066898	0.0002578454
0.4626666667	0.8260254038	0.8852882430	0.8926523817	0.8436432772	0.9917502728	0.9450972120	-0.0095828908	-0.0012989463	-0.0055272514	-0.0082839445	-0.0042283051	0.0000918318	0.0000016873	0.0000305505	0.0000686237	0.0000178786	0.0001240696	0.0000865023	0.0002105719
0.4626666667	0.8326920705	0.8861783883	0.8927334424	0.8441161813	0.9926573221	0.9455411226	-0.0085779097	-0.0012081416	-0.0049668586	-0.0073697681	-0.0037587170	0.0000735805	0.0000014596	0.0000246697	0.0000543135	0.0000141280	0.0000997098	0.0000684414	0.0001681513
0.4626666667	0.8393587371	0.8870680350	0.8928133639	0.8445872809	0.9935649160	0.9459841384	-0.0075744995	-0.0011186211	-0.0044089163	-0.0064558784	-0.0032902952	0.0000573730	0.0000012513	0.0000194385	0.0000416784	0.0000108260	0.0000780629	0.0000525044	0.0001305673
0.4626666667	0.8460254038	0.8879570942	0.8928920930	0.8450564083	0.9944730177	0.9464261303	-0.0065727567	-0.0010304441	-0.0038536188	-0.0055423126	-0.0028231747	0.0000432011	0.0000010618	0.0000148504	0.0000307172	0.0000079703	0.0000591133	0.0000386875	0.0000978009
0.4626666667	0.8526920705	0.8888454828	0.8929695783	0.8455234041	0.9953815946	0.9468669758	-0.0055727709	-0.0009436677	-0.0033011506	-0.0046291032	-0.0023574829	0.0000310558	0.0000008905	0.0000108976	0.0000214286	0.0000055577	0.0000428439	0.0000269863	0.0000698302
0.4626666667	0.8593587371	0.8897331227	0.8930457705	0.8459881160	0.9962906181	0.9473065591	-0.0045746255	-0.0008583469	-0.0027516871	-0.0037162787	-0.0018933403	0.0000209272	0.0000007368	0.0000075718	0.0000138107	0.0000035847	0.0000292357	0.0000173955	0.0000466312
0.4626666667	0.8660254038	0.8906199411	0.8931206217	0.8464503989	0.9972000640	0.9477447708	-0.0035783979	-0.0007745347	-0.0022053949	-0.0028038632	-0.0014308602	0.0000128049	0.0000005999	0.0000048638	0.0000078616	0.0000020474	0.0000182686	0.0000099090	0.0000281776
0.4626666667	0.8726920705	0.8915058699	0.8931940860	0.8469101149	0.9981099113	0.9481815075	-0.0025841596	-0.0006922824	-0.0016624320	-0.0018918772	-0.0009701496	0.0000066779	0.0000004793	0.0000027637	0.0000035792	0.0000009412	0.0000099208	0.0000045204	0.0000144412
0.4626666667	0.8793587371	0.8923908459	0.8932661190	0.8473671324	0.9990201430	0.9486166714	-0.0015919765	-0.0006116391	-0.0011229483	-0.0009803374	-0.0005113091	0.0000025344	0.0000003741	0.0000012610	0.0000009611	0.0000002614	0.0000041695	0.0000012225	0.0000053920
0.4626666667	0.8860254038	0.8932748101	0.8933366779	0.8478213264	0.9999307452	0.9490501704	-0.0006019096	-0.0005326524	-0.0005870858	-0.0000692572	-0.0000544334	0.0000003623	0.0000002837	0.0000003447	0.0000000048	0.0000000030	0.0000009907	0.0000000078	0.0000009984
0.4626666667	0.8926920705	0.8941577078	0.8934057216	0.8482725778	1.0008417074	0.9494819176	0.0003859854	-0.0004553680	-0.0000549791	0.0008413534	0.0004003888	0.0000001490	0.0000002074	0.0000000030	0.0000007079	0.0000001603	0.0000003594	0.0000008682	0.0000012276
0.4626666667	0.8993587371	0.8950394886	0.8934732103	0.8487207735	1.0017530221	0.9499118314	0.0013716575	-0.0003798299	0.0004732442	0.0017514874	0.0008530741	0.0000018814	0.0000001443	0.0000002240	0.0000030677	0.0000007277	0.0000022497	0.0000037954	0.0000060451
0.4626666667	0.9060254038	0.8959201057	0.8935391059	0.8491658061	1.0026646845	0.9503398346	0.0023550601	-0.0003060804	0.0009974637	0.0026611405	0.0013035442	0.0000055463	0.0000000937	0.0000009949	0.0000070817	0.0000016992	0.0000066349	0.0000087809	0.0000154158
0.4626666667	0.9126920705	0.8967995161	0.8936033714	0.8496075736	1.0035766927	0.9507658551	0.0033361510	-0.0002341606	0.0015175654	0.0035703116	0.0017517260	0.0000111299	0.0000000548	0.0000023030	0.0000127471	0.0000030685	0.0000134877	0.0000158157	0.0000293034
0.4626666667	0.9193587371	0.8976776803	0.8936659715	0.8500459790	1.0044890473	0.9511898250	0.0043148920	-0.0001641095	0.0020334417	0.0044790016	0.0021975512	0.0000186183	0.0000000269	0.0000041349	0.0000200615	0.0000048292	0.0000227801	0.0000248907	0.0000476708
0.4626666667	0.9260254038	0.8985545621	0.8937268718	0.8504809306	1.0054017513	0.9516116807	0.0052912490	-0.0000959652	0.0025449909	0.0053872142	0.0026409560	0.0000279973	0.0000000092	0.0000064770	0.0000290221	0.0000069746	0.0000344835	0.0000359967	0.0000704802
0.4626666667	0.9326920705	0.8994301288	0.8937860397	0.8509123412	1.0063148101	0.9520313625	0.0062651913	-0.0000297639	0.0030521171	0.0062949552	0.0030818810	0.0000392526	0.0000000009	0.0000093154	0.0000396265	0.0000094980	0.0000485689	0.0000491245	0.0000976934
0.4626666667	0.9393587371	0.9003043503	0.8938434434	0.8513401283	1.0072282310	0.9524488149	0.0072366920	0.0000344594	0.0035547301	0.0072022326	0.0035202707	0.0000523697	0.0000000012	0.0000126361	0.0000518722	0.0000123923	0.0000650070	0.0000642645	0.0001292715
0.4626666667	0.9460254038	0.9011771998	0.8938990525	0.8517642139	1.0081420238	0.9528639857	0.0082057272	0.0000966709	0.0040527450	0.0081090563	0.0039560741	0.0000673340	0.0000000093	0.0000164247	0.0000657568	0.0000156505	0.0000837680	0.0000814073	0.0001651754
0.4626666667	0.9526920705	0.9020486530	0.8939528377	0.8521845241	1.0090561997	0.9532768265	0.0091722765	0.0001568383	0.0045460817	0.0090154382	0.0043892433	0.0000841307	0.0000000246	0.0000206669	0.0000812781	0.0000192655	0.0001048221	0.0001005436	0.0002053657
0.4626666667	0.9593587371	0.9029186885	0.8940047708	0.8526009891	1.0099707720	0.9536872923	0.0101363222	0.0002149304	0.0050346651	0.0099213918	0.0048197347	0.0001027450	0.0000000462	0.0000253479	0.0000984340	0.0000232298	0.0001281391	0.0001216639	0.0002498029
0.4626666667	0.9660254038	0.9037872871	0.8940548247	0.8530135430	1.0108857557	0.9540953411	0.0110978497	0.0002709173	0.0055184249	0.0108269323	0.0052475076	0.0001231623	0.0000000734	0.0000304530	0.0001172225	0.0000275363	0.0001536887	0.0001447588	0.0002984475
0.4626666667	0.9726920705	0.9046544322	0.8941029735	0.8534221235	1.0118011672	0.9545009342	0.0120568467	0.0003247703	0.0059972951	0.0117320765	0.0056725248	0.0001453676	0.0000001055	0.0000359675	0.0001376416	0.0000321775	0.0001814406	0.0001698192	0.0003512597
0.4626666667	0.9793587371	0.9055201094	0.8941491921	0.8538266721	1.0127170246	0.9549040358	0.0130133039	0.0003764616	0.0064712138	0.0126368424	0.0060947523	0.0001693461	0.0000001417	0.0000418766	0.0001596898	0.0000371460	0.0002113644	0.0001968358	0.0004082002
0.4626666667	0.9860254038	0.9063843064	0.8941934563	0.8542271336	1.0136333474	0.9553046128	0.0139672141	0.0004259647	0.0069401235	0.0135412494	0.0065141588	0.0001950831	0.0000001814	0.0000481653	0.0001833654	0.0000424343	0.0002434298	0.0002257997	0.0004692295
0.4626666667	0.9926920705	0.9072470130	0.8942357432	0.8546234560	1.0145501562	0.9557026349	0.0149185725	0.0004732541	0.0074039703	0.0144453184	0.0069307161	0.0002225638	0.0000002240	0.0000548188	0.0002086672	0.0000480348	0.0002776066	0.0002567020	0.0005343086
0.4626666667	0.9993587371	0.9081082209	0.8942760306	0.8550155906	1.0154674729	0.9560980742	0.0158673763	0.0005183054	0.0078627041	0.0153490709	0.0073443987	0.0002517736	0.0000002686	0.0000618221	0.0002355940	0.0000539402	0.0003138644	0.0002895342	0.0006033986
0.4626666667	1.0060254038	0.9089679237	0.8943142971	0.8554034916	1.0163853208	0.9564909053	0.0168136249	0.0005610949	0.0083162783	0.0162525300	0.0077551834	0.0002826980	0.0000003148	0.0000691605	0.0002641447	0.0000601429	0.0003521733	0.0003242876	0.0006764609
0.4626666667	1.0126920705	0.9098261167	0.8943505223	0.8557871162	1.0173037238	0.9568811052	0.0177573195	0.0006016002	0.0087646499	0.0171557193	0.0081630497	0.0003153224	0.0000003619	0.0000768191	0.0002943187	0.0000666354	0.0003925034	0.0003609541	0.0007534575
0.4626666667	1.0193587371	0.9106827968	0.8943846865	0.8561664243	1.0182227072	0.9572686531	0.0186984632	0.0006397996	0.0092077788	0.0180586636	0.0085679792	0.0003496325	0.0000004093	0.0000847832	0.0003261153	0.0000734103	0.0004348251	0.0003995256	0.0008343507
0.4626666667	1.0260254038	0.9115379626	0.8944167711	0.8565413784	1.0191422970	0.9576535302	0.0196370606	0.0006756723	0.0096456283	0.0189613883	0.0089699560	0.0003856141	0.0000004565	0.0000930381	0.0003595342	0.0000804601	0.0004791088	0.0004399944	0.0009191032
0.4626666667	1.0326920705	0.9123916141	0.8944467579	0.8569119436	1.0200625202	0.9580357198	0.0205731181	0.0007091984	0.0100781644	0.0198639197	0.0093689660	0.0004232532	0.0000005030	0.0001015694	0.0003945753	0.0000877775	0.0005253255	0.0004823528	0.0010076784
0.4626666667	1.0393587371	0.9132437525	0.8944746297	0.8572780875	1.0209834043	0.9584152071	0.0215066436	0.0007403588	0.0105053561	0.0207662847	0.0097649972	0.0004625357	0.0000005481	0.0001103625	0.0004312386	0.0000953552	0.0005734464	0.0005265938	0.0011000401
0.4626666667	1.0460254038	0.9140943808	0.8945003699	0.8576397799	1.0219049779	0.9587919790	0.0224376462	0.0007691353	0.0109271750	0.0216685109	0.0101580397	0.0005034480	0.0000005916	0.0001194032	0.0004695244	0.0001031858	0.0006234427	0.0005727101	0.0011961528
0.4626666667	1.0526920705	0.9149435028	0.8945239627	0.8579969929	1.0228272701	0.9591660243	0.0233661366	0.0007955103	0.0113435954	0.0225706262	0.0105480851	0.0005459763	0.0000006328	0.0001286772	0.0005094332	0.0001112621	0.0006752863	0.0006206953	0.0012959816
0.4626666667	1.0593587371	0.9157911236	0.8945453929	0.8583497009	1.0237503104	0.9595373334	0.0242921265	0.0008194671	0.0117545939	0.0234726594	0.0109351268	0.0005901074	0.0000006715	0.0001381705	0.0005509657	0.0001195770	0.0007289494	0.0006705427	0.0013994922
0.4626666667	1.0660254038	0.9166372496	0.8945646459	0.8586978800	1.0246741292	0.9599058983	0.0252156289	0.0008409896	0.0121601495	0.0243746393	0.0113191599	0.0006358279	0.0000007073	0.0001478692	0.0005941230	0.0001281234	0.0007844044	0.0007222464	0.0015066509
0.4653333333	0.6660254038	0.8644803187	0.8905977287	0.8325831997	0.9706742908	0.9348588850	-0.0333676424	-0.0036033385	-0.0187238429	-0.0297643039	-0.0151205044	0.0011133996	0.0000129840	0.0003505823	0.0008859138	0.0002286297	0.0014769659	0.0011145434	0.0025915093
0.4653333333	0.6726920705	0.8653309638	0.8906838803	0.8330184813	0.9715354492	0.9352571656	-0.0323841304	-0.0035066087	-0.0182011709	-0.0288775217	-0.0146945623	0.0010487319	0.0000122963	0.0003312826	0.0008339113	0.0002159302	0.0013923108	0.0010498414	0.0024421522
0.4653333333	0.6793587371	0.8661857846	0.8907709103	0.8334593736	0.9724001701	0.9356607451	-0.0313967637	-0.0034089021	-0.0176720402	-0.0279878616	-0.0142631381	0.0009857568	0.0000116206	0.0003123010	0.0007833204	0.0002034371	0.0013096784	0.0009867575	0.0022964359
0.4653333333	0.6860254038	0.8670444636	0.8908587002	0.8339054021	0.9732682225	0.9360692126	-0.0304059212	-0.0033103519	-0.0171370302	-0.0270955693	-0.0138266783	0.0009245200	0.0000109584	0.0002936778	0.0007341699	0.0001911770	0.0012291563	0.0009253469	0.0021545032
0.4653333333	0.6926920705	0.8679066967	0.8909471352	0.8343561103	0.9741393877	0.9364821742	-0.0294119645	-0.0032110875	-0.0165966973	-0.0262008771	-0.0133856099	0.0008650637	0.0000103111	0.0002754504	0.0006864860	0.0001791746	0.0011508251	0.0008656605	0.0020164856
0.4653333333	0.6993587371	0.8687721932	0.8910361037	0.8348110597	0.9750134587	0.9368992528	-0.0284152384	-0.0031112342	-0.0160515759	-0.0253040043	-0.0129403417	0.0008074258	0.0000096798	0.0002576531	0.0006402926	0.0001674524	0.0010747586	0.0008077451	0.0018825037
0.4653333333	0.7060254038	0.8696406754	0.8911254974	0.8352698289	0.9758902399	0.9373200872	-0.0274160716	-0.0030109136	-0.0155021783	-0.0244051580	-0.0124912647	0.0007516410	0.0000090656	0.0002403175	0.0005956117	0.0001560317	0.0010010241	0.0007516434	0.0017526675
0.4653333333	0.7126920705	0.8705118780	0.8912152114	0.8357320130	0.9767695467	0.9377443320	-0.0264147770	-0.0029102437	-0.0149489962	-0.0235045333	-0.0120387525	0.0006977404	0.0000084695	0.0002234725	0.0005524631	0.0001449316	0.0009296824	0.0006973946	0.0016270771
0.4653333333	0.7193587371	0.8713855480	0.8913051440	0.8361972235	0.9776512050	0.9381716566	-0.0254116524	-0.0028093388	-0.0143925008	-0.0226023137	-0.0115831621	0.0006457521	0.0000078924	0.0002071441	0.0005108646	0.0001341696	0.0008607885	0.0006450342	0.0015058228
0.4653333333	0.7260254038	0.8722614439	0.8913951966	0.8366650871	0.9785350508	0.9386017451	-0.0244069812	-0.0027083093	-0.0138331438	-0.0216986719	-0.0111248345	0.0005957007	0.0000073349	0.0001913559	0.0004708324	0.0001237619	0.0007943915	0.0005945943	0.0013889858
0.4653333333	0.7326920705	0.8731393359	0.8914852737	0.8371352459	0.9794209300	0.9390342954	-0.0234010323	-0.0026072625	-0.0132713578	-0.0207937698	-0.0106640952	0.0005476083	0.0000067978	0.0001761289	0.0004323809	0.0001137229	0.0007305351	0.0005461038	0.0012766389
0.4653333333	0.7393587371	0.8740190047	0.8915752830	0.8376073566	0.9803086978	0.9394690191	-0.0223940613	-0.0025063021	-0.0127075568	-0.0198877592	-0.0102012547	0.0005014940	0.0000062816	0.0001614820	0.0003955230	0.0001040656	0.0006692575	0.0004995886	0.0011688461
0.4653333333	0.7460254038	0.8749002418	0.8916651349	0.8380810899	0.9811982185	0.9399056407	-0.0213863106	-0.0024055284	-0.0121421375	-0.0189807822	-0.0097366091	0.0004573743	0.0000057866	0.0001474315	0.0003602701	0.0000948016	0.0006105924	0.0004550717	0.0010656640
0.4653333333	0.7526920705	0.8757828491	0.8917547428	0.8385561302	0.9820893651	0.9403438972	-0.0203780101	-0.0023050385	-0.0115754791	-0.0180729716	-0.0092704407	0.0004152633	0.0000053132	0.0001339917	0.0003266323	0.0000859411	0.0005545682	0.0004125734	0.0009671416
0.4653333333	0.7593587371	0.8766666380	0.8918440229	0.8390321749	0.9829820188	0.9407835377	-0.0193693773	-0.0022049262	-0.0110079444	-0.0171644512	-0.0088030183	0.0003751728	0.0000048617	0.0001211748	0.0002946184	0.0000774931	0.0005012093	0.0003721115	0.0008733208
0.4653333333	0.7660254038	0.8775514296	0.8919328941	0.8395089345	0.9838760689	0.9412243230	-0.0183606184	-0.0021052822	-0.0104398802	-0.0162553361	-0.0083345980	0.0003371123	0.0000044322	0.0001089911	0.0002642360	0.0000694655	0.0004505356	0.0003337015	0.0007842371
0.4653333333	0.7726920705	0.8784370539	0.8920212782	0.8399861313	0.9847714122	0.9416660250	-0.0173519279	-0.0020061944	-0.0098716180	-0.0153457335	-0.0078654236	0.0003010894	0.0000040248	0.0000974488	0.0002354915	0.0000618649	0.0004025631	0.0002973564	0.0006999195
0.4653333333	0.7793587371	0.8793233499	0.8921090994	0.8404634998	0.9856679531	0.9421084264	-0.0163434901	-0.0019077474	-0.0093034742	-0.0144357427	-0.0073957268	0.0002671097	0.0000036395	0.0000865546	0.0002083907	0.0000546968	0.0003573038	0.0002630874	0.0006203912
0.4653333333	0.7860254038	0.8802101649	0.8921962844	0.8409407858	0.9865656026	0.9425513202	-0.0153354784	-0.0018100230	-0.0087357511	-0.0135254554	-0.0069257281	0.0002351769	0.0000032762	0.0000763133	0.0001829379	0.0000479657	0.0003147664	0.0002309037	0.0005456701
0.4653333333	0.7926920705	0.8810973545	0.8922827625	0.8414177459	0.9874642787	0.9429945094	-0.0143280568	-0.0017131005	-0.0081687374	-0.0126149563	-0.0064556370	0.0002052932	0.0000029347	0.0000667283	0.0001591371	0.0000416752	0.0002749562	0.0002008124	0.0004757686
0.4653333333	0.7993587371	0.8819847819	0.8923684654	0.8418941476	0.9883639058	0.9434378065	-0.0133213794	-0.0016170560	-0.0076027084	-0.0117043234	-0.0059856523	0.0001774591	0.0000026149	0.0000578012	0.0001369912	0.0000358280	0.0002378752	0.0001728192	0.0004106944
0.4653333333	0.8060254038	0.8828723178	0.8924533271	0.8423697685	0.9892644142	0.9438810332	-0.0123155914	-0.0015219634	-0.0070379265	-0.0107936280	-0.0055159630	0.0001516738	0.0000023164	0.0000495324	0.0001165024	0.0000304258	0.0002035226	0.0001469283	0.0003504508
0.4653333333	0.8126920705	0.8837598404	0.8925372839	0.8428443960	0.9901657403	0.9443240201	-0.0113108292	-0.0014278938	-0.0064746420	-0.0098829355	-0.0050467482	0.0001279349	0.0000020389	0.0000419210	0.0000976724	0.0000254697	0.0001718947	0.0001231421	0.0002950368
0.4653333333	0.8193587371	0.8846472344	0.8926202741	0.8433178269	0.9910678258	0.9447666061	-0.0103072209	-0.0013349157	-0.0059130935	-0.0089723052	-0.0045781778	0.0001062388	0.0000017820	0.0000349647	0.0000805023	0.0000209597	0.0001429855	0.0001014620	0.0002444474
0.4653333333	0.8260254038	0.8855343913	0.8927022385	0.8437898673	0.9919706182	0.9452086384	-0.0093048864	-0.0012430955	-0.0053535081	-0.0080617909	-0.0041104126	0.0000865809	0.0000015453	0.0000286600	0.0000649925	0.0000168955	0.0001167862	0.0000818880	0.0001986742
0.4653333333	0.8326920705	0.8864212091	0.8927831196	0.8442603319	0.9928740694	0.9456499718	-0.0083039382	-0.0011524970	-0.0047961021	-0.0071514413	-0.0036436052	0.0000689554	0.0000013282	0.0000230026	0.0000511431	0.0000132759	0.0000932862	0.0000644190	0.0001577052
0.4653333333	0.8393587371	0.8873075916	0.8928628623	0.8447290440	0.9937781367	0.9460904689	-0.0073044815	-0.0010631818	-0.0042410814	-0.0062412997	-0.0031778996	0.0000533554	0.0000011304	0.0000179868	0.0000389538	0.0000100990	0.0000724726	0.0000490529	0.0001215254
0.4653333333	0.8460254038	0.8881934488	0.8929414131	0.8451958348	0.9946827818	0.9465299990	-0.0063066142	-0.0009752093	-0.0036886416	-0.0053314049	-0.0027134323	0.0000397734	0.0000009510	0.0000136061	0.0000284239	0.0000073627	0.0000543305	0.0000357866	0.0000901171
0.4653333333	0.8526920705	0.8890786958	0.8930187206	0.8456605436	0.9955879707	0.9469684387	-0.0053104279	-0.0008886368	-0.0031389690	-0.0044217911	-0.0022503322	0.0000282006	0.0000007897	0.0000098531	0.0000195522	0.0000050640	0.0000388434	0.0000246162	0.0000634597
0.4653333333	0.8593587371	0.8899632535	0.8930947352	0.8461230168	0.9964936736	0.9474056710	-0.0043160075	-0.0008035195	-0.0025922404	-0.0035124880	-0.0017887208	0.0000186279	0.0000006456	0.0000067197	0.0000123376	0.0000031995	0.0000259933	0.0000155371	0.0000415304
0.4653333333	0.8660254038	0.8908470477	0.8931694090	0.8465831084	0.9973998647	0.9478415852	-0.0033234321	-0.0007199106	-0.0020486237	-0.0026035215	-0.0013287131	0.0000110452	0.0000005183	0.0000041969	0.0000067783	0.0000017655	0.0000157603	0.0000085438	0.0000243041
0.4653333333	0.8726920705	0.8917300091	0.8932426958	0.8470406791	0.9983065221	0.9482760767	-0.0023327748	-0.0006378614	-0.0015082785	-0.0016949134	-0.0008704171	0.0000054418	0.0000004069	0.0000022749	0.0000028727	0.0000007576	0.0000081236	0.0000036304	0.0000117540
0.4653333333	0.8793587371	0.8926120731	0.8933145513	0.8474955964	0.9992136272	0.9487090467	-0.0013441033	-0.0005574212	-0.0009713561	-0.0007866821	-0.0004139349	0.0000018066	0.0000003107	0.0000009435	0.0000006189	0.0000001713	0.0000030609	0.0000007902	0.0000038511
0.4653333333	0.8860254038	0.8934931797	0.8933849327	0.8479477341	1.0001211650	0.9491404019	-0.0003574799	-0.0004786376	-0.0004379998	0.0001211577	0.0000406378	0.0000001278	0.0000002291	0.0000001918	0.0000000147	0.0000000017	0.0000005487	0.0000000163	0.0000005651
0.4653333333	0.8926920705	0.8943732729	0.8934537985	0.8483969721	1.0010291236	0.9495700545	0.0006270381	-0.0004015564	0.0000916544	0.0010285944	0.0004932108	0.0000003932	0.0000001612	0.0000000084	0.0000010580	0.0000002433	0.0000005628	0.0000013013	0.0000018641
0.4653333333	0.8993587371	0.8952523011	0.8935211091	0.8488431964	1.0019374942	0.9499979214	0.0016093980	-0.0003262217	0.0006174778	0.0019356197	0.0009436995	0.0000025902	0.0000001064	0.0000003813	0.0000037466	0.0000008906	0.0000030779	0.0000046372	0.0000077151
0.4653333333	0.9060254038	0.8961302163	0.8935868261	0.8492862984	1.0028462709	0.9504239247	0.0025895519	-0.0002526760	0.0011393485	0.0028422279	0.0013920245	0.0000067058	0.0000000638	0.0000012981	0.0000080783	0.0000019377	0.0000080677	0.0000100160	0.0000180837
0.4653333333	0.9126920705	0.8970069745	0.8936509127	0.8497261752	1.0037554505	0.9508479912	0.0035674562	-0.0001809602	0.0016571514	0.0037484164	0.0018381116	0.0000127267	0.0000000327	0.0000027462	0.0000140506	0.0000033787	0.0000155056	0.0000174293	0.0000329349
0.4653333333	0.9193587371	0.8978825350	0.8937133334	0.8501627289	1.0046650323	0.9512700517	0.0045430712	-0.0001111135	0.0021707776	0.0046541848	0.0022818912	0.0000206395	0.0000000123	0.0000047123	0.0000216614	0.0000052070	0.0000253641	0.0000268685	0.0000522326
0.4653333333	0.9260254038	0.8987568607	0.8937740540	0.8505958668	1.0055750183	0.9516900418	0.0055163614	-0.0000431740	0.0026801243	0.0055595354	0.0027232983	0.0000304302	0.0000000019	0.0000071831	0.0000309084	0.0000074164	0.0000376152	0.0000383248	0.0000759400
0.4653333333	0.9326920705	0.8996299176	0.8938330415	0.8510255009	1.0064854126	0.9521079009	0.0064872949	0.0000228221	0.0031850946	0.0064644728	0.0031622725	0.0000420850	0.0000000005	0.0000101448	0.0000417894	0.0000100000	0.0000522303	0.0000517894	0.0001040197
0.4653333333	0.9393587371	0.9005016747	0.8938902644	0.8514515478	1.0073962215	0.9525235723	0.0074558432	0.0000868397	0.0036855970	0.0073690035	0.0035987573	0.0000555896	0.0000000075	0.0000135836	0.0000543022	0.0000129511	0.0000691808	0.0000672533	0.0001364340
0.4653333333	0.9460254038	0.9013721042	0.8939456921	0.8518739286	1.0083074533	0.9529370030	0.0084219814	0.0001488450	0.0041815455	0.0082731364	0.0040327004	0.0000709298	0.0000000222	0.0000174853	0.0000684448	0.0000162627	0.0000884372	0.0000847075	0.0001731447
0.4653333333	0.9526920705	0.9022411808	0.8939992954	0.8522925686	1.0092191185	0.9533481436	0.0093856877	0.0002088058	0.0046728590	0.0091768818	0.0044640532	0.0000880911	0.0000000436	0.0000218356	0.0000842152	0.0000199278	0.0001099703	0.0001041429	0.0002141133
0.4653333333	0.9593587371	0.9031088821	0.8940510460	0.8527073972	1.0101312292	0.9537569482	0.0103469431	0.0002666908	0.0051594615	0.0100802523	0.0048927706	0.0001070592	0.0000000711	0.0000266200	0.0001016115	0.0000239392	0.0001337504	0.0001255507	0.0002593011
0.4653333333	0.9660254038	0.9039751880	0.8941009170	0.8531183477	1.0110437992	0.9541633740	0.0113057319	0.0003224702	0.0056412815	0.0109832617	0.0053188113	0.0001278196	0.0000001040	0.0000318241	0.0001206320	0.0000282898	0.0001597476	0.0001489218	0.0003086694
0.4653333333	0.9726920705	0.9048400809	0.8941488823	0.8535253571	1.0119568439	0.9545673814	0.0122620407	0.0003761151	0.0061182520	0.0118859256	0.0057421369	0.0001503576	0.0000001415	0.0000374330	0.0001412752	0.0000329721	0.0001879321	0.0001742474	0.0003621795
0.4653333333	0.9793587371	0.9057035456	0.8941949168	0.8539283661	1.0128703805	0.9549689335	0.0132158590	0.0004275980	0.0065903105	0.0127882610	0.0061627125	0.0001746589	0.0000001828	0.0000434322	0.0001635396	0.0000379790	0.0002182740	0.0002015186	0.0004197926
0.4653333333	0.9860254038	0.9065655689	0.8942389965	0.8543273187	1.0137844272	0.9553679967	0.0141671783	0.0004768922	0.0070573982	0.0136902862	0.0065805060	0.0002007089	0.0000002274	0.0000498069	0.0001874239	0.0000433031	0.0002507432	0.0002307270	0.0004814702
0.4653333333	0.9926920705	0.9074261397	0.8942810984	0.8547221623	1.0146990039	0.9557645396	0.0151159929	0.0005239723	0.0075194604	0.0145920206	0.0069954881	0.0002284932	0.0000002745	0.0000565423	0.0002129271	0.0000489369	0.0002853101	0.0002618639	0.0005471740
0.4653333333	0.9993587371	0.9082852490	0.8943212002	0.8551128474	1.0156141314	0.9561585336	0.0160622990	0.0005688139	0.0079764462	0.0154934851	0.0074076323	0.0002579974	0.0000003235	0.0000636237	0.0002400481	0.0000548730	0.0003219447	0.0002949211	0.0006168658
0.4653333333	1.0060254038	0.9091428894	0.8943592808	0.8554993277	1.0165298320	0.9565499527	0.0170060948	0.0006113933	0.0084283081	0.0163947014	0.0078169148	0.0002892073	0.0000003738	0.0000710364	0.0002687862	0.0000611042	0.0003606174	0.0003298904	0.0006905078
0.4653333333	1.0126920705	0.9099990555	0.8943953196	0.8558815596	1.0174461288	0.9569387729	0.0179473805	0.0006516882	0.0088750023	0.0172956923	0.0082233141	0.0003221085	0.0000004247	0.0000787657	0.0002991410	0.0000676229	0.0004012988	0.0003667639	0.0007680627
0.4653333333	1.0193587371	0.9108537435	0.8944292971	0.8562595024	1.0183630461	0.9573249726	0.0188861582	0.0006896768	0.0093164878	0.0181964814	0.0086268110	0.0003566870	0.0000004757	0.0000867969	0.0003311119	0.0000744219	0.0004439596	0.0004055338	0.0008494934
0.4653333333	1.0260254038	0.9117069510	0.8944611945	0.8566331180	1.0192806090	0.9577085325	0.0198224317	0.0007253385	0.0097527272	0.0190970932	0.0090273887	0.0003929288	0.0000005261	0.0000951157	0.0003646990	0.0000814937	0.0004885706	0.0004461927	0.0009347633
0.4653333333	1.0326920705	0.9125586774	0.8944909938	0.8570023709	1.0201988436	0.9580894350	0.0207562063	0.0007586533	0.0101836858	0.0199975530	0.0094250325	0.0004308201	0.0000005756	0.0001037075	0.0003999021	0.0000888312	0.0005351031	0.0004887334	0.0010238365
0.4653333333	1.0393587371	0.9134089234	0.8945186777	0.8573672281	1.0211177767	0.9584676647	0.0216874889	0.0007896022	0.0106093317	0.0208978867	0.0098197295	0.0004703472	0.0000006235	0.0001125579	0.0004367217	0.0000964271	0.0005835286	0.0005331488	0.0011166773
0.4653333333	1.0460254038	0.9142576909	0.8945442298	0.8577276588	1.0220374358	0.9588432078	0.0226162880	0.0008181670	0.0110296358	0.0217981211	0.0102114689	0.0005114965	0.0000006694	0.0001216529	0.0004751581	0.0001042741	0.0006338187	0.0005794322	0.0012132509
0.4653333333	1.0526920705	0.9151049831	0.8945676342	0.8580836347	1.0229578493	0.9592160524	0.0235426132	0.0008443301	0.0114445717	0.0226982831	0.0106002416	0.0005542546	0.0000007129	0.0001309782	0.0005152121	0.0001123651	0.0006859458	0.0006275772	0.0013135229
0.4653333333	1.0593587371	0.9159508047	0.8945888758	0.8584351293	1.0238790461	0.9595861883	0.0244664754	0.0008680749	0.0118541154	0.0235984006	0.0109860405	0.0005986084	0.0000007536	0.0001405201	0.0005568845	0.0001206931	0.0007398820	0.0006775776	0.0014174596
0.4653333333	1.0660254038	0.9167951612	0.8946079400	0.8587821186	1.0248010555	0.9599536067	0.0253878868	0.0008893853	0.0122582451	0.0244985016	0.0113688598	0.0006445448	0.0000007910	0.0001502646	0.0006001766	0.0001292510	0.0007956004	0.0007294276	0.0015250279
0.4680000000	0.6660254038	0.8648280599	0.8906527266	0.8328059999	0.9710047857	0.9350513112	-0.0329654687	-0.0035415866	-0.0184562776	-0.0294238821	-0.0149146910	0.0010867221	0.0000125428	0.0003406342	0.0008657648	0.0002224480	0.0014398991	0.0010882128	0.0025281120
0.4680000000	0.6726920705	0.8656734878	0.8907385778	0.8332372535	0.9718603296	0.9354453419	-0.0319883786	-0.0034451999	-0.0179385796	-0.0285431787	-0.0144933797	0.0010232564	0.0000118694	0.0003217926	0.0008147130	0.0002100581	0.0013569184	0.0010247711	0.0023816895
0.4680000000	0.6793587371	0.8665231871	0.8908253210	0.8336742031	0.9727195295	0.9358447537	-0.0310073128	-0.0033478212	-0.0174143170	-0.0276594917	-0.0140664959	0.0009614534	0.0000112079	0.0003032584	0.0007650475	0.0001978663	0.0012759198	0.0009629138	0.0022388336
0.4680000000	0.6860254038	0.8673768391	0.8909128369	0.8341163727	0.9735821544	0.9362491348	-0.0300226516	-0.0032495847	-0.0168840711	-0.0267730669	-0.0136344864	0.0009013596	0.0000105598	0.0002850719	0.0007167971	0.0001858992	0.0011969913	0.0009026963	0.0020996876
0.4680000000	0.6926920705	0.8682341384	0.8910010093	0.8345633044	0.9744479854	0.9366580910	-0.0290347582	-0.0031506210	-0.0163484000	-0.0258841372	-0.0131977790	0.0008430172	0.0000099264	0.0002672702	0.0006699886	0.0001741814	0.0011202138	0.0008441699	0.0019643837
0.4680000000	0.6993587371	0.8690947931	0.8910897257	0.8350145579	0.9753168150	0.9370712442	-0.0280439789	-0.0030510565	-0.0158078400	-0.0249929224	-0.0127567834	0.0007864648	0.0000093089	0.0002498878	0.0006246462	0.0001627355	0.0010456615	0.0007873817	0.0018330432
0.4680000000	0.7060254038	0.8699585241	0.8911788770	0.8354697103	0.9761884471	0.9374882325	-0.0270506441	-0.0029510140	-0.0152629053	-0.0240996301	-0.0123118913	0.0007317373	0.0000087085	0.0002329563	0.0005807922	0.0001515827	0.0009734021	0.0007323748	0.0017057770
0.4680000000	0.7126920705	0.8708250647	0.8912683574	0.8359283551	0.9770626966	0.9379087097	-0.0260550687	-0.0028506123	-0.0147140896	-0.0232044564	-0.0118634773	0.0006788666	0.0000081260	0.0002165044	0.0005384468	0.0001407421	0.0009034970	0.0006791889	0.0015826859
0.4680000000	0.7193587371	0.8716941606	0.8913580644	0.8363901020	0.9779393887	0.9383323441	-0.0250575520	-0.0027499665	-0.0141618659	-0.0223075856	-0.0114118994	0.0006278809	0.0000075623	0.0002005584	0.0004976284	0.0001302314	0.0008360017	0.0006278598	0.0014638615
0.4680000000	0.7260254038	0.8725655689	0.8914478985	0.8368545765	0.9788183587	0.9387588190	-0.0240583793	-0.0026491880	-0.0136066877	-0.0214091913	-0.0109574997	0.0005788056	0.0000070182	0.0001851420	0.0004583535	0.0001200668	0.0007709658	0.0005784203	0.0013493860
0.4680000000	0.7326920705	0.8734390581	0.8915377638	0.8373214189	0.9796994515	0.9391878312	-0.0230578215	-0.0025483849	-0.0130489896	-0.0205094365	-0.0105006046	0.0005316631	0.0000064943	0.0001702761	0.0004206370	0.0001102627	0.0007084335	0.0005308997	0.0012393332
0.4680000000	0.7393587371	0.8743144078	0.8916275670	0.8377902843	0.9805825214	0.9396190913	-0.0220561358	-0.0024476616	-0.0124891876	-0.0196084743	-0.0100415260	0.0004864731	0.0000059910	0.0001559798	0.0003844923	0.0001008322	0.0006484440	0.0004853245	0.0011337685
0.4680000000	0.7460254038	0.8751914080	0.8917172181	0.8382608419	0.9814674319	0.9400523225	-0.0210535667	-0.0023471190	-0.0119276801	-0.0187064478	-0.0095805611	0.0004432527	0.0000055090	0.0001422696	0.0003499312	0.0000917872	0.0005910312	0.0004417183	0.0010327495
0.4680000000	0.7526920705	0.8760698589	0.8918066298	0.8387327745	0.9823540548	0.9404872609	-0.0200503458	-0.0022468548	-0.0113648483	-0.0178034910	-0.0091179935	0.0004020164	0.0000050484	0.0001291598	0.0003169643	0.0000831378	0.0005362245	0.0004001021	0.0009363266
0.4680000000	0.7593587371	0.8769495705	0.8918957180	0.8392057783	0.9832422702	0.9409236544	-0.0190466927	-0.0021469636	-0.0108010568	-0.0168997292	-0.0086540932	0.0003627765	0.0000046095	0.0001166628	0.0002856008	0.0000748933	0.0004840488	0.0003604942	0.0008445430
0.4680000000	0.7660254038	0.8778303625	0.8919844009	0.8396795619	0.9841319664	0.9413612626	-0.0180428153	-0.0020475365	-0.0102366542	-0.0159952788	-0.0081891177	0.0003255432	0.0000041924	0.0001047891	0.0002558489	0.0000670616	0.0004345247	0.0003229106	0.0007574353
0.4680000000	0.7726920705	0.8787120634	0.8920726000	0.8401538464	0.9850230389	0.9417998562	-0.0170389101	-0.0019486618	-0.0096719738	-0.0150902483	-0.0077233120	0.0002903245	0.0000037973	0.0000935471	0.0002277156	0.0000596495	0.0003876688	0.0002873651	0.0006750340
0.4680000000	0.7793587371	0.8795945107	0.8921602389	0.8406283647	0.9859153909	0.9422392168	-0.0160351632	-0.0018504247	-0.0091073339	-0.0141847385	-0.0072569092	0.0002571265	0.0000034241	0.0000829435	0.0002012068	0.0000526627	0.0003434941	0.0002538695	0.0005973636
0.4680000000	0.7860254038	0.8804775504	0.8922472441	0.8411028612	0.9868089323	0.9426791361	-0.0150317500	-0.0017529075	-0.0085430386	-0.0132788426	-0.0067901311	0.0002259535	0.0000030727	0.0000729835	0.0001763277	0.0000461059	0.0003020097	0.0002224335	0.0005244432
0.4680000000	0.7926920705	0.8813610364	0.8923335445	0.8415770913	0.9877035798	0.9431194159	-0.0140288363	-0.0016561896	-0.0079793781	-0.0123726467	-0.0063231885	0.0001968082	0.0000027430	0.0000636705	0.0001530824	0.0000399827	0.0002632217	0.0001930651	0.0004562868
0.4680000000	0.7993587371	0.8822448306	0.8924190715	0.8420508209	0.9885992565	0.9435598676	-0.0130265780	-0.0015603478	-0.0074166295	-0.0114662302	-0.0058562817	0.0001696917	0.0000024347	0.0000550064	0.0001314744	0.0000342960	0.0002271328	0.0001657705	0.0003929033
0.4680000000	0.8060254038	0.8831288024	0.8925037587	0.8425238264	0.9894958914	0.9440003116	-0.0120251222	-0.0014654561	-0.0068550570	-0.0105596661	-0.0053896009	0.0001446036	0.0000021476	0.0000469918	0.0001115065	0.0000290478	0.0001937429	0.0001405543	0.0003342973
0.4680000000	0.8126920705	0.8840128283	0.8925875422	0.8429958937	0.9903934197	0.9444405773	-0.0110246070	-0.0013715858	-0.0062949124	-0.0096530212	-0.0049233266	0.0001215420	0.0000018812	0.0000396259	0.0000931808	0.0000242391	0.0001630491	0.0001174200	0.0002804691
0.4680000000	0.8193587371	0.8848967918	0.8926703601	0.8434668185	0.9912917818	0.9448805026	-0.0100251624	-0.0012788060	-0.0057364360	-0.0087463563	-0.0044576299	0.0001005039	0.0000016353	0.0000329067	0.0000764987	0.0000198705	0.0001350459	0.0000963692	0.0002314151
0.4680000000	0.8260254038	0.8857805831	0.8927521529	0.8439364056	0.9921909236	0.9453199332	-0.0090269101	-0.0011871831	-0.0051798564	-0.0078397269	-0.0039926733	0.0000814851	0.0000014094	0.0000268309	0.0000614613	0.0000159414	0.0001097254	0.0000774028	0.0001871282
0.4680000000	0.8326920705	0.8866640988	0.8928328630	0.8444044684	0.9930907961	0.9457587230	-0.0080299642	-0.0010967813	-0.0046253916	-0.0069331830	-0.0035286103	0.0000644803	0.0000012029	0.0000213942	0.0000480690	0.0000124511	0.0000870775	0.0000605201	0.0001475976
0.4680000000	0.8393587371	0.8875472413	0.8929124350	0.8448708290	0.9939913551	0.9461967331	-0.0070344316	-0.0010076622	-0.0040732487	-0.0060267695	-0.0030655866	0.0000494832	0.0000010154	0.0000165914	0.0000363220	0.0000093978	0.0000670900	0.0000457198	0.0001128097
0.4680000000	0.8460254038	0.8884299192	0.8929908154	0.8453353175	0.9948925609	0.9466338320	-0.0060404122	-0.0009198855	-0.0035236252	-0.0051205267	-0.0026037397	0.0000364866	0.0000008462	0.0000124159	0.0000262198	0.0000067795	0.0000497487	0.0000329993	0.0000827480
0.4680000000	0.8526920705	0.8893120465	0.8930679524	0.8457977719	0.9957943783	0.9470698950	-0.0050479988	-0.0008335086	-0.0029767086	-0.0042144902	-0.0021431999	0.0000254823	0.0000006947	0.0000088608	0.0000177619	0.0000045933	0.0000350378	0.0000223552	0.0000573931
0.4680000000	0.8593587371	0.8901935427	0.8931437965	0.8462580377	0.9966967763	0.9475048039	-0.0040572784	-0.0007485870	-0.0024326771	-0.0033086914	-0.0016840901	0.0000164615	0.0000005604	0.0000059179	0.0000109474	0.0000028362	0.0000229398	0.0000137836	0.0000367234
0.4680000000	0.8660254038	0.8910743324	0.8932182996	0.8467159677	0.9975997277	0.9479384469	-0.0030683313	-0.0006651738	-0.0018917001	-0.0024031576	-0.0012265264	0.0000094147	0.0000004425	0.0000035785	0.0000057752	0.0000015044	0.0000134356	0.0000072795	0.0000207152
0.4680000000	0.8726920705	0.8919543451	0.8932914155	0.8471714214	0.9985032093	0.9483707184	-0.0020812325	-0.0005833204	-0.0013539386	-0.0014979121	-0.0007706181	0.0000043315	0.0000003403	0.0000018331	0.0000022437	0.0000005939	0.0000065049	0.0000028376	0.0000093425
0.4680000000	0.8793587371	0.8928335150	0.8933630996	0.8476242654	0.9994072012	0.9488015184	-0.0010960510	-0.0005030765	-0.0008195450	-0.0005929746	-0.0003164685	0.0000012013	0.0000002531	0.0000006717	0.0000003516	0.0000001002	0.0000021261	0.0000004518	0.0000025778
0.4680000000	0.8860254038	0.8937117808	0.8934333091	0.8480743724	1.0003116873	0.9492307527	-0.0001128508	-0.0004244895	-0.0002886641	0.0003116387	0.0001358254	0.0000000127	0.0000001802	0.0000000833	0.0000000971	0.0000000184	0.0000002763	0.0000001156	0.0000003918
0.4680000000	0.8926920705	0.8945890855	0.8935020025	0.8485216214	1.0012166543	0.9496583320	0.0008683094	-0.0003476054	0.0002385669	0.0012159147	0.0005861723	0.0000007540	0.0000001208	0.0000000569	0.0000014784	0.0000003436	0.0000009317	0.0000018220	0.0000027538
0.4680000000	0.8993587371	0.8954653763	0.8935691402	0.8489658973	1.0021220922	0.9500841727	0.0018473754	-0.0002724683	0.0007620181	0.0021198437	0.0010344864	0.0000034128	0.0000000742	0.0000005807	0.0000044937	0.0000010702	0.0000040677	0.0000055639	0.0000096316
0.4680000000	0.9060254038	0.8963406040	0.8936346836	0.8494070907	1.0030279939	0.9505081956	0.0028242980	-0.0001991208	0.0012815664	0.0030234188	0.0014806872	0.0000079767	0.0000000396	0.0000016424	0.0000091411	0.0000021924	0.0000096587	0.0000113335	0.0000209922
0.4680000000	0.9126920705	0.8972147236	0.8936985960	0.8498450976	1.0039343551	0.9509303264	0.0037990320	-0.0001276038	0.0017970955	0.0039266357	0.0019246992	0.0000144326	0.0000000163	0.0000032296	0.0000154185	0.0000037045	0.0000176785	0.0000191229	0.0000368014
0.4680000000	0.9193587371	0.8980876934	0.8937608418	0.8502798194	1.0048411738	0.9513504952	0.0047715364	-0.0000579566	0.0023084953	0.0048294930	0.0023664519	0.0000227676	0.0000000034	0.0000053292	0.0000233240	0.0000056001	0.0000281001	0.0000289241	0.0000570242
0.4680000000	0.9260254038	0.8989594750	0.8938213867	0.8507111624	1.0057484509	0.9517686364	0.0057417744	0.0000097829	0.0028156620	0.0057319916	0.0028058791	0.0000329680	0.0000000001	0.0000079280	0.0000328557	0.0000078730	0.0000408960	0.0000407287	0.0000816247
0.4680000000	0.9326920705	0.8998300336	0.8938801978	0.8511390377	1.0066561892	0.9521846884	0.0067097128	0.0000755781	0.0033184974	0.0066341346	0.0032429193	0.0000450202	0.0000000057	0.0000110124	0.0000440117	0.0000105165	0.0000560384	0.0000545283	0.0001105666
0.4680000000	0.9393587371	0.9006993372	0.8939372436	0.8515633611	1.0075643941	0.9525985937	0.0076753217	0.0001393942	0.0038169092	0.0075359275	0.0036775150	0.0000589106	0.0000000194	0.0000145688	0.0000567902	0.0000135241	0.0000734988	0.0000703143	0.0001438131
0.4680000000	0.9460254038	0.9015673569	0.8939924934	0.8519840530	1.0084730727	0.9530102985	0.0086385751	0.0002011974	0.0043108102	0.0084373777	0.0041096128	0.0000746250	0.0000000405	0.0000185831	0.0000711893	0.0000168889	0.0000932485	0.0000880783	0.0001813268
0.4680000000	0.9526920705	0.9024340665	0.8940459181	0.8524010378	1.0093822344	0.9534197523	0.0095994498	0.0002609552	0.0048001184	0.0093384946	0.0045391632	0.0000921494	0.0000000681	0.0000230411	0.0000872075	0.0000206040	0.0001152587	0.0001078115	0.0002230702
0.4680000000	0.9593587371	0.9032994426	0.8940974895	0.8528142441	1.0102918901	0.9538269083	0.0105579259	0.0003186367	0.0052847567	0.0102392892	0.0049661200	0.0001114698	0.0000001015	0.0000279287	0.0001048430	0.0000246623	0.0001395000	0.0001295054	0.0002690054
0.4680000000	0.9660254038	0.9041634643	0.8941471804	0.8532236046	1.0112020527	0.9542317230	0.0115139862	0.0003742118	0.0057646528	0.0111397744	0.0053904410	0.0001325719	0.0000001400	0.0000332312	0.0001240946	0.0000290569	0.0001659431	0.0001531514	0.0003190946
0.4680000000	0.9726920705	0.9050261131	0.8941949649	0.8536290554	1.0121127367	0.9546341557	0.0124676163	0.0004276518	0.0062397387	0.0120399645	0.0058120869	0.0001554415	0.0000001829	0.0000389343	0.0001449607	0.0000337804	0.0001945587	0.0001787411	0.0003732998
0.4680000000	0.9793587371	0.9058873728	0.8942408180	0.8540305365	1.0130239579	0.9550341690	0.0134188045	0.0004789291	0.0067099508	0.0129398754	0.0062310218	0.0001800643	0.0000002294	0.0000450234	0.0001674404	0.0000388256	0.0002253171	0.0002062660	0.0004315831
0.4680000000	0.9860254038	0.9067472294	0.8942847156	0.8544279913	1.0139357338	0.9554317282	0.0143675414	0.0005280171	0.0071752297	0.0138395243	0.0066472126	0.0002064262	0.0000002788	0.0000514839	0.0001915324	0.0000441854	0.0002581890	0.0002357179	0.0004939068
0.4680000000	0.9926920705	0.9076056710	0.8943266347	0.8548213665	1.0148480832	0.9558268012	0.0153138201	0.0005748905	0.0076355197	0.0147389296	0.0070606293	0.0002345131	0.0000003305	0.0000583012	0.0002172360	0.0000498525	0.0002931447	0.0002670885	0.0005602333
0.4680000000	0.9993587371	0.9084626877	0.8943665531	0.8552106120	1.0157610261	0.9562193588	0.0162576356	0.0006195247	0.0080907691	0.0156381110	0.0074712444	0.0002643107	0.0000003838	0.0000654605	0.0002445505	0.0000558195	0.0003301551	0.0003003700	0.0006305251
0.4680000000	1.0060254038	0.9093182715	0.8944044497	0.8555956807	1.0166745836	0.9566093740	0.0171989853	0.0006618963	0.0085409296	0.0165370891	0.0078790333	0.0002958051	0.0000004381	0.0000729475	0.0002734753	0.0000620792	0.0003691907	0.0003355545	0.0007047452
0.4680000000	1.0126920705	0.9101724160	0.8944403039	0.8559765284	1.0175887781	0.9569968221	0.0181378685	0.0007019827	0.0089859564	0.0174358857	0.0082839736	0.0003289823	0.0000004928	0.0000807474	0.0003040101	0.0000686242	0.0004102225	0.0003726343	0.0007828568
0.4680000000	1.0193587371	0.9110251166	0.8944740963	0.8563531139	1.0185036329	0.9573816809	0.0190742861	0.0007397625	0.0094258080	0.0183345236	0.0086860455	0.0003638284	0.0000005472	0.0000888459	0.0003361548	0.0000754474	0.0004532215	0.0004116021	0.0008648236
0.4680000000	1.0260254038	0.9118763705	0.8945058081	0.8567253984	1.0194191723	0.9577639302	0.0200082411	0.0007752149	0.0098604460	0.0192330261	0.0090852311	0.0004003297	0.0000006010	0.0000972284	0.0003699093	0.0000825414	0.0004981591	0.0004524507	0.0009506098
0.4680000000	1.0326920705	0.9127261761	0.8945354214	0.8570933459	1.0203354214	0.9581435519	0.0209397378	0.0008083201	0.0102898351	0.0201314177	0.0094815150	0.0004384726	0.0000006534	0.0001058807	0.0004052740	0.0000898991	0.0005450067	0.0004951731	0.0010401798
0.4680000000	1.0393587371	0.9135745333	0.8945629188	0.8574569228	1.0212524062	0.9585205297	0.0218687823	0.0008390590	0.0107139427	0.0210297233	0.0098748837	0.0004782436	0.0000007040	0.0001147886	0.0004422493	0.0000975133	0.0005937362	0.0005397626	0.0011334988
0.4680000000	1.0460254038	0.9144214436	0.8945882840	0.8578160978	1.0221701535	0.9588948494	0.0227953820	0.0008674134	0.0111327390	0.0219279686	0.0102653256	0.0005196294	0.0000007524	0.0001239379	0.0004808358	0.0001053769	0.0006443197	0.0005862127	0.0012305324
0.4680000000	1.0526920705	0.9152669094	0.8946115011	0.8581708420	1.0230886908	0.9592664982	0.0237195459	0.0008933659	0.0115461968	0.0228261800	0.0106528310	0.0005626169	0.0000007981	0.0001333147	0.0005210345	0.0001134828	0.0006967296	0.0006345173	0.0013312469
0.4680000000	1.0593587371	0.9161109347	0.8946325551	0.8585211284	1.0240080461	0.9596354654	0.0246412839	0.0009168998	0.0119542915	0.0237243841	0.0110373917	0.0006071929	0.0000008407	0.0001429051	0.0005628464	0.0001218240	0.0007509387	0.0006846704	0.0014356091
0.4680000000	1.0660254038	0.9169535244	0.8946514314	0.8588669323	1.0249282482	0.9600017416	0.0255606075	0.0009379991	0.0123570007	0.0246226084	0.0114190015	0.0006533447	0.0000008798	0.0001526955	0.0006062728	0.0001303936	0.0008069200	0.0007366664	0.0015435864
0.4706666667	0.6660254038	0.8651747191	0.8907074143	0.8330271072	0.9713343632	0.9352421388	-0.0325647072	-0.0034801866	-0.0181908160	-0.0290845206	-0.0147106294	0.0010604602	0.0000121117	0.0003309058	0.0008459093	0.0002164026	0.0014034776	0.0010623120	0.0024657896
0.4706666667	0.6726920705	0.8660150014	0.8907929878	0.8334544365	0.9721843495	0.9356320132	-0.0315939502	-0.0033841177	-0.0176779639	-0.0282098325	-0.0142938463	0.0009981777	0.0000114523	0.0003125104	0.0007957947	0.0002043140	0.0013221403	0.0010001087	0.0023222490
0.4706666667	0.6793587371	0.8668596481	0.8908794663	0.8338875434	0.9730380831	0.9360273471	-0.0306190997	-0.0032870420	-0.0171584462	-0.0273320577	-0.0138714041	0.0009375293	0.0000108046	0.0002944123	0.0007470414	0.0001924159	0.0012427462	0.0009394572	0.0021822034
0.4706666667	0.6860254038	0.8677083394	0.8909667292	0.8343259503	0.9738953329	0.9364277284	-0.0296405375	-0.0031890954	-0.0166328456	-0.0264514422	-0.0134437502	0.0008785615	0.0000101703	0.0002766516	0.0006996788	0.0001807344	0.0011653833	0.0008804132	0.0020457966
0.4706666667	0.6926920705	0.8685607686	0.8910546595	0.8347691980	0.9747558799	0.9368327623	-0.0286586283	-0.0030904093	-0.0161017223	-0.0255682190	-0.0130113129	0.0008213170	0.0000095506	0.0002592655	0.0006537338	0.0001692943	0.0010901331	0.0008230281	0.0019131612
0.4706666667	0.6993587371	0.8694166428	0.8911431437	0.8352168447	0.9756195163	0.9372420700	-0.0276737200	-0.0029911115	-0.0155656139	-0.0246826085	-0.0125745025	0.0007658348	0.0000089467	0.0002422883	0.0006092312	0.0001581181	0.0010170699	0.0007673493	0.0017844191
0.4706666667	0.7060254038	0.8702756814	0.8912320717	0.8356684659	0.9764860456	0.9376552891	-0.0266861445	-0.0028913255	-0.0150250368	-0.0237948190	-0.0121337113	0.0007121503	0.0000083598	0.0002257517	0.0005661934	0.0001472269	0.0009462618	0.0007134204	0.0016596822
0.4706666667	0.7126920705	0.8711376167	0.8913213369	0.8361236537	0.9773552822	0.9380720724	-0.0256962183	-0.0027911712	-0.0144804861	-0.0229050470	-0.0116893149	0.0006602956	0.0000077906	0.0002096845	0.0005246412	0.0001366401	0.0008777707	0.0006612813	0.0015390520
0.4706666667	0.7193587371	0.8720021928	0.8914108359	0.8365820163	0.9782270505	0.9384920875	-0.0247042426	-0.0026907646	-0.0139324367	-0.0220134779	-0.0112416721	0.0006102996	0.0000072402	0.0001941128	0.0004845932	0.0001263752	0.0008116526	0.0006109684	0.0014226210
0.4706666667	0.7260254038	0.8728691656	0.8915004688	0.8370431776	0.9791011852	0.9389150168	-0.0237105042	-0.0025902181	-0.0133813441	-0.0211202861	-0.0107911260	0.0005621880	0.0000067092	0.0001790604	0.0004460665	0.0001164484	0.0007479576	0.0005625149	0.0013104725
0.4706666667	0.7326920705	0.8737383022	0.8915901385	0.8375067765	0.9799775305	0.9393405561	-0.0227152758	-0.0024896401	-0.0128276443	-0.0202256356	-0.0103380041	0.0005159838	0.0000061983	0.0001645485	0.0004090763	0.0001068743	0.0006867305	0.0005159507	0.0012026812
0.4706666667	0.7393587371	0.8746093807	0.8916797515	0.8379724667	0.9808559399	0.9397684150	-0.0217188165	-0.0023891361	-0.0122717553	-0.0193296804	-0.0098826193	0.0004717070	0.0000057080	0.0001505960	0.0003736365	0.0000976662	0.0006280109	0.0004713027	0.0010993137
0.4706666667	0.7460254038	0.8754821898	0.8917692169	0.8384399159	0.9817362757	0.9401983159	-0.0207213725	-0.0022888075	-0.0117140773	-0.0184325650	-0.0094252698	0.0004293753	0.0000052386	0.0001372196	0.0003397595	0.0000888357	0.0005718335	0.0004285952	0.0010004287
0.4706666667	0.7526920705	0.8763565283	0.8918584471	0.8389088054	0.9826184089	0.9406299936	-0.0197231772	-0.0021887527	-0.0111549931	-0.0175344245	-0.0089662404	0.0003890037	0.0000047906	0.0001244339	0.0003074560	0.0000803935	0.0005182282	0.0003878495	0.0009060777
0.4706666667	0.7593587371	0.8772322048	0.8919473573	0.8393788300	0.9835022186	0.9410631951	-0.0187244521	-0.0020890668	-0.0105948692	-0.0166353853	-0.0085058024	0.0003506051	0.0000043642	0.0001122513	0.0002767360	0.0000723487	0.0004672206	0.0003490847	0.0008163053
0.4706666667	0.7660254038	0.8781090375	0.8920358655	0.8398496969	0.9843875919	0.9414976789	-0.0177254067	-0.0019898415	-0.0100340558	-0.0157355652	-0.0080442143	0.0003141900	0.0000039595	0.0001006823	0.0002476080	0.0000647094	0.0004188318	0.0003123174	0.0007311492
0.4706666667	0.7726920705	0.8789868537	0.8921238924	0.8403211258	0.9852744234	0.9419332147	-0.0167262396	-0.0018911655	-0.0094728879	-0.0148350742	-0.0075817225	0.0002797671	0.0000035765	0.0000897356	0.0002200794	0.0000574825	0.0003730792	0.0002775619	0.0006506411
0.4706666667	0.7793587371	0.8798654893	0.8922113614	0.8407928483	0.9861626149	0.9423695827	-0.0157271385	-0.0017931244	-0.0089116856	-0.0139340141	-0.0071185612	0.0002473429	0.0000032153	0.0000794181	0.0001941567	0.0000506739	0.0003299763	0.0002448307	0.0005748070
0.4706666667	0.7860254038	0.8807447888	0.8922981987	0.8412646075	0.9870520753	0.9428065737	-0.0147282807	-0.0016958010	-0.0083507545	-0.0130324797	-0.0066549535	0.0002169223	0.0000028757	0.0000697351	0.0001698455	0.0000442884	0.0002895331	0.0002141339	0.0005036670
0.4706666667	0.7926920705	0.8816246050	0.8923843327	0.8417361573	0.9879427200	0.9432439885	-0.0137298337	-0.0015992751	-0.0077903866	-0.0121305586	-0.0061911115	0.0001885083	0.0000025577	0.0000606901	0.0001471505	0.0000383299	0.0002517561	0.0001854803	0.0004372365
0.4706666667	0.7993587371	0.8825047983	0.8924696946	0.8422072624	0.9888344709	0.9436816371	-0.0127319552	-0.0015036237	-0.0072308605	-0.0112283315	-0.0057272367	0.0001621027	0.0000022609	0.0000522853	0.0001260754	0.0000328012	0.0002166489	0.0001588767	0.0003755256
0.4706666667	0.8060254038	0.8833852366	0.8925542177	0.8426776980	0.9897272559	0.9441193389	-0.0117347941	-0.0014089212	-0.0066724419	-0.0103258729	-0.0052635207	0.0001377054	0.0000019851	0.0000445215	0.0001066237	0.0000277046	0.0001842119	0.0001343283	0.0003185402
0.4706666667	0.8126920705	0.8842657953	0.8926378379	0.8431472487	0.9906210087	0.9445569221	-0.0107384903	-0.0013152392	-0.0061153843	-0.0094232510	-0.0048001451	0.0001153152	0.0000017299	0.0000373979	0.0000887977	0.0000230414	0.0001544430	0.0001118391	0.0002662820
0.4706666667	0.8193587371	0.8851463565	0.8927204930	0.8436157091	0.9915156686	0.9449942235	-0.0097431753	-0.0012226471	-0.0055599294	-0.0085205283	-0.0043372824	0.0000949295	0.0000014949	0.0000309128	0.0000725994	0.0000188120	0.0001273371	0.0000914114	0.0002187486
0.4706666667	0.8260254038	0.8860268089	0.8928021233	0.8440828825	0.9924111802	0.9454310877	-0.0087489727	-0.0011312113	-0.0050063075	-0.0076177614	-0.0038750962	0.0000765445	0.0000012796	0.0000250631	0.0000580303	0.0000150164	0.0001028873	0.0000730467	0.0001759339
0.4706666667	0.8326920705	0.8869070478	0.8928826710	0.8445485815	0.9933074933	0.9458673675	-0.0077559983	-0.0010409964	-0.0044547378	-0.0067150019	-0.0034137414	0.0000601555	0.0000010837	0.0000198447	0.0000450913	0.0000116536	0.0000810839	0.0000567449	0.0001378288
0.4706666667	0.8393587371	0.8877869745	0.8929620806	0.8450126269	0.9942045623	0.9463029229	-0.0067643605	-0.0009520641	-0.0039054290	-0.0058122964	-0.0029533649	0.0000457566	0.0000009064	0.0000152524	0.0000337828	0.0000087224	0.0000619154	0.0000425052	0.0001044205
0.4706666667	0.8460254038	0.8886664963	0.8930402983	0.8454748477	0.9951023464	0.9467376212	-0.0057741608	-0.0008644744	-0.0033585799	-0.0049096864	-0.0024941055	0.0000333409	0.0000007473	0.0000112801	0.0000241050	0.0000062206	0.0000453683	0.0000303256	0.0000756939
0.4706666667	0.8526920705	0.8895455259	0.8931172725	0.8459350807	0.9960008090	0.9471713366	-0.0047854940	-0.0007782848	-0.0028143794	-0.0040072092	-0.0020360946	0.0000229010	0.0000006057	0.0000079207	0.0000160577	0.0000041457	0.0000314274	0.0000202034	0.0000516308
0.4706666667	0.8593587371	0.8904239816	0.8931929532	0.8463931705	0.9968999178	0.9476039499	-0.0037984481	-0.0006935507	-0.0022730072	-0.0031048974	-0.0015794565	0.0000144282	0.0000004810	0.0000051666	0.0000096404	0.0000024947	0.0000200758	0.0000121351	0.0000322109
0.4706666667	0.8660254038	0.8913017867	0.8932672923	0.8468489687	0.9977996445	0.9480353484	-0.0028131054	-0.0006103256	-0.0017346338	-0.0022027799	-0.0011243083	0.0000079136	0.0000003725	0.0000030090	0.0000048522	0.0000012641	0.0000112950	0.0000061163	0.0000174113
0.4706666667	0.8726920705	0.8921788696	0.8933402437	0.8473023340	0.9986999645	0.9484654251	-0.0018295422	-0.0005286609	-0.0011994215	-0.0013008813	-0.0006707606	0.0000033472	0.0000002795	0.0000014386	0.0000016923	0.0000004499	0.0000050653	0.0000021422	0.0000072075
0.4706666667	0.8793587371	0.8930551633	0.8934117626	0.8477531317	0.9996008568	0.9488940791	-0.0008478292	-0.0004486062	-0.0006675241	-0.0003992229	-0.0002189179	0.0000007188	0.0000002012	0.0000004456	0.0000001594	0.0000000479	0.0000013657	0.0000002073	0.0000015730
0.4706666667	0.8860254038	0.8939306054	0.8934818061	0.8482012339	1.0005023039	0.9493212152	0.0001319684	-0.0003702093	-0.0001390876	0.0005021778	0.0002311217	0.0000000174	0.0000001371	0.0000000193	0.0000002522	0.0000000534	0.0000001738	0.0000003056	0.0000004794
0.4706666667	0.8926920705	0.8948051378	0.8935503327	0.8486465184	1.0014042914	0.9497467432	0.0011097903	-0.0002935161	0.0003857497	0.0014033063	0.0006792658	0.0000012316	0.0000000862	0.0000001488	0.0000019693	0.0000004614	0.0000014666	0.0000024307	0.0000038973
0.4706666667	0.8993587371	0.8956787064	0.8936173027	0.8490888692	1.0023068082	0.9501705782	0.0020855809	-0.0002185707	0.0009068566	0.0023041516	0.0011254274	0.0000043496	0.0000000478	0.0000008224	0.0000053091	0.0000012666	0.0000052198	0.0000065757	0.0000117955
0.4706666667	0.9060254038	0.8965512612	0.8936826775	0.8495281760	1.0032098459	0.9505926403	0.0030592895	-0.0001454158	0.0014241090	0.0032047053	0.0015695249	0.0000093593	0.0000000211	0.0000020281	0.0000102701	0.0000024634	0.0000114085	0.0000127335	0.0000241420
0.4706666667	0.9126920705	0.8974227560	0.8937464204	0.8499643341	1.0041133989	0.9510128541	0.0040308697	-0.0000740923	0.0019373894	0.0041049620	0.0020114818	0.0000162479	0.0000000055	0.0000037535	0.0000168507	0.0000040461	0.0000200069	0.0000208968	0.0000409036
0.4706666667	0.9193587371	0.8982931479	0.8938084957	0.8503972439	1.0050174643	0.9514311488	0.0050002792	-0.0000046396	0.0024465867	0.0050049188	0.0024512263	0.0000250028	0.0000000000	0.0000059858	0.0000250492	0.0000060085	0.0000309886	0.0000310577	0.0000620463
0.4706666667	0.9260254038	0.8991623979	0.8938688692	0.8508268108	1.0059220417	0.9518474578	0.0059674798	0.0000629045	0.0029515959	0.0059045753	0.0028886914	0.0000356108	0.0000000040	0.0000087119	0.0000348640	0.0000083445	0.0000443267	0.0000432085	0.0000875352
0.4706666667	0.9326920705	0.9000304698	0.8939275080	0.8512529452	1.0068271328	0.9522617187	0.0069324369	0.0001285034	0.0034523180	0.0068039335	0.0033238145	0.0000480587	0.0000000165	0.0000119185	0.0000462935	0.0000110477	0.0000599937	0.0000573413	0.0001173349
0.4706666667	0.9393587371	0.9008973308	0.8939843804	0.8516755621	1.0077327419	0.9526738731	0.0078951197	0.0001921222	0.0039486593	0.0077029975	0.0037565371	0.0000623329	0.0000000369	0.0000155919	0.0000593362	0.0000141116	0.0000779617	0.0000734477	0.0001514095
0.4706666667	0.9460254038	0.9017629510	0.8940394559	0.8520945810	1.0086388750	0.9530838660	0.0088555006	0.0002537272	0.0044405320	0.0086017735	0.0041868048	0.0000784199	0.0000000644	0.0000197183	0.0000739905	0.0000175293	0.0000982026	0.0000915198	0.0001897224
0.4706666667	0.9526920705	0.9026273034	0.8940927054	0.8525099258	1.0095455404	0.9534916465	0.0098135555	0.0003132859	0.0049278529	0.0095002696	0.0046145670	0.0000963059	0.0000000981	0.0000242837	0.0000902551	0.0000212942	0.0001206878	0.0001115494	0.0002322371
0.4706666667	0.9593587371	0.9034903635	0.8941441005	0.8529215241	1.0104527481	0.9538971667	0.0107692631	0.0003707673	0.0054105441	0.0103984958	0.0050397768	0.0001159770	0.0000001375	0.0000292740	0.0001081287	0.0000253993	0.0001453885	0.0001335281	0.0002789165
0.4706666667	0.9660254038	0.9043521097	0.8941936144	0.8533293079	1.0113605098	0.9543003822	0.0117226052	0.0004261414	0.0058885322	0.0112964638	0.0054623908	0.0001374195	0.0000001816	0.0000346748	0.0001276101	0.0000298377	0.0001722759	0.0001574478	0.0003297237
0.4706666667	0.9726920705	0.9052125224	0.8942412209	0.8537332129	1.0122688389	0.9547012516	0.0126735663	0.0004793796	0.0063617485	0.0121941867	0.0058823689	0.0001606193	0.0000002298	0.0000404718	0.0001486982	0.0000346023	0.0002013209	0.0001833005	0.0003846214
0.4706666667	0.9793587371	0.9060715847	0.8942868951	0.8541331781	1.0131777505	0.9550997367	0.0136221335	0.0005304543	0.0068301285	0.0130916793	0.0062996743	0.0001855625	0.0000002814	0.0000466507	0.0001713921	0.0000396859	0.0002324946	0.0002110780	0.0004435725
0.4706666667	0.9860254038	0.9069292817	0.8943306130	0.8545291464	1.0140872609	0.9554958020	0.0145682965	0.0005793389	0.0072936119	0.0139889576	0.0067142730	0.0002122353	0.0000003356	0.0000531968	0.0001956909	0.0000450815	0.0002657677	0.0002407724	0.0005065401
0.4706666667	0.9926920705	0.9077856008	0.8943723516	0.8549210637	1.0149973880	0.9558894147	0.0155120471	0.0006260080	0.0077521422	0.0148860391	0.0071261342	0.0002406236	0.0000003919	0.0000600957	0.0002215942	0.0000507818	0.0003011112	0.0002723759	0.0005734871
0.4706666667	0.9993587371	0.9086405312	0.8944120888	0.8553088794	1.0159081508	0.9562805446	0.0164533796	0.0006704373	0.0082056668	0.0157829423	0.0075352296	0.0002707137	0.0000004495	0.0000673330	0.0002491013	0.0000567797	0.0003384962	0.0003058810	0.0006443771
0.4706666667	1.0060254038	0.9094940641	0.8944498034	0.8556925458	1.0168195696	0.9566691642	0.0173922902	0.0007126032	0.0086541368	0.0166796870	0.0079415336	0.0003024918	0.0000005078	0.0000748941	0.0002782120	0.0000630680	0.0003778936	0.0003412799	0.0007191736
0.4706666667	1.0126920705	0.9103461924	0.8944854749	0.8560720180	1.0177316658	0.9570552480	0.0183287772	0.0007524834	0.0090975065	0.0175762938	0.0083450231	0.0003359441	0.0000005662	0.0000827646	0.0003089261	0.0000696394	0.0004192749	0.0003785655	0.0007978404
0.4706666667	1.0193587371	0.9111969108	0.8945190839	0.8564472543	1.0186444619	0.9574387732	0.0192628407	0.0007900563	0.0095357337	0.0184727845	0.0087456774	0.0003710570	0.0000006242	0.0000909302	0.0003412438	0.0000764869	0.0004626114	0.0004177306	0.0008803421
0.4706666667	1.0260254038	0.9120462157	0.8945506117	0.8568182153	1.0195579811	0.9578197187	0.0201944827	0.0008253012	0.0099687793	0.0193691815	0.0091434781	0.0004078171	0.0000006811	0.0000993766	0.0003751652	0.0000836032	0.0005078748	0.0004587684	0.0009666432
0.4706666667	1.0326920705	0.9128941047	0.8945800403	0.8571848644	1.0204722480	0.9581980659	0.0211237066	0.0008581983	0.0103966071	0.0202655083	0.0095384088	0.0004462110	0.0000007365	0.0001080894	0.0004106908	0.0000909812	0.0005550369	0.0005016721	0.0010567090
0.4706666667	1.0393587371	0.9137405773	0.8946073526	0.8575471675	1.0213872875	0.9585737978	0.0220505177	0.0008887287	0.0108191840	0.0211617890	0.0099304554	0.0004862253	0.0000007898	0.0001170547	0.0004478213	0.0000986139	0.0006040699	0.0005464353	0.0011505052
0.4706666667	1.0460254038	0.9145856340	0.8946325321	0.8579050928	1.0223031257	0.9589468994	0.0229749225	0.0009168741	0.0112364796	0.0220580483	0.0103196054	0.0005278471	0.0000008407	0.0001262585	0.0004865575	0.0001064943	0.0006549462	0.0005930518	0.0012479979
0.4706666667	1.0526920705	0.9154292767	0.8946555631	0.8582586107	1.0232197893	0.9593173575	0.0238969290	0.0009426173	0.0116484658	0.0229543117	0.0107058485	0.0005710632	0.0000008885	0.0001356868	0.0005269004	0.0001146152	0.0007076385	0.0006415156	0.0013491541
0.4706666667	1.0593587371	0.9162715088	0.8946764305	0.8586076939	1.0241373055	0.9596851607	0.0248165465	0.0009659415	0.0120551175	0.0238506050	0.0110891759	0.0006158610	0.0000009330	0.0001453259	0.0005688514	0.0001229698	0.0007621199	0.0006918212	0.0014539411
0.4706666667	1.0660254038	0.9171123344	0.8946951199	0.8589523173	1.0250557023	0.9600502990	0.0257337856	0.0009868309	0.0124564116	0.0247469548	0.0114695807	0.0006622277	0.0000009738	0.0001551622	0.0006124118	0.0001315513	0.0008183637	0.0007439631	0.0015623268
0.4733333333	0.6660254038	0.8655202833	0.8907617852	0.8332465057	0.9716630167	0.9354313572	-0.0321653714	-0.0034191461	-0.0179274758	-0.0287462253	-0.0145083296	0.0010346111	0.0000116906	0.0003213944	0.0008263455	0.0002104916	0.0013676961	0.0010368371	0.0024045332
0.4733333333	0.6726920705	0.8663554916	0.8908471040	0.8336700145	0.9725075018	0.9358171686	-0.0312008585	-0.0033233689	-0.0174193413	-0.0278774896	-0.0140959724	0.0009734936	0.0000110448	0.0003034335	0.0007771544	0.0001986964	0.0012879718	0.0009758509	0.0022638227
0.4733333333	0.6793587371	0.8671951547	0.8909333400	0.8340993788	0.9733558233	0.9362085146	-0.0302321378	-0.0032265713	-0.0169044448	-0.0270055665	-0.0136778735	0.0009139822	0.0000104108	0.0002857603	0.0007293006	0.0001870842	0.0012101532	0.0009163848	0.0021265380
0.4733333333	0.6860254038	0.8680389515	0.8910203716	0.8345341197	0.9742077502	0.9366049827	-0.0292595925	-0.0031288903	-0.0163833707	-0.0261307022	-0.0132544804	0.0008561238	0.0000097900	0.0002684148	0.0006828136	0.0001756813	0.0011343285	0.0008584948	0.0019928234
0.4733333333	0.6926920705	0.8688865747	0.8911080806	0.8349737763	0.9750630631	0.9370061774	-0.0282835884	-0.0030304585	-0.0158566806	-0.0252531299	-0.0128262222	0.0007999614	0.0000091837	0.0002514343	0.0006377206	0.0001645120	0.0010605794	0.0008022325	0.0018628119
0.4733333333	0.6993587371	0.8697377297	0.8911963526	0.8354179055	0.9759215543	0.9374117197	-0.0273044751	-0.0029314047	-0.0153249140	-0.0243730704	-0.0123935094	0.0007455344	0.0000085931	0.0002348530	0.0005940466	0.0001535991	0.0009889805	0.0007476456	0.0017366261
0.4733333333	0.7060254038	0.8705921351	0.8912850767	0.8358660815	0.9767830269	0.9378212464	-0.0263225860	-0.0028318535	-0.0147885886	-0.0234907325	-0.0119567352	0.0006928785	0.0000080194	0.0002187024	0.0005518145	0.0001429635	0.0009196003	0.0006947780	0.0016143783
0.4733333333	0.7126920705	0.8714495217	0.8913741453	0.8363178950	0.9776472946	0.9382344096	-0.0253382391	-0.0027319256	-0.0142482014	-0.0226063134	-0.0115162757	0.0006420264	0.0000074634	0.0002030112	0.0005110454	0.0001326246	0.0008525010	0.0006436700	0.0014961710
0.4733333333	0.7193587371	0.8723096325	0.8914634544	0.8367729527	0.9785141815	0.9386508763	-0.0243517372	-0.0026317381	-0.0137042288	-0.0217199991	-0.0110724908	0.0005930071	0.0000069260	0.0001878059	0.0004717584	0.0001226001	0.0007877390	0.0005943584	0.0013820974
0.4733333333	0.7260254038	0.8731722220	0.8915529032	0.8372308772	0.9793835216	0.9390703279	-0.0233633687	-0.0025314038	-0.0131571279	-0.0208319649	-0.0106257241	0.0005458470	0.0000064080	0.0001731100	0.0004339708	0.0001129060	0.0007253650	0.0005468768	0.0012722418
0.4733333333	0.7326920705	0.8740370561	0.8916423941	0.8376913060	0.9802551582	0.9394924596	-0.0223734081	-0.0024310324	-0.0126073367	-0.0199423757	-0.0101763042	0.0005005694	0.0000059099	0.0001589449	0.0003976983	0.0001035572	0.0006654242	0.0005012555	0.0011666798
0.4733333333	0.7393587371	0.8749039116	0.8917318328	0.8381538913	0.9811289441	0.9399169800	-0.0213821162	-0.0023307296	-0.0120552745	-0.0190513865	-0.0097245449	0.0004571949	0.0000054323	0.0001453296	0.0003629553	0.0000945668	0.0006079568	0.0004575221	0.0010654789
0.4733333333	0.7460254038	0.8757725757	0.8918211280	0.8386182996	0.9820047409	0.9403436106	-0.0203897407	-0.0022305978	-0.0115013433	-0.0181591429	-0.0092707455	0.0004157415	0.0000049756	0.0001322809	0.0003297545	0.0000859467	0.0005529980	0.0004157012	0.0009686992
0.4733333333	0.7526920705	0.8766428460	0.8919101915	0.8390842108	0.9828824184	0.9407720853	-0.0193965169	-0.0021307358	-0.0109459275	-0.0172657810	-0.0088151917	0.0003762249	0.0000045400	0.0001198133	0.0002981072	0.0000777076	0.0005005782	0.0003758148	0.0008763930
0.4733333333	0.7593587371	0.8775145298	0.8919989379	0.8395513182	0.9837618549	0.9412021500	-0.0184026678	-0.0020312392	-0.0103893952	-0.0163714286	-0.0083581559	0.0003386582	0.0000041259	0.0001079395	0.0002680237	0.0000698588	0.0004507236	0.0003378824	0.0007886061
0.4733333333	0.7660254038	0.8783874438	0.8920872849	0.8400193279	0.9846429365	0.9416335623	-0.0174084050	-0.0019322004	-0.0098320983	-0.0154762046	-0.0078998979	0.0003030526	0.0000037334	0.0000966702	0.0002395129	0.0000624084	0.0004034561	0.0003019213	0.0007053774
0.4733333333	0.7726920705	0.8792614139	0.8921751527	0.8404879584	0.9855255566	0.9420660908	-0.0164139285	-0.0018337084	-0.0092743733	-0.0145802202	-0.0074406650	0.0002694170	0.0000033625	0.0000860140	0.0002125828	0.0000553635	0.0003587935	0.0002679463	0.0006267399
0.4733333333	0.7793587371	0.8801362748	0.8922624644	0.8409569397	0.9864096160	0.9424995148	-0.0154194279	-0.0017358493	-0.0087165419	-0.0136835786	-0.0069806926	0.0002377588	0.0000030132	0.0000759781	0.0001872403	0.0000487301	0.0003167500	0.0002359704	0.0005527204
0.4733333333	0.7860254038	0.8810118698	0.8923491457	0.8414260138	0.9872950224	0.9429336240	-0.0144250822	-0.0016387063	-0.0081589114	-0.0127863760	-0.0065202051	0.0002080830	0.0000026854	0.0000665678	0.0001634914	0.0000425131	0.0002773362	0.0002060045	0.0004833407
0.4733333333	0.7926920705	0.8818880501	0.8924351248	0.8418949334	0.9881816902	0.9433682180	-0.0134310606	-0.0015423594	-0.0076017750	-0.0118887012	-0.0060594156	0.0001803934	0.0000023789	0.0000577870	0.0001413412	0.0000367165	0.0002405592	0.0001780577	0.0004186170
0.4733333333	0.7993587371	0.8827646748	0.8925203326	0.8423634620	0.9890695400	0.9438031059	-0.0124375225	-0.0014468861	-0.0070454131	-0.0109906364	-0.0055985270	0.0001546920	0.0000020935	0.0000496378	0.0001207941	0.0000313435	0.0002064233	0.0001521376	0.0003585609
0.4733333333	0.8060254038	0.8836416107	0.8926047022	0.8428313735	0.9899584985	0.9442381061	-0.0114446185	-0.0013523610	-0.0064900928	-0.0100922575	-0.0051377317	0.0001309793	0.0000018289	0.0000421213	0.0001018537	0.0000263963	0.0001749295	0.0001282499	0.0003031794
0.4733333333	0.8126920705	0.8845187317	0.8926881690	0.8432984515	0.9908484982	0.9446730457	-0.0104524901	-0.0012588561	-0.0059360690	-0.0091936340	-0.0046772129	0.0001092545	0.0000015847	0.0000352369	0.0000845229	0.0000218763	0.0001460762	0.0001063992	0.0002524754
0.4733333333	0.8193587371	0.8853959186	0.8927706709	0.8437644892	0.9917394774	0.9451077602	-0.0094612706	-0.0011664408	-0.0053835849	-0.0082948298	-0.0042171442	0.0000895156	0.0000013606	0.0000289830	0.0000688042	0.0000177843	0.0001198592	0.0000865885	0.0002064477
0.4733333333	0.8260254038	0.8862730590	0.8928521479	0.8442292891	0.9926313792	0.9455420935	-0.0084710850	-0.0010751819	-0.0048328721	-0.0073959031	-0.0037576902	0.0000717593	0.0000011560	0.0000233567	0.0000546994	0.0000141202	0.0000962720	0.0000688196	0.0001650916
0.4733333333	0.8326920705	0.8871500468	0.8929325420	0.8446926624	0.9935241523	0.9459758970	-0.0074820510	-0.0009851440	-0.0042841513	-0.0064969070	-0.0032990072	0.0000559811	0.0000009705	0.0000183540	0.0000422098	0.0000108834	0.0000753055	0.0000530932	0.0001283988
0.4733333333	0.8393587371	0.8880267822	0.8930117975	0.8451544290	0.9944177498	0.9464090299	-0.0064942785	-0.0008963893	-0.0037376325	-0.0055978892	-0.0028412432	0.0000421757	0.0000008035	0.0000139699	0.0000313364	0.0000080727	0.0000569491	0.0000394090	0.0000963581
0.4733333333	0.8460254038	0.8889031711	0.8930898606	0.8456144168	0.9953121297	0.9468413584	-0.0055078705	-0.0008089776	-0.0031935158	-0.0046988928	-0.0023845381	0.0000303366	0.0000006544	0.0000101985	0.0000220796	0.0000056860	0.0000411896	0.0000277656	0.0000689552
0.4733333333	0.8526920705	0.8897791252	0.8931666794	0.8460724616	0.9962072542	0.9472727556	-0.0045229232	-0.0007229667	-0.0026519914	-0.0037999565	-0.0019290247	0.0000204568	0.0000005227	0.0000070331	0.0000144397	0.0000037211	0.0000280126	0.0000181608	0.0000461734
0.4733333333	0.8593587371	0.8906545614	0.8932422039	0.8465284069	0.9971030897	0.9477031014	-0.0035395265	-0.0006384121	-0.0021132402	-0.0029011144	-0.0014748281	0.0000125282	0.0000004076	0.0000044658	0.0000084165	0.0000021751	0.0000174016	0.0000105916	0.0000279932
0.4733333333	0.8660254038	0.8915294020	0.8933163860	0.8469821035	0.9979996068	0.9481322818	-0.0025577640	-0.0005553674	-0.0015774342	-0.0020023967	-0.0010220668	0.0000065422	0.0000003084	0.0000024883	0.0000040096	0.0000010446	0.0000093389	0.0000050542	0.0000143931
0.4733333333	0.8726920705	0.8924035742	0.8933891794	0.8474334090	0.9988967796	0.9485601892	-0.0015777135	-0.0004738841	-0.0010447366	-0.0011038294	-0.0005708525	0.0000024892	0.0000002246	0.0000010915	0.0000012184	0.0000003259	0.0000038052	0.0000015443	0.0000053495
0.4733333333	0.8793587371	0.8932770099	0.8934605393	0.8478821879	0.9997945859	0.9489867215	-0.0005994470	-0.0003940118	-0.0005153025	-0.0002054352	-0.0001212908	0.0000003593	0.0000001552	0.0000002655	0.0000000422	0.0000000147	0.0000007801	0.0000000569	0.0000008370
0.4733333333	0.8860254038	0.8941496455	0.8935304226	0.8483283111	1.0006930070	0.9494117823	0.0003769686	-0.0003157983	0.0000107209	0.0006927670	0.0003265192	0.0000001421	0.0000000997	0.0000000001	0.0000004799	0.0000001066	0.0000002419	0.0000005865	0.0000008285
0.4733333333	0.8926920705	0.8950214218	0.8935987880	0.8487716558	1.0015920274	0.9498352808	0.0013514718	-0.0002392897	0.0005331942	0.0015907614	0.0007724838	0.0000018265	0.0000000573	0.0000002843	0.0000025305	0.0000005967	0.0000021680	0.0000031273	0.0000052953
0.4733333333	0.8993587371	0.8958922838	0.8936655956	0.8492121050	1.0024916346	0.9502571311	0.0023240056	-0.0001645301	0.0010519850	0.0024885357	0.0012165151	0.0000054010	0.0000000271	0.0000011067	0.0000061928	0.0000014799	0.0000065347	0.0000076727	0.0000142075
0.4733333333	0.9060254038	0.8967621803	0.8937308069	0.8496495477	1.0033918193	0.9506772521	0.0032945179	-0.0000915622	0.0015669683	0.0033860800	0.0016585304	0.0000108538	0.0000000084	0.0000024554	0.0000114655	0.0000027507	0.0000133176	0.0000142163	0.0000275339
0.4733333333	0.9126920705	0.8976310641	0.8937943850	0.8500838781	1.0042925746	0.9510955677	0.0042629610	-0.0000204268	0.0020780254	0.0042833878	0.0020984522	0.0000181728	0.0000000004	0.0000043182	0.0000183474	0.0000044035	0.0000224914	0.0000227509	0.0000452424
0.4733333333	0.9193587371	0.8984988915	0.8938562944	0.8505149958	1.0051938965	0.9515120061	0.0052292913	0.0000488365	0.0025850441	0.0051804547	0.0025362076	0.0000273455	0.0000000024	0.0000066825	0.0000268371	0.0000064323	0.0000340303	0.0000332695	0.0000672998
0.4733333333	0.9260254038	0.8993656221	0.8939165007	0.8509428057	1.0060957835	0.9519264999	0.0061934693	0.0001161900	0.0030879187	0.0060772793	0.0029717287	0.0000383591	0.0000000135	0.0000095352	0.0000369333	0.0000088312	0.0000479078	0.0000457645	0.0000936723
0.4733333333	0.9326920705	0.9002312192	0.8939749712	0.8513672172	1.0069982362	0.9523389857	0.0071554593	0.0001815971	0.0035865488	0.0069738622	0.0034049517	0.0000512006	0.0000000330	0.0000128633	0.0000486348	0.0000115937	0.0000640969	0.0000602284	0.0001243254
0.4733333333	0.9393587371	0.9010956487	0.8940316740	0.8517881447	1.0079012578	0.9527494042	0.0081152292	0.0002450229	0.0040808402	0.0078702063	0.0038358173	0.0000658569	0.0000000600	0.0000166533	0.0000619401	0.0000147135	0.0000825702	0.0000766536	0.0001592239
0.4733333333	0.9460254038	0.9019588800	0.8940865789	0.8522055069	1.0088048533	0.9531576997	0.0090727503	0.0003064337	0.0045707037	0.0087663166	0.0042642700	0.0000823148	0.0000000939	0.0000208913	0.0000768483	0.0000181840	0.0001033000	0.0000950323	0.0001983323
0.4733333333	0.9526920705	0.9028208850	0.8941396564	0.8526192268	1.0097090298	0.9535638204	0.0100279971	0.0003657971	0.0050560555	0.0096622000	0.0046902585	0.0001005607	0.0000001338	0.0000255637	0.0000933581	0.0000219985	0.0001262582	0.0001153566	0.0002416149
0.4733333333	0.9593587371	0.9036816385	0.8941908786	0.8530292316	1.0106137963	0.9539677176	0.0109809474	0.0004230820	0.0055368167	0.0105578654	0.0051137348	0.0001205812	0.0000001790	0.0000306563	0.0001114685	0.0000261503	0.0001514165	0.0001376188	0.0002890353
0.4733333333	0.9660254038	0.9045411178	0.8942402184	0.8534354524	1.0115191637	0.9543693461	0.0119315817	0.0004782585	0.0060129131	0.0114533232	0.0055346546	0.0001423626	0.0000002287	0.0000361551	0.0001311786	0.0000306324	0.0001787465	0.0001618110	0.0003405575
0.4733333333	0.9726920705	0.9053993027	0.8942876497	0.8538378242	1.0124251442	0.9547686637	0.0128798836	0.0005312981	0.0064842751	0.0123485856	0.0059529770	0.0001658914	0.0000002823	0.0000420458	0.0001524876	0.0000354379	0.0002082195	0.0001879255	0.0003961450
0.4733333333	0.9793587371	0.9062561753	0.8943331477	0.8542362857	1.0133317519	0.9551656314	0.0138258391	0.0005821730	0.0069508373	0.0132436661	0.0063686643	0.0001911538	0.0000003389	0.0000483141	0.0001753947	0.0000405599	0.0002398069	0.0002159546	0.0004557615
0.4733333333	0.9860254038	0.9071117201	0.8943766884	0.8546307787	1.0142390022	0.9555602129	0.0147694367	0.0006308569	0.0074125386	0.0141385798	0.0067816817	0.0002181363	0.0000003980	0.0000549457	0.0001998994	0.0000459912	0.0002734800	0.0002458906	0.0005193706
0.4733333333	0.9926920705	0.9079659234	0.8944182488	0.8550212489	1.0151469121	0.9559523747	0.0157106674	0.0006773244	0.0078693218	0.0150333430	0.0071919974	0.0002468251	0.0000004588	0.0000619262	0.0002260014	0.0000517248	0.0003092101	0.0002777262	0.0005869363
0.4733333333	0.9993587371	0.9088187738	0.8944578069	0.8554076448	1.0160554996	0.9563420860	0.0166495244	0.0007215511	0.0083211336	0.0159279733	0.0075995824	0.0002772067	0.0000005206	0.0000692413	0.0002537003	0.0000577537	0.0003469686	0.0003114540	0.0006584225
0.4733333333	1.0060254038	0.9096702617	0.8944953414	0.8557899182	1.0169647841	0.9567293183	0.0175860029	0.0007635137	0.0087679241	0.0168224893	0.0080044104	0.0003092675	0.0000005830	0.0000768765	0.0002829961	0.0000640706	0.0003867269	0.0003470667	0.0007337937
0.4733333333	1.0126920705	0.9105203794	0.8945308321	0.8561680238	1.0178747862	0.9571140458	0.0185201004	0.0008031897	0.0092096470	0.0177169107	0.0084064574	0.0003429941	0.0000006451	0.0000848176	0.0003138889	0.0000706685	0.0004284568	0.0003845575	0.0008130143
0.4733333333	1.0193587371	0.9113691207	0.8945642594	0.8565419190	1.0187855273	0.9574962447	0.0194518159	0.0008405576	0.0096462595	0.0186112584	0.0088057019	0.0003783731	0.0000007065	0.0000930503	0.0003463789	0.0000775404	0.0004721300	0.0004239193	0.0008960493
0.4733333333	1.0260254038	0.9122164813	0.8945956048	0.8569115641	1.0196970300	0.9578758934	0.0203811505	0.0008755968	0.0100777216	0.0195055538	0.0092021248	0.0004153913	0.0000007667	0.0001015605	0.0003804666	0.0000846791	0.0005177184	0.0004651457	0.0009828642
0.4733333333	1.0326920705	0.9130624582	0.8946248503	0.8572769220	1.0206093179	0.9582529724	0.0213081069	0.0009082875	0.0105039966	0.0203998194	0.0095957090	0.0004540354	0.0000008250	0.0001103339	0.0004161526	0.0000920776	0.0005651944	0.0005082303	0.0010734246
0.4733333333	1.0393587371	0.9139070501	0.8946519788	0.8576379579	1.0215224152	0.9586274643	0.0222326894	0.0009386109	0.0109250506	0.0212940785	0.0099864396	0.0004942925	0.0000008810	0.0001193567	0.0004534378	0.0000997290	0.0006145302	0.0005531668	0.0011676970
0.4733333333	1.0460254038	0.9147502570	0.8946769738	0.8579946395	1.0224363471	0.9589993535	0.0231549037	0.0009665489	0.0113408525	0.0221883548	0.0103743036	0.0005361496	0.0000009342	0.0001286149	0.0004923231	0.0001076262	0.0006656987	0.0005999493	0.0012656480
0.4733333333	1.0526920705	0.9155920801	0.8946998198	0.8583469369	1.0233511395	0.9593686261	0.0240747569	0.0009920840	0.0117513738	0.0230826730	0.0107592898	0.0005795939	0.0000009842	0.0001380948	0.0005328098	0.0001157623	0.0007186729	0.0006485721	0.0013672450
0.4733333333	1.0593587371	0.9164325221	0.8947205016	0.8586948222	1.0242668190	0.9597352700	0.0249922577	0.0010151997	0.0121565885	0.0239770581	0.0111413888	0.0006246129	0.0000010306	0.0001477826	0.0005748993	0.0001241305	0.0007734262	0.0006990299	0.0014724561
0.4733333333	1.0660254038	0.9172715866	0.8947390050	0.8590382697	1.0251834126	0.9600992746	0.0259074158	0.0010358800	0.0125564731	0.0248715357	0.0115205931	0.0006711942	0.0000010730	0.0001576650	0.0006185933	0.0001327241	0.0008299323	0.0007513174	0.0015812496
0.4760000000	0.6660254038	0.8658647399	0.8908158326	0.8334641795	0.9719907395	0.9356189562	-0.0317674743	-0.0033584725	-0.0176662741	-0.0284090018	-0.0143078016	0.0010091724	0.0000112793	0.0003120972	0.0008070714	0.0002047132	0.0013325490	0.0010117846	0.0023443336
0.4760000000	0.6726920705	0.8666949457	0.8909009201	0.8338839723	0.9728297796	0.9360007982	-0.0308091167	-0.0032629607	-0.0171627286	-0.0275461560	-0.0138997679	0.0009492017	0.0000106469	0.0002945593	0.0007587907	0.0001932035	0.0012544078	0.0009519943	0.0022064021
0.4760000000	0.6793587371	0.8675296942	0.8909869363	0.8343096945	0.9736727430	0.9363882461	-0.0298464403	-0.0031664157	-0.0166523295	-0.0266800247	-0.0134859138	0.0008908100	0.0000100262	0.0002773001	0.0007118237	0.0001818699	0.0011781363	0.0008936936	0.0020718299
0.4760000000	0.6860254038	0.8683686632	0.8910737583	0.8347408661	0.9745193987	0.9367808874	-0.0288798295	-0.0030689756	-0.0161356627	-0.0258108539	-0.0130666871	0.0008340446	0.0000094186	0.0002603596	0.0006662002	0.0001707383	0.0011038228	0.0008369385	0.0019407613
0.4760000000	0.6926920705	0.8692115441	0.8911612672	0.8351770248	0.9753695274	0.9371783262	-0.0279096516	-0.0029707743	-0.0156132912	-0.0249388773	-0.0126425169	0.0007789487	0.0000088255	0.0002437749	0.0006219476	0.0001598332	0.0010315490	0.0007817808	0.0018133298
0.4760000000	0.6993587371	0.8700580415	0.8912493475	0.8356177263	0.9762229212	0.9375801830	-0.0269362574	-0.0028719416	-0.0150857560	-0.0240643158	-0.0122138144	0.0007255620	0.0000082480	0.0002275800	0.0005790913	0.0001491773	0.0009613900	0.0007282686	0.0016896586
0.4760000000	0.7060254038	0.8709078728	0.8913378872	0.8360625434	0.9770793829	0.9379860942	-0.0259599817	-0.0027726031	-0.0145535763	-0.0231873786	-0.0117809732	0.0006739206	0.0000076873	0.0002118066	0.0005376545	0.0001387913	0.0008934146	0.0006764459	0.0015698604
0.4760000000	0.7126920705	0.8717607676	0.8914267783	0.8365110655	0.9779387257	0.9383957112	-0.0249811440	-0.0026728804	-0.0140172506	-0.0223082636	-0.0113443702	0.0006240576	0.0000071443	0.0001964833	0.0004976586	0.0001286947	0.0008276852	0.0006263534	0.0014540385
0.4760000000	0.7193587371	0.8726164677	0.8915159156	0.8369628981	0.9788007733	0.9388087004	-0.0240000487	-0.0025728914	-0.0134772570	-0.0214271573	-0.0109043656	0.0005760023	0.0000066198	0.0001816365	0.0004591231	0.0001189052	0.0007642586	0.0005780283	0.0013422868
0.4760000000	0.7260254038	0.8734747264	0.8916051979	0.8374176624	0.9796653591	0.9392247425	-0.0230169858	-0.0024727498	-0.0129340540	-0.0205442360	-0.0104613042	0.0005297816	0.0000061145	0.0001672898	0.0004220656	0.0001094389	0.0007031859	0.0005315045	0.0012346904
0.4760000000	0.7326920705	0.8743353083	0.8916945269	0.8378749947	0.9805323258	0.9396435320	-0.0220322312	-0.0023725659	-0.0123880810	-0.0196596652	-0.0100155151	0.0004854192	0.0000056291	0.0001534646	0.0003865024	0.0001003105	0.0006445128	0.0004868130	0.0011313258
0.4760000000	0.7393587371	0.8751979890	0.8917838075	0.8383345458	0.9814015253	0.9400647766	-0.0210460473	-0.0022724462	-0.0118397592	-0.0187736011	-0.0095673130	0.0004429361	0.0000051640	0.0001401799	0.0003524481	0.0000915335	0.0005882800	0.0004439816	0.0010322616
0.4760000000	0.7460254038	0.8760625544	0.8918729481	0.8387959810	0.9822728184	0.9404881970	-0.0200586836	-0.0021724936	-0.0112894917	-0.0178861900	-0.0091169981	0.0004023508	0.0000047197	0.0001274526	0.0003199158	0.0000831197	0.0005345231	0.0004030354	0.0009375586
0.4760000000	0.7526920705	0.8769288009	0.8919618598	0.8392589789	0.9831460743	0.9409135263	-0.0190703770	-0.0020728076	-0.0107376648	-0.0169975694	-0.0086648573	0.0003636793	0.0000042965	0.0001152974	0.0002889174	0.0000750798	0.0004832733	0.0003639971	0.0008472704
0.4760000000	0.7593587371	0.8777965343	0.8920504569	0.8397232316	0.9840211701	0.9413405096	-0.0180813521	-0.0019734842	-0.0101846479	-0.0161078679	-0.0082111637	0.0003269353	0.0000038946	0.0001037271	0.0002594634	0.0000674232	0.0004345570	0.0003268866	0.0007614436
0.4760000000	0.7660254038	0.8786655703	0.8921386564	0.8401884440	0.9848979909	0.9417689033	-0.0170918220	-0.0018746163	-0.0096307945	-0.0152172057	-0.0077561782	0.0002921304	0.0000035142	0.0000927522	0.0002315633	0.0000601583	0.0003883968	0.0002917216	0.0006801184
0.4760000000	0.7726920705	0.8795357333	0.8922263783	0.8406543332	0.9857764293	0.9421984753	-0.0161019887	-0.0017762935	-0.0090764426	-0.0143256952	-0.0073001491	0.0002592740	0.0000031552	0.0000823818	0.0002052255	0.0000532922	0.0003448111	0.0002585177	0.0006033288
0.4760000000	0.7793587371	0.8804068569	0.8923135453	0.8411206283	0.9866563850	0.9426290038	-0.0151120431	-0.0016786022	-0.0085219152	-0.0134334410	-0.0068433131	0.0002283738	0.0000028177	0.0000726230	0.0001804573	0.0000468309	0.0003038146	0.0002272883	0.0005311029
0.4760000000	0.7860254038	0.8812787829	0.8924000828	0.8415870699	0.9875377647	0.9430602777	-0.0141221661	-0.0015816258	-0.0079675212	-0.0125405403	-0.0063858953	0.0001994356	0.0000025015	0.0000634814	0.0001572651	0.0000407797	0.0002654185	0.0001980448	0.0004634633
0.4760000000	0.7926920705	0.8821513614	0.8924859187	0.8420534096	0.9884204814	0.9434920955	-0.0131325283	-0.0014854450	-0.0074135552	-0.0116470833	-0.0059281102	0.0001724633	0.0000022065	0.0000549608	0.0001356545	0.0000351425	0.0002296306	0.0001707970	0.0004004277
0.4760000000	0.7993587371	0.8830244502	0.8925709835	0.8425194099	0.9893044548	0.9439242654	-0.0121432911	-0.0013901374	-0.0068602989	-0.0107531537	-0.0054701616	0.0001474595	0.0000019325	0.0000470637	0.0001156303	0.0000299227	0.0001964557	0.0001455530	0.0003420087
0.4760000000	0.8060254038	0.8838979147	0.8926552101	0.8429848433	0.9901896104	0.9443566046	-0.0111546063	-0.0012957778	-0.0063080209	-0.0098588285	-0.0050122432	0.0001244252	0.0000016790	0.0000397911	0.0000971965	0.0000251226	0.0001658954	0.0001223191	0.0002882145
0.4760000000	0.8126920705	0.8847716277	0.8927385338	0.8434494925	0.9910758797	0.9447889394	-0.0101666173	-0.0012024385	-0.0057569776	-0.0089641788	-0.0045545391	0.0001033601	0.0000014459	0.0000331428	0.0000803565	0.0000207438	0.0001379488	0.0001011003	0.0002390491
0.4760000000	0.8193587371	0.8856454688	0.8928208922	0.8439131497	0.9919631995	0.9452211044	-0.0091794588	-0.0011101891	-0.0052074132	-0.0080692697	-0.0040972241	0.0000842625	0.0000012325	0.0000271172	0.0000651131	0.0000167872	0.0001126121	0.0000819004	0.0001945125
0.4760000000	0.8260254038	0.8865193242	0.8929022251	0.8443756162	0.9928515120	0.9456529422	-0.0081932576	-0.0010190967	-0.0046595608	-0.0071741609	-0.0036404641	0.0000671295	0.0000010386	0.0000217115	0.0000514686	0.0000132530	0.0000898795	0.0000647216	0.0001546011
0.4760000000	0.8326920705	0.8873930868	0.8929824744	0.8448367023	0.9937407645	0.9460843035	-0.0072081327	-0.0009292260	-0.0041136423	-0.0062789066	-0.0031844163	0.0000519572	0.0000008635	0.0000169221	0.0000394247	0.0000101405	0.0000697427	0.0000495652	0.0001193079
0.4760000000	0.8393587371	0.8882666554	0.8930615842	0.8452962267	0.9946309091	0.9465150463	-0.0062241956	-0.0008406394	-0.0035698692	-0.0053835563	-0.0027292299	0.0000387406	0.0000007067	0.0000127440	0.0000289827	0.0000074487	0.0000521913	0.0000364314	0.0000886226
0.4760000000	0.8460254038	0.8891399349	0.8931395007	0.8457540165	0.9955219025	0.9469450358	-0.0052415509	-0.0007533967	-0.0030284426	-0.0044881542	-0.0022750459	0.0000274739	0.0000005676	0.0000091715	0.0000201435	0.0000051758	0.0000372129	0.0000253194	0.0000625323
0.4760000000	0.8526920705	0.8900128357	0.8932161718	0.8462099065	0.9964137057	0.9473741444	-0.0042602964	-0.0006675559	-0.0024895540	-0.0035927405	-0.0018219981	0.0000181501	0.0000004456	0.0000061979	0.0000129078	0.0000033197	0.0000247936	0.0000162275	0.0000410211
0.4760000000	0.8593587371	0.8908852737	0.8932915475	0.8466637392	0.9973062840	0.9478022507	-0.0032805232	-0.0005831726	-0.0019533856	-0.0026973506	-0.0013702129	0.0000107618	0.0000003401	0.0000038157	0.0000072757	0.0000018775	0.0000149176	0.0000091532	0.0000240708
0.4760000000	0.8660254038	0.8917571700	0.8933655795	0.8471153645	0.9981996066	0.9482292400	-0.0023023166	-0.0005003005	-0.0014201103	-0.0018020161	-0.0009198098	0.0000053007	0.0000002503	0.0000020167	0.0000032473	0.0000008461	0.0000075677	0.0000040933	0.0000116610
0.4760000000	0.8726920705	0.8926284507	0.8934382215	0.8475646391	0.9990936466	0.9486550035	-0.0013257555	-0.0004189911	-0.0008898927	-0.0009067644	-0.0004709015	0.0000017576	0.0000001756	0.0000007919	0.0000008222	0.0000002217	0.0000027251	0.0000010440	0.0000037691
0.4760000000	0.8793587371	0.8934990466	0.8935094286	0.8480114266	0.9999883806	0.9490794383	-0.0003509136	-0.0003392942	-0.0003628889	-0.0000116194	-0.0000235947	0.0000001231	0.0000001151	0.0000001317	0.0000000001	0.0000000006	0.0000003699	0.0000000007	0.0000003706
0.4760000000	0.8860254038	0.8943688930	0.8935791578	0.8484555970	1.0008837888	0.9495024471	0.0006221409	-0.0002612576	0.0001607528	0.0008833985	0.0004220104	0.0000003871	0.0000000683	0.0000000258	0.0000007804	0.0000001781	0.0000004812	0.0000009585	0.0000014396
0.4760000000	0.8926920705	0.8952379298	0.8936473676	0.8488970268	1.0017798543	0.9499239381	0.0015933451	-0.0001849272	0.0006808920	0.0017782723	0.0008658191	0.0000025387	0.0000000342	0.0000004636	0.0000031623	0.0000007496	0.0000030366	0.0000039119	0.0000069485
0.4760000000	0.8993587371	0.8961061008	0.8937140182	0.8493355980	1.0026765638	0.9503438245	0.0025626408	-0.0001103474	0.0011973952	0.0026729882	0.0013077425	0.0000065671	0.0000000122	0.0000014338	0.0000071449	0.0000017102	0.0000080131	0.0000088551	0.0000168681
0.4760000000	0.9060254038	0.8969733539	0.8937790710	0.8497711989	1.0035739065	0.9507620244	0.0035299746	-0.0000375607	0.0017101362	0.0035675353	0.0017476969	0.0000124607	0.0000000014	0.0000029246	0.0000127273	0.0000030544	0.0000153867	0.0000157818	0.0000311684
0.4760000000	0.9126920705	0.8978396408	0.8938424892	0.8502037229	1.0044718747	0.9511784607	0.0044952974	0.0000333919	0.0022189955	0.0044619055	0.0021856036	0.0000202077	0.0000000011	0.0000049239	0.0000199086	0.0000047769	0.0000251328	0.0000246855	0.0000498182
0.4760000000	0.9193587371	0.8987049168	0.8939042371	0.8506330690	1.0053704631	0.9515930607	0.0054585645	0.0001024710	0.0027238600	0.0053560936	0.0026213890	0.0000297959	0.0000000105	0.0000074194	0.0000286877	0.0000068717	0.0000372258	0.0000355594	0.0000727853
0.4760000000	0.9260254038	0.8995691408	0.8939642806	0.8510591410	1.0062696691	0.9520057562	0.0064197351	0.0001696386	0.0032246227	0.0062500965	0.0030549841	0.0000412130	0.0000000288	0.0000103982	0.0000390637	0.0000093329	0.0000516400	0.0000483966	0.0001000366
0.4760000000	0.9326920705	0.9004322748	0.8940225868	0.8514818479	1.0071694923	0.9524164831	0.0073787722	0.0002348585	0.0037211827	0.0071439137	0.0034863242	0.0000544463	0.0000000552	0.0000138472	0.0000510355	0.0000121545	0.0000683486	0.0000631900	0.0001315386
0.4760000000	0.9393587371	0.9012942842	0.8940791239	0.8519011031	1.0080699348	0.9528251810	0.0083356426	0.0002980956	0.0042134446	0.0080375470	0.0039153490	0.0000694829	0.0000000889	0.0000177531	0.0000646022	0.0000153300	0.0000873249	0.0000799321	0.0001672570
0.4760000000	0.9460254038	0.9021551371	0.8941338617	0.8523168248	1.0089710006	0.9532317937	0.0092903164	0.0003593162	0.0047013185	0.0089310003	0.0043420023	0.0000863100	0.0000001291	0.0000221024	0.0000797628	0.0000188530	0.0001085415	0.0000986157	0.0002071572
0.4760000000	0.9526920705	0.9030148048	0.8941867708	0.8527289352	1.0098726958	0.9536362683	0.0102427672	0.0004184880	0.0051847195	0.0098242791	0.0047662315	0.0001049143	0.0000001751	0.0000268813	0.0000965165	0.0000227170	0.0001319707	0.0001192334	0.0002512042
0.4760000000	0.9593587371	0.9038732610	0.8942378232	0.8531373610	1.0107750283	0.9540385554	0.0111929714	0.0004755801	0.0056635680	0.0107173913	0.0051879880	0.0001252826	0.0000002262	0.0000320760	0.0001148625	0.0000269152	0.0001575848	0.0001417777	0.0002993625
0.4760000000	0.9660254038	0.9047304824	0.8942869918	0.8535420326	1.0116780079	0.9544386091	0.0121409086	0.0005305624	0.0061377890	0.0116103462	0.0056072266	0.0001474017	0.0000002815	0.0000376725	0.0001348001	0.0000314410	0.0001853556	0.0001662411	0.0003515967
0.4760000000	0.9726920705	0.9055864478	0.8943342508	0.8539428843	1.0125816461	0.9548363864	0.0130865613	0.0005834065	0.0066073120	0.0125031548	0.0060239056	0.0001712581	0.0000003404	0.0000436566	0.0001563289	0.0000362874	0.0002152550	0.0001926163	0.0004078713
0.4760000000	0.9793587371	0.9064411386	0.8943795752	0.8543398541	1.0134859558	0.9552318476	0.0140299144	0.0006340847	0.0070720709	0.0133958297	0.0064379862	0.0001968385	0.0000004021	0.0000500142	0.0001794483	0.0000414477	0.0002472547	0.0002208959	0.0004681507
0.4760000000	0.9860254038	0.9072945384	0.8944229412	0.8547328834	1.0143909516	0.9556249556	0.0149709554	0.0006825707	0.0075320038	0.0142883847	0.0068494331	0.0002241295	0.0000004659	0.0000567311	0.0002041579	0.0000469147	0.0002813265	0.0002510727	0.0005323992
0.4760000000	0.9926920705	0.9081466329	0.8944643257	0.8551219172	1.0152966494	0.9560156762	0.0159096744	0.0007288392	0.0079870527	0.0151808352	0.0072582135	0.0002531177	0.0000005312	0.0000637930	0.0002304578	0.0000526817	0.0003174420	0.0002831394	0.0006005814
0.4760000000	0.9993587371	0.9089974098	0.8945037068	0.8555069035	1.0162030665	0.9564039779	0.0168460635	0.0007728658	0.0084371635	0.0160731978	0.0076642977	0.0002837899	0.0000005973	0.0000711857	0.0002583477	0.0000587415	0.0003555729	0.0003170891	0.0006726621
0.4760000000	1.0060254038	0.9098468588	0.8945410633	0.8558877934	1.0171102212	0.9567898317	0.0177801172	0.0008146272	0.0088822858	0.0169654900	0.0080676586	0.0003161326	0.0000006636	0.0000788950	0.0002878279	0.0000650871	0.0003956912	0.0003529150	0.0007486062
0.4760000000	1.0126920705	0.9106949714	0.8945763750	0.8562645411	1.0180181333	0.9571732107	0.0187118317	0.0008541011	0.0093223724	0.0178577307	0.0084682714	0.0003501326	0.0000007295	0.0000869066	0.0003188985	0.0000717116	0.0004377688	0.0003906102	0.0008283789
0.4760000000	1.0193587371	0.9115417409	0.8946096225	0.8566371036	1.0189268235	0.9575540907	0.0196412055	0.0008912659	0.0097573799	0.0187499396	0.0088661140	0.0003857770	0.0000007944	0.0000952065	0.0003515602	0.0000786080	0.0004817778	0.0004301682	0.0009119460
0.4760000000	1.0260254038	0.9123871620	0.8946407870	0.8570054406	1.0198363134	0.9579324496	0.0205682386	0.0009261013	0.0101872677	0.0196421373	0.0092611664	0.0004230524	0.0000008577	0.0001037804	0.0003858136	0.0000857692	0.0005276905	0.0004715828	0.0009992733
0.4760000000	1.0326920705	0.9132312314	0.8946698509	0.8573695144	1.0207466257	0.9583082670	0.0214929328	0.0009585873	0.0106119983	0.0205343455	0.0096534110	0.0004619462	0.0000009189	0.0001126145	0.0004216593	0.0000931883	0.0005754796	0.0005148477	0.0010903272
0.4760000000	1.0393587371	0.9140739468	0.8946967969	0.8577292897	1.0216577839	0.9586815251	0.0224152916	0.0009887053	0.0110315373	0.0214265863	0.0100428319	0.0005024453	0.0000009775	0.0001216948	0.0004590986	0.0001008585	0.0006251177	0.0005599571	0.0011850747
0.4760000000	1.0460254038	0.9149153077	0.8947216088	0.8580847340	1.0225698125	0.9590522074	0.0233353200	0.0010164371	0.0114458528	0.0223188829	0.0104294157	0.0005445372	0.0000010331	0.0001310075	0.0004981325	0.0001087727	0.0006765778	0.0006069052	0.0012834831
0.4760000000	1.0526920705	0.9157553148	0.8947442709	0.8584358165	1.0234827364	0.9594202997	0.0242530242	0.0010417655	0.0118549159	0.0232112588	0.0108131504	0.0005882092	0.0000010853	0.0001405390	0.0005387625	0.0001169242	0.0007298335	0.0006556868	0.0013855202
0.4760000000	1.0593587371	0.9165939699	0.8947647683	0.8587825092	1.0243965815	0.9597857891	0.0251684121	0.0010646738	0.0122586999	0.0241037383	0.0111940261	0.0006334490	0.0000011335	0.0001502757	0.0005809902	0.0001253062	0.0007848582	0.0007062964	0.0014911546
0.4760000000	1.0660254038	0.9174312762	0.8947830865	0.8591247857	1.0253113743	0.9601486647	0.0260814926	0.0010851463	0.0126571807	0.0249963463	0.0115720344	0.0006802443	0.0000011775	0.0001602042	0.0006248173	0.0001339120	0.0008416260	0.0007587293	0.0016003553
0.4786666667	0.6660254038	0.8662080763	0.8908695499	0.8336801134	0.9723175256	0.9358049263	-0.0313710286	-0.0032981731	-0.0174072276	-0.0280728555	-0.0141090545	0.0009841414	0.0000108779	0.0003030116	0.0007880852	0.0001990654	0.0012980310	0.0009871506	0.0022851816
0.4786666667	0.6726920705	0.8670333515	0.8909544299	0.8340962948	0.9731511763	0.9361828920	-0.0304187374	-0.0032028999	-0.0169081422	-0.0272158375	-0.0137052423	0.0009252996	0.0000102586	0.0002858853	0.0007407018	0.0001878337	0.0012214434	0.0009285355	0.0021499789
0.4786666667	0.6793587371	0.8678632544	0.8910402493	0.8345184759	0.9739888351	0.9365665318	-0.0294620199	-0.0031065816	-0.0164021164	-0.0263554383	-0.0132955348	0.0008680106	0.0000096508	0.0002690294	0.0006946091	0.0001767712	0.0011466909	0.0008713804	0.0020180713
0.4786666667	0.6860254038	0.8686974621	0.8911268840	0.8349461752	0.9748302712	0.9369554327	-0.0285012615	-0.0030093575	-0.0158897373	-0.0254919039	-0.0128803798	0.0008123219	0.0000090562	0.0002524838	0.0006498372	0.0001659042	0.0010738619	0.0008157414	0.0018896032
0.4786666667	0.6926920705	0.8695356648	0.8912142142	0.8353789296	0.9756752653	0.9373491988	-0.0275368306	-0.0029113627	-0.0153715695	-0.0246254679	-0.0124602068	0.0007582770	0.0000084760	0.0002362851	0.0006064137	0.0001552568	0.0010030382	0.0007616704	0.0017647086
0.4786666667	0.6993587371	0.8703775663	0.8913021233	0.8358162934	0.9765236092	0.9377474502	-0.0265690794	-0.0028127278	-0.0148481551	-0.0237563516	-0.0120354273	0.0007059160	0.0000079114	0.0002204677	0.0005643642	0.0001448515	0.0009342951	0.0007092158	0.0016435109
0.4786666667	0.7060254038	0.8712228827	0.8913904987	0.8362578383	0.9773751055	0.9381498226	-0.0255983442	-0.0027135796	-0.0143200148	-0.0228847646	-0.0116064352	0.0006552752	0.0000073635	0.0002050628	0.0005237125	0.0001347093	0.0008677016	0.0006584218	0.0015261234
0.4786666667	0.7126920705	0.8720713426	0.8914792313	0.8367031523	0.9782295673	0.9385559673	-0.0246249457	-0.0026140405	-0.0137876485	-0.0220109052	-0.0111736080	0.0006063879	0.0000068332	0.0001900993	0.0004844799	0.0001248495	0.0008033204	0.0006093295	0.0014126499
0.4786666667	0.7193587371	0.8729226867	0.8915682154	0.8371518398	0.9790868176	0.9389655501	-0.0236491897	-0.0025142292	-0.0132515357	-0.0211349605	-0.0107373065	0.0005592842	0.0000063213	0.0001756032	0.0004466866	0.0001152898	0.0007412087	0.0005619763	0.0013031850
0.4786666667	0.7260254038	0.8737766671	0.8916573490	0.8376035209	0.9799466893	0.9393782509	-0.0226713678	-0.0024142603	-0.0127121362	-0.0202571075	-0.0102978759	0.0005139909	0.0000058287	0.0001615984	0.0004103504	0.0001060462	0.0006814180	0.0005163967	0.0011978146
0.4786666667	0.7326920705	0.8746330473	0.8917465331	0.8380578305	0.9808090246	0.9397937635	-0.0216917573	-0.0023142447	-0.0121698911	-0.0193775125	-0.0098556464	0.0004705323	0.0000053557	0.0001481062	0.0003754880	0.0000971338	0.0006239943	0.0004726218	0.0010966161
0.4786666667	0.7393587371	0.8754916016	0.8918356722	0.8385144184	0.9816736748	0.9402117952	-0.0207106222	-0.0022142896	-0.0116252228	-0.0184963326	-0.0094109332	0.0004289299	0.0000049031	0.0001351458	0.0003421143	0.0000885657	0.0005689788	0.0004306800	0.0009996587
0.4786666667	0.7460254038	0.8763521148	0.8919246739	0.8389729485	0.9825404997	0.9406320657	-0.0197282135	-0.0021144984	-0.0110785360	-0.0176137150	-0.0089640375	0.0003892024	0.0000044711	0.0001227340	0.0003102430	0.0000803540	0.0005164075	0.0003905969	0.0009070044
0.4786666667	0.7526920705	0.8772143819	0.8920134490	0.8394330984	0.9834093678	0.9410543074	-0.0187447695	-0.0020149713	-0.0105302181	-0.0167297982	-0.0085152468	0.0003513664	0.0000040601	0.0001108855	0.0002798861	0.0000725094	0.0004663120	0.0003523956	0.0008187076
0.4786666667	0.7593587371	0.8780782077	0.8921019112	0.8398945591	0.9842801553	0.9414782645	-0.0177605167	-0.0019158049	-0.0099806402	-0.0158447118	-0.0080648353	0.0003154360	0.0000036703	0.0000996132	0.0002510549	0.0000650416	0.0004187194	0.0003160965	0.0007348159
0.4786666667	0.7660254038	0.8789434065	0.8921899772	0.8403570343	0.9851527465	0.9419036928	-0.0167756695	-0.0018170923	-0.0094301570	-0.0149585772	-0.0076130647	0.0002814231	0.0000033018	0.0000889279	0.0002237590	0.0000579588	0.0003736528	0.0002817178	0.0006553706
0.4786666667	0.7726920705	0.8798098016	0.8922775667	0.8408202398	0.9860270329	0.9423303591	-0.0157904316	-0.0017189236	-0.0088791079	-0.0140715080	-0.0071601843	0.0002493377	0.0000029547	0.0000788386	0.0001980073	0.0000512682	0.0003311310	0.0002492756	0.0005804066
0.4786666667	0.7793587371	0.8806772253	0.8923646018	0.8412839038	0.9869029133	0.9427580409	-0.0148049955	-0.0016213857	-0.0083278175	-0.0131836098	-0.0067064318	0.0002191879	0.0000026289	0.0000693525	0.0001738076	0.0000449762	0.0002911693	0.0002187838	0.0005099531
0.4786666667	0.7860254038	0.8815455181	0.8924510077	0.8417477657	0.9877802932	0.9431865261	-0.0138195436	-0.0015245623	-0.0077765956	-0.0122949812	-0.0062520333	0.0001909798	0.0000023243	0.0000604754	0.0001511666	0.0000390879	0.0002537795	0.0001902545	0.0004440340
0.4786666667	0.7926920705	0.8824145290	0.8925367121	0.8422115761	0.9886590848	0.9436156123	-0.0128342481	-0.0014285343	-0.0072257386	-0.0114057137	-0.0057972042	0.0001647179	0.0000020407	0.0000522113	0.0001300903	0.0000336076	0.0002189699	0.0001636979	0.0003826678
0.4786666667	0.7993587371	0.8832841146	0.8926216452	0.8426750964	0.9895392066	0.9440451068	-0.0118492718	-0.0013333797	-0.0066755291	-0.0105158921	-0.0053421494	0.0001404052	0.0000017779	0.0000445627	0.0001105840	0.0000285386	0.0001867458	0.0001391225	0.0003258684
0.4786666667	0.8060254038	0.8841541390	0.8927057396	0.8431380981	0.9904205830	0.9444748260	-0.0108647683	-0.0012391736	-0.0061262373	-0.0096255948	-0.0048870637	0.0001180432	0.0000015356	0.0000375308	0.0000926521	0.0000238834	0.0001571095	0.0001165355	0.0002736450
0.4786666667	0.8126920705	0.8850244739	0.8927889304	0.8436003628	0.9913031443	0.9449045951	-0.0098808824	-0.0011459884	-0.0055781206	-0.0087348941	-0.0044321322	0.0000976318	0.0000013133	0.0000311154	0.0000762984	0.0000196438	0.0001300606	0.0000959422	0.0002260027
0.4786666667	0.8193587371	0.8858949976	0.8928711551	0.8440616818	0.9921868263	0.9453342478	-0.0088977504	-0.0010538939	-0.0050314247	-0.0078438565	-0.0039775308	0.0000791700	0.0000011107	0.0000253152	0.0000615261	0.0000158208	0.0001055959	0.0000773468	0.0001829427
0.4786666667	0.8260254038	0.8867655953	0.8929523532	0.8445218553	0.9930715700	0.9457636259	-0.0079155006	-0.0009629575	-0.0044863838	-0.0069525431	-0.0035234262	0.0000626551	0.0000009273	0.0000201276	0.0000483379	0.0000124145	0.0000837101	0.0000607524	0.0001444625
0.4786666667	0.8326920705	0.8876361586	0.8930324667	0.8449806928	0.9939573215	0.9461925789	-0.0069342534	-0.0008732440	-0.0039432210	-0.0060610094	-0.0030699770	0.0000480839	0.0000007626	0.0000155490	0.0000367358	0.0000094248	0.0000643954	0.0000461606	0.0001105560
0.4786666667	0.8393587371	0.8885065853	0.8931114395	0.8454380119	0.9948440318	0.9466209642	-0.0059541219	-0.0007848159	-0.0034021490	-0.0051693061	-0.0026173331	0.0000354516	0.0000006159	0.0000115746	0.0000267217	0.0000068504	0.0000476421	0.0000335722	0.0000812143
0.4786666667	0.8460254038	0.8893767789	0.8931892174	0.8458936389	0.9957316564	0.9470486459	-0.0049752121	-0.0006977331	-0.0028633700	-0.0042774790	-0.0021656369	0.0000247527	0.0000004868	0.0000081989	0.0000182968	0.0000046900	0.0000334385	0.0000229868	0.0000564253
0.4786666667	0.8526920705	0.8902466490	0.8932657486	0.8463474076	0.9966201552	0.9474754953	-0.0039976232	-0.0006120538	-0.0023270767	-0.0033855694	-0.0017150229	0.0000159810	0.0000003746	0.0000054153	0.0000114621	0.0000029413	0.0000217709	0.0000144034	0.0000361743
0.4786666667	0.8593587371	0.8911161102	0.8933409827	0.8467991597	0.9975094923	0.9479013905	-0.0030214478	-0.0005278336	-0.0017934524	-0.0024936142	-0.0012656188	0.0000091291	0.0000002786	0.0000032165	0.0000062181	0.0000016018	0.0000126242	0.0000078199	0.0000204441
0.4786666667	0.8660254038	0.8919850825	0.8934148717	0.8472487441	0.9983996358	0.9483262155	-0.0020467724	-0.0004451262	-0.0012626712	-0.0016016461	-0.0008175449	0.0000041893	0.0000001981	0.0000015943	0.0000025653	0.0000006684	0.0000059818	0.0000032336	0.0000092154
0.4786666667	0.8726920705	0.8928534911	0.8934873689	0.8476960168	0.9992905576	0.9487498608	-0.0010736775	-0.0003639834	-0.0007348985	-0.0007096942	-0.0003709152	0.0000011528	0.0000001325	0.0000005401	0.0000005037	0.0000001376	0.0000018253	0.0000006412	0.0000024666
0.4786666667	0.8793587371	0.8937212655	0.8935584296	0.8481408406	1.0001822332	0.9491722226	-0.0001022381	-0.0002844547	-0.0002102918	0.0001822166	0.0000741629	0.0000000105	0.0000000809	0.0000000442	0.0000000332	0.0000000055	0.0000001356	0.0000000387	0.0000001743
0.4786666667	0.8860254038	0.8945883403	0.8936280106	0.8485830846	1.0010746415	0.9495932027	0.0008674764	-0.0002065881	0.0003109999	0.0010740645	0.0005175880	0.0000007525	0.0000000427	0.0000000967	0.0000011536	0.0000002679	0.0000008919	0.0000014215	0.0000023134
0.4786666667	0.8926920705	0.8954546542	0.8936960706	0.8490226244	1.0019677647	0.9500127083	0.0018354016	-0.0001304296	0.0008288350	0.0019658312	0.0009592646	0.0000033687	0.0000000170	0.0000006870	0.0000038645	0.0000009202	0.0000040727	0.0000047847	0.0000088574
0.4786666667	0.8993587371	0.8963201499	0.8937625695	0.8494593416	1.0028615882	0.9504306519	0.0028014782	-0.0000560235	0.0013430790	0.0028575016	0.0013991025	0.0000078483	0.0000000031	0.0000018039	0.0000081653	0.0000019575	0.0000096553	0.0000101228	0.0000197781
0.4786666667	0.9060254038	0.8971847745	0.8938274690	0.8498931233	1.0037561002	0.9508469506	0.0037656513	0.0000165877	0.0018536049	0.0037490637	0.0018370173	0.0000141801	0.0000000003	0.0000034359	0.0000140555	0.0000033746	0.0000176163	0.0000174301	0.0000350464
0.4786666667	0.9126920705	0.8980484787	0.8938907321	0.8503238624	1.0046512918	0.9512615266	0.0047278709	0.0000873629	0.0023602922	0.0046405080	0.0022729293	0.0000223528	0.0000000076	0.0000055710	0.0000215343	0.0000051662	0.0000279314	0.0000267005	0.0000546319
0.4786666667	0.9193587371	0.8989112169	0.8939523232	0.8507514571	1.0055471568	0.9516743064	0.0056880908	0.0001562628	0.0028630268	0.0055318280	0.0027067640	0.0000323544	0.0000000244	0.0000081969	0.0000306011	0.0000073266	0.0000405757	0.0000379277	0.0000785034
0.4786666667	0.9260254038	0.8997729469	0.8940122082	0.8511758106	1.0064436914	0.9520852208	0.0066462691	0.0002232496	0.0033617009	0.0064230196	0.0031384513	0.0000441729	0.0000000498	0.0000113010	0.0000412552	0.0000098499	0.0000555238	0.0000511051	0.0001066288
0.4786666667	0.9326920705	0.9006336300	0.8940703541	0.8515968311	1.0073408942	0.9524942050	0.0076023678	0.0002882868	0.0038562126	0.0073140810	0.0035679258	0.0000577960	0.0000000831	0.0000148704	0.0000534958	0.0000127301	0.0000727495	0.0000662259	0.0001389754
0.4786666667	0.9393587371	0.9014932305	0.8941267294	0.8520144315	1.0082387662	0.9529011978	0.0085563523	0.0003513395	0.0043464657	0.0082050128	0.0039951262	0.0000732112	0.0000001234	0.0000188918	0.0000673222	0.0000159610	0.0000922264	0.0000832833	0.0001755096
0.4786666667	0.9460254038	0.9023517158	0.8941813037	0.8524285291	1.0091373104	0.9533061422	0.0095081917	0.0004123740	0.0048323695	0.0090958177	0.0044199954	0.0000904057	0.0000001701	0.0000233518	0.0000827339	0.0000195364	0.0001139276	0.0001022703	0.0002161978
0.4786666667	0.9526920705	0.9032090563	0.8942340478	0.8528390456	1.0100365318	0.9537089845	0.0104578585	0.0004713582	0.0053138383	0.0099865003	0.0048424801	0.0001093668	0.0000002222	0.0000282369	0.0000997302	0.0000234496	0.0001378259	0.0001231798	0.0002610057
0.4786666667	0.9593587371	0.9040652249	0.8942849336	0.8532459071	1.0109364374	0.9541096746	0.0114053280	0.0005282609	0.0057907916	0.0108770671	0.0052625306	0.0001300815	0.0000002791	0.0000335333	0.0001183106	0.0000276942	0.0001638938	0.0001460048	0.0003098987
0.4786666667	0.9660254038	0.9049201973	0.8943339342	0.8536490433	1.0118370361	0.9545081659	0.0123505789	0.0005830525	0.0062631536	0.0117675264	0.0056801011	0.0001525368	0.0000003400	0.0000392271	0.0001384747	0.0000322635	0.0001921038	0.0001707382	0.0003628421
0.4786666667	0.9726920705	0.9057739518	0.8943810237	0.8540483879	1.0127383383	0.9549044146	0.0132935924	0.0006357042	0.0067308531	0.0126578881	0.0060951489	0.0001767196	0.0000004041	0.0000453044	0.0001602221	0.0000371508	0.0002224281	0.0001973730	0.0004198011
0.4786666667	0.9793587371	0.9066264687	0.8944261773	0.8544438784	1.0136403560	0.9552983802	0.0142343525	0.0006861888	0.0071938233	0.0135481637	0.0065076346	0.0002026168	0.0000004709	0.0000517511	0.0001835527	0.0000423493	0.0002548387	0.0002259020	0.0004807408
0.4786666667	0.9860254038	0.9074777311	0.8944693710	0.8548354556	1.0145431029	0.9556900251	0.0151728459	0.0007344797	0.0076520015	0.0144383662	0.0069175218	0.0002302153	0.0000005395	0.0000585531	0.0002084664	0.0000478521	0.0002893078	0.0002563185	0.0005456264
0.4786666667	0.9926920705	0.9083277237	0.8945105820	0.8552230638	1.0154465939	0.9560793143	0.0161090615	0.0007805518	0.0081053290	0.0153285097	0.0073247772	0.0002595019	0.0000006093	0.0000656964	0.0002349632	0.0000536524	0.0003258075	0.0002886156	0.0006144231
0.4786666667	0.9993587371	0.9091764337	0.8945497883	0.8556066507	1.0163508455	0.9564662156	0.0170429906	0.0008243807	0.0085537510	0.0162186099	0.0077293703	0.0002904635	0.0000006796	0.0000731667	0.0002630433	0.0000597432	0.0003643098	0.0003227865	0.0006870963
0.4786666667	1.0060254038	0.9100238499	0.8945869689	0.8559861667	1.0172558751	0.9568506993	0.0179746267	0.0008659433	0.0089972163	0.0171086834	0.0081312731	0.0003230872	0.0000007499	0.0000809499	0.0002927070	0.0000661176	0.0004047870	0.0003588246	0.0007636116
0.4786666667	1.0126920705	0.9108699632	0.8946221035	0.8563615656	1.0181617016	0.9572327380	0.0189039651	0.0009052172	0.0094356774	0.0179987480	0.0085304602	0.0003573599	0.0000008194	0.0000890320	0.0003239549	0.0000727688	0.0004472113	0.0003967237	0.0008439350
0.4786666667	1.0193587371	0.9117147661	0.8946551727	0.8567328038	1.0190683448	0.9576123068	0.0198310035	0.0009421810	0.0098690897	0.0188888225	0.0089269088	0.0003932687	0.0000008877	0.0000973989	0.0003567876	0.0000796897	0.0004915553	0.0004364773	0.0009280327
0.4786666667	1.0260254038	0.9125582528	0.8946861581	0.8570998404	1.0199758257	0.9579893828	0.0207557409	0.0009768142	0.0102974124	0.0197789267	0.0093205981	0.0004308008	0.0000009542	0.0001060367	0.0003912059	0.0000868735	0.0005377916	0.0004780795	0.0010158711
0.4786666667	1.0326920705	0.9134004191	0.8947150418	0.8574626374	1.0208841659	0.9583639453	0.0216781785	0.0010090973	0.0107206072	0.0206690811	0.0097115099	0.0004699434	0.0000010183	0.0001149314	0.0004272109	0.0000943134	0.0005858931	0.0005215243	0.0011074175
0.4786666667	1.0393587371	0.9142412624	0.8947418068	0.8578211591	1.0217933883	0.9587359757	0.0225983187	0.0010390114	0.0111386391	0.0215593073	0.0100996277	0.0005106840	0.0000010795	0.0001240693	0.0004648037	0.0001020025	0.0006358328	0.0005668062	0.0012026390
0.4786666667	1.0460254038	0.9150807813	0.8947664368	0.8581753722	1.0227035165	0.9591054569	0.0235161658	0.0010665385	0.0115514757	0.0224496273	0.0104849372	0.0005530101	0.0000011375	0.0001334366	0.0005039858	0.0001099339	0.0006875841	0.0006139197	0.0013015038
0.4786666667	1.0526920705	0.9159189759	0.8947889162	0.8585252457	1.0236145748	0.9594723742	0.0244317253	0.0010916614	0.0119590874	0.0233400639	0.0108674260	0.0005969092	0.0000011917	0.0001430198	0.0005447586	0.0001181009	0.0007411207	0.0006628595	0.0014039802
0.4786666667	1.0593587371	0.9167558475	0.8948092301	0.8588707511	1.0245265881	0.9598367141	0.0253450043	0.0011143636	0.0123614470	0.0242306407	0.0112470834	0.0006423692	0.0000012418	0.0001528054	0.0005871239	0.0001264969	0.0007964164	0.0007136208	0.0015100373
0.4786666667	1.0660254038	0.9175913986	0.8948273642	0.8592118617	1.0254395824	0.9601984651	0.0262560108	0.0011346293	0.0127585298	0.0251213815	0.0116239005	0.0006893781	0.0000012874	0.0001627801	0.0006310838	0.0001351151	0.0008534456	0.0007661989	0.0016196444
0.4813333333	0.6660254038	0.8665502807	0.8909229306	0.8338942929	0.9726433689	0.9359892581	-0.0309760464	-0.0032382551	-0.0171503521	-0.0277377913	-0.0139120971	0.0009595154	0.0000104863	0.0002941346	0.0007693851	0.0001935464	0.0012641363	0.0009629315	0.0022270678
0.4813333333	0.6726920705	0.8673706969	0.8910076274	0.8343069678	0.9734716857	0.9363634409	-0.0300297330	-0.0031431933	-0.0166555978	-0.0268865397	-0.0135124045	0.0009017849	0.0000098797	0.0002774089	0.0007228860	0.0001825851	0.0011890735	0.0009054711	0.0020945446
0.4813333333	0.6793587371	0.8681958235	0.8910932732	0.8347257088	0.9743040932	0.9367433623	-0.0290788889	-0.0030470755	-0.0161538209	-0.0260318134	-0.0131067454	0.0008455818	0.0000092847	0.0002609459	0.0006776553	0.0001717868	0.0011158124	0.0008494421	0.0019652545
0.4813333333	0.6860254038	0.8690253364	0.8911797432	0.8351500334	0.9751403608	0.9371286093	-0.0281239006	-0.0029500420	-0.0156456099	-0.0251738585	-0.0126955678	0.0007909538	0.0000087027	0.0002447851	0.0006337232	0.0001611774	0.0010444416	0.0007949006	0.0018393422
0.4813333333	0.6926920705	0.8698589251	0.8912669163	0.8355794773	0.9759802694	0.9375187859	-0.0271651377	-0.0028522292	-0.0151315304	-0.0243129086	-0.0122793012	0.0007379447	0.0000081352	0.0002289632	0.0005911175	0.0001507812	0.0009750431	0.0007418988	0.0017169419
0.4813333333	0.6993587371	0.8706962923	0.8913546753	0.8360135937	0.9768236107	0.9379135117	-0.0262029536	-0.0027537686	-0.0146121260	-0.0234491850	-0.0118583574	0.0006865948	0.0000075832	0.0002135142	0.0005498643	0.0001406206	0.0009076922	0.0006904849	0.0015981772
0.4813333333	0.7060254038	0.8715371532	0.8914429065	0.8364519531	0.9776701871	0.9383124225	-0.0252376858	-0.0026547879	-0.0140879185	-0.0225828978	-0.0114331306	0.0006369408	0.0000070479	0.0001984694	0.0005099873	0.0001307165	0.0008424581	0.0006407037	0.0014831619
0.4813333333	0.7126920705	0.8723812354	0.8915315002	0.8368941427	0.9785198114	0.9387151688	-0.0242696563	-0.0025554106	-0.0135594092	-0.0217142457	-0.0110039986	0.0005890162	0.0000065301	0.0001838576	0.0004715085	0.0001210880	0.0007794039	0.0005925964	0.0013720004
0.4813333333	0.7193587371	0.8732282783	0.8916203498	0.8373397655	0.9793723063	0.9391214160	-0.0232991723	-0.0024557560	-0.0130270787	-0.0208434163	-0.0105713227	0.0005428514	0.0000060307	0.0001697048	0.0004344480	0.0001117529	0.0007185869	0.0005462009	0.0012647878
0.4813333333	0.7260254038	0.8740780331	0.8917093527	0.8377884405	0.9802275041	0.9395308437	-0.0223265267	-0.0023559395	-0.0124913884	-0.0199705872	-0.0101354489	0.0004984738	0.0000055505	0.0001560348	0.0003988244	0.0001027273	0.0006600590	0.0005015517	0.0011616107
0.4813333333	0.7326920705	0.8749302622	0.8917984092	0.8382398016	0.9810852465	0.9399431451	-0.0213519984	-0.0022560728	-0.0119527804	-0.0190959256	-0.0096967076	0.0004559078	0.0000050899	0.0001428690	0.0003646544	0.0000940261	0.0006038667	0.0004586805	0.0010625472
0.4813333333	0.7393587371	0.8757847386	0.8918874234	0.8386934974	0.9819453842	0.9403580266	-0.0203758526	-0.0021562635	-0.0114116785	-0.0182195891	-0.0092554150	0.0004151754	0.0000046495	0.0001302264	0.0003319534	0.0000856627	0.0005500512	0.0004176161	0.0009676674
0.4813333333	0.7460254038	0.8766412461	0.8919763023	0.8391491909	0.9828077762	0.9407752075	-0.0193983419	-0.0020566159	-0.0108684888	-0.0173417260	-0.0088118729	0.0003762957	0.0000042297	0.0001181240	0.0003007355	0.0000776491	0.0004986494	0.0003783846	0.0008770340
0.4813333333	0.7526920705	0.8774995785	0.8920649561	0.8396065585	0.9836722903	0.9411944195	-0.0184197062	-0.0019572305	-0.0103236000	-0.0164624757	-0.0083663695	0.0003392856	0.0000038308	0.0001065767	0.0002710131	0.0000699961	0.0004496930	0.0003410092	0.0007907023
0.4813333333	0.7593587371	0.8783595394	0.8921532982	0.8400652901	0.9845388020	0.9416154060	-0.0174401731	-0.0018582044	-0.0097773842	-0.0155819687	-0.0079191798	0.0003041596	0.0000034529	0.0000955972	0.0002427978	0.0000627134	0.0004032098	0.0003055112	0.0007087210
0.4813333333	0.7660254038	0.8792209420	0.8922412449	0.8405250882	0.9854071946	0.9420379220	-0.0164599590	-0.0017596313	-0.0092301978	-0.0147003277	-0.0074705665	0.0002709302	0.0000030963	0.0000851966	0.0002160996	0.0000558094	0.0003592231	0.0002719090	0.0006311321
0.4813333333	0.7726920705	0.8800836084	0.8923287153	0.8409856680	0.9862773587	0.9424617336	-0.0154792686	-0.0016616015	-0.0086823812	-0.0138176671	-0.0070207796	0.0002396078	0.0000027609	0.0000753837	0.0001909279	0.0000492913	0.0003177524	0.0002402193	0.0005579717
0.4813333333	0.7793587371	0.8809473698	0.8924156316	0.8414467562	0.9871491921	0.9428866175	-0.0144982962	-0.0015642024	-0.0081342601	-0.0129340938	-0.0065700577	0.0002102006	0.0000024467	0.0000661662	0.0001672908	0.0000431657	0.0002788135	0.0002104564	0.0004892700
0.4813333333	0.7860254038	0.8818120654	0.8925019184	0.8419080915	0.9880225995	0.9433123607	-0.0135172256	-0.0014675181	-0.0075861460	-0.0120497075	-0.0061186279	0.0001827154	0.0000021536	0.0000575496	0.0001451955	0.0000374376	0.0002424186	0.0001826331	0.0004250517
0.4813333333	0.7926920705	0.8826775431	0.8925875031	0.8423694234	0.9888974919	0.9437387601	-0.0125362306	-0.0013716296	-0.0070383361	-0.0111646009	-0.0056667065	0.0001571571	0.0000018814	0.0000495382	0.0001246483	0.0000321116	0.0002085766	0.0001567599	0.0003653365
0.4813333333	0.7993587371	0.8835436584	0.8926723157	0.8428305123	0.9897737868	0.9441656221	-0.0115554754	-0.0012766153	-0.0064911146	-0.0102788601	-0.0052144993	0.0001335290	0.0000016297	0.0000421346	0.0001056550	0.0000271910	0.0001772933	0.0001328460	0.0003101393
0.4813333333	0.8060254038	0.8844102742	0.8927562888	0.8432911288	0.9906514077	0.9445927622	-0.0105751151	-0.0011825504	-0.0059447525	-0.0093925647	-0.0047622020	0.0001118331	0.0000013984	0.0000353401	0.0000882203	0.0000226786	0.0001485716	0.0001108988	0.0002594704
0.4813333333	0.8126920705	0.8852772610	0.8928393572	0.8437510535	0.9915302836	0.9450200047	-0.0095952960	-0.0010895077	-0.0053995085	-0.0085057883	-0.0043100008	0.0000920697	0.0000011870	0.0000291547	0.0000723484	0.0000185761	0.0001224114	0.0000909245	0.0002133360
0.4813333333	0.8193587371	0.8861444961	0.8929214580	0.8442100767	0.9924103493	0.9454471826	-0.0086161558	-0.0009975571	-0.0048556296	-0.0076185987	-0.0038580725	0.0000742381	0.0000009951	0.0000235771	0.0000580430	0.0000148847	0.0000988104	0.0000729278	0.0001717382
0.4813333333	0.8260254038	0.8870118634	0.8930025309	0.8446679980	0.9932915447	0.9458741366	-0.0076378242	-0.0009067661	-0.0043133510	-0.0067310581	-0.0034065849	0.0000583364	0.0000008222	0.0000186050	0.0000453071	0.0000116048	0.0000777636	0.0000569120	0.0001346755
0.4813333333	0.8326920705	0.8878792535	0.8930825176	0.8451246256	0.9941738149	0.9463007157	-0.0066604232	-0.0008171997	-0.0037728970	-0.0058432235	-0.0029556973	0.0000443612	0.0000006678	0.0000142348	0.0000341433	0.0000087361	0.0000592638	0.0000428794	0.0001021432
0.4813333333	0.8393587371	0.8887465631	0.8931613618	0.8455797765	0.9950571096	0.9467267760	-0.0056840672	-0.0007289203	-0.0032344812	-0.0049551469	-0.0025055609	0.0000323086	0.0000005313	0.0000104619	0.0000245535	0.0000062778	0.0000433018	0.0000308313	0.0000741331
0.4813333333	0.8460254038	0.8896136947	0.8932390094	0.8460332760	0.9959413833	0.9471521810	-0.0047088636	-0.0006419884	-0.0026983072	-0.0040668752	-0.0020563188	0.0000221734	0.0000004121	0.0000072809	0.0000165395	0.0000042284	0.0000298664	0.0000207679	0.0000506343
0.4813333333	0.8526920705	0.8904805565	0.8933154084	0.8464849571	0.9968265947	0.9475768012	-0.0037349130	-0.0005564618	-0.0021645686	-0.0031784512	-0.0016081068	0.0000139496	0.0000003096	0.0000046854	0.0000101026	0.0000025860	0.0000189446	0.0000126886	0.0000316331
0.4813333333	0.8593587371	0.8913470625	0.8933905085	0.8469346608	0.9977127068	0.9480005134	-0.0027623094	-0.0004723963	-0.0016334496	-0.0022899131	-0.0011610533	0.0000076304	0.0000002232	0.0000026682	0.0000052437	0.0000013480	0.0000105217	0.0000065917	0.0000171134
0.4813333333	0.8660254038	0.8922131314	0.8934642614	0.8473822351	0.9985996866	0.9484232013	-0.0017911406	-0.0003898458	-0.0011051254	-0.0014012948	-0.0007152796	0.0000032082	0.0000001520	0.0000012213	0.0000019636	0.0000005116	0.0000045815	0.0000024753	0.0000070567
0.4813333333	0.8726920705	0.8930786873	0.8935366206	0.8478275351	0.9994875048	0.9488447542	-0.0008214885	-0.0003088619	-0.0005797626	-0.0005126266	-0.0002709008	0.0000006748	0.0000000954	0.0000003361	0.0000002628	0.0000000734	0.0000011064	0.0000003362	0.0000014425
0.4813333333	0.8793587371	0.8939436590	0.8936075412	0.8482704229	1.0003761358	0.9492650675	0.0001465708	-0.0002294943	-0.0000575194	0.0003760651	0.0001719749	0.0000000215	0.0000000527	0.0000000033	0.0000001414	0.0000000296	0.0000000775	0.0000001710	0.0000002485
0.4813333333	0.8860254038	0.8948079798	0.8936769802	0.8487107670	1.0012655575	0.9496840423	0.0011129664	-0.0001517910	0.0004614541	0.0012647573	0.0006132450	0.0000012387	0.0000000230	0.0000002129	0.0000015996	0.0000003761	0.0000014747	0.0000019757	0.0000034504
0.4813333333	0.8926920705	0.8956715874	0.8937448960	0.8491484421	1.0021557509	0.9501015848	0.0020776327	-0.0000757979	0.0009770152	0.0021534306	0.0010528131	0.0000043166	0.0000000057	0.0000009546	0.0000046373	0.0000011084	0.0000052769	0.0000057457	0.0000110225
0.4813333333	0.8993587371	0.8965344239	0.8938112488	0.8495833291	1.0030467004	0.9505176067	0.0030405092	-0.0000015594	0.0014890289	0.0030420686	0.0014905883	0.0000092447	0.0000000000	0.0000022172	0.0000092542	0.0000022219	0.0000114619	0.0000114760	0.0000229379
0.4813333333	0.9060254038	0.8973964351	0.8938760001	0.8500153144	1.0039383930	0.9509320245	0.0040015399	0.0000708820	0.0019973670	0.0039306579	0.0019264850	0.0000160123	0.0000000050	0.0000039895	0.0000154501	0.0000037113	0.0000200068	0.0000191614	0.0000391682
0.4813333333	0.9126920705	0.8982575709	0.8939391130	0.8504442903	1.0048308189	0.9513447593	0.0049606733	0.0001414854	0.0025019081	0.0048191879	0.0023604227	0.0000246083	0.0000000200	0.0000062595	0.0000232246	0.0000055716	0.0000308878	0.0000287962	0.0000596840
0.4813333333	0.9193587371	0.8991177848	0.8940005519	0.8508701542	1.0057239706	0.9517557370	0.0059178623	0.0002102114	0.0030025373	0.0057076509	0.0027923260	0.0000350211	0.0000000442	0.0000090152	0.0000325773	0.0000077971	0.0000440805	0.0000403744	0.0000844549
0.4813333333	0.9260254038	0.8999770337	0.8940602828	0.8512928087	1.0066178434	0.9521648876	0.0068730637	0.0002770221	0.0034991461	0.0065960416	0.0032221240	0.0000472390	0.0000000767	0.0000122440	0.0000435078	0.0000103821	0.0000595598	0.0000538898	0.0001134496
0.4813333333	0.9326920705	0.9008352780	0.8941182726	0.8517121612	1.0075124349	0.9525721454	0.0078262384	0.0003418813	0.0039916315	0.0074843571	0.0036497502	0.0000612500	0.0000001169	0.0000159331	0.0000560156	0.0000133207	0.0000773000	0.0000693363	0.0001466363
0.4813333333	0.9393587371	0.9016924811	0.8941744900	0.8521281242	1.0084077450	0.9529774487	0.0087773507	0.0004047540	0.0044798967	0.0083725968	0.0040751428	0.0000770419	0.0000001638	0.0000200695	0.0000701004	0.0000166068	0.0000972752	0.0000867072	0.0001839824
0.4813333333	0.9460254038	0.9025486097	0.8942289046	0.8525406143	1.0093037757	0.9533807395	0.0097263688	0.0004656066	0.0049638501	0.0092607622	0.0044982435	0.0000946022	0.0000002168	0.0000246398	0.0000857617	0.0000202342	0.0001194588	0.0001059959	0.0002254548
0.4813333333	0.9526920705	0.9034036332	0.8942814871	0.8529495526	1.0102005311	0.9537819634	0.0106732637	0.0005244069	0.0054434053	0.0101488568	0.0049189983	0.0001139186	0.0000002750	0.0000296307	0.0001029993	0.0000241965	0.0001438242	0.0001271958	0.0002710201
0.4813333333	0.9593587371	0.9042575238	0.8943322096	0.8533548645	1.0110980172	0.9541810698	0.0116180101	0.0005811241	0.0059184810	0.0110368861	0.0053373569	0.0001349782	0.0000003377	0.0000350284	0.0001218129	0.0000284874	0.0001703443	0.0001503002	0.0003206445
0.4813333333	0.9660254038	0.9051102565	0.8943810452	0.8537564792	1.0119962418	0.9545780110	0.0125605855	0.0006357282	0.0063890007	0.0119248572	0.0057532725	0.0001577683	0.0000004042	0.0000408193	0.0001422022	0.0000331001	0.0001989918	0.0001753024	0.0003742942
0.4813333333	0.9726920705	0.9059618085	0.8944279680	0.8541543300	1.0128952144	0.9549727429	0.0135009700	0.0006881909	0.0068548924	0.0128127791	0.0061667015	0.0001822762	0.0000004736	0.0000469895	0.0001641673	0.0000380282	0.0002297393	0.0002021955	0.0004319349
0.4813333333	0.9793587371	0.9068121597	0.8944729534	0.8545483536	1.0137949463	0.9553652241	0.0144391468	0.0007384847	0.0073160886	0.0137006621	0.0065776039	0.0002084890	0.0000005454	0.0000535252	0.0001877081	0.0000432649	0.0002625595	0.0002309730	0.0004935325
0.4813333333	0.9860254038	0.9076612922	0.8945159774	0.8549384904	1.0146954500	0.9557554163	0.0153751016	0.0007865834	0.0077725259	0.0145885182	0.0069859425	0.0002363937	0.0000006187	0.0000604122	0.0002128249	0.0000488034	0.0002974246	0.0002616283	0.0005590529
0.4813333333	0.9926920705	0.9085091901	0.8945570172	0.8553246841	1.0155967396	0.9561432840	0.0163088223	0.0008324617	0.0082241450	0.0154763606	0.0073916833	0.0002659777	0.0000006930	0.0000676366	0.0002395177	0.0000546370	0.0003343072	0.0002941547	0.0006284620
0.4813333333	0.9993587371	0.9093558398	0.8945960509	0.8557068819	1.0164988308	0.9565287942	0.0172402993	0.0008760955	0.0086708904	0.0163642038	0.0077947950	0.0002972279	0.0000007675	0.0000751843	0.0002677872	0.0000607588	0.0003731798	0.0003285460	0.0007017258
0.4813333333	1.0060254038	0.9102012294	0.8946330576	0.8560850337	1.0174017400	0.9569119165	0.0181695251	0.0009174615	0.0091127103	0.0172520637	0.0081952489	0.0003301316	0.0000008417	0.0000830415	0.0002976337	0.0000671621	0.0004140149	0.0003647958	0.0007788107
0.4813333333	1.0126920705	0.9110453492	0.8946680170	0.8564590928	1.0183054853	0.9572926231	0.0190964945	0.0009565375	0.0095495564	0.0181399569	0.0085930189	0.0003646761	0.0000009150	0.0000911940	0.0003290580	0.0000738400	0.0004567851	0.0004028980	0.0008596831
0.4813333333	1.0193587371	0.9118881910	0.8947009098	0.8568290151	1.0192100858	0.9576708884	0.0200212038	0.0009933023	0.0099813838	0.0190279016	0.0089880815	0.0004008486	0.0000009866	0.0000996280	0.0003620610	0.0000807856	0.0005014633	0.0004428466	0.0009443099
0.4813333333	1.0260254038	0.9127297484	0.8947317176	0.8571947594	1.0201155614	0.9580466888	0.0209436517	0.0010277353	0.0104081506	0.0199159163	0.0093804153	0.0004386365	0.0000010562	0.0001083296	0.0003966437	0.0000879922	0.0005480224	0.0004846359	0.0010326583
0.4813333333	1.0326920705	0.9135700165	0.8947604227	0.8575562870	1.0210219332	0.9584200030	0.0218638381	0.0010598171	0.0108298184	0.0208040210	0.0097700013	0.0004780274	0.0000011232	0.0001172850	0.0004328073	0.0000954529	0.0005964356	0.0005282602	0.0011246958
0.4813333333	1.0393587371	0.9144089919	0.8947870080	0.8579135618	1.0219292231	0.9587908118	0.0227817649	0.0010895289	0.0112463513	0.0216922361	0.0101568224	0.0005190088	0.0000011871	0.0001264804	0.0004705531	0.0001031610	0.0006466763	0.0005737141	0.0012203905
0.4813333333	1.0460254038	0.9152466728	0.8948114573	0.8582665502	1.0228374540	0.9591590979	0.0236974356	0.0011168527	0.0116577165	0.0225805829	0.0105408637	0.0005615685	0.0000012474	0.0001359024	0.0005098827	0.0001111098	0.0006987182	0.0006209925	0.0013197107
0.4813333333	1.0526920705	0.9160830587	0.8948337552	0.8586152207	1.0237466494	0.9595248455	0.0246108548	0.0011417715	0.0120638837	0.0234690833	0.0109221122	0.0006056942	0.0000013036	0.0001455373	0.0005507979	0.0001192925	0.0007525351	0.0006700904	0.0014226255
0.4813333333	1.0593587371	0.9169181502	0.8948538867	0.8589595442	1.0246568337	0.9598880409	0.0255220289	0.0011642687	0.0124648252	0.0243577602	0.0113005565	0.0006513740	0.0000013555	0.0001553719	0.0005933005	0.0001277026	0.0008081013	0.0007210031	0.0015291044
0.4813333333	1.0660254038	0.9177519494	0.8948718377	0.8592994938	1.0255680318	0.9602486720	0.0264309653	0.0011843288	0.0128605159	0.0252466365	0.0116761871	0.0006985959	0.0000014026	0.0001653929	0.0006373927	0.0001363333	0.0008653914	0.0007737260	0.0016391174
0.4840000000	0.6660254038	0.8668913412	0.8909759685	0.8341067036	0.9729682639	0.9361719430	-0.0305825396	-0.0031787255	-0.0168956632	-0.0274038141	-0.0137169377	0.0009352917	0.0000101043	0.0002854634	0.0007509690	0.0001881544	0.0012308595	0.0009391234	0.0021699829
0.4840000000	0.6726920705	0.8677069704	0.8910605064	0.8345159773	0.9737913016	0.9365424360	-0.0296421153	-0.0030838476	-0.0164051104	-0.0265582677	-0.0133212629	0.0008786550	0.0000095101	0.0002691276	0.0007053416	0.0001774560	0.0011572928	0.0008827976	0.0020400904
0.4840000000	0.6793587371	0.8685273897	0.8911460024	0.8349313797	0.9746185107	0.9369187287	-0.0286970592	-0.0029879036	-0.0159074579	-0.0257091556	-0.0129195543	0.0008235212	0.0000089276	0.0002530472	0.0006609607	0.0001669149	0.0010854960	0.0008278756	0.0019133716
0.4840000000	0.6860254038	0.8693522745	0.8912323305	0.8353524273	0.9754496608	0.9373004082	-0.0277477588	-0.0028910351	-0.0154032949	-0.0248567237	-0.0125122598	0.0007699381	0.0000083581	0.0002372615	0.0006178567	0.0001565566	0.0010155577	0.0007744134	0.0017899711
0.4840000000	0.6926920705	0.8701813135	0.8913193687	0.8357786547	0.9762845328	0.9376870783	-0.0267945849	-0.0027933794	-0.0148931884	-0.0240012055	-0.0120998090	0.0007179498	0.0000078030	0.0002218071	0.0005760579	0.0001464054	0.0009475598	0.0007224632	0.0016700231
0.4840000000	0.6993587371	0.8710142083	0.8914069988	0.8362096143	0.9771229185	0.9380783587	-0.0258378919	-0.0026950692	-0.0143776828	-0.0231428226	-0.0116826136	0.0006675967	0.0000072634	0.0002067178	0.0005355902	0.0001364835	0.0008815778	0.0006720737	0.0015536515
0.4840000000	0.7060254038	0.8718506731	0.8914951063	0.8366448755	0.9779646202	0.9384738846	-0.0248780184	-0.0025962331	-0.0138573014	-0.0222817852	-0.0112610682	0.0006189158	0.0000067404	0.0001920248	0.0004964780	0.0001268117	0.0008176810	0.0006232896	0.0014409706
0.4840000000	0.7126920705	0.8726904347	0.8915835807	0.8370840244	0.9788094505	0.9388733065	-0.0239152877	-0.0024969954	-0.0133325463	-0.0214182923	-0.0108355509	0.0005719410	0.0000062350	0.0001777568	0.0004587432	0.0001174092	0.0007559328	0.0005761524	0.0013320852
0.4840000000	0.7193587371	0.8735332314	0.8916723148	0.8375266631	0.9796572316	0.9392762893	-0.0229500083	-0.0023974761	-0.0128038995	-0.0205525322	-0.0104064234	0.0005267029	0.0000057479	0.0001639398	0.0004224066	0.0001082936	0.0006963906	0.0005307002	0.0012270908
0.4840000000	0.7260254038	0.8743788134	0.8917612052	0.8379724095	0.9805077955	0.9396825121	-0.0219824744	-0.0022977916	-0.0122718236	-0.0196846829	-0.0099740320	0.0004832292	0.0000052798	0.0001505977	0.0003874867	0.0000994813	0.0006391067	0.0004869681	0.0011260747
0.4840000000	0.7326920705	0.8752269420	0.8918501518	0.8384208966	0.9813609834	0.9400916677	-0.0210129662	-0.0021980539	-0.0117367617	-0.0188149122	-0.0095387078	0.0004415447	0.0000048314	0.0001377516	0.0003540009	0.0000909869	0.0005841278	0.0004449879	0.0010291156
0.4840000000	0.7393587371	0.8760773892	0.8919390579	0.8388717719	0.9822166453	0.9405034620	-0.0200417503	-0.0020983717	-0.0111991390	-0.0179433786	-0.0091007674	0.0004016718	0.0000044032	0.0001254207	0.0003219648	0.0000828240	0.0005314956	0.0004047888	0.0009362844
0.4840000000	0.7460254038	0.8769299377	0.8920278301	0.8393246973	0.9830746397	0.9409176137	-0.0190690806	-0.0019988494	-0.0106593626	-0.0170702312	-0.0086605132	0.0003636298	0.0000039954	0.0001136220	0.0002913928	0.0000750045	0.0004812472	0.0003663973	0.0008476445
0.4840000000	0.7526920705	0.8777843802	0.8921163782	0.8397793484	0.9839348337	0.9413338539	-0.0180951983	-0.0018995883	-0.0101178225	-0.0161956101	-0.0082182342	0.0003274362	0.0000036084	0.0001023703	0.0002622978	0.0000675394	0.0004334150	0.0003298372	0.0007632521
0.4840000000	0.7593587371	0.8786405192	0.8922046151	0.8402354140	0.9847971019	0.9417519253	-0.0171203328	-0.0018006858	-0.0095748920	-0.0153196470	-0.0077742062	0.0002931058	0.0000032425	0.0000916786	0.0002346916	0.0000604383	0.0003880268	0.0002951299	0.0006831567
0.4840000000	0.7660254038	0.8794981667	0.8922924567	0.8406925957	0.9856613268	0.9421715822	-0.0161447014	-0.0017022361	-0.0090309285	-0.0144424654	-0.0073286924	0.0002606514	0.0000028976	0.0000815577	0.0002085848	0.0000537097	0.0003451067	0.0002622945	0.0006074012
0.4840000000	0.7726920705	0.8803571439	0.8923798219	0.8411506077	0.9865273982	0.9425925902	-0.0151685107	-0.0016043300	-0.0084862737	-0.0135641808	-0.0068819437	0.0002300837	0.0000025739	0.0000720168	0.0001839870	0.0000473611	0.0003046744	0.0002313481	0.0005360226
0.4840000000	0.7793587371	0.8812172806	0.8924666323	0.8416091759	0.9873952131	0.9430147251	-0.0141919562	-0.0015070550	-0.0079412545	-0.0126849012	-0.0064341995	0.0002014116	0.0000022712	0.0000630635	0.0001609067	0.0000413989	0.0002667464	0.0002023056	0.0004690520
0.4840000000	0.7860254038	0.8820784152	0.8925528125	0.8420680379	0.9882646750	0.9434377732	-0.0132152230	-0.0014104956	-0.0073961833	-0.0118047274	-0.0059856877	0.0001746421	0.0000019895	0.0000547035	0.0001393516	0.0000358285	0.0002313351	0.0001751800	0.0004065152
0.4840000000	0.7926920705	0.8829403943	0.8926382896	0.8425269423	0.9891356942	0.9438615306	-0.0122384865	-0.0013147332	-0.0068513586	-0.0109237533	-0.0055366254	0.0001497806	0.0000017285	0.0000469411	0.0001193284	0.0000306542	0.0001984502	0.0001499826	0.0003484328
0.4840000000	0.7993587371	0.8838030722	0.8927229933	0.8429856486	0.9900081871	0.9442858029	-0.0112619124	-0.0012198463	-0.0063070657	-0.0100420661	-0.0050872194	0.0001268307	0.0000014880	0.0000397791	0.0001008431	0.0000258798	0.0001680978	0.0001267229	0.0002948207
0.4840000000	0.8060254038	0.8846663110	0.8928068560	0.8434439265	0.9908820760	0.9447104050	-0.0102856570	-0.0011259103	-0.0057635767	-0.0091597467	-0.0046376663	0.0001057947	0.0000012677	0.0000332188	0.0000839010	0.0000215079	0.0001402812	0.0001054089	0.0002456901
0.4840000000	0.8126920705	0.8855299799	0.8928898124	0.8439015560	0.9917572892	0.9451351603	-0.0093098681	-0.0010329983	-0.0052211514	-0.0082768698	-0.0041881531	0.0000866736	0.0000010671	0.0000272604	0.0000685066	0.0000175406	0.0001150012	0.0000860472	0.0002010484
0.4840000000	0.8193587371	0.8863939551	0.8929717994	0.8443583262	0.9926337603	0.9455599009	-0.0083346848	-0.0009411804	-0.0046800377	-0.0073935044	-0.0037388573	0.0000694670	0.0000008858	0.0000219028	0.0000546639	0.0000139791	0.0000922555	0.0000686430	0.0001608985
0.4840000000	0.8260254038	0.8872581196	0.8930527566	0.8448140359	0.9935114281	0.9459844669	-0.0073602383	-0.0008505241	-0.0041404720	-0.0065097142	-0.0032899480	0.0000541731	0.0000007234	0.0000171435	0.0000423764	0.0000108238	0.0000720400	0.0000532001	0.0001252401
0.4840000000	0.8326920705	0.8881223628	0.8931326255	0.8452684927	0.9943902366	0.9464087063	-0.0063866517	-0.0007610945	-0.0036026796	-0.0056255572	-0.0028415852	0.0000407893	0.0000005793	0.0000129793	0.0000316469	0.0000080746	0.0000543479	0.0000397215	0.0000940694
0.4840000000	0.8393587371	0.8889865803	0.8932113499	0.8457215126	0.9952701345	0.9468324744	-0.0054140410	-0.0006729543	-0.0030668752	-0.0047410867	-0.0023939209	0.0000293118	0.0000004529	0.0000094057	0.0000224779	0.0000057309	0.0000391704	0.0000282088	0.0000673792
0.4840000000	0.8460254038	0.8898506737	0.8932888755	0.8461729202	0.9961510751	0.9472556340	-0.0044425148	-0.0005861638	-0.0025332632	-0.0038563511	-0.0019470995	0.0000197359	0.0000003436	0.0000064174	0.0000148714	0.0000037912	0.0000264969	0.0000186626	0.0000451596
0.4840000000	0.8526920705	0.8907145502	0.8933651502	0.8466225477	0.9970330161	0.9476780547	-0.0034721751	-0.0005007810	-0.0020020383	-0.0029713941	-0.0015012573	0.0000120560	0.0000002508	0.0000040082	0.0000088292	0.0000022538	0.0000163149	0.0000110830	0.0000273979
0.4840000000	0.8593587371	0.8915781226	0.8934401238	0.8470702353	0.9979159195	0.9480996127	-0.0025031172	-0.0004168620	-0.0014733857	-0.0020862552	-0.0010565237	0.0000062656	0.0000001738	0.0000021709	0.0000043525	0.0000011162	0.0000086102	0.0000054687	0.0000140789
0.4840000000	0.8660254038	0.8924413088	0.8935137478	0.8475158302	0.9987997510	0.9485201905	-0.0015354302	-0.0003344603	-0.0009474815	-0.0012009699	-0.0006130212	0.0000023575	0.0000001119	0.0000008977	0.0000014423	0.0000003758	0.0000033671	0.0000018181	0.0000051853
0.4840000000	0.8726920705	0.8933040317	0.8935859757	0.8479591870	0.9996844803	0.9489396769	-0.0005691972	-0.0002536277	-0.0004244932	-0.0003155695	-0.0001708655	0.0000003240	0.0000000643	0.0000001802	0.0000000996	0.0000000292	0.0000005685	0.0000001288	0.0000006973
0.4840000000	0.8793587371	0.8941662193	0.8936567627	0.8484001669	1.0005700808	0.9493579664	0.0003955043	-0.0001744141	0.0000954201	0.0005699184	0.0002698342	0.0000001564	0.0000000304	0.0000000091	0.0000003248	0.0000000728	0.0000001959	0.0000003976	0.0000005936
0.4840000000	0.8860254038	0.8950278038	0.8937260657	0.8488386377	1.0014565292	0.9497749593	0.0013586023	-0.0000968672	0.0006121073	0.0014554695	0.0007089745	0.0000018458	0.0000000094	0.0000003747	0.0000021184	0.0000005026	0.0000022299	0.0000026210	0.0000048509
0.4840000000	0.8926920705	0.8958887222	0.8937938432	0.8492744734	1.0023438056	0.9501905612	0.0023200301	-0.0000210330	0.0011254250	0.0023410631	0.0011464581	0.0000053825	0.0000000004	0.0000012666	0.0000054806	0.0000013144	0.0000066496	0.0000067949	0.0000134445
0.4840000000	0.8993587371	0.8967489154	0.8938600553	0.8497075543	1.0032318930	0.9506046828	0.0032797257	0.0000530440	0.0016352372	0.0032266817	0.0015821932	0.0000107566	0.0000000028	0.0000026740	0.0000104115	0.0000025033	0.0000134334	0.0000129148	0.0000263482
0.4840000000	0.9060254038	0.8976083284	0.8939246636	0.8501377662	1.0041207777	0.9510172398	0.0042376321	0.0001253215	0.0021414149	0.0041123106	0.0020160933	0.0000179575	0.0000000157	0.0000045857	0.0000169111	0.0000040646	0.0000225589	0.0000209757	0.0000435346
0.4840000000	0.9126920705	0.8984669103	0.8939876312	0.8505650006	1.0050104486	0.9514281528	0.0051936967	0.0001957586	0.0026438359	0.0049979381	0.0024480773	0.0000269745	0.0000000383	0.0000069899	0.0000249794	0.0000059931	0.0000340027	0.0000309725	0.0000649751
0.4840000000	0.9193587371	0.8993246136	0.8940489226	0.8509891543	1.0059008974	0.9518373466	0.0061478711	0.0002643158	0.0031423845	0.0058835553	0.0028780687	0.0000377963	0.0000000699	0.0000098746	0.0000346162	0.0000082833	0.0000477408	0.0000428995	0.0000906403
0.4840000000	0.9260254038	0.9001813944	0.8941085037	0.8514101293	1.0067921182	0.9522447508	0.0071001111	0.0003309555	0.0036369512	0.0067691557	0.0033059958	0.0000504116	0.0000001095	0.0000132274	0.0000458215	0.0000109296	0.0000637485	0.0000567511	0.0001204996
0.4840000000	0.9326920705	0.9010372121	0.8941663417	0.8518278326	1.0076841076	0.9526502988	0.0080503765	0.0003956413	0.0041274327	0.0076547352	0.0037317914	0.0000648086	0.0000001565	0.0000170357	0.0000585950	0.0000139263	0.0000820008	0.0000725212	0.0001545220
0.4840000000	0.9393587371	0.9018920295	0.8942224051	0.8522421757	1.0085768645	0.9530539281	0.0089986306	0.0004583383	0.0046137310	0.0085402922	0.0041553926	0.0000809754	0.0000002101	0.0000212865	0.0000729366	0.0000172673	0.0001024719	0.0000902039	0.0001926758
0.4840000000	0.9460254038	0.9027458124	0.8942766636	0.8526530750	1.0094703901	0.9534555801	0.0099448402	0.0005190132	0.0050957538	0.0094258270	0.0045767406	0.0000988998	0.0000002694	0.0000259667	0.0000888462	0.0000209466	0.0001251359	0.0001097928	0.0002349287
0.4840000000	0.9526920705	0.9035985293	0.8943290880	0.8530604509	1.0103646873	0.9538551997	0.0108889758	0.0005776336	0.0055734142	0.0103113422	0.0049957805	0.0001185698	0.0000003337	0.0000310629	0.0001063238	0.0000249578	0.0001499664	0.0001312816	0.0002812480
0.4840000000	0.9593587371	0.9044501517	0.8943796505	0.8534642281	1.0112597612	0.9542527356	0.0118310107	0.0006341688	0.0060466300	0.0111968419	0.0054124612	0.0001399728	0.0000004022	0.0000365617	0.0001253693	0.0000292947	0.0001769367	0.0001546640	0.0003316007
0.4840000000	0.9660254038	0.9053006538	0.8944283242	0.8538643355	1.0121556187	0.9546481394	0.0127709215	0.0006885891	0.0065153241	0.0120823324	0.0058267350	0.0001630964	0.0000004742	0.0000424494	0.0001459828	0.0000339508	0.0002060200	0.0001799336	0.0003859536
0.4840000000	0.9726920705	0.9061500121	0.8944750833	0.8542607057	1.0130522684	0.9550413663	0.0137086875	0.0007408659	0.0069794238	0.0129678215	0.0062385579	0.0001879281	0.0000005489	0.0000487124	0.0001681644	0.0000389196	0.0002371894	0.0002070840	0.0004442734
0.4840000000	0.9793587371	0.9069982058	0.8945199031	0.8546532749	1.0139497205	0.9554323743	0.0146442907	0.0007909721	0.0074388609	0.0138533186	0.0066478888	0.0002144553	0.0000006256	0.0000553367	0.0001919144	0.0000441944	0.0002704175	0.0002361089	0.0005065264
0.4840000000	0.9860254038	0.9078452160	0.8945627599	0.8550419830	1.0148479868	0.9558211244	0.0155777160	0.0008388813	0.0078935714	0.0147388346	0.0070546900	0.0002426652	0.0000007037	0.0000623085	0.0002172332	0.0000497687	0.0003056774	0.0002670019	0.0005726793
0.4840000000	0.9926920705	0.9086910264	0.8946036309	0.8554267734	1.0157470806	0.9562075804	0.0165089503	0.0008845686	0.0083434953	0.0156243818	0.0074589267	0.0002725454	0.0000007825	0.0000696139	0.0002441213	0.0000556356	0.0003429418	0.0002997569	0.0006426987
0.4840000000	0.9993587371	0.9095356226	0.8946424943	0.8558075925	1.0166470164	0.9565917089	0.0174379833	0.0009280096	0.0087885764	0.0165099737	0.0078605668	0.0003040833	0.0000008612	0.0000772391	0.0002725792	0.0000617885	0.0003821835	0.0003343677	0.0007165513
0.4840000000	1.0060254038	0.9103789921	0.8946793291	0.8561843899	1.0175478101	0.9569734788	0.0183648065	0.0009691814	0.0092287624	0.0173956251	0.0082595811	0.0003372661	0.0000009393	0.0000851701	0.0003026078	0.0000682207	0.0004233755	0.0003708285	0.0007942039
0.4840000000	1.0126920705	0.9112211244	0.8947141152	0.8565571184	1.0184494788	0.9573528615	0.0192894137	0.0010080617	0.0096640044	0.0182813520	0.0086559427	0.0003720815	0.0000010162	0.0000933930	0.0003342078	0.0000749253	0.0004664907	0.0004091332	0.0008756238
0.4840000000	1.0193587371	0.9120620106	0.8947468334	0.8569257335	1.0193520407	0.9577298309	0.0202118007	0.0010446294	0.0100942568	0.0191671712	0.0090496274	0.0004085169	0.0000010913	0.0001018940	0.0003673805	0.0000818958	0.0005115022	0.0004492762	0.0009607784
0.4840000000	1.0260254038	0.9129016438	0.8947774653	0.8572901934	1.0202555150	0.9581043629	0.0211319650	0.0010788641	0.0105194774	0.0200531009	0.0094406133	0.0004465599	0.0000011639	0.0001106594	0.0004021269	0.0000891252	0.0005583833	0.0004912520	0.0010496353
0.4840000000	1.0326920705	0.9137400183	0.8948059933	0.8576504591	1.0211599221	0.9584764358	0.0220499060	0.0011107463	0.0109396269	0.0209391597	0.0098288806	0.0004861984	0.0000012338	0.0001196754	0.0004384484	0.0000966069	0.0006071075	0.0005350553	0.0011421628
0.4840000000	1.0393587371	0.9145771304	0.8948324003	0.8580064941	1.0220652830	0.9588460294	0.0229656247	0.0011402573	0.0113546690	0.0218253674	0.0102144116	0.0005274199	0.0000013002	0.0001289285	0.0004763467	0.0001043342	0.0006576486	0.0005806809	0.0012383295
0.4840000000	1.0460254038	0.9154129775	0.8948566703	0.8583582641	1.0229716198	0.9592131261	0.0238791238	0.0011673794	0.0117645703	0.0227117444	0.0105971909	0.0005702126	0.0000013628	0.0001384051	0.0005158233	0.0001123005	0.0007099804	0.0006281238	0.0013381042
0.4840000000	1.0526920705	0.9162475584	0.8948787878	0.8587057376	1.0238789554	0.9595777096	0.0247904073	0.0011920953	0.0121693001	0.0235983120	0.0109772048	0.0006145643	0.0000014211	0.0001480919	0.0005568803	0.0001204990	0.0007640772	0.0006773794	0.0014414566
0.4840000000	1.0593587371	0.9170808734	0.8948987380	0.8590488849	1.0247873133	0.9599397657	0.0256994806	0.0012143888	0.0125688301	0.0244850918	0.0113544413	0.0006604633	0.0000014747	0.0001579755	0.0005995197	0.0001289233	0.0008199135	0.0007284431	0.0015483566
0.4840000000	1.0660254038	0.9179129238	0.8949165068	0.8593876785	1.0256967178	0.9602992815	0.0266063507	0.0012342443	0.0129631346	0.0253721064	0.0117288904	0.0007078979	0.0000015234	0.0001680429	0.0006437438	0.0001375669	0.0008774641	0.0007813107	0.0016587748
0.4866666667	0.6660254038	0.8672312466	0.8910286572	0.8343173318	0.9732922051	0.9363529726	-0.0301905196	-0.0031195913	-0.0166431755	-0.0270709283	-0.0135235842	0.0009114675	0.0000097318	0.0002769953	0.0007328352	0.0001828873	0.0011981946	0.0009157225	0.0021139171
0.4866666667	0.6726920705	0.8680421604	0.8911130612	0.8347233098	0.9741100184	0.9367198689	-0.0292558958	-0.0030248693	-0.0161566949	-0.0262310265	-0.0131318256	0.0008559074	0.0000091498	0.0002610388	0.0006880667	0.0001724448	0.0011260961	0.0008605116	0.0019866077
0.4866666667	0.6793587371	0.8688579419	0.8911984314	0.8351354753	0.9749320816	0.9370926226	-0.0283165424	-0.0029290721	-0.0156630418	-0.0253874703	-0.0127339697	0.0008018266	0.0000085795	0.0002453309	0.0006445236	0.0001621540	0.0010557369	0.0008066776	0.0018624145
0.4866666667	0.6860254038	0.8696782654	0.8912846408	0.8355533439	0.9757581648	0.9374708209	-0.0273728478	-0.0028323426	-0.0151628067	-0.0245405053	-0.0123304641	0.0007492728	0.0000080222	0.0002299107	0.0006022364	0.0001520403	0.0009872057	0.0007542767	0.0017414824
0.4866666667	0.6926920705	0.8705028188	0.8913715664	0.8359764493	0.9765880489	0.9378540677	-0.0264251838	-0.0027348189	-0.0146565573	-0.0236903649	-0.0119217384	0.0006982903	0.0000074792	0.0002148147	0.0005612334	0.0001421278	0.0009205842	0.0007033612	0.0016239455
0.4866666667	0.6993587371	0.8713313030	0.8914590891	0.8364043430	0.9774215258	0.9382419824	-0.0254739058	-0.0026366349	-0.0141448393	-0.0228372709	-0.0115082044	0.0006489199	0.0000069518	0.0002000765	0.0005215409	0.0001324388	0.0008559482	0.0006539797	0.0015099279
0.4866666667	0.7060254038	0.8721634314	0.8915470937	0.8368365934	0.9782583977	0.9386342004	-0.0245193535	-0.0025379200	-0.0136281767	-0.0219814335	-0.0110902567	0.0006011987	0.0000064410	0.0001857272	0.0004831834	0.0001229938	0.0007933669	0.0006061772	0.0013995441
0.4866666667	0.7126920705	0.8729989296	0.8916354688	0.8372727858	0.9790984770	0.9390303718	-0.0235618515	-0.0024387994	-0.0131070730	-0.0211230521	-0.0106682736	0.0005551608	0.0000059477	0.0001717954	0.0004461833	0.0001138121	0.0007329039	0.0005599954	0.0012928993
0.4866666667	0.7193587371	0.8738375352	0.8917241067	0.8377125213	0.9799415858	0.9394301612	-0.0226017093	-0.0023393939	-0.0125820111	-0.0202623154	-0.0102426172	0.0005108373	0.0000054728	0.0001583070	0.0004105614	0.0001049112	0.0006746170	0.0005154726	0.0011900897
0.4866666667	0.7260254038	0.8746789973	0.8918129031	0.8381554168	0.9807875557	0.9398332475	-0.0216392223	-0.0022398205	-0.0120534544	-0.0193994018	-0.0098136339	0.0004682559	0.0000050168	0.0001452858	0.0003763368	0.0000963074	0.0006185585	0.0004726442	0.0010912027
0.4866666667	0.7326920705	0.8755230763	0.8919017574	0.8386011045	0.9816362273	0.9402393229	-0.0206746720	-0.0021401921	-0.0115218475	-0.0185344799	-0.0093816555	0.0004274421	0.0000045804	0.0001327530	0.0003435269	0.0000880155	0.0005647755	0.0004315424	0.0009963179
0.4866666667	0.7393587371	0.8763695431	0.8919905725	0.8390492310	0.9824874501	0.9406480929	-0.0197083264	-0.0020406176	-0.0109876164	-0.0176677088	-0.0089469989	0.0003884181	0.0000041641	0.0001207277	0.0003121479	0.0000800488	0.0005133100	0.0003921967	0.0009055067
0.4866666667	0.7460254038	0.8772181794	0.8920792544	0.8394994572	0.9833410821	0.9410592759	-0.0187404405	-0.0019412023	-0.0104511694	-0.0167992382	-0.0085099671	0.0003512041	0.0000037683	0.0001092269	0.0002822144	0.0000724195	0.0004641993	0.0003546339	0.0008188333
0.4866666667	0.7526920705	0.8780687768	0.8921677125	0.8399514579	0.9841969896	0.9414726022	-0.0177712571	-0.0018420478	-0.0099128974	-0.0159292093	-0.0080708496	0.0003158176	0.0000033931	0.0000982655	0.0002537397	0.0000651386	0.0004174763	0.0003188783	0.0007363546
0.4866666667	0.7593587371	0.8789211370	0.8922558592	0.8404049209	0.9850550466	0.9418878141	-0.0168010066	-0.0017432520	-0.0093731750	-0.0150577545	-0.0076299229	0.0002822738	0.0000030389	0.0000878564	0.0002267360	0.0000582157	0.0003731692	0.0002849517	0.0006581209
0.4866666667	0.7660254038	0.8797750707	0.8923436102	0.8408595471	0.9859151348	0.9423046654	-0.0158299078	-0.0016449095	-0.0088323604	-0.0141849983	-0.0071874508	0.0002505860	0.0000027057	0.0000780106	0.0002012142	0.0000516594	0.0003313023	0.0002528736	0.0005841759
0.4866666667	0.7726920705	0.8806303981	0.8924308839	0.8413150495	0.9867771432	0.9427229208	-0.0148581687	-0.0015471115	-0.0082907965	-0.0133110572	-0.0067436850	0.0002207652	0.0000023936	0.0000687373	0.0001771842	0.0000454773	0.0002918960	0.0002226615	0.0005145576
0.4866666667	0.7793587371	0.8814869481	0.8925176018	0.8417711535	0.9876409678	0.9431423557	-0.0138859859	-0.0014499458	-0.0077488112	-0.0124360402	-0.0062988655	0.0001928206	0.0000021023	0.0000600441	0.0001546551	0.0000396757	0.0002549670	0.0001943308	0.0004492978
0.4866666667	0.7860254038	0.8823445579	0.8926036881	0.8422275956	0.9885065115	0.9435627556	-0.0129135463	-0.0013534971	-0.0072067181	-0.0115600492	-0.0058532209	0.0001667597	0.0000018320	0.0000519368	0.0001336347	0.0000342602	0.0002205284	0.0001678949	0.0003884233
0.4866666667	0.7926920705	0.8832030730	0.8926890697	0.8426841237	0.9893736834	0.9439839159	-0.0119410263	-0.0012578472	-0.0066648165	-0.0106831791	-0.0054069693	0.0001425881	0.0000015822	0.0000444198	0.0001141303	0.0000292353	0.0001885901	0.0001433656	0.0003319557
0.4866666667	0.7993587371	0.8840623468	0.8927736761	0.8431404965	0.9902423990	0.9444056417	-0.0109685929	-0.0011630746	-0.0061233927	-0.0098055183	-0.0049603181	0.0001203100	0.0000013527	0.0000374959	0.0000961482	0.0000246048	0.0001591587	0.0001207529	0.0002799117
0.4866666667	0.8060254038	0.8849222403	0.8928574395	0.8435964829	0.9911125798	0.9448277469	-0.0099964041	-0.0010692552	-0.0055827199	-0.0089271489	-0.0045134646	0.0000999281	0.0000011433	0.0000311668	0.0000796940	0.0000203714	0.0001322382	0.0001000653	0.0002323035
0.4866666667	0.8126920705	0.8857826216	0.8929402944	0.8440518619	0.9919841530	0.9452500544	-0.0090246088	-0.0009764621	-0.0050430589	-0.0080481467	-0.0040665968	0.0000814436	0.0000009535	0.0000254324	0.0000647727	0.0000165372	0.0001078295	0.0000813099	0.0001891394
0.4866666667	0.8193587371	0.8866433660	0.8930221778	0.8445064220	0.9928570510	0.9456723954	-0.0080533474	-0.0008847654	-0.0045046586	-0.0071685820	-0.0036198932	0.0000648564	0.0000007828	0.0000202919	0.0000513886	0.0000131036	0.0000859312	0.0000644922	0.0001504234
0.4866666667	0.8260254038	0.8875043553	0.8931030289	0.8449599612	0.9937312119	0.9460946093	-0.0070827525	-0.0007942330	-0.0039677562	-0.0062885195	-0.0031735232	0.0000501654	0.0000006308	0.0000157431	0.0000395455	0.0000100712	0.0000665393	0.0000496167	0.0001161560
0.4866666667	0.8326920705	0.8883654780	0.8931827893	0.8454122863	0.9946065784	0.9465165434	-0.0061129485	-0.0007049300	-0.0034325781	-0.0054080186	-0.0027276482	0.0000373681	0.0000004969	0.0000117826	0.0000292467	0.0000074401	0.0000496477	0.0000366867	0.0000863344
0.4866666667	0.8393587371	0.8892266287	0.8932614026	0.8458632127	0.9954830984	0.9469380522	-0.0051440527	-0.0006169191	-0.0028993399	-0.0045271337	-0.0022824208	0.0000264613	0.0000003806	0.0000084062	0.0000204949	0.0000052094	0.0000352480	0.0000257044	0.0000609524
0.4866666667	0.8460254038	0.8900877079	0.8933388145	0.8463125641	0.9963607239	0.9473589979	-0.0041761751	-0.0005302607	-0.0023682469	-0.0036459144	-0.0018379862	0.0000174404	0.0000002812	0.0000056086	0.0000132927	0.0000033782	0.0000233302	0.0000166709	0.0000400011
0.4866666667	0.8526920705	0.8909486220	0.8934149729	0.8467601721	0.9972394117	0.9477792490	-0.0032094187	-0.0004450129	-0.0018394946	-0.0027644058	-0.0013944816	0.0000103004	0.0000001980	0.0000033837	0.0000076419	0.0000019446	0.0000138821	0.0000095865	0.0000234687
0.4866666667	0.8593587371	0.8918092826	0.8934898274	0.8472058761	0.9981191226	0.9481986812	-0.0022438802	-0.0003612317	-0.0013132692	-0.0018826485	-0.0009520375	0.0000050350	0.0000001305	0.0000017247	0.0000035444	0.0000009064	0.0000068902	0.0000044507	0.0000113409
0.4866666667	0.8660254038	0.8926696068	0.8935633297	0.8476495227	0.9989998214	0.9486171763	-0.0012796500	-0.0002789709	-0.0007897477	-0.0010006791	-0.0005107768	0.0000016375	0.0000000778	0.0000006237	0.0000010014	0.0000002609	0.0000023390	0.0000012623	0.0000036013
0.4866666667	0.8726920705	0.8935295165	0.8936354332	0.8480909657	0.9998814767	0.9490346222	-0.0003168124	-0.0001982820	-0.0002690984	-0.0001185304	-0.0000708163	0.0000001004	0.0000000393	0.0000000724	0.0000000140	0.0000000050	0.0000002121	0.0000000191	0.0000002312
0.4866666667	0.8793587371	0.8943889388	0.8937060931	0.8485300658	1.0007640607	0.9494509128	0.0006445540	-0.0001192150	0.0002485188	0.0007637690	0.0003677338	0.0000004154	0.0000000142	0.0000000618	0.0000005833	0.0000001352	0.0000004914	0.0000007186	0.0000012100
0.4866666667	0.8860254038	0.8952478051	0.8937752663	0.8489666901	1.0016475493	0.9498659475	0.0016043759	-0.0000418176	0.0007629520	0.0016461935	0.0008047696	0.0000025740	0.0000000017	0.0000005821	0.0000027100	0.0000006477	0.0000031579	0.0000033576	0.0000065155
0.4866666667	0.8926920705	0.8961060511	0.8938429113	0.8494007120	1.0025319213	0.9502796311	0.0025625855	0.0000338641	0.0012740568	0.0025287213	0.0012401927	0.0000065668	0.0000000011	0.0000016232	0.0000063944	0.0000015381	0.0000081912	0.0000079325	0.0000161237
0.4866666667	0.8993587371	0.8969636172	0.8939089883	0.8498320110	1.0034171588	0.9506918738	0.0035191196	0.0001077860	0.0017816966	0.0034113336	0.0016739106	0.0000123842	0.0000000116	0.0000031744	0.0000116372	0.0000028020	0.0000155703	0.0000144392	0.0000300094
0.4866666667	0.9060254038	0.8978204475	0.8939734588	0.8502604725	1.0043032471	0.9511025905	0.0044739201	0.0001799054	0.0022857415	0.0042940146	0.0021058360	0.0000200160	0.0000000324	0.0000052246	0.0000184386	0.0000044345	0.0000252729	0.0000228731	0.0000481460
0.4866666667	0.9126920705	0.8986764900	0.8940362861	0.8506859873	1.0051901740	0.9515117009	0.0054269332	0.0002501817	0.0027860685	0.0051767515	0.0025358868	0.0000294516	0.0000000626	0.0000077622	0.0000267988	0.0000064307	0.0000372764	0.0000332295	0.0000705059
0.4866666667	0.9193587371	0.8995316965	0.8940974347	0.8511084516	1.0060779302	0.9519191294	0.0063781095	0.0003185755	0.0032825614	0.0060595341	0.0029639859	0.0000406803	0.0000001015	0.0000107752	0.0000367180	0.0000087852	0.0000515570	0.0000455032	0.0000970601
0.4866666667	0.9260254038	0.9003860222	0.8941568706	0.8515277670	1.0069665088	0.9523248045	0.0073274038	0.0003850490	0.0037751097	0.0069423548	0.0033900607	0.0000536908	0.0000001483	0.0000142515	0.0000481963	0.0000114925	0.0000680906	0.0000596888	0.0001277794
0.4866666667	0.9326920705	0.9012394259	0.8942145608	0.8519438396	1.0078559055	0.9527286593	0.0082747746	0.0004495661	0.0042636094	0.0078252085	0.0038140433	0.0000684719	0.0000002021	0.0000181784	0.0000612339	0.0000145469	0.0000868524	0.0000757808	0.0001626332
0.4866666667	0.9393587371	0.9020918693	0.8942704742	0.8523565807	1.0087461181	0.9531306304	0.0092201844	0.0005120920	0.0047479619	0.0087080924	0.0042358699	0.0000850118	0.0000002622	0.0000225431	0.0000758309	0.0000179426	0.0001078172	0.0000937735	0.0002015906
0.4866666667	0.9460254038	0.9029433175	0.8943245803	0.8527659059	1.0096371468	0.9535306585	0.0101635990	0.0005725933	0.0052280743	0.0095910057	0.0046554810	0.0001032987	0.0000003279	0.0000273328	0.0000919874	0.0000216735	0.0001309594	0.0001136609	0.0002446203
0.4866666667	0.9526920705	0.9037937384	0.8943768501	0.8531717352	1.0105289937	0.9539286880	0.0111049877	0.0006310378	0.0057038588	0.0104739499	0.0050728210	0.0001233208	0.0000003982	0.0000325340	0.0001097036	0.0000257335	0.0001562530	0.0001354371	0.0002916901
0.4866666667	0.9593587371	0.9046431025	0.8944272559	0.8535739929	1.0114216629	0.9543246667	0.0120443229	0.0006873947	0.0061752326	0.0113569282	0.0054878379	0.0001450657	0.0000004725	0.0000381335	0.0001289798	0.0000301164	0.0001836717	0.0001590962	0.0003427679
0.4866666667	0.9660254038	0.9054913834	0.8944757708	0.8539726071	1.0123151604	0.9547185458	0.0129815802	0.0007416345	0.0066421180	0.0122399457	0.0059004835	0.0001685214	0.0000005500	0.0000441177	0.0001498163	0.0000348157	0.0002131892	0.0001846320	0.0003978212
0.4866666667	0.9726920705	0.9063385568	0.8945223691	0.8543675101	1.0132094938	0.9551102797	0.0139167381	0.0007937288	0.0071044416	0.0131230093	0.0063107128	0.0001936756	0.0000006300	0.0000504731	0.0001722134	0.0000398251	0.0002447787	0.0002120385	0.0004568172
0.4866666667	0.9793587371	0.9071846011	0.8945670261	0.8547586376	1.0141046726	0.9554998257	0.0148497776	0.0008436504	0.0075621346	0.0140061272	0.0067184842	0.0002205159	0.0000007117	0.0000571859	0.0001961716	0.0000451380	0.0002784135	0.0002413096	0.0005197231
0.4866666667	0.9860254038	0.9080294970	0.8946097183	0.8551459290	1.0150007075	0.9558871444	0.0157806826	0.0008913731	0.0080151323	0.0148893095	0.0071237592	0.0002490299	0.0000007945	0.0000642423	0.0002216915	0.0000507479	0.0003140668	0.0002724395	0.0005865063
0.4866666667	0.9926920705	0.9088732273	0.8946504229	0.8555293272	1.0158976110	0.9562721989	0.0167094393	0.0009368719	0.0084633742	0.0157725675	0.0075265023	0.0002792054	0.0000008777	0.0000716287	0.0002487739	0.0000566482	0.0003517118	0.0003054221	0.0006571339
0.4866666667	0.9993587371	0.9097157768	0.8946891181	0.8559087781	1.0167953967	0.9566549551	0.0176360364	0.0009801227	0.0089068036	0.0166559137	0.0079266808	0.0003110298	0.0000009606	0.0000793311	0.0002774195	0.0000628323	0.0003913216	0.0003402517	0.0007315733
0.4866666667	1.0060254038	0.9105571326	0.8947257831	0.8562842311	1.0176940798	0.9570353814	0.0185604646	0.0010211026	0.0093453674	0.0175393620	0.0083242648	0.0003444908	0.0000010427	0.0000873359	0.0003076292	0.0000692934	0.0004328694	0.0003769226	0.0008097920
0.4866666667	1.0126920705	0.9113972833	0.8947603979	0.8566556383	1.0185936765	0.9574134486	0.0194827168	0.0010597894	0.0097790162	0.0184229274	0.0087192268	0.0003795763	0.0000011232	0.0000956292	0.0003394043	0.0000760249	0.0004763286	0.0004154292	0.0008917577
0.4866666667	1.0193587371	0.9122362196	0.8947929433	0.8570229548	1.0194942042	0.9577891301	0.0204027881	0.0010961621	0.0102077039	0.0193066260	0.0091115419	0.0004162738	0.0000012016	0.0001041972	0.0003727458	0.0000830202	0.0005216726	0.0004557660	0.0009774386
0.4866666667	1.0260254038	0.9130739338	0.8948234009	0.8573861384	1.0203956813	0.9581624011	0.0213206751	0.0011302002	0.0106313877	0.0201904749	0.0095011875	0.0004545712	0.0000012774	0.0001130264	0.0004076553	0.0000902726	0.0005688749	0.0004979278	0.0010668028
0.4866666667	1.0326920705	0.9139104198	0.8948517533	0.8577451498	1.0212981273	0.9585332393	0.0222363765	0.0011618846	0.0110500278	0.0210744920	0.0098881433	0.0004944564	0.0000013500	0.0001221031	0.0004441342	0.0000977754	0.0006179095	0.0005419096	0.0011598191
0.4866666667	1.0393587371	0.9147456731	0.8948779834	0.8580999519	1.0222015627	0.9589016243	0.0231498926	0.0011911965	0.0114635874	0.0219586961	0.0102723910	0.0005359175	0.0000014189	0.0001314138	0.0004821843	0.0001055220	0.0006687503	0.0005877064	0.0012564567
0.4866666667	1.0460254038	0.9155796905	0.8949020754	0.8584505103	1.0231060087	0.9592675376	0.0240612251	0.0012181181	0.0118720326	0.0228431069	0.0106539145	0.0005789426	0.0000014838	0.0001409452	0.0005218075	0.0001135059	0.0007213715	0.0006353134	0.0013566849
0.4866666667	1.0526920705	0.9164124704	0.8949240137	0.8587967927	1.0240114875	0.9596309626	0.0249703774	0.0012426326	0.0122753321	0.0237277448	0.0110326995	0.0006235197	0.0000015441	0.0001506838	0.0005630059	0.0001217205	0.0007757477	0.0006847263	0.0014604740
0.4866666667	1.0593587371	0.9172440124	0.8949437837	0.8591387693	1.0249180218	0.9599918844	0.0258773543	0.0012647236	0.0126734572	0.0246126307	0.0114087336	0.0006696375	0.0000015995	0.0001606165	0.0006057816	0.0001301592	0.0008318535	0.0007359408	0.0015677943
0.4866666667	1.0660254038	0.9180743173	0.8949613713	0.8594764123	1.0258256354	0.9603502899	0.0267821619	0.0012843756	0.0130663816	0.0254977863	0.0117820061	0.0007172842	0.0000016496	0.0001707303	0.0006501371	0.0001388157	0.0008896641	0.0007889528	0.0016786169
0.4893333333	0.6660254038	0.8675699857	0.8910809905	0.8345261643	0.9736151875	0.9365323391	-0.0297999975	-0.0030608594	-0.0163929034	-0.0267391381	-0.0133320440	0.0008880398	0.0000093689	0.0002687273	0.0007149815	0.0001777434	0.0011661360	0.0008927249	0.0020588609
0.4893333333	0.6726920705	0.8683762561	0.8911652858	0.8349289524	0.9744278305	0.9368957316	-0.0288710856	-0.0029662649	-0.0159103650	-0.0259048207	-0.0129441001	0.0008335396	0.0000087987	0.0002531397	0.0006710597	0.0001675497	0.0010954780	0.0008386095	0.0019340875
0.4893333333	0.6793587371	0.8691874689	0.8912505546	0.8353379830	0.9752448001	0.9372650358	-0.0279373497	-0.0028705872	-0.0154205863	-0.0250667625	-0.0125499992	0.0007804955	0.0000082403	0.0002377945	0.0006283426	0.0001575025	0.0010265303	0.0007858451	0.0018123753
0.4893333333	0.6860254038	0.8700032979	0.8913366688	0.8357527708	0.9760658664	0.9376398392	-0.0269991788	-0.0027739701	-0.0149241586	-0.0242252087	-0.0121501886	0.0007289557	0.0000076949	0.0002227305	0.0005868607	0.0001476271	0.0009593811	0.0007344878	0.0016938689
0.4893333333	0.6926920705	0.8708234302	0.8914235045	0.8361728489	0.9768908110	0.9380197457	-0.0260569456	-0.0026765530	-0.0144216505	-0.0233803927	-0.0117450975	0.0006789644	0.0000071639	0.0002079840	0.0005466428	0.0001379473	0.0008941124	0.0006845901	0.0015787024
0.4893333333	0.6993587371	0.8716475658	0.8915109417	0.8365977678	0.9777194256	0.9384043748	-0.0251110066	-0.0025784706	-0.0139136085	-0.0225325360	-0.0113351378	0.0006305627	0.0000066485	0.0001935885	0.0005077152	0.0001284853	0.0008307997	0.0006362005	0.0014670002
0.4893333333	0.7060254038	0.8724754173	0.8915988644	0.8370270952	0.9785515125	0.9387933617	-0.0241617025	-0.0024798533	-0.0134005575	-0.0216818491	-0.0109207042	0.0005837879	0.0000061497	0.0001795749	0.0004701026	0.0001192618	0.0007695125	0.0005893644	0.0013588768
0.4893333333	0.7126920705	0.8733067096	0.8916871605	0.8374604154	0.9793868840	0.9391863565	-0.0232093588	-0.0023808271	-0.0128830019	-0.0208285317	-0.0105021749	0.0005386743	0.0000056683	0.0001659717	0.0004338277	0.0001102957	0.0007103144	0.0005441234	0.0012544378
0.4893333333	0.7193587371	0.8741411792	0.8917757215	0.8378973288	0.9802253618	0.9395830236	-0.0222542863	-0.0022815135	-0.0123614257	-0.0199727728	-0.0100799122	0.0004952533	0.0000052053	0.0001528048	0.0003989117	0.0001016046	0.0006532634	0.0005005163	0.0011537797
0.4893333333	0.7260254038	0.8749785744	0.8918644427	0.8383374515	0.9810667772	0.9399830416	-0.0212967815	-0.0021820303	-0.0118362932	-0.0191147512	-0.0096542629	0.0004535529	0.0000047613	0.0001400978	0.0003653737	0.0000932048	0.0005984120	0.0004585785	0.0010569905
0.4893333333	0.7326920705	0.8758186546	0.8919532228	0.8387804147	0.9819109705	0.9403861024	-0.0203371269	-0.0020824908	-0.0113080498	-0.0182546361	-0.0092255590	0.0004135987	0.0000043368	0.0001278720	0.0003332317	0.0000851109	0.0005458075	0.0004183427	0.0009641502
0.4893333333	0.7393587371	0.8766611899	0.8920419641	0.8392258643	0.9827577908	0.9407919112	-0.0193755919	-0.0019830047	-0.0107771225	-0.0173925872	-0.0087941178	0.0003754136	0.0000039323	0.0001161464	0.0003025021	0.0000773365	0.0004954922	0.0003798386	0.0008753308
0.4893333333	0.7460254038	0.8775059610	0.8921305723	0.8396734605	0.9836070955	0.9412001859	-0.0184124327	-0.0018836778	-0.0102439206	-0.0165287549	-0.0083602428	0.0003390177	0.0000035482	0.0001049379	0.0002731997	0.0000698937	0.0004475038	0.0003430934	0.0007905972
0.4893333333	0.7526920705	0.8783527585	0.8922189562	0.8401228770	0.9844587501	0.9416106564	-0.0174478932	-0.0017846121	-0.0097088360	-0.0156632811	-0.0079242240	0.0003044290	0.0000031848	0.0000942615	0.0002453384	0.0000627933	0.0004018753	0.0003081317	0.0007100070
0.4893333333	0.7593587371	0.8792013829	0.8923070281	0.8405738011	0.9853126281	0.9420230645	-0.0164822052	-0.0016859059	-0.0091722442	-0.0147962992	-0.0074863382	0.0002716631	0.0000028423	0.0000841301	0.0002189305	0.0000560453	0.0003586354	0.0002749757	0.0006336112
0.4893333333	0.7660254038	0.8800516443	0.8923947030	0.8410259327	0.9861686105	0.9424371635	-0.0155155887	-0.0015876543	-0.0086345043	-0.0139279345	-0.0070468500	0.0002407335	0.0000025206	0.0000745547	0.0001939874	0.0000496581	0.0003178088	0.0002436455	0.0005614543
0.4893333333	0.7726920705	0.8809033616	0.8924818993	0.8414789841	0.9870265854	0.9428527176	-0.0145482529	-0.0014899486	-0.0080959603	-0.0130583043	-0.0066060117	0.0002116517	0.0000022199	0.0000655446	0.0001705193	0.0000436394	0.0002794162	0.0002141587	0.0004935749
0.4893333333	0.7793587371	0.8817563628	0.8925685380	0.8419326799	0.9878864482	0.9432695015	-0.0135803959	-0.0013928771	-0.0075569409	-0.0121875188	-0.0061640637	0.0001844272	0.0000019401	0.0000571074	0.0001485356	0.0000379957	0.0002434746	0.0001865313	0.0004300059
0.4893333333	0.7860254038	0.8826104842	0.8926545432	0.8423867559	0.9887481007	0.9436873002	-0.0126122057	-0.0012965249	-0.0070177605	-0.0113156808	-0.0057212357	0.0001590677	0.0000016810	0.0000492490	0.0001280446	0.0000327325	0.0002099977	0.0001607772	0.0003707748
0.4893333333	0.7926920705	0.8834655702	0.8927398415	0.8428409592	0.9896114513	0.9441059085	-0.0116438599	-0.0012009736	-0.0064787196	-0.0104428863	-0.0052777460	0.0001355795	0.0000014423	0.0000419738	0.0001090539	0.0000278546	0.0001789956	0.0001369085	0.0003159041
0.4893333333	0.7993587371	0.8843214732	0.8928243624	0.8432950476	0.9904764145	0.9445251308	-0.0106755271	-0.0011063023	-0.0059401053	-0.0095692248	-0.0048338030	0.0001139669	0.0000012239	0.0000352849	0.0000915701	0.0000233657	0.0001504756	0.0001149357	0.0002654114
0.4893333333	0.8060254038	0.8851780533	0.8929080376	0.8437487896	0.9913429110	0.9449447804	-0.0097073663	-0.0010125870	-0.0054021917	-0.0086947793	-0.0043896048	0.0000942330	0.0000010253	0.0000291837	0.0000755992	0.0000192686	0.0001244420	0.0000948678	0.0002193098
0.4893333333	0.8126920705	0.8860351774	0.8929908018	0.8442019631	0.9922108667	0.9453646795	-0.0087395277	-0.0009199007	-0.0048652405	-0.0078196270	-0.0039453399	0.0000763793	0.0000008462	0.0000236706	0.0000611466	0.0000155657	0.0001008961	0.0000767123	0.0001776084
0.4893333333	0.8193587371	0.8868927200	0.8930725917	0.8446543563	0.9930802135	0.9457846587	-0.0077721532	-0.0008283139	-0.0043295014	-0.0069438393	-0.0035011875	0.0000604064	0.0000006861	0.0000187446	0.0000482169	0.0000122583	0.0000798371	0.0000604752	0.0001403123
0.4893333333	0.8260254038	0.8877505620	0.8931533465	0.8451057662	0.9939508881	0.9462045566	-0.0068053763	-0.0007378944	-0.0037952127	-0.0060674819	-0.0030573182	0.0000463131	0.0000005445	0.0000144036	0.0000368143	0.0000093472	0.0000612613	0.0000461615	0.0001074228
0.4893333333	0.8326920705	0.8886085907	0.8932330076	0.8455559990	0.9948228325	0.9466242199	-0.0058393230	-0.0006487076	-0.0032626013	-0.0051906154	-0.0026138938	0.0000340977	0.0000004208	0.0000106446	0.0000269425	0.0000068324	0.0000451631	0.0000337749	0.0000789380
0.4893333333	0.8393587371	0.8894666999	0.8933115186	0.8460048694	0.9956959933	0.9470435025	-0.0048741116	-0.0005608161	-0.0027318839	-0.0043132956	-0.0021710678	0.0000237570	0.0000003145	0.0000074632	0.0000186045	0.0000047135	0.0000315347	0.0000233181	0.0000548527
0.4893333333	0.8460254038	0.8903247892	0.8933888253	0.8464522005	0.9965703218	0.9474622656	-0.0039098534	-0.0004742804	-0.0022032666	-0.0034355730	-0.0017289862	0.0000152870	0.0000002249	0.0000048544	0.0000118032	0.0000029894	0.0000203663	0.0000147926	0.0000351588
0.4893333333	0.8526920705	0.8911827638	0.8934648754	0.8468978232	0.9974457736	0.9478803774	-0.0029466527	-0.0003891586	-0.0016769457	-0.0025574940	-0.0012877870	0.0000086828	0.0000001514	0.0000028121	0.0000065408	0.0000016584	0.0000116464	0.0000081992	0.0000198455
0.4893333333	0.8593587371	0.8920405346	0.8935396185	0.8473415763	0.9983223084	0.9482977125	-0.0019846072	-0.0003055068	-0.0011531082	-0.0016791005	-0.0008476014	0.0000039387	0.0000000933	0.0000013297	0.0000028194	0.0000007184	0.0000053617	0.0000035378	0.0000088995
0.4893333333	0.8660254038	0.8928980177	0.8936130063	0.8477833057	0.9991998901	0.9487141523	-0.0010238087	-0.0002233786	-0.0006319319	-0.0008004301	-0.0004085533	0.0000010482	0.0000000499	0.0000003993	0.0000006407	0.0000001669	0.0000014974	0.0000008076	0.0000023050
0.4893333333	0.8726920705	0.8937551343	0.8936849923	0.8482228648	1.0000784863	0.9491295838	-0.0000643425	-0.0001428257	-0.0001135858	0.0000784832	0.0000292399	0.0000000041	0.0000000204	0.0000000129	0.0000000062	0.0000000009	0.0000000374	0.0000000070	0.0000000445
0.4893333333	0.8793587371	0.8946118102	0.8937555316	0.8486601133	1.0009580681	0.9495439003	0.0008937114	-0.0000638980	0.0004017692	0.0009576094	0.0004656672	0.0000007987	0.0000000041	0.0000001614	0.0000009170	0.0000002168	0.0000009642	0.0000011339	0.0000020981
0.4893333333	0.8860254038	0.8954679762	0.8938245812	0.8490949180	1.0018386102	0.9499570004	0.0018502789	0.0000133568	0.0009139806	0.0018369220	0.0009006238	0.0000034235	0.0000000002	0.0000008354	0.0000033743	0.0000008111	0.0000042591	0.0000041854	0.0000084445
0.4893333333	0.8926920705	0.8963235672	0.8938920996	0.8495271517	1.0027200907	0.9503687885	0.0028052907	0.0000888927	0.0014229033	0.0027163979	0.0013340105	0.0000078697	0.0000000079	0.0000020247	0.0000073788	0.0000017796	0.0000099022	0.0000091584	0.0000190606
0.4893333333	0.8993587371	0.8971785225	0.8939580470	0.8499566933	1.0036024906	0.9507791737	0.0037586828	0.0001626656	0.0019283998	0.0035960172	0.0017657342	0.0000141277	0.0000000265	0.0000037187	0.0000129313	0.0000031178	0.0000178729	0.0000160492	0.0000339220
0.4893333333	0.9060254038	0.8980327854	0.8940223851	0.8503834275	1.0044857941	0.9511880705	0.0047103958	0.0002346330	0.0024303396	0.0044757629	0.0021957067	0.0000221878	0.0000000551	0.0000059066	0.0000200325	0.0000048211	0.0000281494	0.0000248536	0.0000530030
0.4893333333	0.9126920705	0.8988863033	0.8940850771	0.8508072447	1.0053699880	0.9515953979	0.0056603751	0.0003047541	0.0029285992	0.0053556210	0.0026238451	0.0000320398	0.0000000929	0.0000085767	0.0000286827	0.0000068846	0.0000407094	0.0000355672	0.0000762767
0.4893333333	0.9193587371	0.8997390269	0.8941460876	0.8512280406	1.0062550620	0.9520010795	0.0066085700	0.0003729896	0.0034230612	0.0062355803	0.0030500716	0.0000436732	0.0000001391	0.0000117173	0.0000388825	0.0000093029	0.0000555297	0.0000481854	0.0001037151
0.4893333333	0.9260254038	0.9005909108	0.8942053826	0.8516457161	1.0071410084	0.9524050432	0.0075549343	0.0004393021	0.0039136149	0.0071156322	0.0034743128	0.0000570770	0.0000001930	0.0000153164	0.0000506322	0.0000120708	0.0000725864	0.0000627031	0.0001352895
0.4893333333	0.9326920705	0.9014419129	0.8942629295	0.8520601770	1.0080278218	0.9528072214	0.0084994255	0.0005036553	0.0044001553	0.0079957702	0.0038965000	0.0000722402	0.0000002537	0.0000193614	0.0000639323	0.0000151827	0.0000918553	0.0000791151	0.0001709703
0.4893333333	0.9393587371	0.9022919942	0.8943186967	0.8524713339	1.0089154991	0.9532075501	0.0094420051	0.0005660145	0.0048825834	0.0088759907	0.0043165689	0.0000891515	0.0000003204	0.0000238396	0.0000787832	0.0000186328	0.0001133115	0.0000974160	0.0002107274
0.4893333333	0.9460254038	0.9031411190	0.8943726542	0.8528791020	1.0098040394	0.9536059694	0.0103826380	0.0006263463	0.0053608054	0.0097562916	0.0047344591	0.0001077992	0.0000003923	0.0000287382	0.0000951852	0.0000224151	0.0001369297	0.0001176003	0.0002545300
0.4893333333	0.9526920705	0.9039892543	0.8944247730	0.8532834007	1.0106934441	0.9540024230	0.0113212923	0.0006846188	0.0058347330	0.0106366735	0.0051501142	0.0001281717	0.0000004687	0.0000340441	0.0001131388	0.0000265237	0.0001626845	0.0001396625	0.0003023470
0.4893333333	0.9593587371	0.9048363702	0.8944750254	0.8536841539	1.0115837162	0.9543968581	0.0122579398	0.0007408012	0.0063042828	0.0115171386	0.0055634816	0.0001502571	0.0000005488	0.0000397440	0.0001326445	0.0000309523	0.0001905499	0.0001635968	0.0003541467
0.4893333333	0.9660254038	0.9056824393	0.8945233846	0.8540812893	1.0124748608	0.9547892252	0.0131925549	0.0007948641	0.0067693765	0.0123976908	0.0059745124	0.0001740435	0.0000006318	0.0000458245	0.0001537027	0.0000356948	0.0002204998	0.0001893975	0.0004098973
0.4893333333	0.9726920705	0.9065274367	0.8945698250	0.8544747386	1.0133668847	0.9551794781	0.0141251152	0.0008467791	0.0072299400	0.0132783361	0.0063831609	0.0001995189	0.0000007170	0.0000522720	0.0001763142	0.0000407447	0.0002525079	0.0002170590	0.0004695669
0.4893333333	0.9793587371	0.9073713402	0.8946143221	0.8548644371	1.0142597964	0.9555675737	0.0150556010	0.0008965191	0.0076859039	0.0141590819	0.0067893848	0.0002266711	0.0000008037	0.0000590731	0.0002004796	0.0000460957	0.0002865480	0.0002465753	0.0005331233
0.4893333333	0.9860254038	0.9082141296	0.8946568522	0.8552503238	1.0151536060	0.9559534717	0.0159839952	0.0009440582	0.0081372031	0.0150399370	0.0071931450	0.0002554881	0.0000008912	0.0000662141	0.0002261997	0.0000517413	0.0003225934	0.0002779410	0.0006005345
0.4893333333	0.9926920705	0.9090557871	0.8946973927	0.8556323411	1.0160483248	0.9563371348	0.0169102831	0.0009893712	0.0085837765	0.0159209118	0.0075944052	0.0002859577	0.0000009789	0.0000736812	0.0002534754	0.0000576750	0.0003606177	0.0003111504	0.0006717682
0.4893333333	0.9993587371	0.9098962970	0.8947359221	0.8560104345	1.0169439659	0.9567185283	0.0178344525	0.0010324344	0.0090255666	0.0168020181	0.0079931322	0.0003180677	0.0000010659	0.0000814609	0.0002823078	0.0000638902	0.0004005945	0.0003461980	0.0007467924
0.4893333333	1.0060254038	0.9107356455	0.8947724194	0.8563845529	1.0178405434	0.9570976199	0.0187564934	0.0010732247	0.0094625200	0.0176832687	0.0083892953	0.0003518060	0.0000011518	0.0000895393	0.0003126980	0.0000703803	0.0004424971	0.0003830783	0.0008255754
0.4893333333	1.0126920705	0.9115738209	0.8948068647	0.8567546481	1.0187380728	0.9574743801	0.0196763980	0.0011117202	0.0098945867	0.0185646778	0.0087828665	0.0003871606	0.0000012359	0.0000979028	0.0003446473	0.0000771387	0.0004862994	0.0004217860	0.0009080854
0.4893333333	1.0193587371	0.9124108130	0.8948392391	0.8571206748	1.0196365706	0.9578487815	0.0205941603	0.0011478998	0.0103217201	0.0194462605	0.0091738203	0.0004241194	0.0000013177	0.0001065379	0.0003781570	0.0000841590	0.0005319750	0.0004623160	0.0009942910
0.4893333333	1.0260254038	0.9132466136	0.8948695241	0.8574825904	1.0205360547	0.9582207990	0.0215097764	0.0011817434	0.0107438768	0.0203280330	0.0095621334	0.0004626705	0.0000013965	0.0001154309	0.0004132289	0.0000914344	0.0005794979	0.0005046633	0.0010841612
0.4893333333	1.0326920705	0.9140812160	0.8948977024	0.8578403551	1.0214365436	0.9585904096	0.0224232441	0.0012132316	0.0111610165	0.0212100125	0.0099477850	0.0005028019	0.0000014719	0.0001245683	0.0004498646	0.0000989584	0.0006288421	0.0005488231	0.0011776652
0.4893333333	1.0393587371	0.9149146151	0.8949237571	0.8581939315	1.0223380571	0.9589575924	0.0233345629	0.0012423459	0.0115731020	0.0220922170	0.0103307562	0.0005445018	0.0000015434	0.0001339367	0.0004880661	0.0001067245	0.0006799819	0.0005947906	0.0012747725
0.4893333333	1.0460254038	0.9157468072	0.8949476723	0.8585432848	1.0232406157	0.9593223284	0.0242437339	0.0012690687	0.0119800989	0.0229746652	0.0107110302	0.0005877586	0.0000016105	0.0001435228	0.0005278352	0.0001147262	0.0007328919	0.0006425614	0.0013754533
0.4893333333	1.0526920705	0.9165777901	0.8949694326	0.8588883824	1.0241442407	0.9596846005	0.0251507598	0.0012933830	0.0123819752	0.0238573768	0.0110885922	0.0006325607	0.0000016728	0.0001533133	0.0005691744	0.0001229569	0.0007875469	0.0006921313	0.0014796782
0.4893333333	1.0593587371	0.9174075628	0.8949890234	0.8592291941	1.0250489545	0.9600443933	0.0260556446	0.0013152727	0.0127787021	0.0247403719	0.0114634293	0.0006788966	0.0000017299	0.0001632952	0.0006120860	0.0001314102	0.0008439218	0.0007434962	0.0015874180
0.4893333333	1.0660254038	0.9182361256	0.8950064308	0.8595656916	1.0259547798	0.9604016933	0.0269583938	0.0013347223	0.0131702526	0.0256236715	0.0118355303	0.0007267550	0.0000017815	0.0001734556	0.0006565725	0.0001400798	0.0009019920	0.0007966523	0.0016986444
0.4920000000	0.6660254038	0.8679075478	0.8911329624	0.8347331884	0.9739372063	0.9367100350	-0.0294109839	-0.0030025366	-0.0161448604	-0.0264084473	-0.0131423239	0.0008650060	0.0000090152	0.0002606565	0.0006974061	0.0001727207	0.0011346777	0.0008701268	0.0020048045
0.4920000000	0.6726920705	0.8687092468	0.8912171747	0.8351328926	0.9747447328	0.9370700165	-0.0284876956	-0.0029080408	-0.0156661343	-0.0255796548	-0.0127580935	0.0008115488	0.0000084567	0.0002454278	0.0006543187	0.0001627690	0.0010654333	0.0008170877	0.0018825210
0.4920000000	0.6793587371	0.8695159603	0.8913023667	0.8355388905	0.9755566604	0.9374359608	-0.0275594918	-0.0028124547	-0.0151801048	-0.0247470372	-0.0123676501	0.0007595256	0.0000079099	0.0002304356	0.0006124158	0.0001529588	0.0009978711	0.0007653746	0.0017632457
0.4920000000	0.6860254038	0.8703273616	0.8913884096	0.8359506962	0.9763727599	0.9378074554	-0.0266267626	-0.0027159232	-0.0146873638	-0.0239108393	-0.0119714406	0.0007089845	0.0000073762	0.0002157187	0.0005717282	0.0001433154	0.0009320794	0.0007150436	0.0016471230
0.4920000000	0.6926920705	0.8711431372	0.8914751783	0.8363678419	0.9771928130	0.9381841045	-0.0256898812	-0.0026185869	-0.0141884808	-0.0230712944	-0.0115698939	0.0006599700	0.0000068570	0.0002013130	0.0005322846	0.0001338624	0.0008681400	0.0006661471	0.0015342870
0.4920000000	0.6993587371	0.8719629862	0.8915625521	0.8367898774	0.9780166115	0.9385655279	-0.0247492052	-0.0025205813	-0.0136840029	-0.0222286239	-0.0111634216	0.0006125232	0.0000063533	0.0001872519	0.0004941117	0.0001246220	0.0008061284	0.0006187337	0.0014248621
0.4920000000	0.7060254038	0.8727866206	0.8916504143	0.8372163697	0.9788439579	0.9389513606	-0.0238050761	-0.0024220377	-0.0131744561	-0.0213830384	-0.0107524184	0.0005666816	0.0000058663	0.0001735663	0.0004572343	0.0001156145	0.0007461142	0.0005728488	0.0013189630
0.4920000000	0.7126920705	0.8736137643	0.8917386518	0.8376469023	0.9796746642	0.9393412527	-0.0228578205	-0.0023230828	-0.0126603453	-0.0205347377	-0.0103372625	0.0005224800	0.0000053967	0.0001602843	0.0004216755	0.0001068590	0.0006881610	0.0005285344	0.0012166955
0.4920000000	0.7193587371	0.8744441532	0.8918271557	0.8380810750	0.9805085521	0.9397348686	-0.0219077502	-0.0022238390	-0.0121421554	-0.0196839112	-0.0099183163	0.0004799495	0.0000049455	0.0001474319	0.0003874564	0.0000983730	0.0006323269	0.0004858294	0.0011181563
0.4920000000	0.7260254038	0.8752775347	0.8919158205	0.8385185030	0.9813454527	0.9401318865	-0.0209551626	-0.0021244246	-0.0116203515	-0.0188307380	-0.0094959269	0.0004391188	0.0000045132	0.0001350326	0.0003545967	0.0000901726	0.0005786646	0.0004447693	0.0010234339
0.4920000000	0.7326920705	0.8761136671	0.8920045446	0.8389588169	0.9821852057	0.9405319984	-0.0200003416	-0.0020249538	-0.0110953800	-0.0179753879	-0.0090704262	0.0004000137	0.0000041004	0.0001231075	0.0003231146	0.0000822726	0.0005272216	0.0004053872	0.0009326088
0.4920000000	0.7393587371	0.8769523199	0.8920932297	0.8394016619	0.9830276599	0.9409349090	-0.0190435575	-0.0019255365	-0.0105676686	-0.0171180210	-0.0086421321	0.0003626571	0.0000037077	0.0001116756	0.0002930266	0.0000746864	0.0004780404	0.0003677131	0.0008457535
0.4920000000	0.7460254038	0.8777932728	0.8921817809	0.8398466973	0.9838726721	0.9413403359	-0.0180850677	-0.0018262791	-0.0100376274	-0.0162587886	-0.0082113482	0.0003270697	0.0000033353	0.0001007540	0.0002643482	0.0000674262	0.0004311589	0.0003317744	0.0007629334
0.4920000000	0.7526920705	0.8786363154	0.8922701068	0.8402935962	0.9847201074	0.9417480087	-0.0171251172	-0.0017272841	-0.0095056492	-0.0153978331	-0.0077783651	0.0002932696	0.0000029835	0.0000903574	0.0002370933	0.0000605030	0.0003866105	0.0002975962	0.0006842067
0.4920000000	0.7593587371	0.8794812475	0.8923581191	0.8407420452	0.9855698387	0.9421576687	-0.0161639390	-0.0016286503	-0.0089721103	-0.0145352887	-0.0073434600	0.0002612729	0.0000026525	0.0000804988	0.0002112746	0.0000539264	0.0003444242	0.0002652010	0.0006096252
0.4920000000	0.7660254038	0.8803278780	0.8924457328	0.8411917434	0.9864217460	0.9425690689	-0.0152017545	-0.0015304729	-0.0084373708	-0.0136712815	-0.0069068978	0.0002310933	0.0000023423	0.0000711892	0.0001869039	0.0000477052	0.0003046249	0.0002346092	0.0005392341
0.4920000000	0.7726920705	0.8811760251	0.8925328658	0.8416424026	0.9872757171	0.9429819729	-0.0142387737	-0.0014328438	-0.0079017753	-0.0128059299	-0.0064689315	0.0002027427	0.0000020530	0.0000624381	0.0001639918	0.0000418471	0.0002672338	0.0002058389	0.0004730727
0.4920000000	0.7793587371	0.8820255157	0.8926194389	0.8420937464	0.9881316463	0.9433961549	-0.0132751963	-0.0013358514	-0.0073656535	-0.0119393449	-0.0060298021	0.0001762308	0.0000017845	0.0000542529	0.0001425480	0.0000363585	0.0002322682	0.0001789065	0.0004111747
0.4920000000	0.7860254038	0.8828761851	0.8927053759	0.8425455102	0.9889894347	0.9438113995	-0.0123112111	-0.0012395810	-0.0068293205	-0.0110716302	-0.0055897396	0.0001515659	0.0000015366	0.0000466396	0.0001225810	0.0000312452	0.0001997421	0.0001538262	0.0003535683
0.4920000000	0.7926920705	0.8837278769	0.8927906033	0.8429974402	0.9898489900	0.9442275010	-0.0113469974	-0.0011441146	-0.0062930778	-0.0102028829	-0.0051489632	0.0001287544	0.0000013090	0.0000396028	0.0001040988	0.0000265118	0.0001696662	0.0001306106	0.0003002768
0.4920000000	0.7993587371	0.8845804426	0.8928750504	0.8434492939	0.9907102257	0.9446442629	-0.0103827247	-0.0010495313	-0.0057572131	-0.0093331934	-0.0047076818	0.0001078010	0.0000011015	0.0000331455	0.0000871085	0.0000221623	0.0001420480	0.0001092708	0.0002513188
0.4920000000	0.8060254038	0.8854337412	0.8929586488	0.8439008386	0.9915730614	0.9450614983	-0.0094185532	-0.0009559073	-0.0052220015	-0.0084626460	-0.0042660942	0.0000887091	0.0000009138	0.0000272693	0.0000716164	0.0000181996	0.0001168922	0.0000898159	0.0002067081
0.4920000000	0.8126920705	0.8862876388	0.8930413331	0.8443518520	0.9924374225	0.9454790285	-0.0084546345	-0.0008633157	-0.0046877053	-0.0075913187	-0.0038243896	0.0000714808	0.0000007453	0.0000219746	0.0000576281	0.0000146260	0.0000942007	0.0000722541	0.0001664548
0.4920000000	0.8193587371	0.8871420089	0.8931230398	0.8448021215	0.9933032397	0.9458966837	-0.0074911115	-0.0007718273	-0.0041545752	-0.0067192842	-0.0033827479	0.0000561168	0.0000005957	0.0000172605	0.0000451488	0.0000114430	0.0000739730	0.0000565918	0.0001305647
0.4920000000	0.8260254038	0.8879967314	0.8932037080	0.8452514434	0.9941704489	0.9463143019	-0.0065281191	-0.0006815098	-0.0036228500	-0.0058466092	-0.0029413402	0.0000426163	0.0000004645	0.0000131250	0.0000341828	0.0000086515	0.0000562058	0.0000428343	0.0000990402
0.4920000000	0.8326920705	0.8888516928	0.8932832792	0.8456996235	0.9950389910	0.9467317290	-0.0055657843	-0.0005924286	-0.0030927578	-0.0049733557	-0.0025003291	0.0000309780	0.0000003510	0.0000095652	0.0000247343	0.0000062516	0.0000408941	0.0000309859	0.0000718800
0.4920000000	0.8393587371	0.8897067860	0.8933616969	0.8461464757	0.9959088117	0.9471488184	-0.0046042267	-0.0005046465	-0.0025645156	-0.0040995801	-0.0020598691	0.0000211989	0.0000002547	0.0000065767	0.0000168066	0.0000042431	0.0000280303	0.0000210496	0.0000490799
0.4920000000	0.8460254038	0.8905619095	0.8934389068	0.8465918225	0.9967798612	0.9475654306	-0.0036435587	-0.0004182240	-0.0020383305	-0.0032253346	-0.0016201065	0.0000132755	0.0000001749	0.0000041548	0.0000104028	0.0000026247	0.0000176052	0.0000130275	0.0000306328
0.4920000000	0.8526920705	0.8914169679	0.8935148566	0.8470354943	0.9976520942	0.9479814331	-0.0026838857	-0.0003332193	-0.0015143996	-0.0023506665	-0.0011811804	0.0000072032	0.0000001110	0.0000022934	0.0000055256	0.0000013952	0.0000096077	0.0000069208	0.0000165285
0.4920000000	0.8593587371	0.8922718710	0.8935894961	0.8474773293	0.9985254694	0.9483967001	-0.0017253069	-0.0002496881	-0.0009929106	-0.0014756188	-0.0007432224	0.0000029767	0.0000000623	0.0000009859	0.0000021775	0.0000005524	0.0000040249	0.0000027298	0.0000067547
0.4920000000	0.8660254038	0.8931265341	0.8936627767	0.8479171729	0.9993999497	0.9488111119	-0.0007679148	-0.0001676844	-0.0004740418	-0.0006002304	-0.0003063574	0.0000005897	0.0000000281	0.0000002247	0.0000003603	0.0000000939	0.0000008425	0.0000004541	0.0000012967
0.4920000000	0.8726920705	0.8939808775	0.8937346521	0.8483548777	1.0002755017	0.9492245553	0.0001882039	-0.0000872598	0.0000420368	0.0002754637	0.0001292966	0.0000000354	0.0000000076	0.0000000018	0.0000000759	0.0000000167	0.0000000448	0.0000000926	0.0000001374
0.4920000000	0.8793587371	0.8948348262	0.8938050774	0.8487903032	1.0011520955	0.9496369227	0.0011429683	-0.0000084640	0.0005551638	0.0011514323	0.0005636277	0.0000013064	0.0000000001	0.0000003082	0.0000013258	0.0000003177	0.0000016147	0.0000016435	0.0000032581
0.4920000000	0.8860254038	0.8956883100	0.8938740096	0.8492233154	1.0020297048	0.9500481122	0.0020963030	0.0000686553	0.0010651858	0.0020276478	0.0009965306	0.0000043945	0.0000000047	0.0000011346	0.0000041114	0.0000009931	0.0000055338	0.0000051044	0.0000106382
0.4920000000	0.8926920705	0.8965412632	0.8939414074	0.8496537866	1.0029083067	0.9504580273	0.0030481378	0.0001440520	0.0015719573	0.0029040858	0.0014279053	0.0000092911	0.0000000208	0.0000024710	0.0000084337	0.0000020389	0.0000117829	0.0000104726	0.0000222556
0.4920000000	0.8993587371	0.8973936241	0.8940072309	0.8500815952	1.0037878813	0.9508665767	0.0039984075	0.0002176822	0.0020753399	0.0037807253	0.0018576577	0.0000159873	0.0000000474	0.0000043070	0.0000142939	0.0000034509	0.0000203417	0.0000177448	0.0000380865
0.4920000000	0.9060254038	0.8982453354	0.8940714419	0.8505066255	1.0046684116	0.9512736742	0.0049470518	0.0002895034	0.0025752026	0.0046575483	0.0022856992	0.0000244733	0.0000000838	0.0000066317	0.0000216928	0.0000052244	0.0000311888	0.0000269172	0.0000581060
0.4920000000	0.9126920705	0.8990963433	0.8941340036	0.8509287673	1.0055498837	0.9516792381	0.0058940148	0.0003594750	0.0030714210	0.0055345398	0.0027119461	0.0000347394	0.0000001292	0.0000094336	0.0000306311	0.0000073547	0.0000443023	0.0000379858	0.0000822880
0.4920000000	0.9193587371	0.8999465982	0.8941948808	0.8513479158	1.0064322862	0.9520831913	0.0068392450	0.0004275577	0.0035638774	0.0064116873	0.0031363197	0.0000467753	0.0000001828	0.0000127012	0.0000411097	0.0000098365	0.0000596593	0.0000509462	0.0001106055
0.4920000000	0.9260254038	0.9007960536	0.8942540395	0.8517639714	1.0073156103	0.9524854614	0.0077826952	0.0004937141	0.0040524603	0.0072889811	0.0035587461	0.0000605703	0.0000002438	0.0000164224	0.0000531292	0.0000126647	0.0000772365	0.0000657939	0.0001430305
0.4920000000	0.9326920705	0.9016446667	0.8943114471	0.8521768395	1.0081998499	0.9528859798	0.0087243219	0.0005579081	0.0045370641	0.0081664138	0.0039791559	0.0000761138	0.0000003113	0.0000205850	0.0000666903	0.0000158337	0.0000970100	0.0000825240	0.0001795340
0.4920000000	0.9393587371	0.9024923979	0.8943670722	0.8525864301	1.0090850009	0.9532846821	0.0096640856	0.0006201051	0.0050175890	0.0090439805	0.0043974839	0.0000933946	0.0000003845	0.0000251762	0.0000817936	0.0000193379	0.0001189553	0.0001011314	0.0002200867
0.4920000000	0.9460254038	0.9033392105	0.8944208849	0.8529926581	1.0099710614	0.9536815077	0.0106019501	0.0006802717	0.0054939410	0.0099216784	0.0048136692	0.0001124013	0.0000004628	0.0000301834	0.0000984397	0.0000231714	0.0001430475	0.0001216111	0.0002646586
0.4920000000	0.9526920705	0.9041850711	0.8944728563	0.8533954424	1.0108580319	0.9540763997	0.0115378830	0.0007383762	0.0059660309	0.0107995067	0.0052276546	0.0001331227	0.0000005452	0.0000355935	0.0001166293	0.0000273284	0.0001692615	0.0001439577	0.0003132192
0.4920000000	0.9593587371	0.9050299489	0.8945229586	0.8537947063	1.0117459146	0.9544693047	0.0124718547	0.0007943879	0.0064337748	0.0116774668	0.0056393870	0.0001555472	0.0000006311	0.0000413935	0.0001363632	0.0000318027	0.0001975717	0.0001681659	0.0003657376
0.4920000000	0.9660254038	0.9058738157	0.8945711653	0.8541903773	1.0126347136	0.9548601726	0.0134038389	0.0008482773	0.0068970938	0.0125555616	0.0060488165	0.0001796629	0.0000007196	0.0000475699	0.0001576421	0.0000365882	0.0002279524	0.0001942303	0.0004221827
0.4920000000	0.9726920705	0.9067166462	0.8946174507	0.8545823865	1.0135244349	0.9552489567	0.0143338124	0.0009000164	0.0073559134	0.0134337961	0.0064558970	0.0002054582	0.0000008100	0.0000541095	0.0001804669	0.0000416786	0.0002603777	0.0002221455	0.0004825232
0.4920000000	0.9793587371	0.9075584173	0.8946617905	0.8549706688	1.0144150861	0.9556356133	0.0152617545	0.0009495780	0.0078101636	0.0143121766	0.0068605856	0.0002329212	0.0000009017	0.0000609987	0.0002048384	0.0000470676	0.0002948215	0.0002519060	0.0005467275
0.4920000000	0.9860254038	0.9083991082	0.8947041611	0.8553551629	1.0153066764	0.9560201015	0.0161876473	0.0009969362	0.0082597786	0.0151907111	0.0072628424	0.0002620399	0.0000009939	0.0000682239	0.0002307577	0.0000527489	0.0003312578	0.0002835066	0.0006147643
0.4920000000	0.9926920705	0.9092387005	0.8947445401	0.8557358107	1.0161992164	0.9564023834	0.0171114753	0.0010420663	0.0087046968	0.0160694091	0.0076626305	0.0002928026	0.0000010859	0.0000757717	0.0002582259	0.0000587159	0.0003696602	0.0003169418	0.0006866021
0.4920000000	0.9993587371	0.9100771778	0.8947829058	0.8561125574	1.0170927182	0.9567824238	0.0180332255	0.0010849443	0.0091448604	0.0169482812	0.0080599161	0.0003251972	0.0000011771	0.0000836285	0.0002872442	0.0000649622	0.0004100028	0.0003522065	0.0007622093
0.4920000000	1.0060254038	0.9109145258	0.8948192375	0.8564853513	1.0179871952	0.9571601900	0.0189528871	0.0011255474	0.0095802153	0.0178273397	0.0084546679	0.0003592119	0.0000012669	0.0000917805	0.0003178140	0.0000714814	0.0004522593	0.0003892954	0.0008415548
0.4920000000	1.0126920705	0.9117507319	0.8948535154	0.8568541440	1.0188826621	0.9575356517	0.0198704513	0.0011638537	0.0100107111	0.0187065975	0.0088468573	0.0003948348	0.0000013546	0.0001002143	0.0003499368	0.0000782669	0.0004964037	0.0004282037	0.0009246074
0.4920000000	1.0193587371	0.9125857857	0.8948857205	0.8572188897	1.0197791347	0.9579087810	0.0207859116	0.0011998424	0.0104363005	0.0195860692	0.0092364582	0.0004320541	0.0000014396	0.0001089164	0.0003836141	0.0000853122	0.0005424101	0.0004689263	0.0010113364
0.4920000000	1.0260254038	0.9134196781	0.8949158346	0.8575795455	1.0206766299	0.9582795525	0.0216992631	0.0012334932	0.0108569399	0.0204657700	0.0096234467	0.0004708580	0.0000015215	0.0001178731	0.0004188477	0.0000926107	0.0005902527	0.0005114585	0.0011017111
0.4920000000	1.0326920705	0.9142524020	0.8949438404	0.8579360713	1.0215751656	0.9586479425	0.0226105031	0.0012647870	0.0112725884	0.0213457162	0.0100078014	0.0005112349	0.0000015997	0.0001270712	0.0004556396	0.0001001561	0.0006399058	0.0005557957	0.0011957015
0.4920000000	1.0393587371	0.9150839516	0.8949697211	0.8582884292	1.0224747609	0.9590139297	0.0235196303	0.0012937053	0.0116832082	0.0222259249	0.0103895029	0.0005531730	0.0000016737	0.0001364974	0.0004939917	0.0001079418	0.0006913440	0.0006019335	0.0012932775
0.4920000000	1.0460254038	0.9159143228	0.8949934608	0.8586365841	1.0233754355	0.9593774946	0.0244266450	0.0013202307	0.0120887646	0.0231064143	0.0107685338	0.0005966610	0.0000017430	0.0001461382	0.0005339064	0.0001159613	0.0007445422	0.0006498677	0.0013944099
0.4920000000	1.0526920705	0.9167435127	0.8950150443	0.8589805031	1.0242772102	0.9597386195	0.0253315493	0.0013443463	0.0124892252	0.0239872030	0.0111448789	0.0006416874	0.0000018073	0.0001559807	0.0005753859	0.0001242083	0.0007994754	0.0006995942	0.0014990696
0.4920000000	1.0593587371	0.9175715199	0.8950344571	0.8593201555	1.0251801063	0.9600972887	0.0262343465	0.0013660359	0.0128845605	0.0248683106	0.0115185246	0.0006882409	0.0000018661	0.0001660119	0.0006184329	0.0001326764	0.0008561189	0.0007511093	0.0016072282
0.4920000000	1.0660254038	0.9183983441	0.8950516852	0.8596555130	1.0260841461	0.9604534880	0.0271350414	0.0013852843	0.0132747434	0.0257497571	0.0118894591	0.0007363105	0.0000019190	0.0001762188	0.0006630500	0.0001413592	0.0009144483	0.0008044092	0.0017188575
0.4946666667	0.6660254038	0.8682439226	0.8911845669	0.8349383916	0.9742582568	0.9368860533	-0.0290234891	-0.0029446294	-0.0158990597	-0.0260788598	-0.0129544303	0.0008423629	0.0000086708	0.0002527801	0.0006801069	0.0001678173	0.0011038139	0.0008479242	0.0019517381
0.4946666667	0.6726920705	0.8690411219	0.8912687221	0.8353351183	0.9750607201	0.9372427166	-0.0281057360	-0.0028502031	-0.0154240157	-0.0252555329	-0.0125738125	0.0007899324	0.0000081237	0.0002379003	0.0006378419	0.0001581008	0.0010359563	0.0007959427	0.0018318990
0.4946666667	0.6793587371	0.8698434056	0.8913538625	0.8357381861	0.9758676572	0.9376053902	-0.0271829793	-0.0027546804	-0.0149416098	-0.0244282989	-0.0121869293	0.0007389144	0.0000075883	0.0002232517	0.0005967418	0.0001485212	0.0009697543	0.0007452630	0.0017150174
0.4946666667	0.6860254038	0.8706504461	0.8914398582	0.8361471084	0.9766788395	0.9379736623	-0.0262556096	-0.0026582076	-0.0144524347	-0.0235974021	-0.0117942271	0.0006893570	0.0000070661	0.0002088729	0.0005568374	0.0001391038	0.0009052960	0.0006959412	0.0016012372
0.4946666667	0.6926920705	0.8714619294	0.8915265832	0.8365614169	0.9774940488	0.9383471369	-0.0253240012	-0.0025609258	-0.0139570603	-0.0227630754	-0.0113961346	0.0006413050	0.0000065583	0.0001947995	0.0005181576	0.0001298719	0.0008426629	0.0006480295	0.0014906924
0.4946666667	0.6993587371	0.8722775540	0.8916139161	0.8369806606	0.9783130773	0.9387254343	-0.0243885121	-0.0024629718	-0.0134560347	-0.0219255403	-0.0109930629	0.0005947995	0.0000060662	0.0001810649	0.0004807293	0.0001208474	0.0007819306	0.0006015767	0.0013835074
0.4946666667	0.7060254038	0.8730970310	0.8917017392	0.8374044060	0.9791357273	0.9391081897	-0.0234494849	-0.0023644776	-0.0129498842	-0.0210850073	-0.0105854066	0.0005498783	0.0000055908	0.0001676995	0.0004445775	0.0001120508	0.0007231686	0.0005566284	0.0012797970
0.4946666667	0.7126920705	0.8739200837	0.8917899390	0.8378322359	0.9799618111	0.9394950530	-0.0225072471	-0.0022655708	-0.0124391146	-0.0202416764	-0.0101735439	0.0005065762	0.0000051328	0.0001547316	0.0004097255	0.0001035010	0.0006664406	0.0005132265	0.0011796670
0.4946666667	0.7193587371	0.8747464472	0.8918784057	0.8382637495	0.9807911500	0.9398856886	-0.0215621114	-0.0021663744	-0.0119242115	-0.0193957370	-0.0097578371	0.0004649246	0.0000046932	0.0001421868	0.0003761946	0.0000952154	0.0006118046	0.0004714100	0.0010832146
0.4946666667	0.7260254038	0.8755758681	0.8919670334	0.8386985614	0.9816235750	0.9402797749	-0.0206143763	-0.0020670073	-0.0114056407	-0.0185473690	-0.0093386333	0.0004249525	0.0000042725	0.0001300886	0.0003440049	0.0000872101	0.0005593137	0.0004312150	0.0009905286
0.4946666667	0.7326920705	0.8764081040	0.8920557198	0.8391363014	0.9824589255	0.9406770034	-0.0196643266	-0.0019675844	-0.0108838491	-0.0176967422	-0.0089162647	0.0003866857	0.0000038714	0.0001184582	0.0003131747	0.0000794998	0.0005090153	0.0003926745	0.0009016898
0.4946666667	0.7393587371	0.8772429234	0.8921443663	0.8395766141	0.9832970499	0.9410770788	-0.0187122335	-0.0018682161	-0.0103592654	-0.0168440174	-0.0084910493	0.0003501477	0.0000034902	0.0001073144	0.0002837209	0.0000720979	0.0004609523	0.0003558188	0.0008167711
0.4946666667	0.7460254038	0.8780801052	0.8922328775	0.8400191583	0.9841378046	0.9414797185	-0.0177583558	-0.0017690093	-0.0098323003	-0.0159893465	-0.0080632910	0.0003153592	0.0000031294	0.0000966741	0.0002556592	0.0000650167	0.0004151627	0.0003206759	0.0007358386
0.4946666667	0.7526920705	0.8789194382	0.8923211616	0.8404636064	0.9849810540	0.9418846516	-0.0168029393	-0.0016700668	-0.0093033474	-0.0151328725	-0.0076332806	0.0002823388	0.0000027891	0.0000865523	0.0002290038	0.0000582670	0.0003716802	0.0002872708	0.0006589510
0.4946666667	0.7593587371	0.8797607213	0.8924091300	0.8409096443	0.9858266705	0.9422916194	-0.0158462182	-0.0015714878	-0.0087727836	-0.0142747304	-0.0072012957	0.0002511026	0.0000024696	0.0000769617	0.0002037679	0.0000518587	0.0003305339	0.0002556266	0.0005861605
0.4946666667	0.7660254038	0.8806037626	0.8924966973	0.8413569705	0.9866745337	0.9427003742	-0.0148884150	-0.0014733680	-0.0082409698	-0.0134150470	-0.0067676018	0.0002216649	0.0000021708	0.0000679136	0.0001799635	0.0000458004	0.0002917493	0.0002257639	0.0005175132
0.4946666667	0.7726920705	0.8814483794	0.8925837812	0.8418052963	0.9875245304	0.9431106794	-0.0139297410	-0.0013757994	-0.0077082513	-0.0125539416	-0.0063324519	0.0001940377	0.0000018928	0.0000594171	0.0001576015	0.0000400999	0.0002553476	0.0001977014	0.0004530490
0.4946666667	0.7793587371	0.8822943975	0.8926703024	0.8422543447	0.9883765543	0.9435223088	-0.0129703968	-0.0012788707	-0.0071749586	-0.0116915261	-0.0058960879	0.0001682312	0.0000016355	0.0000514800	0.0001366918	0.0000347639	0.0002213467	0.0001714556	0.0003928024
0.4946666667	0.7860254038	0.8831416517	0.8927561843	0.8427038503	0.9892305057	0.9439350464	-0.0120105725	-0.0011826675	-0.0066414076	-0.0108279050	-0.0054587401	0.0001442539	0.0000013987	0.0000441083	0.0001172435	0.0000297978	0.0001897608	0.0001470414	0.0003368022
0.4946666667	0.7926920705	0.8839899844	0.8928413533	0.8431535589	0.9900862915	0.9443486861	-0.0110504484	-0.0010872719	-0.0061079002	-0.0099631765	-0.0050206283	0.0001221124	0.0000011822	0.0000373064	0.0000992649	0.0000252067	0.0001606010	0.0001244716	0.0002850726
0.4946666667	0.7993587371	0.8848392463	0.8929257385	0.8436032272	0.9909438245	0.9447630310	-0.0100901952	-0.0009927633	-0.0055747252	-0.0090974319	-0.0045819619	0.0001018120	0.0000009856	0.0000310776	0.0000827633	0.0000209944	0.0001338752	0.0001037576	0.0002376328
0.4946666667	0.8060254038	0.8856892955	0.8930092716	0.8440526222	0.9918030234	0.9451778935	-0.0091299743	-0.0008992178	-0.0050421580	-0.0082307565	-0.0041429402	0.0000833564	0.0000008086	0.0000254234	0.0000677454	0.0000171640	0.0001095884	0.0000849093	0.0001944977
0.4946666667	0.8126920705	0.8865399973	0.8930918867	0.8445015210	0.9926638126	0.9455930946	-0.0081699384	-0.0008067089	-0.0045104620	-0.0073632295	-0.0037037531	0.0000667479	0.0000006508	0.0000203443	0.0000542171	0.0000137178	0.0000877429	0.0000679349	0.0001556779
0.4946666667	0.8193587371	0.8873912242	0.8931735206	0.8449497101	0.9935261220	0.9460084638	-0.0072102316	-0.0007153072	-0.0039798884	-0.0064949244	-0.0032645812	0.0000519874	0.0000005117	0.0000158395	0.0000421840	0.0000106575	0.0000683386	0.0000528415	0.0001211801
0.4946666667	0.8260254038	0.8882428553	0.8932541123	0.8453969857	0.9943898865	0.9464238385	-0.0062509898	-0.0006250806	-0.0034506768	-0.0056259093	-0.0028255962	0.0000390749	0.0000003907	0.0000119072	0.0000316509	0.0000079840	0.0000513728	0.0000396348	0.0000910076
0.4946666667	0.8326920705	0.8890947763	0.8933336030	0.8458431526	0.9952550462	0.9468390641	-0.0052923413	-0.0005360945	-0.0029230557	-0.0047562469	-0.0023869613	0.0000280089	0.0000002874	0.0000085443	0.0000226219	0.0000056976	0.0000368405	0.0000283195	0.0000651600
0.4946666667	0.8393587371	0.8899468790	0.8934119364	0.8462880245	0.9961215457	0.9472539934	-0.0043344067	-0.0004484117	-0.0023972432	-0.0038859950	-0.0019488315	0.0000187871	0.0000002011	0.0000057468	0.0000151010	0.0000037979	0.0000247349	0.0000188989	0.0000436338
0.4946666667	0.8460254038	0.8907990613	0.8934890580	0.8467314232	0.9969893344	0.9476684864	-0.0033772996	-0.0003620928	-0.0018734468	-0.0030152068	-0.0015113540	0.0000114062	0.0000001311	0.0000035098	0.0000090915	0.0000022842	0.0000150471	0.0000113757	0.0000264227
0.4946666667	0.8526920705	0.8916512267	0.8935649157	0.8471731787	0.9978583659	0.9480824099	-0.0024211266	-0.0002771959	-0.0013518643	-0.0021439307	-0.0010746684	0.0000058619	0.0000000768	0.0000018275	0.0000045964	0.0000011549	0.0000077662	0.0000057514	0.0000135176
0.4946666667	0.8593587371	0.8925032843	0.8936394592	0.8476131285	0.9987285981	0.9484956375	-0.0014659876	-0.0001937768	-0.0008326840	-0.0012722108	-0.0006389072	0.0000021491	0.0000000375	0.0000006934	0.0000016185	0.0000004082	0.0000028800	0.0000020267	0.0000049068
0.4946666667	0.8660254038	0.8933551486	0.8937126401	0.8480511177	0.9995999928	0.9489080490	-0.0005119766	-0.0001118893	-0.0003160850	-0.0004000873	-0.0002041957	0.0000002621	0.0000000125	0.0000000999	0.0000001601	0.0000000417	0.0000003745	0.0000002018	0.0000005763
0.4946666667	0.8726920705	0.8942067389	0.8937844119	0.8484869983	1.0004725155	0.9493195306	0.0004408188	-0.0000315851	0.0001977621	0.0004724039	0.0002293472	0.0000001943	0.0000000010	0.0000000391	0.0000002232	0.0000000526	0.0000002344	0.0000002758	0.0000005102
0.4946666667	0.8793587371	0.8950579796	0.8938547298	0.8489206293	1.0013461357	0.9497299739	0.0013923166	0.0000470862	0.0007086953	0.0013452305	0.0006616091	0.0000019385	0.0000000022	0.0000005022	0.0000018096	0.0000004377	0.0000024430	0.0000022474	0.0000046904
0.4946666667	0.8860254038	0.8959087996	0.8939235510	0.8493518761	1.0022208259	0.9501392767	0.0023424404	0.0001240769	0.0012165607	0.0022183635	0.0010924837	0.0000054870	0.0000000154	0.0000014800	0.0000049211	0.0000011935	0.0000069824	0.0000061147	0.0000130971
0.4946666667	0.8926920705	0.8967591323	0.8939908341	0.8497806108	1.0030965622	0.9505473417	0.0032911189	0.0001993412	0.0017212119	0.0030917777	0.0015218707	0.0000108315	0.0000000397	0.0000029626	0.0000095591	0.0000023161	0.0000138338	0.0000118752	0.0000257090
0.4946666667	0.8993587371	0.8976089154	0.8940565393	0.8502067111	1.0039733238	0.9509540770	0.0042382860	0.0002728351	0.0022225102	0.0039654509	0.0019496751	0.0000179631	0.0000000744	0.0000049396	0.0000157248	0.0000038012	0.0000229771	0.0000195260	0.0000425031
0.4946666667	0.9060254038	0.8984580906	0.8941206285	0.8506300609	1.0048510927	0.9513593958	0.0051838802	0.0003445161	0.0027203237	0.0048393641	0.0023758076	0.0000268726	0.0000001187	0.0000074002	0.0000234194	0.0000056445	0.0000343915	0.0000290639	0.0000634554
0.4946666667	0.9126920705	0.8993066036	0.8941830651	0.8510505496	1.0057298542	0.9517632158	0.0061278448	0.0004143438	0.0032145277	0.0057135010	0.0028001839	0.0000375505	0.0000001717	0.0000103332	0.0000326441	0.0000078410	0.0000480554	0.0000404851	0.0000885405
0.4946666667	0.9193587371	0.9001544039	0.8942438137	0.8514680718	1.0066095958	0.9521654595	0.0070701273	0.0004822791	0.0037050037	0.0065878482	0.0032227246	0.0000499867	0.0000002326	0.0000137271	0.0000433997	0.0000103860	0.0000639463	0.0000537857	0.0001177320
0.4946666667	0.9260254038	0.9010014442	0.8943028406	0.8518825276	1.0074903079	0.9525660536	0.0080106794	0.0005482845	0.0041916396	0.0074623948	0.0036433551	0.0000641710	0.0000003006	0.0000175698	0.0000556873	0.0000132740	0.0000820414	0.0000689614	0.0001510028
0.4946666667	0.9326920705	0.9018476811	0.8943601132	0.8522938219	1.0083719833	0.9529649291	0.0089494567	0.0006123241	0.0046743295	0.0083371326	0.0040620054	0.0000800928	0.0000003749	0.0000218494	0.0000695078	0.0000164999	0.0001023171	0.0000860077	0.0001883247
0.4946666667	0.9393587371	0.9026930742	0.8944156004	0.8527018644	1.0092546170	0.9533620210	0.0098864188	0.0006743634	0.0051529729	0.0092120554	0.0044786095	0.0000977413	0.0000004548	0.0000265531	0.0000848620	0.0000200579	0.0001247492	0.0001049199	0.0002296691
0.4946666667	0.9460254038	0.9035375862	0.8944692721	0.8531065693	1.0101382064	0.9537572681	0.0108215287	0.0007343691	0.0056274751	0.0100871595	0.0048931060	0.0001171055	0.0000005393	0.0000316685	0.0001017508	0.0000239425	0.0001493133	0.0001256933	0.0002750065
0.4946666667	0.9526920705	0.9043811828	0.8945210995	0.8535078554	1.0110227510	0.9541506129	0.0117547528	0.0007923096	0.0060977466	0.0109624432	0.0053054370	0.0001381742	0.0000006278	0.0000371825	0.0001201752	0.0000281477	0.0001759845	0.0001483228	0.0003243073
0.4946666667	0.9593587371	0.9052238327	0.8945710551	0.8539056454	1.0119082520	0.9545420015	0.0126860609	0.0008481542	0.0065637029	0.0118379067	0.0057155487	0.0001609361	0.0000007194	0.0000430822	0.0001401360	0.0000326675	0.0002047377	0.0001728035	0.0003775412
0.4946666667	0.9660254038	0.9060655070	0.8946191124	0.8542998665	1.0127947128	0.9549313832	0.0136154258	0.0009018738	0.0070252645	0.0127135520	0.0061233908	0.0001853798	0.0000008134	0.0000493543	0.0001616344	0.0000374959	0.0002355475	0.0001991303	0.0004346779
0.4946666667	0.9726920705	0.9069061796	0.8946652459	0.8546904493	1.0136821384	0.9553187108	0.0145428233	0.0009534402	0.0074823564	0.0135893831	0.0065289163	0.0002114937	0.0000009090	0.0000559857	0.0001846713	0.0000426267	0.0002683884	0.0002272981	0.0004956865
0.4946666667	0.9793587371	0.9077458269	0.8947094312	0.8550773284	1.0145705357	0.9557039399	0.0154682319	0.0010028265	0.0079349081	0.0144654054	0.0069320816	0.0002392662	0.0000010057	0.0000629628	0.0002092480	0.0000480538	0.0003032346	0.0002573017	0.0005605363
0.4946666667	0.9860254038	0.9085844274	0.8947516449	0.8554604421	1.0154599129	0.9560870292	0.0163916329	0.0010500069	0.0083828534	0.0153416260	0.0073328465	0.0002686856	0.0000011025	0.0000702722	0.0002353655	0.0000537706	0.0003400604	0.0002891361	0.0006291965
0.4946666667	0.9926920705	0.9094219621	0.8947918647	0.8558397318	1.0163502799	0.9564679403	0.0173130101	0.0010949567	0.0088261301	0.0162180534	0.0077311735	0.0002997403	0.0000011989	0.0000779006	0.0002630253	0.0000597710	0.0003788398	0.0003227963	0.0007016361
0.4946666667	0.9993587371	0.9102584140	0.8948300690	0.8562151425	1.0172416479	0.9568466373	0.0182323495	0.0011376520	0.0092646799	0.0170946974	0.0081270279	0.0003324186	0.0000012943	0.0000858343	0.0002922287	0.0000660486	0.0004195471	0.0003582773	0.0007778244
0.4946666667	1.0060254038	0.9110937681	0.8948662372	0.8565866221	1.0181340297	0.9572230871	0.0191496396	0.0011780703	0.0096984483	0.0179715693	0.0085203780	0.0003667087	0.0000013878	0.0000940599	0.0003229773	0.0000725968	0.0004621564	0.0003955741	0.0008577306
0.4946666667	1.0126920705	0.9119280114	0.8949003496	0.8569541218	1.0190274390	0.9575972589	0.0200648710	0.0012161897	0.0101273844	0.0188486812	0.0089111947	0.0004025990	0.0000014791	0.0001025639	0.0003552728	0.0000794094	0.0005066421	0.0004346822	0.0009413243
0.4946666667	1.0193587371	0.9127611327	0.8949323873	0.8573175955	1.0199218909	0.9579691244	0.0209780362	0.0012519894	0.0105514405	0.0197260468	0.0092994511	0.0004400780	0.0000015675	0.0001113329	0.0003891169	0.0000864798	0.0005529784	0.0004755967	0.0010285751
0.4946666667	1.0260254038	0.9135931225	0.8949623322	0.8576769999	1.0208174016	0.9583386574	0.0218891298	0.0012854493	0.0109705723	0.0206036805	0.0096851230	0.0004791340	0.0000016524	0.0001203535	0.0004245116	0.0000938016	0.0006011398	0.0005183133	0.0011194531
0.4946666667	1.0326920705	0.9144239730	0.8949901670	0.8580322945	1.0217139883	0.9587058340	0.0227981482	0.0013165505	0.0113847387	0.0214815977	0.0100681882	0.0005197556	0.0000017333	0.0001296123	0.0004614590	0.0001013684	0.0006511011	0.0005628275	0.0012139286
0.4946666667	1.0393587371	0.9152536780	0.8950158751	0.8583834412	1.0226116691	0.9590706322	0.0237050894	0.0013452745	0.0117939015	0.0223598148	0.0104486270	0.0005619313	0.0000018098	0.0001390961	0.0004999613	0.0001091738	0.0007028371	0.0006091351	0.0013119723
0.4946666667	1.0460254038	0.9160822327	0.8950394407	0.8587304045	1.0235104633	0.9594330321	0.0246099531	0.0013716040	0.0121980253	0.0232383491	0.0108264214	0.0006056498	0.0000018813	0.0001487918	0.0005400209	0.0001172114	0.0007563229	0.0006572323	0.0014135552
0.4946666667	1.0526920705	0.9169096337	0.8950608486	0.8590731512	1.0244103908	0.9597930157	0.0255127407	0.0013955221	0.0125970776	0.0241172186	0.0112015555	0.0006508999	0.0000019475	0.0001586864	0.0005816402	0.0001254748	0.0008115338	0.0007071151	0.0015186489
0.4946666667	1.0593587371	0.9177358792	0.8950800844	0.8594116503	1.0253114723	0.9601505667	0.0264134548	0.0014170129	0.0129910282	0.0249964419	0.0115740153	0.0006976706	0.0000020079	0.0001687668	0.0006248221	0.0001339578	0.0008684453	0.0007587799	0.0016272253
0.4946666667	1.0660254038	0.9185609684	0.8950971343	0.8597458730	1.0262137295	0.9605056704	0.0273120995	0.0014360611	0.0133798497	0.0258760384	0.0119437886	0.0007459508	0.0000020623	0.0001790204	0.0006695694	0.0001426541	0.0009270334	0.0008122234	0.0017392569
0.4973333333	0.6660254038	0.8685791000	0.8912357981	0.8351417623	0.9745783347	0.9370603874	-0.0286375231	-0.0028871443	-0.0156555137	-0.0257503788	-0.0127683693	0.0008201077	0.0000083356	0.0002450951	0.0006630820	0.0001630313	0.0010735384	0.0008261133	0.0018996517
0.4973333333	0.6726920705	0.8693718716	0.8913199226	0.8355356181	0.9753757877	0.9374138252	-0.0277252170	-0.0027927580	-0.0151840213	-0.0249324590	-0.0123912633	0.0007686877	0.0000077995	0.0002305545	0.0006216275	0.0001535434	0.0010070417	0.0007751709	0.0017822126
0.4973333333	0.6793587371	0.8701697948	0.8914050368	0.8359358585	0.9761777854	0.9377733174	-0.0268078222	-0.0026972702	-0.0147051134	-0.0241105519	-0.0120078432	0.0007186593	0.0000072753	0.0002162404	0.0005813187	0.0001441883	0.0009421750	0.0007255070	0.0016676820
0.4973333333	0.6860254038	0.8709725415	0.8914910097	0.8363419965	0.9769840997	0.9381384528	-0.0258857301	-0.0026008284	-0.0142193832	-0.0232849017	-0.0116185548	0.0006700710	0.0000067643	0.0002021909	0.0005421866	0.0001349908	0.0008790262	0.0006771775	0.0015562037
0.4973333333	0.6926920705	0.8717797970	0.8915777147	0.8367535631	0.9777945126	0.9385088359	-0.0249593155	-0.0025035747	-0.0137274009	-0.0224557408	-0.0112238262	0.0006229674	0.0000062679	0.0001884415	0.0005042603	0.0001259743	0.0008176769	0.0006302346	0.0014479114
0.4973333333	0.6993587371	0.8725912593	0.8916650293	0.8371701070	0.9786088167	0.9388840870	-0.0240289374	-0.0024056468	-0.0132297153	-0.0216232906	-0.0108240685	0.0005773898	0.0000057871	0.0001750254	0.0004675667	0.0001171605	0.0007582023	0.0005847272	0.0013429295
0.4973333333	0.7060254038	0.8734066387	0.8917528353	0.8375911939	0.9794268145	0.9392638417	-0.0230949391	-0.0023071775	-0.0127268533	-0.0207877616	-0.0104196758	0.0005333762	0.0000053231	0.0001619728	0.0004321310	0.0001085696	0.0007006721	0.0005407007	0.0012413728
0.4973333333	0.7126920705	0.8742256581	0.8918410183	0.8380164063	0.9802483180	0.9396477501	-0.0221576488	-0.0022082951	-0.0122193211	-0.0199493537	-0.0100110260	0.0004909614	0.0000048766	0.0001493118	0.0003979767	0.0001002206	0.0006451498	0.0004981974	0.0011433471
0.4973333333	0.7193587371	0.8750480516	0.8919294680	0.8384453425	0.9810731487	0.9400354766	-0.0212173802	-0.0021091234	-0.0117076050	-0.0191082568	-0.0095984815	0.0004501772	0.0000044484	0.0001370680	0.0003651255	0.0000921308	0.0005916936	0.0004572563	0.0010489500
0.4973333333	0.7260254038	0.8758735652	0.8920180780	0.8388776169	0.9819011372	0.9404266994	-0.0202744326	-0.0020097820	-0.0111921713	-0.0182646506	-0.0091823893	0.0004110526	0.0000040392	0.0001252647	0.0003335975	0.0000843163	0.0005403565	0.0004179137	0.0009582703
0.4973333333	0.7326920705	0.8767019557	0.8921067454	0.8393128586	0.9827321229	0.9408211102	-0.0193290918	-0.0019103861	-0.0106734677	-0.0174187057	-0.0087630817	0.0003736138	0.0000036496	0.0001139229	0.0003034113	0.0000767916	0.0004911863	0.0003802029	0.0008713892
0.4973333333	0.7393587371	0.8775329909	0.8921953710	0.8397507117	0.9835659536	0.9412184135	-0.0183816300	-0.0018110467	-0.0101519233	-0.0165705833	-0.0083408766	0.0003378843	0.0000032799	0.0001030615	0.0002745842	0.0000695702	0.0004442258	0.0003441545	0.0007883802
0.4973333333	0.7460254038	0.8783664489	0.8922838594	0.8401908344	0.9844024854	0.9416183264	-0.0174323069	-0.0017118712	-0.0096279495	-0.0157204356	-0.0079160783	0.0003038853	0.0000029305	0.0000926974	0.0002471321	0.0000626643	0.0003995132	0.0003097964	0.0007093096
0.4973333333	0.7526920705	0.8792021177	0.8923721181	0.8406328986	0.9852415824	0.9420205781	-0.0164813694	-0.0016129628	-0.0091019405	-0.0148684066	-0.0074889777	0.0002716355	0.0000026016	0.0000828453	0.0002210695	0.0000560848	0.0003570825	0.0002771543	0.0006342368
0.4973333333	0.7593587371	0.8800397954	0.8924600583	0.8410765896	0.9860831162	0.9424249094	-0.0155290527	-0.0015144211	-0.0085742738	-0.0140146316	-0.0070598527	0.0002411515	0.0000022935	0.0000735182	0.0001964099	0.0000498415	0.0003169631	0.0002462514	0.0005632145
0.4973333333	0.7660254038	0.8808792892	0.8925475944	0.8415216056	0.9869269659	0.9428310724	-0.0145755803	-0.0014163419	-0.0080453109	-0.0131592384	-0.0066289690	0.0002124475	0.0000020060	0.0000647270	0.0001731656	0.0000439432	0.0002791806	0.0002171088	0.0004962894
0.4973333333	0.7726920705	0.8817204156	0.8926346437	0.8419676570	0.9877730176	0.9432388301	-0.0136211646	-0.0013188176	-0.0075153979	-0.0123023469	-0.0061965802	0.0001855361	0.0000017393	0.0000564812	0.0001513477	0.0000383976	0.0002437566	0.0001897453	0.0004335020
0.4973333333	0.7793587371	0.8825629997	0.8927211266	0.8424144665	0.9886211644	0.9436479561	-0.0126660071	-0.0012219373	-0.0069848656	-0.0114440699	-0.0057629284	0.0001604277	0.0000014931	0.0000487883	0.0001309667	0.0000332113	0.0002107092	0.0001641781	0.0003748873
0.4973333333	0.7860254038	0.8834068753	0.8928069667	0.8428617682	0.9894713060	0.9440582340	-0.0117102993	-0.0011257864	-0.0064540308	-0.0105845128	-0.0053282443	0.0001371311	0.0000012674	0.0000416545	0.0001120319	0.0000283902	0.0001800530	0.0001404221	0.0003204751
0.4973333333	0.7926920705	0.8842518842	0.8928920899	0.8433093074	0.9903233483	0.9444694571	-0.0107542223	-0.0010304476	-0.0059231959	-0.0097237747	-0.0048927483	0.0001156533	0.0000010618	0.0000350842	0.0000945518	0.0000239390	0.0001517994	0.0001184908	0.0002702901
0.4973333333	0.7993587371	0.8850978760	0.8929764253	0.8437568402	0.9911772034	0.9448814283	-0.0097979480	-0.0009360001	-0.0053926502	-0.0088619479	-0.0044566502	0.0000959998	0.0000008761	0.0000290807	0.0000785341	0.0000198617	0.0001259566	0.0000983959	0.0002243524
0.4973333333	0.8060254038	0.8859447080	0.8930599045	0.8442041331	0.9920327892	0.9452939594	-0.0088416388	-0.0008425202	-0.0048626701	-0.0079991186	-0.0040201498	0.0000781746	0.0000007098	0.0000236456	0.0000639859	0.0000161616	0.0001025300	0.0000801475	0.0001826775
0.4973333333	0.8126920705	0.8867922448	0.8931424615	0.8446509627	0.9928900293	0.9457068711	-0.0078854486	-0.0007500816	-0.0043335192	-0.0071353670	-0.0035834375	0.0000621803	0.0000005626	0.0000187794	0.0000509135	0.0000128410	0.0000815223	0.0000637545	0.0001452768
0.4973333333	0.8193587371	0.8876403580	0.8932240331	0.8450971152	0.9937488527	0.9461199922	-0.0069295224	-0.0006587549	-0.0038054494	-0.0062707676	-0.0031466945	0.0000480183	0.0000004340	0.0000144814	0.0000393225	0.0000099017	0.0000629337	0.0000492242	0.0001121579
0.4973333333	0.8260254038	0.8884889259	0.8933045581	0.8455423860	0.9946091933	0.9465331597	-0.0059739975	-0.0005686080	-0.0032787010	-0.0054053895	-0.0027100930	0.0000356886	0.0000003233	0.0000107499	0.0000292182	0.0000073446	0.0000467618	0.0000365628	0.0000833247
0.4973333333	0.8326920705	0.8893378333	0.8933839778	0.8459865796	0.9954709905	0.9469462186	-0.0050190029	-0.0004797063	-0.0027535032	-0.0045392966	-0.0022737969	0.0000251904	0.0000002301	0.0000075818	0.0000206052	0.0000051702	0.0000330023	0.0000257754	0.0000587777
0.4973333333	0.8393587371	0.8901869712	0.8934622359	0.8464295092	0.9963341879	0.9473590211	-0.0040646605	-0.0003921128	-0.0022300744	-0.0036725477	-0.0018379616	0.0000165215	0.0000001538	0.0000049732	0.0000134876	0.0000033781	0.0000216484	0.0000168657	0.0000385142
0.4973333333	0.8460254038	0.8910362367	0.8935392780	0.8468709962	0.9971987339	0.9477714266	-0.0031110848	-0.0003058878	-0.0017086230	-0.0028051970	-0.0014027351	0.0000096788	0.0000000936	0.0000029194	0.0000078691	0.0000019677	0.0000126918	0.0000098368	0.0000225286
0.4973333333	0.8526920705	0.8918855326	0.8936150518	0.8473108701	0.9980645813	0.9481833015	-0.0021583835	-0.0002210895	-0.0011893471	-0.0019372940	-0.0009682576	0.0000046586	0.0000000489	0.0000014145	0.0000037531	0.0000009375	0.0000061220	0.0000046906	0.0000108127
0.4973333333	0.8593587371	0.8927347671	0.8936895071	0.8477489679	0.9989316871	0.9485945187	-0.0012066578	-0.0001377738	-0.0006724358	-0.0010688840	-0.0005346620	0.0000014560	0.0000000190	0.0000004522	0.0000011425	0.0000002859	0.0000019272	0.0000014284	0.0000033556
0.4973333333	0.8660254038	0.8935838538	0.8937625956	0.8481851342	0.9998000119	0.9490049576	-0.0002560023	-0.0000559943	-0.0001580688	-0.0002000081	-0.0001020745	0.0000000655	0.0000000031	0.0000000250	0.0000000400	0.0000000104	0.0000000937	0.0000000504	0.0000001441
0.4973333333	0.8726920705	0.8944327113	0.8938342708	0.8486192206	1.0006695206	0.9494145037	0.0006934941	0.0000241974	0.0003535830	0.0006692966	0.0003293856	0.0000004809	0.0000000006	0.0000001250	0.0000004480	0.0000001085	0.0000006065	0.0000005565	0.0000011630
0.4973333333	0.8793587371	0.8952812633	0.8939044881	0.8490510858	1.0015401815	0.9498230482	0.0016417484	0.0001027518	0.0008623569	0.0015389967	0.0007596051	0.0000026953	0.0000000106	0.0000007437	0.0000023685	0.0000005770	0.0000034496	0.0000029455	0.0000063951
0.4973333333	0.8860254038	0.8961294379	0.8939732046	0.8494805946	1.0024119663	0.9502304882	0.0025886833	0.0001796211	0.0013680983	0.0024090622	0.0011884772	0.0000067013	0.0000000323	0.0000018717	0.0000058036	0.0000014125	0.0000086052	0.0000072161	0.0000158213
0.4973333333	0.8926920705	0.8969771676	0.8940403790	0.8499076187	1.0032848501	0.9506367259	0.0035342264	0.0002547596	0.0018706604	0.0032794668	0.0016159008	0.0000124908	0.0000000649	0.0000034994	0.0000107549	0.0000026111	0.0000160550	0.0000133660	0.0000294211
0.4973333333	0.8993587371	0.8978243895	0.8941059717	0.8503320355	1.0041588111	0.9510416690	0.0044783107	0.0003281235	0.0023699039	0.0041501872	0.0020417804	0.0000200553	0.0000001077	0.0000056164	0.0000172241	0.0000041689	0.0000257794	0.0000213929	0.0000471723
0.4973333333	0.9060254038	0.8986710446	0.8941699445	0.8507537283	1.0050338307	0.9514452298	0.0054208738	0.0003996705	0.0028656965	0.0050212033	0.0024660260	0.0000293859	0.0000001597	0.0000082122	0.0000252125	0.0000060813	0.0000377578	0.0000312938	0.0000690516
0.4973333333	0.9126920705	0.8995170777	0.8942322610	0.8511725862	1.0059098927	0.9518473258	0.0063618578	0.0004693600	0.0033579127	0.0058924978	0.0028885527	0.0000404732	0.0000002203	0.0000112756	0.0000347215	0.0000083437	0.0000519691	0.0000430653	0.0000950344
0.4973333333	0.9193587371	0.9003624376	0.8942928859	0.8515885035	1.0067869842	0.9522478786	0.0073012095	0.0005371532	0.0038464337	0.0067640563	0.0033092805	0.0000533077	0.0000002885	0.0000147951	0.0000457525	0.0000109513	0.0000683912	0.0000567038	0.0001250950
0.4973333333	0.9260254038	0.9012070765	0.8943517856	0.8520013797	1.0076650944	0.9526468146	0.0082388796	0.0006030128	0.0043311469	0.0076358668	0.0037281341	0.0000678791	0.0000003636	0.0000187588	0.0000583065	0.0000138990	0.0000870016	0.0000722054	0.0001592070
0.4973333333	0.9326920705	0.9020509500	0.8944089275	0.8524111194	1.0085442153	0.9530440642	0.0091748229	0.0006669028	0.0048119456	0.0085079201	0.0041450428	0.0000841774	0.0000004448	0.0000231548	0.0000723847	0.0000171814	0.0001077770	0.0000895661	0.0001973430
0.4973333333	0.9393587371	0.9028940172	0.8944642807	0.8528176319	1.0094243411	0.9534395618	0.0101089979	0.0007287889	0.0052887291	0.0093802090	0.0045599403	0.0001021918	0.0000005311	0.0000279707	0.0000879883	0.0000207931	0.0001306936	0.0001087814	0.0002394750
0.4973333333	0.9460254038	0.9037362400	0.8945178152	0.8532208310	1.0103054681	0.9538332457	0.0110413667	0.0007886380	0.0057614021	0.0102527288	0.0049727642	0.0001219118	0.0000006219	0.0000331938	0.0001051184	0.0000247284	0.0001557275	0.0001298468	0.0002855743
0.4973333333	0.9526920705	0.9045775836	0.8945695024	0.8536206351	1.0111875950	0.9542250578	0.0119718951	0.0008464184	0.0062298746	0.0111254767	0.0053834562	0.0001433263	0.0000007164	0.0000388113	0.0001237762	0.0000289816	0.0001828540	0.0001527578	0.0003356119
0.4973333333	0.9593587371	0.9054180159	0.8946193146	0.8540169667	1.0120707222	0.9546149437	0.0129005519	0.0009020999	0.0066940616	0.0119984520	0.0057919618	0.0001664242	0.0000008138	0.0000448105	0.0001439629	0.0000335468	0.0002120485	0.0001775097	0.0003895582
0.4973333333	0.9660254038	0.9062575074	0.8946672257	0.8544097524	1.0129548522	0.9550028523	0.0138273090	0.0009556531	0.0071538831	0.0128716559	0.0061982300	0.0001911945	0.0000009133	0.0000511780	0.0001656795	0.0000384181	0.0002432858	0.0002040976	0.0004473834
0.4973333333	0.9726920705	0.9070960314	0.8947132102	0.8547989226	1.0138399893	0.9553887356	0.0147521414	0.0010070502	0.0076092637	0.0137450912	0.0066022135	0.0002176257	0.0000010142	0.0000579009	0.0001889275	0.0000435892	0.0002765407	0.0002325168	0.0005090575
0.4973333333	0.9793587371	0.9079335635	0.8947572438	0.8551844115	1.0147261392	0.9557725489	0.0156750268	0.0010562643	0.0080601324	0.0146187625	0.0070038681	0.0002457065	0.0000011157	0.0000649657	0.0002137082	0.0000490542	0.0003117879	0.0002627624	0.0005745503
0.4973333333	0.9860254038	0.9087700819	0.8947993033	0.8555661570	1.0156133097	0.9561542504	0.0165959458	0.0011032698	0.0085064225	0.0154926760	0.0074031527	0.0002754254	0.0000012172	0.0000723592	0.0002400230	0.0000548067	0.0003490018	0.0002948297	0.0006438315
0.4973333333	0.9926920705	0.9096055667	0.8948393663	0.8559441003	1.0165015096	0.9565338010	0.0175148812	0.0011480420	0.0089480713	0.0163668392	0.0078000293	0.0003067711	0.0000013180	0.0000800680	0.0002678734	0.0000608405	0.0003881570	0.0003287139	0.0007168709
0.4973333333	0.9993587371	0.9104400004	0.8948774115	0.8563181859	1.0173907496	0.9569111645	0.0184318184	0.0011905573	0.0093850202	0.0172412611	0.0081944629	0.0003397319	0.0000014174	0.0000880786	0.0002972611	0.0000671492	0.0004292280	0.0003644103	0.0007936383
0.4973333333	1.0060254038	0.9112733675	0.8949134183	0.8566883614	1.0182810413	0.9572863071	0.0193467452	0.0012307931	0.0098172142	0.0181159521	0.0085864211	0.0003742965	0.0000015149	0.0000963777	0.0003281877	0.0000737266	0.0004721891	0.0004019143	0.0008741034
0.4973333333	1.0126920705	0.9121056543	0.8949473672	0.8570545777	1.0191723980	0.9576591978	0.0202596512	0.0012687278	0.0102446019	0.0189909235	0.0089758741	0.0004104535	0.0000016097	0.0001049519	0.0003606552	0.0000805663	0.0005170150	0.0004412215	0.0009582365
0.4973333333	1.0193587371	0.9129368491	0.8949792393	0.8574167884	1.0200648339	0.9580298075	0.0211705285	0.0013043405	0.0106671352	0.0198661880	0.0093627946	0.0004481913	0.0000017013	0.0001137878	0.0003946654	0.0000876619	0.0005636804	0.0004823273	0.0010460077
0.4973333333	1.0260254038	0.9137669419	0.8950090167	0.8577749498	1.0209583645	0.9583981097	0.0220793708	0.0013376116	0.0110847695	0.0207417592	0.0097471579	0.0004874986	0.0000017892	0.0001228721	0.0004302206	0.0000950071	0.0006121599	0.0005252277	0.0011373876
0.4973333333	1.0326920705	0.9145959243	0.8950366821	0.8581290211	1.0218530062	0.9587640800	0.0229861737	0.0013685218	0.0114974631	0.0216176519	0.0101289413	0.0005283642	0.0000018729	0.0001321917	0.0004673229	0.0001025955	0.0006624287	0.0005699183	0.0012323470
0.4973333333	1.0393587371	0.9154237895	0.8950622190	0.8584789640	1.0227487766	0.9591276960	0.0238909348	0.0013970531	0.0119051775	0.0224938816	0.0105081243	0.0005707768	0.0000019518	0.0001417333	0.0005059747	0.0001104207	0.0007144618	0.0006163954	0.0013308572
0.4973333333	1.0460254038	0.9162505322	0.8950856118	0.8588247425	1.0236456940	0.9594889374	0.0247936529	0.0014231882	0.0123078768	0.0233704648	0.0108846887	0.0006147252	0.0000020255	0.0001514838	0.0005461786	0.0001184764	0.0007682345	0.0006646551	0.0014328896
0.4973333333	1.0526920705	0.9170761487	0.8951068453	0.8591663232	1.0245437777	0.9598477855	0.0256943288	0.0014469102	0.0127055282	0.0242474186	0.0112586180	0.0006601985	0.0000020935	0.0001614304	0.0005879373	0.0001267565	0.0008237225	0.0007146938	0.0015384163
0.4973333333	1.0593587371	0.9179006365	0.8951259052	0.8595036749	1.0254430478	0.9602042236	0.0265929644	0.0014682034	0.0130981011	0.0251247610	0.0116298976	0.0007071858	0.0000021556	0.0001715603	0.0006312536	0.0001352545	0.0008809016	0.0007665081	0.0016474098
0.4973333333	1.0660254038	0.9187239942	0.8951427778	0.8598367683	1.0263435253	0.9605582368	0.0274895633	0.0014870527	0.0134855677	0.0260025107	0.0119985150	0.0007556761	0.0000022113	0.0001818605	0.0006761306	0.0001439644	0.0009397480	0.0008200949	0.0017598429
0.5000000000	0.6660254038	0.8689130701	0.8912866504	0.8353432891	0.9748974359	0.9372330313	-0.0282530953	-0.0028300878	-0.0154142343	-0.0254230075	-0.0125841464	0.0007982374	0.0000080094	0.0002375986	0.0006463293	0.0001583607	0.0010438454	0.0008046901	0.0018485355
0.5000000000	0.6726920705	0.8697014860	0.8913707708	0.8357343808	0.9756899311	0.9375833359	-0.0273461480	-0.0027357114	-0.0149461630	-0.0246104366	-0.0122104516	0.0007478118	0.0000074841	0.0002233878	0.0006056736	0.0001490951	0.0009786837	0.0007547687	0.0017334524
0.5000000000	0.6793587371	0.8704951181	0.8914558845	0.8361318969	0.9764870401	0.9379397359	-0.0264340301	-0.0026402296	-0.0144706273	-0.0237938005	-0.0118303976	0.0006987579	0.0000069708	0.0002093991	0.0005661449	0.0001399583	0.0009151278	0.0007061033	0.0016212311
0.5000000000	0.6860254038	0.8712936380	0.8915418596	0.8365353499	0.9772885352	0.9383018205	-0.0255171337	-0.0025437909	-0.0139882205	-0.0229733428	-0.0114444297	0.0006511241	0.0000064709	0.0001956703	0.0005277745	0.0001309750	0.0008532653	0.0006587495	0.0015120147
0.5000000000	0.6926920705	0.8720967303	0.8916285684	0.8369442703	0.9780941989	0.9386691948	-0.0245958342	-0.0024465385	-0.0134995137	-0.0221492957	-0.0110529752	0.0006049551	0.0000059856	0.0001822369	0.0004905913	0.0001221683	0.0007931775	0.0006127596	0.0014059370
0.5000000000	0.6993587371	0.8729040924	0.8917158877	0.8373582064	0.9789038240	0.9390414794	-0.0236704911	-0.0023486108	-0.0130050557	-0.0213218803	-0.0106564449	0.0005602921	0.0000055160	0.0001691315	0.0004546226	0.0001135598	0.0007349396	0.0005681824	0.0013031220
0.5000000000	0.7060254038	0.8737154343	0.8918036986	0.8377767235	0.9797172132	0.9394183101	-0.0227414485	-0.0022501416	-0.0125053740	-0.0204913069	-0.0102552324	0.0005171735	0.0000050631	0.0001563844	0.0004198937	0.0001051698	0.0006786210	0.0005250635	0.0012036845
0.5000000000	0.7126920705	0.8745304779	0.8918918861	0.8381994036	0.9805341786	0.9397993373	-0.0218090355	-0.0021512598	-0.0120009754	-0.0196577757	-0.0098497156	0.0004756340	0.0000046279	0.0001440234	0.0003864281	0.0000970169	0.0006242854	0.0004834450	0.0011077304
0.5000000000	0.7193587371	0.8753489570	0.8919803393	0.8386258446	0.9813545416	0.9401842256	-0.0208735664	-0.0020520900	-0.0114923463	-0.0188214764	-0.0094402564	0.0004357058	0.0000042111	0.0001320740	0.0003542480	0.0000891184	0.0005719909	0.0004433664	0.0010153573
0.5000000000	0.7260254038	0.8761706166	0.8920689511	0.8390556603	0.9821781327	0.9405726533	-0.0199353414	-0.0019527521	-0.0109799538	-0.0179825893	-0.0090272017	0.0003974178	0.0000038132	0.0001205594	0.0003233735	0.0000814904	0.0005217905	0.0004048639	0.0009266544
0.5000000000	0.7326920705	0.8769952131	0.8921576183	0.8394884795	0.9830047910	0.9409643120	-0.0189946471	-0.0018533620	-0.0104642460	-0.0171412850	-0.0086108839	0.0003607966	0.0000034350	0.0001095004	0.0002938237	0.0000741473	0.0004737320	0.0003679710	0.0008417030
0.5000000000	0.7393587371	0.8778225134	0.8922462413	0.8399239458	0.9838343641	0.9413589062	-0.0180517567	-0.0017540314	-0.0099456523	-0.0162977253	-0.0081916209	0.0003258659	0.0000030766	0.0000989160	0.0002656159	0.0000671027	0.0004278585	0.0003327185	0.0007605771
0.5000000000	0.7460254038	0.8786522949	0.8923347240	0.8403617169	0.9846667077	0.9417561530	-0.0171069307	-0.0016548678	-0.0094245848	-0.0154520629	-0.0077697170	0.0002926471	0.0000027386	0.0000888228	0.0002387662	0.0000603685	0.0003842085	0.0002991348	0.0006833432
0.5000000000	0.7526920705	0.8794843449	0.8924229740	0.8408014643	0.9855016854	0.9421557813	-0.0161604171	-0.0015559749	-0.0089014382	-0.0146044422	-0.0073454633	0.0002611591	0.0000024211	0.0000792356	0.0002132897	0.0000539558	0.0003428157	0.0002672456	0.0006100613
0.5000000000	0.7593587371	0.8803184608	0.8925109019	0.8412428729	0.9863391683	0.9425575319	-0.0152124520	-0.0014574525	-0.0083765904	-0.0137549994	-0.0069191379	0.0002314187	0.0000021242	0.0000701673	0.0001892000	0.0000478745	0.0003037101	0.0002370745	0.0005407846
0.5000000000	0.7660254038	0.8811544489	0.8925984219	0.8416856404	0.9871790351	0.9429611567	-0.0142632597	-0.0013593969	-0.0078504035	-0.0129038627	-0.0064910066	0.0002034406	0.0000018480	0.0000616288	0.0001665097	0.0000421332	0.0002669174	0.0002086428	0.0004755602
0.5000000000	0.7726920705	0.8819921251	0.8926854512	0.8421294768	0.9880211713	0.9433664183	-0.0133130537	-0.0012619007	-0.0073232240	-0.0120511530	-0.0060613233	0.0001772374	0.0000015924	0.0000536296	0.0001452303	0.0000367396	0.0002324594	0.0001819699	0.0004144293
0.5000000000	0.7793587371	0.8828313137	0.8927719099	0.8425741042	0.9888654693	0.9437730902	-0.0123620366	-0.0011650530	-0.0067953834	-0.0111969836	-0.0056303305	0.0001528199	0.0000013573	0.0000461772	0.0001253724	0.0000317006	0.0002003545	0.0001570731	0.0003574276
0.5000000000	0.7860254038	0.8836718475	0.8928577213	0.8430192564	0.9897118280	0.9441809555	-0.0114104007	-0.0010689396	-0.0062671988	-0.0103414610	-0.0051982592	0.0001301972	0.0000011426	0.0000392778	0.0001069458	0.0000270219	0.0001706177	0.0001339677	0.0003045854
0.5000000000	0.7926920705	0.8845135678	0.8929428115	0.8434646783	0.9905601528	0.9445898074	-0.0104583282	-0.0009736432	-0.0057389734	-0.0094846850	-0.0047653302	0.0001093766	0.0000009480	0.0000329358	0.0000899592	0.0000227084	0.0001432604	0.0001126676	0.0002559280
0.5000000000	0.7993587371	0.8853563233	0.8930271093	0.8439101255	0.9914103548	0.9449994482	-0.0095059920	-0.0008792432	-0.0052109968	-0.0086267488	-0.0043317535	0.0000903639	0.0000007731	0.0000271545	0.0000744208	0.0000187641	0.0001182914	0.0000931849	0.0002114763
0.5000000000	0.8060254038	0.8861999705	0.8931105461	0.8443553641	0.9922623513	0.9454096895	-0.0085535557	-0.0007858161	-0.0046835458	-0.0077677396	-0.0038977297	0.0000731633	0.0000006175	0.0000219356	0.0000603378	0.0000151923	0.0000957164	0.0000755301	0.0001712465
0.5000000000	0.8126920705	0.8870443733	0.8931930562	0.8448001703	0.9931160651	0.9458203514	-0.0076011739	-0.0006934354	-0.0041568848	-0.0069077385	-0.0034634495	0.0000577778	0.0000004809	0.0000172797	0.0000477169	0.0000119955	0.0000755384	0.0000597123	0.0001352507
0.5000000000	0.8193587371	0.8878894024	0.8932745759	0.8452443297	0.9939714242	0.9462312625	-0.0066489928	-0.0006021718	-0.0036312662	-0.0060468211	-0.0030290944	0.0000442091	0.0000003626	0.0000131861	0.0000365640	0.0000091754	0.0000577578	0.0000457395	0.0001034973
0.5000000000	0.8260254038	0.8887349353	0.8933550443	0.8456876376	0.9948283619	0.9466422594	-0.0056971507	-0.0005120933	-0.0031069306	-0.0051850573	-0.0025948373	0.0000324575	0.0000002622	0.0000096530	0.0000268848	0.0000067332	0.0000423728	0.0000336180	0.0000759908
0.5000000000	0.8326920705	0.8895808561	0.8934344027	0.8461298979	0.9956868164	0.9470531864	-0.0047457776	-0.0004232654	-0.0025841078	-0.0043225122	-0.0021608425	0.0000225224	0.0000001792	0.0000066776	0.0000186841	0.0000046692	0.0000293792	0.0000233534	0.0000527325
0.5000000000	0.8393587371	0.8904270551	0.8935125947	0.8465709235	0.9965467307	0.9474638953	-0.0037949964	-0.0003357508	-0.0020630169	-0.0034592455	-0.0017272661	0.0000144020	0.0000001127	0.0000042560	0.0000119664	0.0000029834	0.0000187708	0.0000149498	0.0000337206
0.5000000000	0.8460254038	0.8912734285	0.8935895658	0.8470105352	0.9974080524	0.9478742452	-0.0028449226	-0.0002496100	-0.0015438665	-0.0025953125	-0.0012942564	0.0000080936	0.0000000623	0.0000023835	0.0000067356	0.0000016751	0.0000105394	0.0000084107	0.0000189502
0.5000000000	0.8526920705	0.8921198783	0.8936652640	0.8474485622	0.9982707331	0.9482841018	-0.0018956649	-0.0001649012	-0.0010268555	-0.0017307638	-0.0008619543	0.0000035935	0.0000000272	0.0000010544	0.0000029955	0.0000007430	0.0000046752	0.0000037385	0.0000084137
0.5000000000	0.8593587371	0.8929663121	0.8937396390	0.8478848412	0.9991347290	0.9486933377	-0.0009473255	-0.0000816799	-0.0005121732	-0.0008656455	-0.0004304933	0.0000008974	0.0000000067	0.0000002623	0.0000007493	0.0000001853	0.0000011664	0.0000009347	0.0000021011
0.5000000000	0.8660254038	0.8938126426	0.8938126426	0.8483192163	1.0000000000	0.9491018318	0.0000000000	0.0000000000	0.0000000000	0.0000000000	0.0000000000	0.0000000000	0.0000000000	0.0000000000	0.0000000000	0.0000000000	0.0000000000	0.0000000000	0.0000000000
0.5000000000	0.8726920705	0.8946587878	0.8938842284	0.8487515389	1.0008665098	0.9495094688	0.0009462218	0.0000800871	0.0005094927	0.0008661346	0.0004294055	0.0000008953	0.0000000064	0.0000002596	0.0000007502	0.0000001844	0.0000011613	0.0000009346	0.0000020959
0.5000000000	0.8793587371	0.8955046705	0.8939543517	0.8491816670	1.0017342259	0.9499161398	0.0018912559	0.0001585320	0.0010161417	0.0017327239	0.0008576097	0.0000035768	0.0000000251	0.0000010325	0.0000030023	0.0000007355	0.0000046345	0.0000037378	0.0000083724
0.5000000000	0.8860254038	0.8963502181	0.8940229699	0.8496094653	1.0026031191	0.9503217411	0.0028350239	0.0002352870	0.0015197920	0.0025997368	0.0012845049	0.0000080374	0.0000000554	0.0000023098	0.0000067586	0.0000016500	0.0000104025	0.0000084086	0.0000188111
0.5000000000	0.8926920705	0.8971953625	0.8940900416	0.8500348049	1.0034731635	0.9507261745	0.0037774527	0.0003103066	0.0020202963	0.0034671460	0.0017099897	0.0000142691	0.0000000963	0.0000040816	0.0000120211	0.0000029241	0.0000184470	0.0000149452	0.0000333922
0.5000000000	0.8993587371	0.8980400400	0.8941555274	0.8504575630	1.0043443366	0.9511293471	0.0047184741	0.0003835469	0.0025175148	0.0043349272	0.0021339678	0.0000222640	0.0000001471	0.0000063379	0.0000187916	0.0000045538	0.0000287490	0.0000233454	0.0000520944
0.5000000000	0.9060254038	0.8988841908	0.8942193894	0.8508776225	1.0052166186	0.9515311709	0.0056580250	0.0004549659	0.0030113146	0.0052030591	0.0025563488	0.0000320132	0.0000002070	0.0000090680	0.0000270718	0.0000065349	0.0000412883	0.0000336067	0.0000748950
0.5000000000	0.9126920705	0.8997277592	0.8942815909	0.8512948721	1.0060899926	0.9519315625	0.0065960466	0.0005245230	0.0035015700	0.0060715236	0.0029770470	0.0000435078	0.0000002751	0.0000122610	0.0000368634	0.0000088628	0.0000560439	0.0000457262	0.0001017702
0.5000000000	0.9193587371	0.9005706931	0.8943420969	0.8517092058	1.0069644448	0.9523304434	0.0075324846	0.0005921796	0.0039881615	0.0069403050	0.0033959819	0.0000567383	0.0000003507	0.0000159054	0.0000481678	0.0000115327	0.0000729944	0.0000597005	0.0001326950
0.5000000000	0.9260254038	0.9014129441	0.8944008740	0.8521205227	1.0078399634	0.9527277393	0.0084672890	0.0006578984	0.0044709761	0.0078093906	0.0038130777	0.0000716950	0.0000004328	0.0000199896	0.0000609866	0.0000145396	0.0000921174	0.0000755261	0.0001676436
0.5000000000	0.9326920705	0.9022544672	0.8944578896	0.8525287270	1.0087165396	0.9531233800	0.0094004135	0.0007216436	0.0049499067	0.0086787699	0.0042282630	0.0000883678	0.0000005208	0.0000245016	0.0000753210	0.0000178782	0.0001133901	0.0000931993	0.0002065894
0.5000000000	0.9393587371	0.9030952207	0.8945131129	0.8529337277	1.0095941667	0.9535172995	0.0103318160	0.0007833811	0.0054248520	0.0095484349	0.0046414709	0.0001067464	0.0000006137	0.0000294290	0.0000911726	0.0000215433	0.0001367891	0.0001127159	0.0002495050
0.5000000000	0.9460254038	0.9039351661	0.8945665140	0.8533354384	1.0104728401	0.9539094355	0.0112614577	0.0008430779	0.0058957164	0.0104183799	0.0050526385	0.0001268204	0.0000007108	0.0000347595	0.0001085426	0.0000255292	0.0001622907	0.0001340718	0.0002963625
0.5000000000	0.9526920705	0.9047742677	0.8946180644	0.8537337770	1.0113525577	0.9542997296	0.0121893034	0.0009007024	0.0063624093	0.0112886010	0.0054617069	0.0001485791	0.0000008113	0.0000404803	0.0001274325	0.0000298302	0.0001898706	0.0001572628	0.0003471334
0.5000000000	0.9593587371	0.9056124927	0.8946677368	0.8541286656	1.0122333191	0.9546881267	0.0131153212	0.0009562244	0.0068248455	0.0121590968	0.0058686211	0.0001720116	0.0000009144	0.0000465785	0.0001478436	0.0000344407	0.0002195045	0.0001822843	0.0004017889
0.5000000000	0.9660254038	0.9064498113	0.8947155048	0.8545200306	1.0131151259	0.9550745751	0.0140394821	0.0010096149	0.0072829443	0.0130298673	0.0062733294	0.0001971071	0.0000010193	0.0000530413	0.0001697774	0.0000393547	0.0002511677	0.0002091321	0.0004602998
0.5000000000	0.9726920705	0.9072861960	0.8947613433	0.8549078021	1.0139979814	0.9554590266	0.0149617605	0.0010608460	0.0077366300	0.0139009145	0.0066757840	0.0002238543	0.0000011254	0.0000598554	0.0001932354	0.0000445661	0.0002848351	0.0002378015	0.0005226366
0.5000000000	0.9793587371	0.9081216218	0.8948052280	0.8552919140	1.0148818909	0.9558414358	0.0158821332	0.0011098911	0.0081858312	0.0147722421	0.0070759401	0.0002522422	0.0000012319	0.0000670078	0.0002182191	0.0000500689	0.0003204818	0.0002682881	0.0005887699
0.5000000000	0.9860254038	0.9089560662	0.8948471359	0.8556723037	1.0157668610	0.9562217605	0.0168005799	0.0011567246	0.0086304807	0.0156438553	0.0074737561	0.0002822595	0.0000013380	0.0000744852	0.0002447302	0.0000558570	0.0003580827	0.0003005872	0.0006586699
0.5000000000	0.9926920705	0.9097895090	0.8948870446	0.8560489121	1.0166528999	0.9565999611	0.0177170828	0.0012013220	0.0090705155	0.0165157608	0.0078691935	0.0003138950	0.0000014432	0.0000822743	0.0002727704	0.0000619242	0.0003976124	0.0003346946	0.0007323070
0.5000000000	0.9993587371	0.9106219319	0.8949249330	0.8564216835	1.0175400174	0.9569760010	0.0186316266	0.0012436598	0.0095058765	0.0173879667	0.0082622167	0.0003471375	0.0000015467	0.0000903617	0.0003023414	0.0000682642	0.0004390459	0.0003706056	0.0008096515
0.5000000000	1.0060254038	0.9114533189	0.8949607806	0.8567905653	1.0184282246	0.9573498458	0.0195441981	0.0012837156	0.0099365082	0.0182604825	0.0086527926	0.0003819757	0.0000016479	0.0000987342	0.0003334452	0.0000748708	0.0004823578	0.0004083160	0.0008906738
0.5000000000	1.0126920705	0.9122836557	0.8949945679	0.8571555079	1.0193175338	0.9577214640	0.0204547865	0.0013214677	0.0103623589	0.0191333188	0.0090408912	0.0004183983	0.0000017463	0.0001073785	0.0003660839	0.0000817377	0.0005275231	0.0004478216	0.0009753447
0.5000000000	1.0193587371	0.9131129301	0.8950262763	0.8575164646	1.0202079585	0.9580908263	0.0213633830	0.0013568956	0.0107833802	0.0200064874	0.0094264846	0.0004563941	0.0000018412	0.0001162813	0.0004002595	0.0000888586	0.0005745166	0.0004891181	0.0010636347
0.5000000000	1.0260254038	0.9139411315	0.8950558878	0.8578733915	1.0210995134	0.9584579055	0.0222699807	0.0013899796	0.0111995269	0.0208800011	0.0098095473	0.0004959520	0.0000019320	0.0001254294	0.0004359744	0.0000962272	0.0006233135	0.0005322017	0.0011555151
0.5000000000	1.0326920705	0.9147682511	0.8950833853	0.8582262475	1.0219922144	0.9588226768	0.0231745745	0.0014207007	0.0116107571	0.0217538737	0.0101900564	0.0005370609	0.0000020184	0.0001348097	0.0004732310	0.0001038372	0.0006738890	0.0005770683	0.0012509572
0.5000000000	1.0393587371	0.9155942815	0.8951087526	0.8585749939	1.0228860782	0.9591851174	0.0240771612	0.0014490410	0.0120170318	0.0226281202	0.0105679908	0.0005797097	0.0000020997	0.0001444091	0.0005120318	0.0001116824	0.0007262185	0.0006237143	0.0013499327
0.5000000000	1.0460254038	0.9164192169	0.8951319738	0.8589195946	1.0237811225	0.9595452065	0.0249777392	0.0014749830	0.0124183148	0.0235027562	0.0109433318	0.0006238875	0.0000021756	0.0001542145	0.0005523795	0.0001197565	0.0007802776	0.0006721361	0.0014524136
0.5000000000	1.0526920705	0.9172430531	0.8951530342	0.8592600158	1.0246773659	0.9599029250	0.0258763085	0.0014985104	0.0128145728	0.0243777981	0.0113160624	0.0006695833	0.0000022455	0.0001642133	0.0005942770	0.0001280533	0.0008360421	0.0007223303	0.0015583725
0.5000000000	1.0593587371	0.9180657871	0.8951719193	0.8595962260	1.0255748279	0.9602582559	0.0267728704	0.0015196073	0.0132057750	0.0252532631	0.0116861677	0.0007167866	0.0000023092	0.0001743925	0.0006377273	0.0001365665	0.0008934883	0.0007742938	0.0016677821
0.5000000000	1.0660254038	0.9188874171	0.8951886156	0.8599281957	1.0264735287	0.9606111837	0.0276674278	0.0015382586	0.0135918931	0.0261291692	0.0120536345	0.0007654866	0.0000023662	0.0001847396	0.0006827335	0.0001452901	0.0009525924	0.0008280236	0.0017806159
0.5026666667	0.6660254038	0.8692458235	0.8913371180	0.8355429612	0.9752155564	0.9374039792	-0.0278702150	-0.0027734661	-0.0151752328	-0.0250967489	-0.0124017667	0.0007767489	0.0000076921	0.0002302877	0.0006298468	0.0001538038	0.0010147287	0.0007836506	0.0017983793
0.5026666667	0.6726920705	0.8700299557	0.8914212615	0.8359313959	0.9760031460	0.9377512429	-0.0269685383	-0.0026790691	-0.0147104519	-0.0242894692	-0.0120313828	0.0007273021	0.0000071774	0.0002163974	0.0005899783	0.0001447542	0.0009508769	0.0007347325	0.0016856094
0.5026666667	0.6793587371	0.8708193662	0.8915064008	0.8363262909	0.9767954166	0.9381046397	-0.0260616125	-0.0025835640	-0.0142381623	-0.0234780485	-0.0116545982	0.0006792076	0.0000066748	0.0002027253	0.0005512188	0.0001358297	0.0008886077	0.0006870484	0.0015756561
0.5026666667	0.6860254038	0.8716137262	0.8915924031	0.8367271583	0.9775921410	0.9384637593	-0.0251498299	-0.0024871002	-0.0137589577	-0.0226627297	-0.0112718574	0.0006325139	0.0000061857	0.0001893089	0.0005135993	0.0001270548	0.0008280085	0.0006406541	0.0014686626
0.5026666667	0.6926920705	0.8724127199	0.8916791399	0.8371335285	0.9783931023	0.9388282074	-0.0242335665	-0.0023898219	-0.0132734093	-0.0218437446	-0.0108835874	0.0005872657	0.0000057112	0.0001761834	0.0004771492	0.0001184525	0.0007691604	0.0005956017	0.0013647620
0.5026666667	0.6993587371	0.8732160443	0.8917664873	0.8375449491	0.9791980936	0.9391976051	-0.0233131826	-0.0022918684	-0.0127820664	-0.0210213142	-0.0104901980	0.0005435045	0.0000052527	0.0001633812	0.0004418956	0.0001100443	0.0007121384	0.0005519399	0.0012640783
0.5026666667	0.7060254038	0.8740234085	0.8918543255	0.8379609853	0.9800069176	0.9395715885	-0.0223890227	-0.0021933741	-0.0122854568	-0.0201956485	-0.0100920827	0.0005012683	0.0000048109	0.0001509324	0.0004078642	0.0001018501	0.0006570117	0.0005097144	0.0011667260
0.5026666667	0.7126920705	0.8748345341	0.8919425390	0.8383812186	0.9808193867	0.9399498083	-0.0214614166	-0.0020944688	-0.0117840875	-0.0193669478	-0.0096896187	0.0004605924	0.0000043868	0.0001388647	0.0003750787	0.0000938887	0.0006038439	0.0004689674	0.0010728113
0.5026666667	0.7193587371	0.8756491542	0.8920310163	0.8388052466	0.9816353223	0.9403319293	-0.0205306794	-0.0019952776	-0.0112784454	-0.0185354018	-0.0092831679	0.0004215088	0.0000039811	0.0001272033	0.0003435611	0.0000861772	0.0005526933	0.0004297383	0.0009824316
0.5026666667	0.7260254038	0.8764670133	0.8921196498	0.8392326827	0.9824545547	0.9407176301	-0.0195971121	-0.0018959210	-0.0107689979	-0.0177011910	-0.0088730769	0.0003840468	0.0000035945	0.0001159713	0.0003133322	0.0000787315	0.0005036126	0.0003920637	0.0008956763
0.5026666667	0.7326920705	0.8772878671	0.8922083358	0.8396631554	0.9832769230	0.9411066022	-0.0186610019	-0.0017965155	-0.0102561934	-0.0168644864	-0.0084596779	0.0003482330	0.0000032275	0.0001051895	0.0002844109	0.0000715661	0.0004566500	0.0003559771	0.0008126270
0.5026666667	0.7393587371	0.8781114819	0.8922969744	0.8400963079	0.9841022743	0.9414985504	-0.0177226231	-0.0016971731	-0.0097404618	-0.0160254500	-0.0080432887	0.0003140914	0.0000028804	0.0000948766	0.0002568150	0.0000646945	0.0004118484	0.0003215095	0.0007333579
0.5026666667	0.7460254038	0.8789376343	0.8923854690	0.8405317975	0.9849304642	0.9418931916	-0.0167822368	-0.0015980018	-0.0092222155	-0.0151842350	-0.0076242137	0.0002816435	0.0000025536	0.0000850493	0.0002305610	0.0000581286	0.0003692463	0.0002886896	0.0006579360
0.5026666667	0.7526920705	0.8797661111	0.8924737270	0.8409692955	0.9857613558	0.9422902547	-0.0158400919	-0.0014991055	-0.0087018495	-0.0143409863	-0.0072027440	0.0002509085	0.0000022473	0.0000757222	0.0002056639	0.0000518795	0.0003288780	0.0002575434	0.0005864214
0.5026666667	0.7593587371	0.8805967088	0.8925616587	0.8414084863	0.9865948198	0.9426894804	-0.0148964253	-0.0014005846	-0.0081797423	-0.0134958407	-0.0067791578	0.0002219035	0.0000019616	0.0000669082	0.0001821377	0.0000459570	0.0002907733	0.0002280947	0.0005188680
0.5026666667	0.7660254038	0.8814292333	0.8926491779	0.8418490671	0.9874307343	0.9430906205	-0.0139514625	-0.0013025353	-0.0076562563	-0.0126489271	-0.0063537210	0.0001946433	0.0000016966	0.0000586183	0.0001599954	0.0000403698	0.0002549582	0.0002003651	0.0004553233
0.5026666667	0.7726920705	0.8822634994	0.8927362018	0.8422907479	0.9882689843	0.9434934375	-0.0130054176	-0.0012050506	-0.0071317384	-0.0118003670	-0.0059266878	0.0001691409	0.0000014521	0.0000508617	0.0001392487	0.0000351256	0.0002214547	0.0001743743	0.0003958290
0.5026666667	0.7793587371	0.8830993310	0.8928226504	0.8427332502	0.9891094616	0.9438977045	-0.0120584943	-0.0011082199	-0.0066065205	-0.0109502744	-0.0054983007	0.0001454073	0.0000012282	0.0000436461	0.0001199085	0.0000302313	0.0001902815	0.0001501398	0.0003404214
0.5026666667	0.7860254038	0.8839365601	0.8929084466	0.8431763076	0.9899520644	0.9443032046	-0.0111108857	-0.0010121289	-0.0060809202	-0.0100987568	-0.0050687913	0.0001234518	0.0000010244	0.0000369776	0.0001019849	0.0000256926	0.0001614538	0.0001276775	0.0002891313
0.5026666667	0.7926920705	0.8847750271	0.8929935166	0.8436196644	0.9907966975	0.9447097305	-0.0101627752	-0.0009168606	-0.0055552409	-0.0092459146	-0.0046383803	0.0001032820	0.0000008406	0.0000308607	0.0000854869	0.0000215146	0.0001349833	0.0001070015	0.0002419848
0.5026666667	0.7993587371	0.8856145802	0.8930777890	0.8440630761	0.9916432713	0.9451170844	-0.0092143363	-0.0008224944	-0.0050297728	-0.0083918419	-0.0042072785	0.0000849040	0.0000006765	0.0000252986	0.0000704230	0.0000177012	0.0001108791	0.0000881242	0.0001990033
0.5026666667	0.8060254038	0.8864550751	0.8931611952	0.8445063083	0.9924917023	0.9455250775	-0.0082657337	-0.0007291068	-0.0045047932	-0.0075366269	-0.0037756864	0.0000683224	0.0000005316	0.0000202932	0.0000568007	0.0000142558	0.0000891471	0.0000710566	0.0001602037
0.5026666667	0.8126920705	0.8872963748	0.8932436694	0.8449491369	0.9933419124	0.9459335295	-0.0073171230	-0.0006367715	-0.0039805668	-0.0066803515	-0.0033437953	0.0000535403	0.0000004055	0.0000158449	0.0000446271	0.0000111810	0.0000697907	0.0000558081	0.0001255987
0.5026666667	0.8193587371	0.8881383495	0.8933251480	0.8453913472	0.9941938291	0.9463422687	-0.0063686514	-0.0005455591	-0.0034573464	-0.0058230923	-0.0029117873	0.0000405597	0.0000002976	0.0000119532	0.0000339084	0.0000084785	0.0000528106	0.0000423869	0.0000951975
0.5026666667	0.8260254038	0.8889808758	0.8934055699	0.8458327341	0.9950473847	0.9467511313	-0.0054204579	-0.0004555377	-0.0029353731	-0.0049649202	-0.0024798354	0.0000293814	0.0000002075	0.0000086164	0.0000246504	0.0000061496	0.0000382053	0.0000308000	0.0000690053
0.5026666667	0.8326920705	0.8898238372	0.8934848767	0.8462731012	0.9959025166	0.9471599614	-0.0044726737	-0.0003667727	-0.0024148771	-0.0041059011	-0.0020481044	0.0000200048	0.0000001345	0.0000058316	0.0000168584	0.0000041947	0.0000259710	0.0000210532	0.0000470241
0.5026666667	0.8393587371	0.8906671232	0.8935630116	0.8467122610	0.9967591670	0.9475686101	-0.0035254226	-0.0002793268	-0.0018960778	-0.0032460958	-0.0016167510	0.0000124286	0.0000000780	0.0000035951	0.0000105371	0.0000026139	0.0000161017	0.0000131510	0.0000292528
0.5026666667	0.8460254038	0.8915106292	0.8936399207	0.8471500341	0.9976172825	0.9479769362	-0.0025788211	-0.0001932605	-0.0013791845	-0.0023855606	-0.0011859240	0.0000066503	0.0000000373	0.0000019021	0.0000056909	0.0000014064	0.0000085898	0.0000070973	0.0000156871
0.5026666667	0.8526920705	0.8923542566	0.8937155515	0.8475862492	0.9984768141	0.9483848051	-0.0016329788	-0.0001086316	-0.0008643963	-0.0015243471	-0.0007557646	0.0000026666	0.0000000118	0.0000007472	0.0000023236	0.0000005712	0.0000034256	0.0000028948	0.0000063204
0.5026666667	0.8593587371	0.8931979122	0.8937898542	0.8480207427	0.9993377169	0.9487920888	-0.0006879987	-0.0000254961	-0.0003519031	-0.0006625026	-0.0003264070	0.0000004733	0.0000000007	0.0000001238	0.0000004389	0.0000001065	0.0000005978	0.0000005455	0.0000011433
0.5026666667	0.8660254038	0.8940415081	0.8938627803	0.8484533585	1.0001999499	0.9491986658	0.0002560225	0.0000560927	0.0001581145	0.0001999299	0.0001020218	0.0000000655	0.0000000031	0.0000000250	0.0000000400	0.0000000104	0.0000000937	0.0000000504	0.0000001441
0.5026666667	0.8726920705	0.8948849614	0.8939342838	0.8488839474	1.0010634760	0.9496044204	0.0011989941	0.0001360832	0.0006654844	0.0010629109	0.0005294012	0.0000014376	0.0000000185	0.0000004429	0.0000011298	0.0000002803	0.0000018990	0.0000014100	0.0000033090
0.5026666667	0.8793587371	0.8957281944	0.8940043200	0.8493123674	1.0019282618	0.9500092431	0.0021408313	0.0002144262	0.0011700432	0.0019264051	0.0009556170	0.0000045832	0.0000000460	0.0000013690	0.0000037110	0.0000009132	0.0000059981	0.0000046242	0.0000106224
0.5026666667	0.8860254038	0.8965711336	0.8940728462	0.8497384827	1.0027942773	0.9504130299	0.0030814547	0.0002910741	0.0016716354	0.0027903805	0.0013805612	0.0000094954	0.0000000847	0.0000027944	0.0000077862	0.0000019059	0.0000123745	0.0000096922	0.0000220666
0.5026666667	0.8926920705	0.8974137104	0.8941398214	0.8501621641	1.0036614956	0.9508156820	0.0040207902	0.0003659816	0.0021701133	0.0036548087	0.0018041317	0.0000161668	0.0000001339	0.0000047094	0.0000133576	0.0000032549	0.0000210101	0.0000166125	0.0000376226
0.5026666667	0.8993587371	0.8982558603	0.8942052062	0.8505832885	1.0045298933	0.9512171061	0.0049587690	0.0004391048	0.0026653365	0.0045196642	0.0022262318	0.0000245894	0.0000001928	0.0000071040	0.0000204274	0.0000049561	0.0000318862	0.0000253835	0.0000572697
0.5026666667	0.9060254038	0.8990975229	0.8942689626	0.8510017384	1.0053994497	0.9516172137	0.0058953267	0.0005104018	0.0031571721	0.0053849250	0.0026467703	0.0000347549	0.0000002605	0.0000099677	0.0000289974	0.0000070054	0.0000449831	0.0000360028	0.0000809859
0.5026666667	0.9126920705	0.8999386417	0.8943310543	0.8514174023	1.0062701473	0.9520159210	0.0068304040	0.0005798323	0.0036454935	0.0062505717	0.0030656612	0.0000466544	0.0000003362	0.0000132896	0.0000390696	0.0000093983	0.0000602802	0.0000484679	0.0001087482
0.5026666667	0.9193587371	0.9007791641	0.8943914464	0.8518301738	1.0071419709	0.9524131489	0.0077639455	0.0006473577	0.0041301811	0.0071165879	0.0034828234	0.0000602789	0.0000004191	0.0000170584	0.0000506458	0.0000121301	0.0000777563	0.0000627759	0.0001405322
0.5026666667	0.9260254038	0.9016190410	0.8944501054	0.8522399518	1.0080149084	0.9528088226	0.0086959005	0.0007129409	0.0046111214	0.0079829596	0.0038981805	0.0000756187	0.0000005083	0.0000212624	0.0000637276	0.0000151958	0.0000973894	0.0000789235	0.0001763129
0.5026666667	0.9326920705	0.9024582268	0.8945069990	0.8526466401	1.0088889498	0.9532028716	0.0096262219	0.0007765462	0.0050882069	0.0088496756	0.0043116606	0.0000926641	0.0000006030	0.0000258898	0.0000783168	0.0000185904	0.0001191570	0.0000969072	0.0002160642
0.5026666667	0.9393587371	0.9032966791	0.8945620965	0.8530501474	1.0097640875	0.9535952292	0.0105548665	0.0008381397	0.0055613359	0.0097167268	0.0047231963	0.0001114052	0.0000007025	0.0000309285	0.0000944148	0.0000223086	0.0001430361	0.0001167234	0.0002597595
0.5026666667	0.9460254038	0.9041343586	0.8946153681	0.8534503870	1.0106403163	0.9539858329	0.0114817950	0.0008976884	0.0060304124	0.0105841065	0.0051327240	0.0001318316	0.0000008058	0.0000363659	0.0001120233	0.0000263449	0.0001690033	0.0001383682	0.0003073715
0.5026666667	0.9526920705	0.9049712293	0.8946667855	0.8538472765	1.0115176331	0.9543746235	0.0124069712	0.0009551611	0.0064953454	0.0114518101	0.0055401843	0.0001539329	0.0000009123	0.0000421895	0.0001311440	0.0000306936	0.0001970348	0.0001618376	0.0003588724
0.5026666667	0.9593587371	0.9058072577	0.8947163214	0.8542407379	1.0123960367	0.9547615456	0.0133303624	0.0010105275	0.0069560492	0.0123198349	0.0059455217	0.0001776986	0.0000010212	0.0000483866	0.0001517783	0.0000353492	0.0002271063	0.0001871276	0.0004142339
0.5026666667	0.9660254038	0.9066424133	0.8947639496	0.8546306970	1.0132755278	0.9551465472	0.0142519390	0.0010637588	0.0074124429	0.0131881802	0.0063486841	0.0002031178	0.0000011316	0.0000549443	0.0001739281	0.0000403058	0.0002591937	0.0002142339	0.0004734275
0.5026666667	0.9726920705	0.9074766680	0.8948096450	0.8550170837	1.0141561091	0.9555295793	0.0151716744	0.0011148274	0.0078644503	0.0140568471	0.0067496229	0.0002301797	0.0000012428	0.0000618496	0.0001975949	0.0000455574	0.0002932721	0.0002431524	0.0005364245
0.5026666667	0.9793587371	0.9083099964	0.8948533837	0.8553998316	1.0150377849	0.9559105963	0.0160895449	0.0011637066	0.0083119996	0.0149258383	0.0071482930	0.0002588735	0.0000013542	0.0000690893	0.0002227806	0.0000510981	0.0003293170	0.0002738787	0.0006031957
0.5026666667	0.9860254038	0.9091423753	0.8948951425	0.8557788779	1.0159205611	0.9562895553	0.0170055292	0.0012103710	0.0087550232	0.0157951582	0.0075446522	0.0002891880	0.0000014650	0.0000766504	0.0002494870	0.0000569218	0.0003673035	0.0003064088	0.0006737123
0.5026666667	0.9926920705	0.9099737838	0.8949348994	0.8561541632	1.0168044451	0.9566664165	0.0179196090	0.0012547964	0.0091934578	0.0166648126	0.0079386615	0.0003211124	0.0000015745	0.0000845197	0.0002777160	0.0000630223	0.0004072066	0.0003407383	0.0007479449
0.5026666667	0.9993587371	0.9108042034	0.8949726333	0.8565256315	1.0176894460	0.9570411426	0.0188317680	0.0012969593	0.0096272439	0.0175348088	0.0083302847	0.0003546355	0.0000016821	0.0000926838	0.0003074695	0.0000693936	0.0004490014	0.0003768632	0.0008258646
0.5026666667	1.0060254038	0.9116336172	0.8950083237	0.8568932299	1.0185755741	0.9574136991	0.0197419926	0.0013368373	0.0100563257	0.0184051553	0.0087194883	0.0003897463	0.0000017871	0.0001011297	0.0003387497	0.0000760295	0.0004926631	0.0004147792	0.0009074423
0.5026666667	1.0126920705	0.9124620106	0.8950419515	0.8572569085	1.0194628409	0.9577840537	0.0206502712	0.0013744092	0.0104806509	0.0192758620	0.0091062417	0.0004264337	0.0000018890	0.0001098440	0.0003715589	0.0000829236	0.0005381667	0.0004544825	0.0009926492
0.5026666667	1.0193587371	0.9132893707	0.8950734980	0.8576166204	1.0203512592	0.9581521767	0.0215565941	0.0014096543	0.0109001709	0.0201469398	0.0094905166	0.0004646868	0.0000019871	0.0001188137	0.0004058992	0.0000900699	0.0005854876	0.0004959691	0.0010814567
0.5026666667	1.0260254038	0.9141156866	0.8951029453	0.8579723214	1.0212408431	0.9585180407	0.0224609540	0.0014425532	0.0113148402	0.0210184008	0.0098722870	0.0005044945	0.0000020810	0.0001280256	0.0004417732	0.0000974621	0.0006346010	0.0005392352	0.0011738362
0.5026666667	1.0326920705	0.9149409487	0.8951302766	0.8583239701	1.0221316077	0.9588816204	0.0233633451	0.0014730870	0.0117246164	0.0218902581	0.0102515295	0.0005458459	0.0000021700	0.0001374666	0.0004791834	0.0001050939	0.0006854825	0.0005842773	0.0012697598
0.5026666667	1.0393587371	0.9157651494	0.8951554756	0.8586715276	1.0230235689	0.9592428925	0.0242637635	0.0015012377	0.0121294602	0.0227625257	0.0106282225	0.0005887302	0.0000022537	0.0001471238	0.0005181326	0.0001129591	0.0007381077	0.0006310917	0.0013691994
0.5026666667	1.0460254038	0.9165882822	0.8951785267	0.8590149575	1.0239167439	0.9596018357	0.0251622069	0.0015269883	0.0125293352	0.0236352185	0.0110023468	0.0006331367	0.0000023317	0.0001569842	0.0005586236	0.0001210516	0.0007924526	0.0006796752	0.0014721278
0.5026666667	1.0526920705	0.9174103425	0.8951994150	0.8593542256	1.0248111506	0.9599584307	0.0260586747	0.0015503224	0.0129242074	0.0245083523	0.0113738851	0.0006790545	0.0000024035	0.0001670351	0.0006006593	0.0001293653	0.0008484932	0.0007300246	0.0015785178
0.5026666667	1.0593587371	0.9182313268	0.8952181265	0.8596893004	1.0257068078	0.9603126600	0.0269531677	0.0015712242	0.0133140460	0.0253819435	0.0117428218	0.0007264732	0.0000024687	0.0001772638	0.0006442431	0.0001378939	0.0009062058	0.0007821369	0.0016883427
0.5026666667	1.0660254038	0.9190512329	0.8952346476	0.8600201520	1.0266037350	0.9606645077	0.0278456881	0.0015896788	0.0136988222	0.0262560093	0.0121091434	0.0007753823	0.0000025271	0.0001876577	0.0006893780	0.0001466314	0.0009655672	0.0008360094	0.0018015765
0.5053333333	0.6660254038	0.8695773511	0.8913871956	0.8357407683	0.9755326927	0.9375732257	-0.0274888909	-0.0027172852	-0.0149385201	-0.0247716057	-0.0122212349	0.0007556391	0.0000073836	0.0002231594	0.0006136325	0.0001493586	0.0009861821	0.0007629910	0.0017491732
0.5053333333	0.6726920705	0.8703572715	0.8914713895	0.8361266533	0.9763154283	0.9379175407	-0.0265923969	-0.0026228369	-0.0144768986	-0.0239695601	-0.0118540617	0.0007071556	0.0000068793	0.0002095806	0.0005745398	0.0001405188	0.0009236154	0.0007150586	0.0016386740
0.5053333333	0.6793587371	0.8711425299	0.8915565809	0.8365190307	0.9771029104	0.9382680231	-0.0256905783	-0.0025272788	-0.0140077288	-0.0231632995	-0.0114804500	0.0006600058	0.0000063871	0.0001962165	0.0005365384	0.0001318007	0.0008626094	0.0006683392	0.0015309486
0.5053333333	0.6860254038	0.8719327972	0.8916426358	0.8369174123	0.9778949123	0.9386242635	-0.0247838277	-0.0024307614	-0.0135316048	-0.0223530664	-0.0111008434	0.0006142381	0.0000059086	0.0001831043	0.0004996596	0.0001232287	0.0008032510	0.0006228883	0.0014261393
0.5053333333	0.6926920705	0.8727277569	0.8917294251	0.8373213282	0.9786912177	0.9389858679	-0.0238725217	-0.0023334297	-0.0130490978	-0.0215390921	-0.0107156682	0.0005698973	0.0000054449	0.0001702790	0.0004639325	0.0001148255	0.0007456211	0.0005787580	0.0013243792
0.5053333333	0.6993587371	0.8735271057	0.8918168241	0.8377303260	0.9794916199	0.9393524582	-0.0229570210	-0.0022354238	-0.0125607573	-0.0207215971	-0.0103253335	0.0005270248	0.0000049971	0.0001577726	0.0004293846	0.0001066125	0.0006897946	0.0005359971	0.0012257917
0.5053333333	0.7060254038	0.8743305523	0.8919047123	0.8381439703	0.9802959220	0.9397236709	-0.0220376707	-0.0021368791	-0.0120671113	-0.0199007916	-0.0099302322	0.0004856589	0.0000045663	0.0001456152	0.0003960415	0.0000986095	0.0006358404	0.0004946510	0.0011304914
0.5053333333	0.7126920705	0.8751378177	0.8919929735	0.8385618424	0.9811039365	0.9400991570	-0.0211148013	-0.0020379258	-0.0115686671	-0.0190768755	-0.0095307413	0.0004458348	0.0000041531	0.0001338341	0.0003639272	0.0000908350	0.0005838220	0.0004547622	0.0010385842
0.5053333333	0.7193587371	0.8759486344	0.8920814958	0.8389835399	0.9819154848	0.9404785816	-0.0201887285	-0.0019386897	-0.0110659118	-0.0182500387	-0.0091272220	0.0004075848	0.0000037585	0.0001224544	0.0003330639	0.0000833062	0.0005337977	0.0004163701	0.0009501678
0.5053333333	0.7260254038	0.8767627466	0.8921701711	0.8394086757	0.9827303972	0.9408616236	-0.0192597538	-0.0018392920	-0.0105593129	-0.0174204618	-0.0087200209	0.0003709381	0.0000033830	0.0001114991	0.0003034725	0.0000760388	0.0004858202	0.0003795113	0.0008653315
0.5053333333	0.7326920705	0.8775799091	0.8922588952	0.8398368780	0.9835485125	0.9412479748	-0.0183281655	-0.0017398495	-0.0100493191	-0.0165883160	-0.0083094697	0.0003359217	0.0000030271	0.0001009888	0.0002751722	0.0000690473	0.0004399375	0.0003442195	0.0007841571
0.5053333333	0.7393587371	0.8783998877	0.8923475677	0.8402677899	0.9843696778	0.9416373399	-0.0173942382	-0.0016404746	-0.0095363608	-0.0157537636	-0.0078958862	0.0003025595	0.0000026912	0.0000909422	0.0002481811	0.0000623450	0.0003961929	0.0003105261	0.0007067189
0.5053333333	0.7460254038	0.8792224586	0.8924360920	0.8407010684	0.9851937483	0.9420294360	-0.0164582341	-0.0015412757	-0.0090208504	-0.0149169584	-0.0074795746	0.0002708735	0.0000023755	0.0000813757	0.0002225156	0.0000559440	0.0003546247	0.0002784597	0.0006330844
0.5053333333	0.7526920705	0.8800474078	0.8925243748	0.8411363843	0.9860205868	0.9424239921	-0.0155204027	-0.0014423572	-0.0085031832	-0.0140780455	-0.0070608260	0.0002408829	0.0000020804	0.0000723041	0.0001981914	0.0000498553	0.0003152674	0.0002480466	0.0005633140
0.5053333333	0.7593587371	0.8808745311	0.8926123264	0.8415734220	0.9868500636	0.9428207488	-0.0145809818	-0.0013438195	-0.0079837381	-0.0132371623	-0.0066399187	0.0002126050	0.0000018059	0.0000637401	0.0001752225	0.0000440885	0.0002781510	0.0002193110	0.0004974619
0.5053333333	0.7660254038	0.8817036339	0.8926998605	0.8420118784	0.9876820563	0.9432194578	-0.0136401976	-0.0012457592	-0.0074628778	-0.0123944384	-0.0062171186	0.0001860550	0.0000015519	0.0000556945	0.0001536221	0.0000386526	0.0002433015	0.0001922747	0.0004355761
0.5053333333	0.7726920705	0.8825345303	0.8927868939	0.8424514631	0.9885164493	0.9436198816	-0.0126982653	-0.0011482695	-0.0069409494	-0.0115499958	-0.0057926799	0.0001612459	0.0000013185	0.0000481768	0.0001334024	0.0000335551	0.0002107412	0.0001669575	0.0003776988
0.5053333333	0.7793587371	0.8833670435	0.8928733464	0.8428918974	0.9893531340	0.9440217930	-0.0117553891	-0.0010514397	-0.0064182851	-0.0107039494	-0.0053668454	0.0001381892	0.0000011055	0.0000411944	0.0001145745	0.0000288030	0.0001804891	0.0001433776	0.0003238666
0.5053333333	0.7860254038	0.8842010049	0.8929591411	0.8433329146	0.9901920080	0.9444249751	-0.0108117632	-0.0009553560	-0.0058952028	-0.0098564072	-0.0049398468	0.0001168942	0.0000009127	0.0000347534	0.0000971488	0.0000244021	0.0001525603	0.0001215508	0.0002741112
0.5053333333	0.7926920705	0.8850362542	0.8930442038	0.8437742588	0.9910329752	0.9448292204	-0.0098675718	-0.0008601012	-0.0053720063	-0.0090074706	-0.0045119051	0.0000973690	0.0000007398	0.0000288585	0.0000811345	0.0000203573	0.0001269672	0.0001014918	0.0002284590
0.5053333333	0.7993587371	0.8858726389	0.8931284631	0.8442156852	0.9918759455	0.9452343308	-0.0089229894	-0.0007657550	-0.0048489862	-0.0081572344	-0.0040832313	0.0000796197	0.0000005864	0.0000235127	0.0000665405	0.0000166728	0.0001037188	0.0000832133	0.0001869320
0.5053333333	0.8060254038	0.8867100139	0.8932118506	0.8446569591	0.9927208348	0.9456401172	-0.0079781814	-0.0006723938	-0.0043264200	-0.0073057876	-0.0036540262	0.0000636514	0.0000004521	0.0000187179	0.0000533745	0.0000133519	0.0000828214	0.0000667264	0.0001495478
0.5053333333	0.8126920705	0.8875482418	0.8932943001	0.8450978561	0.9935675641	0.9460463993	-0.0070333044	-0.0005800912	-0.0038045726	-0.0064532131	-0.0032244814	0.0000494674	0.0000003365	0.0000144748	0.0000416440	0.0000103973	0.0000642786	0.0000520412	0.0001163199
0.5053333333	0.8193587371	0.8883871918	0.8933757482	0.8455381613	0.9944160602	0.9464530048	-0.0060885064	-0.0004889181	-0.0032836974	-0.0055995883	-0.0027947793	0.0000370699	0.0000002390	0.0000107827	0.0000313554	0.0000078108	0.0000480916	0.0000391662	0.0000872578
0.5053333333	0.8260254038	0.8892267401	0.8934561340	0.8459776693	0.9952662546	0.9468597697	-0.0051439274	-0.0003989424	-0.0027640357	-0.0047449851	-0.0023650933	0.0000264600	0.0000001592	0.0000076399	0.0000225149	0.0000055937	0.0000342590	0.0000281086	0.0000623676
0.5053333333	0.8326920705	0.8900667693	0.8935353987	0.8464161834	0.9961180839	0.9472665377	-0.0041996996	-0.0003102293	-0.0022458181	-0.0038894703	-0.0019355888	0.0000176375	0.0000000962	0.0000050437	0.0000151280	0.0000037465	0.0000227774	0.0000188745	0.0000416519
0.5053333333	0.8393587371	0.8909071682	0.8936134860	0.8468535159	0.9969714895	0.9476731597	-0.0032559474	-0.0002228417	-0.0017292643	-0.0030331057	-0.0015064226	0.0000106012	0.0000000497	0.0000029904	0.0000091997	0.0000022693	0.0000136412	0.0000114690	0.0000251102
0.5053333333	0.8460254038	0.8917478318	0.8936903417	0.8472894870	0.9978264172	0.9480794940	-0.0023127884	-0.0001368400	-0.0012145839	-0.0021759484	-0.0010777439	0.0000053490	0.0000000187	0.0000014752	0.0000047348	0.0000011615	0.0000068429	0.0000058963	0.0000127392
0.5053333333	0.8526920705	0.8925886605	0.8937659136	0.8477239252	0.9986828171	0.9484854057	-0.0013703330	-0.0000522818	-0.0007019764	-0.0013180511	-0.0006496946	0.0000018778	0.0000000027	0.0000004928	0.0000017373	0.0000004221	0.0000023733	0.0000021594	0.0000045327
0.5053333333	0.8593587371	0.8934295605	0.8938401518	0.8481566667	0.9995406434	0.9488907664	-0.0004286851	0.0000307769	-0.0001916321	-0.0004594621	-0.0002224090	0.0000001838	0.0000000009	0.0000000367	0.0000002111	0.0000000495	0.0000002214	0.0000002606	0.0000004820
0.5053333333	0.8660254038	0.8942704433	0.8939130082	0.8485875551	1.0003998545	0.9492954541	0.0005120576	0.0001122830	0.0003162681	0.0003997746	0.0002039851	0.0000002622	0.0000000126	0.0000001000	0.0000001598	0.0000000416	0.0000003748	0.0000002014	0.0000005763
0.5053333333	0.8726920705	0.8951112254	0.8939844365	0.8490164408	1.0012604123	0.9496993529	0.0014518036	0.0001921850	0.0008215518	0.0012596186	0.0006293668	0.0000021077	0.0000000369	0.0000006749	0.0000015866	0.0000003961	0.0000028196	0.0000019827	0.0000048024
0.5053333333	0.8793587371	0.8959518282	0.8940543923	0.8494431817	1.0021222824	0.9501023528	0.0023904672	0.0002704337	0.0013240551	0.0021200336	0.0010536214	0.0000057143	0.0000000731	0.0000017531	0.0000044945	0.0000011101	0.0000075406	0.0000056047	0.0000131453
0.5053333333	0.8860254038	0.8967921779	0.8941228331	0.8498676416	1.0029854340	0.9505043492	0.0033279683	0.0003469818	0.0018236223	0.0029809865	0.0014766405	0.0000110754	0.0000001204	0.0000033256	0.0000088863	0.0000021805	0.0000145214	0.0000110667	0.0000255881
0.5053333333	0.8926920705	0.8976322049	0.8941897179	0.8502896911	1.0038498396	0.9509052432	0.0042642318	0.0004217839	0.0023201052	0.0038424479	0.0018983213	0.0000181837	0.0000001779	0.0000053829	0.0000147644	0.0000036036	0.0000237445	0.0000183680	0.0000421125
0.5053333333	0.8993587371	0.8984718441	0.8942550074	0.8507092068	1.0047154745	0.9513049408	0.0051991880	0.0004947965	0.0028133633	0.0047043915	0.0023185668	0.0000270316	0.0000002448	0.0000079150	0.0000221313	0.0000053758	0.0000351914	0.0000275071	0.0000626984
0.5053333333	0.9060254038	0.8993110346	0.8943186638	0.8511260711	1.0055823176	0.9517033531	0.0061327718	0.0005659777	0.0033032629	0.0055667942	0.0027372853	0.0000376109	0.0000003203	0.0000109115	0.0000309892	0.0000074927	0.0000488428	0.0000384819	0.0000873247
0.5053333333	0.9126920705	0.9001497192	0.8943806509	0.8515401719	1.0064503501	0.9521003961	0.0070649230	0.0006352874	0.0037896775	0.0064296356	0.0031543901	0.0000499131	0.0000004036	0.0000143617	0.0000413402	0.0000099502	0.0000646784	0.0000512904	0.0001159688
0.5053333333	0.9193587371	0.9009878447	0.8944409339	0.8519514028	1.0073195563	0.9524959900	0.0079955854	0.0007026871	0.0042724869	0.0072928983	0.0035697998	0.0000639294	0.0000004938	0.0000182541	0.0000531864	0.0000127435	0.0000826773	0.0000659298	0.0001486071
0.5053333333	0.9260254038	0.9018253613	0.8944994795	0.8523596623	1.0081899230	0.9528900596	0.0089247074	0.0007681398	0.0047515773	0.0081565676	0.0039834375	0.0000796504	0.0000005900	0.0000225775	0.0000665296	0.0000158678	0.0001028179	0.0000823974	0.0001852153
0.5053333333	0.9326920705	0.9026622228	0.8945562555	0.8527648541	1.0090614395	0.9532825340	0.0098522412	0.0008316102	0.0052268408	0.0090206310	0.0043952306	0.0000970667	0.0000006916	0.0000273199	0.0000813718	0.0000193181	0.0001250781	0.0001006898	0.0002257679
0.5053333333	0.9393587371	0.9034983863	0.8946112313	0.8531668865	1.0099340973	0.9536733462	0.0107781428	0.0008930643	0.0056981755	0.0098850786	0.0048051113	0.0001161684	0.0000007976	0.0000324692	0.0000977148	0.0000230891	0.0001494351	0.0001208039	0.0002702390
0.5053333333	0.9460254038	0.9043338119	0.8946643773	0.8535656725	1.0108078905	0.9540624329	0.0117023720	0.0009524693	0.0061654848	0.0107499027	0.0052130155	0.0001369455	0.0000009072	0.0000380132	0.0001155604	0.0000271755	0.0001758659	0.0001427359	0.0003186019
0.5053333333	0.9526920705	0.9051684629	0.8947156653	0.8539611295	1.0116828150	0.9544497349	0.0126248920	0.0010097942	0.0066286776	0.0116150978	0.0056188834	0.0001593879	0.0000010197	0.0000439394	0.0001349105	0.0000315719	0.0002043469	0.0001664823	0.0003708293
0.5053333333	0.9593587371	0.9060023052	0.8947650681	0.8543531792	1.0125588689	0.9548351960	0.0135456693	0.0010650089	0.0070876677	0.0124806604	0.0060226589	0.0001834852	0.0000011342	0.0000502350	0.0001557669	0.0000362724	0.0002348544	0.0001920393	0.0004268937
0.5053333333	0.9660254038	0.9068353078	0.8948125597	0.8547417472	1.0134360521	0.9552187639	0.0144646734	0.0011180846	0.0075423739	0.0133465888	0.0064242893	0.0002092268	0.0000012501	0.0000568874	0.0001781314	0.0000412715	0.0002673643	0.0002194029	0.0004867672
0.5053333333	0.9726920705	0.9076674421	0.8948581151	0.8551267631	1.0143143664	0.9556003893	0.0153818771	0.0011689939	0.0079927196	0.0142128832	0.0068237257	0.0002366021	0.0000013665	0.0000638836	0.0002020060	0.0000465632	0.0003018523	0.0002485693	0.0005504215
0.5053333333	0.9793587371	0.9084986820	0.8949017105	0.8555081604	1.0151938155	0.9559800259	0.0162972559	0.0012177104	0.0084386327	0.0150795455	0.0072209222	0.0002656005	0.0000014828	0.0000712105	0.0002273927	0.0000521417	0.0003382939	0.0002795344	0.0006178283
0.5053333333	0.9860254038	0.9093290038	0.8949433230	0.8558858758	1.0160744043	0.9563576305	0.0172107879	0.0012642088	0.0088800453	0.0159465791	0.0076158365	0.0002962112	0.0000015982	0.0000788552	0.0002542934	0.0000580010	0.0003766646	0.0003122943	0.0006889590
0.5053333333	0.9926920705	0.9101583861	0.8949829305	0.8562598498	1.0169561397	0.9567331629	0.0181224539	0.0013084649	0.0093168937	0.0168139890	0.0080084288	0.0003284233	0.0000017121	0.0000868045	0.0002827102	0.0000641349	0.0004169399	0.0003468452	0.0007637851
0.5053333333	0.9993587371	0.9109868098	0.8950205121	0.8566300261	1.0178390299	0.9571065853	0.0190322371	0.0013504554	0.0097491180	0.0176817817	0.0083986625	0.0003622261	0.0000018237	0.0000950453	0.0003126454	0.0000705375	0.0004590951	0.0003831829	0.0008422780
0.5053333333	1.0060254038	0.9118142575	0.8950560476	0.8569963516	1.0187230843	0.9574778628	0.0199401232	0.0013901582	0.0101766621	0.0185499649	0.0087865038	0.0003976085	0.0000019325	0.0001035645	0.0003441012	0.0000772026	0.0005031055	0.0004213038	0.0009244094
0.5053333333	1.0126920705	0.9126407141	0.8950895178	0.8573587760	1.0196083140	0.9578469627	0.0208460997	0.0014275520	0.0105994735	0.0194185476	0.0091719215	0.0004345599	0.0000020379	0.0001123488	0.0003770800	0.0000841241	0.0005489466	0.0004612041	0.0010101507
0.5053333333	1.0193587371	0.9134661663	0.8951209042	0.8577172523	1.0204947309	0.9582138550	0.0217501565	0.0014626165	0.0110175031	0.0202875400	0.0095548866	0.0004730693	0.0000021392	0.0001213854	0.0004115843	0.0000912959	0.0005965939	0.0005028801	0.0010994741
0.5053333333	1.0260254038	0.9142906024	0.8951501891	0.8580717360	1.0213823485	0.9585785117	0.0226522855	0.0014953321	0.0114307051	0.0211569534	0.0099353730	0.0005131260	0.0000022360	0.0001306610	0.0004476167	0.0000987116	0.0006460231	0.0005463283	0.0011923514
0.5053333333	1.0326920705	0.9151140126	0.8951773557	0.8584221855	1.0222711809	0.9589409071	0.0235524803	0.0015256803	0.0118390369	0.0220268000	0.0103133566	0.0005547193	0.0000023277	0.0001401628	0.0004851799	0.0001063653	0.0006972098	0.0005915452	0.0012887551
0.5053333333	1.0393587371	0.9159363886	0.8952023879	0.8587685616	1.0231612438	0.9593010176	0.0244507363	0.0015536432	0.0122424587	0.0228970931	0.0106888154	0.0005978385	0.0000024138	0.0001498778	0.0005242769	0.0001142508	0.0007501301	0.0006385276	0.0013886578
0.5053333333	1.0460254038	0.9167577237	0.8952252701	0.8591108277	1.0240525533	0.9596588215	0.0253470508	0.0015792039	0.0126409337	0.0237678469	0.0110617299	0.0006424730	0.0000024939	0.0001597932	0.0005649105	0.0001223619	0.0008047601	0.0006872724	0.0014920325
0.5053333333	1.0526920705	0.9175780125	0.8952459877	0.8594489494	1.0249451269	0.9600142990	0.0262414224	0.0016023460	0.0130344280	0.0246390764	0.0114320820	0.0006886123	0.0000025675	0.0001698963	0.0006070841	0.0001306925	0.0008610761	0.0007377766	0.0015988527
0.5053333333	1.0593587371	0.9183972512	0.8952645267	0.8597828947	1.0258389826	0.9603674323	0.0271338514	0.0016230539	0.0134229101	0.0255107974	0.0117998561	0.0007362459	0.0000026343	0.0001801745	0.0006508008	0.0001392366	0.0009190547	0.0007900374	0.0017090921
0.5053333333	1.0660254038	0.9192154372	0.8952808735	0.8601126338	1.0267341394	0.9607182051	0.0280243394	0.0016413130	0.0138063509	0.0263830264	0.0121650380	0.0007853636	0.0000026939	0.0001906153	0.0006960641	0.0001479881	0.0009786728	0.0008440522	0.0018227251
0.5080000000	0.6660254038	0.8699076440	0.8914368776	0.8359367005	0.9758488412	0.9377407661	-0.0271091315	-0.0026615511	-0.0147041062	-0.0244475804	-0.0120425551	0.0007349050	0.0000070839	0.0002162107	0.0005976842	0.0001450231	0.0009581996	0.0007427073	0.0017009069
0.5080000000	0.6726920705	0.8706834246	0.8915211498	0.8363201433	0.9766267741	0.9380822244	-0.0262177324	-0.0025670203	-0.0142455130	-0.0236507121	-0.0116784927	0.0006873695	0.0000065896	0.0002029346	0.0005593562	0.0001363872	0.0008968937	0.0006957434	0.0015926371
0.5080000000	0.6793587371	0.8714646005	0.8916064200	0.8367101068	0.9774095172	0.9384298812	-0.0253209361	-0.0024713791	-0.0137793368	-0.0228495570	-0.0113079576	0.0006411498	0.0000061077	0.0001898701	0.0005221023	0.0001278699	0.0008371276	0.0006499722	0.0014870998
0.5080000000	0.6860254038	0.8722508419	0.8916925534	0.8371061026	0.9781968444	0.9387833277	-0.0244191359	-0.0023747791	-0.0133061715	-0.0220443568	-0.0109313924	0.0005962942	0.0000056396	0.0001770542	0.0004859537	0.0001194953	0.0007789880	0.0006054490	0.0013844370
0.5080000000	0.6926920705	0.8730418324	0.8917794200	0.8375076605	0.9789885400	0.9391421710	-0.0235127085	-0.0022773662	-0.0128265887	-0.0212353423	-0.0105492226	0.0005528475	0.0000051864	0.0001645214	0.0004509398	0.0001112861	0.0007225552	0.0005622259	0.0012847811
0.5080000000	0.6993587371	0.8738372680	0.8918668944	0.8379143281	0.9797843977	0.9395060333	-0.0226020151	-0.0021792813	-0.0123411378	-0.0204227338	-0.0101618565	0.0005108511	0.0000047493	0.0001523037	0.0004170881	0.0001032633	0.0006679040	0.0005203514	0.0011882554
0.5080000000	0.7060254038	0.8746368570	0.8919548554	0.8383256698	0.9805842209	0.9398745516	-0.0216874015	-0.0020806604	-0.0118503469	-0.0196067411	-0.0097696865	0.0004703434	0.0000043291	0.0001404307	0.0003844243	0.0000954468	0.0006151033	0.0004798711	0.0010949743
0.5080000000	0.7126920705	0.8754403200	0.8920431864	0.8387412668	0.9813878221	0.9402473776	-0.0207691985	-0.0019816345	-0.0113547233	-0.0187875641	-0.0093730888	0.0004313596	0.0000039269	0.0001289297	0.0003529726	0.0000878548	0.0005642162	0.0004408274	0.0010050436
0.5080000000	0.7193587371	0.8762473891	0.8921317748	0.8391607163	0.9821950230	0.9406241768	-0.0198477225	-0.0018823299	-0.0108547543	-0.0179653926	-0.0089724244	0.0003939321	0.0000035432	0.0001178257	0.0003227553	0.0000805044	0.0005153009	0.0004032597	0.0009185607
0.5080000000	0.7260254038	0.8770578078	0.8922205121	0.8395836312	0.9830056537	0.9410046281	-0.0189232756	-0.0017828683	-0.0103509076	-0.0171404074	-0.0085680393	0.0003580904	0.0000031786	0.0001071413	0.0002937936	0.0000734113	0.0004684103	0.0003672049	0.0008356151
0.5080000000	0.7326920705	0.8778713305	0.8923092937	0.8400096395	0.9838195531	0.9413884238	-0.0179961467	-0.0016833669	-0.0098436319	-0.0163127798	-0.0081602650	0.0003238613	0.0000028337	0.0000968971	0.0002661068	0.0000665899	0.0004235921	0.0003326967	0.0007562888
0.5080000000	0.7393587371	0.8786877226	0.8923980188	0.8404383841	0.9846365680	0.9417752688	-0.0170666110	-0.0015839387	-0.0093333578	-0.0154826724	-0.0077494191	0.0002912692	0.0000025089	0.0000871116	0.0002397131	0.0000600535	0.0003808896	0.0002997666	0.0006806563
0.5080000000	0.7460254038	0.8795067594	0.8924865905	0.8408695218	0.9854565533	0.9421648804	-0.0161349315	-0.0014846922	-0.0088204978	-0.0146502393	-0.0073358056	0.0002603360	0.0000022043	0.0000778012	0.0002146295	0.0000538140	0.0003403415	0.0002684436	0.0006087851
0.5080000000	0.7526920705	0.8803282267	0.8925749154	0.8413027234	0.9862793717	0.9425569876	-0.0152013584	-0.0013857323	-0.0083054476	-0.0138156261	-0.0069197153	0.0002310813	0.0000019203	0.0000689805	0.0001908715	0.0000478825	0.0003019820	0.0002387540	0.0005407360
0.5080000000	0.7593587371	0.8811519196	0.8926629033	0.8417376729	0.9871048929	0.9429513311	-0.0142661302	-0.0012871594	-0.0077885860	-0.0129789707	-0.0065014266	0.0002035225	0.0000016568	0.0000606621	0.0001684537	0.0000422685	0.0002658413	0.0002107222	0.0004765636
0.5080000000	0.7660254038	0.8819776428	0.8927504679	0.8421740671	0.9879329941	0.9433476626	-0.0133294738	-0.0011890706	-0.0072702759	-0.0121404032	-0.0060812053	0.0001776749	0.0000014139	0.0000528569	0.0001473894	0.0000369811	0.0002319457	0.0001843704	0.0004163161
0.5080000000	0.7726920705	0.8828052099	0.8928375257	0.8426116154	0.9887635595	0.9437457445	-0.0123916053	-0.0010915590	-0.0067508647	-0.0113000463	-0.0056593057	0.0001535519	0.0000011915	0.0000455742	0.0001276910	0.0000320277	0.0002003176	0.0001597188	0.0003600363
0.5080000000	0.7793587371	0.8836344434	0.8929239965	0.8430500390	0.9895964795	0.9441453498	-0.0114527296	-0.0009947142	-0.0062306848	-0.0104580154	-0.0052359706	0.0001311650	0.0000009895	0.0000388214	0.0001093701	0.0000274154	0.0001709759	0.0001367855	0.0003077614
0.5080000000	0.7860254038	0.8844651742	0.8930098032	0.8434890709	0.9904316515	0.9445462612	-0.0105130417	-0.0008986225	-0.0057100543	-0.0096144192	-0.0048114318	0.0001105240	0.0000008075	0.0000326047	0.0000924371	0.0000231499	0.0001439363	0.0001155869	0.0002595232
0.5080000000	0.7926920705	0.8852972414	0.8930948717	0.8439284551	0.9912689787	0.9449482712	-0.0095727266	-0.0008033666	-0.0051892772	-0.0087693600	-0.0043859106	0.0000916371	0.0000006454	0.0000269286	0.0000769017	0.0000192362	0.0001192111	0.0000961379	0.0002153490
0.5080000000	0.7993587371	0.8861304916	0.8931791305	0.8443679464	0.9921083704	0.9453511816	-0.0086319597	-0.0007090264	-0.0046686443	-0.0079229333	-0.0039596179	0.0000745107	0.0000005027	0.0000217962	0.0000627729	0.0000156786	0.0000968097	0.0000784514	0.0001752611
0.5080000000	0.8060254038	0.8869647795	0.8932625110	0.8448073102	0.9929497417	0.9457548031	-0.0076909071	-0.0006156782	-0.0041484332	-0.0070752288	-0.0035327550	0.0000591501	0.0000003791	0.0000172095	0.0000500589	0.0000124804	0.0000767386	0.0000625392	0.0001392778
0.5080000000	0.8126920705	0.8877999667	0.8933449472	0.8452463217	0.9937930130	0.9461589550	-0.0067497262	-0.0005233958	-0.0036289094	-0.0062263304	-0.0031055136	0.0000455588	0.0000002739	0.0000131690	0.0000387672	0.0000096442	0.0000590017	0.0000484114	0.0001074131
0.5080000000	0.8193587371	0.8886359220	0.8934263757	0.8456847660	0.9946381103	0.9465634651	-0.0058085661	-0.0004322498	-0.0031103262	-0.0053763163	-0.0026780764	0.0000337394	0.0000001868	0.0000096741	0.0000289048	0.0000071721	0.0000436004	0.0000360769	0.0000796773
0.5080000000	0.8260254038	0.8894725208	0.8935067356	0.8461224372	0.9954849644	0.9469681688	-0.0048675674	-0.0003423082	-0.0025929254	-0.0045252592	-0.0022506171	0.0000236932	0.0000001172	0.0000067233	0.0000204780	0.0000050653	0.0000305336	0.0000255432	0.0000560769
0.5080000000	0.8326920705	0.8903096451	0.8935859681	0.8465591387	0.9963335112	0.9473729097	-0.0039268631	-0.0002536362	-0.0020769376	-0.0036732269	-0.0018233014	0.0000154203	0.0000000643	0.0000043137	0.0000134926	0.0000033244	0.0000197983	0.0000168170	0.0000366153
0.5080000000	0.8393587371	0.8911471831	0.8936640170	0.8469946823	0.9971836911	0.9477775385	-0.0029865786	-0.0001662965	-0.0015625830	-0.0028202821	-0.0013962864	0.0000089197	0.0000000277	0.0000024417	0.0000079540	0.0000019496	0.0000113890	0.0000099036	0.0000212926
0.5080000000	0.8460254038	0.8919850291	0.8937408282	0.8474288883	0.9980354494	0.9481819131	-0.0020468323	-0.0000803494	-0.0010500712	-0.0019664829	-0.0009697219	0.0000041895	0.0000000065	0.0000011026	0.0000038671	0.0000009404	0.0000052986	0.0000048074	0.0000101060
0.5080000000	0.8526920705	0.8928230829	0.8938163497	0.8478615848	0.9988887351	0.9485858981	-0.0011077353	0.0000041475	-0.0005396023	-0.0011118828	-0.0005437498	0.0000012271	0.0000000000	0.0000002912	0.0000012363	0.0000002957	0.0000015183	0.0000015319	0.0000030502
0.5080000000	0.8593587371	0.8936612502	0.8938905315	0.8482926079	0.9997435018	0.9489893651	-0.0001693926	0.0000871385	-0.0000313666	-0.0002565311	-0.0001185051	0.0000000287	0.0000000076	0.0000000010	0.0000000658	0.0000000140	0.0000000373	0.0000000799	0.0000001171
0.5080000000	0.8660254038	0.8944994416	0.8939633256	0.8487218008	1.0005997070	0.9493921915	0.0007680975	0.0001685703	0.0004744546	0.0005995272	0.0003058842	0.0000005900	0.0000000284	0.0000002251	0.0000003594	0.0000000936	0.0000008435	0.0000004530	0.0000012965
0.5080000000	0.8726920705	0.8953375732	0.8940346859	0.8491490139	1.0014573117	0.9497942611	0.0017046427	0.0002483918	0.0009776886	0.0014562509	0.0007292967	0.0000029058	0.0000000617	0.0000009559	0.0000021207	0.0000005319	0.0000039234	0.0000026525	0.0000065759
0.5080000000	0.8793587371	0.8961755656	0.8941045683	0.8495741047	1.0023162808	0.9501954635	0.0026401563	0.0003265539	0.0014781713	0.0023136024	0.0011516174	0.0000069704	0.0000001066	0.0000021850	0.0000053528	0.0000013262	0.0000092621	0.0000066790	0.0000159410
0.5080000000	0.8860254038	0.8970133444	0.8941729301	0.8499969370	1.0031765827	0.9505956939	0.0035745574	0.0004030095	0.0019757467	0.0031715480	0.0015727372	0.0000127775	0.0000001624	0.0000039036	0.0000100587	0.0000024735	0.0000168435	0.0000125322	0.0000293757
0.5080000000	0.8926920705	0.8978508394	0.8942397307	0.8504173811	1.0040381887	0.9509948529	0.0045077703	0.0004777132	0.0024702662	0.0040300571	0.0019925531	0.0000203200	0.0000002282	0.0000061022	0.0000162414	0.0000039703	0.0000266504	0.0000202116	0.0000468620
0.5080000000	0.8993587371	0.8986879851	0.8943049307	0.8508353133	1.0049010737	0.9513928461	0.0054397242	0.0005506216	0.0029615891	0.0048891026	0.0024109675	0.0000295906	0.0000003032	0.0000087710	0.0000239033	0.0000058128	0.0000386648	0.0000297161	0.0000683809
0.5080000000	0.9060254038	0.8995247197	0.8943684926	0.8512506157	1.0057652155	0.9517895843	0.0063703534	0.0006216932	0.0034495815	0.0057486602	0.0028278883	0.0000405814	0.0000003865	0.0000118996	0.0000330471	0.0000079970	0.0000528675	0.0000410440	0.0000939116
0.5080000000	0.9126920705	0.9003609855	0.8944303803	0.8516631763	1.0066305946	0.9521849828	0.0072995968	0.0006908879	0.0039341164	0.0066087089	0.0032432285	0.0000532841	0.0000004773	0.0000154773	0.0000436750	0.0000105185	0.0000692387	0.0000541936	0.0001234323
0.5080000000	0.9193587371	0.9011967288	0.8944905592	0.8520728882	1.0074971944	0.9525789618	0.0082273975	0.0007581674	0.0044150734	0.0074692301	0.0036569060	0.0000676901	0.0000005748	0.0000194929	0.0000557894	0.0000133730	0.0000877578	0.0000691624	0.0001569201
0.5080000000	0.9260254038	0.9020318990	0.8945489959	0.8524796498	1.0083650008	0.9529714456	0.0091537031	0.0008234949	0.0048923383	0.0083302081	0.0040688434	0.0000837903	0.0000006781	0.0000239350	0.0000693924	0.0000165555	0.0001084034	0.0000859479	0.0001943513
0.5080000000	0.9326920705	0.9028664496	0.8946056587	0.8528833645	1.0092340024	0.9533623627	0.0100784649	0.0008868352	0.0053658032	0.0091916297	0.0044789679	0.0001015755	0.0000007865	0.0000287918	0.0000844861	0.0000200612	0.0001311538	0.0001045472	0.0002357010
0.5080000000	0.9393587371	0.9037003368	0.8946605170	0.8532839404	1.0101041900	0.9537516458	0.0110016384	0.0009481545	0.0058353655	0.0100534839	0.0048872110	0.0001210360	0.0000008990	0.0000340515	0.0001010725	0.0000238848	0.0001559865	0.0001249574	0.0002809439
0.5080000000	0.9460254038	0.9045335203	0.8947135412	0.8536812904	1.0109755566	0.9541392312	0.0119231825	0.0010074202	0.0063009286	0.0109157623	0.0052935084	0.0001421623	0.0000010149	0.0000397017	0.0001191539	0.0000280212	0.0001828789	0.0001471751	0.0003300540
0.5080000000	0.9526920705	0.9053659629	0.8947647035	0.8540753316	1.0118480974	0.9545250593	0.0128430596	0.0010646014	0.0067624009	0.0117784583	0.0056977995	0.0001649442	0.0000011334	0.0000457301	0.0001387321	0.0000324649	0.0002118076	0.0001711970	0.0003830046
0.5080000000	0.9593587371	0.9061976298	0.8948139766	0.8544659854	1.0127218098	0.9549090735	0.0137612356	0.0011196681	0.0072196960	0.0126415674	0.0061000278	0.0001893716	0.0000012537	0.0000521240	0.0001598092	0.0000372103	0.0002427493	0.0001970196	0.0004397688
0.5080000000	0.9660254038	0.9070284896	0.8948613348	0.8548531772	1.0135966929	0.9552912210	0.0146776792	0.0011725920	0.0076727323	0.0135050873	0.0065001404	0.0002154343	0.0000013750	0.0000588708	0.0001823874	0.0000422518	0.0002756801	0.0002246392	0.0005003193
0.5080000000	0.9726920705	0.9078585130	0.8949067533	0.8552368365	1.0144727477	0.9556714522	0.0155923626	0.0012233455	0.0081214331	0.0143690171	0.0068980876	0.0002431218	0.0000014966	0.0000659577	0.0002064687	0.0000475836	0.0003105760	0.0002540523	0.0005646283
0.5080000000	0.9793587371	0.9086876734	0.8949502083	0.8556168964	1.0153499769	0.9560497204	0.0165052603	0.0012719024	0.0085657257	0.0152333579	0.0072938233	0.0002724236	0.0000016177	0.0000733717	0.0002320552	0.0000531999	0.0003474130	0.0002852551	0.0006326681
0.5080000000	0.9860254038	0.9095159467	0.8949916771	0.8559932936	1.0162283851	0.9564259819	0.0174163501	0.0013182377	0.0090055422	0.0160981124	0.0076873045	0.0003033293	0.0000017378	0.0000810998	0.0002591492	0.0000590947	0.0003861668	0.0003182439	0.0007044107
0.5080000000	0.9926920705	0.9103433109	0.8950311377	0.8563659681	1.0171079781	0.9568001962	0.0183256119	0.0013623272	0.0094408183	0.0169632846	0.0080784911	0.0003358281	0.0000018559	0.0000891291	0.0002877530	0.0000652620	0.0004268130	0.0003530150	0.0007798281
0.5080000000	0.9993587371	0.9111697462	0.8950685694	0.8567348636	1.0179887635	0.9571723250	0.0192330283	0.0014041480	0.0098714941	0.0178288802	0.0084673460	0.0003699094	0.0000019716	0.0000974464	0.0003178690	0.0000716959	0.0004693274	0.0003895649	0.0008588923
0.5080000000	1.0060254038	0.9119952350	0.8951039521	0.8570999266	1.0188707500	0.9575423330	0.0201385841	0.0014436780	0.0102975129	0.0186949062	0.0088538350	0.0004055626	0.0000020842	0.0001060388	0.0003494995	0.0000783904	0.0005136855	0.0004278899	0.0009415755
0.5080000000	1.0126920705	0.9128197616	0.8951372667	0.8574611068	1.0197539478	0.9579101873	0.0210422665	0.0014808959	0.0107188222	0.0195613706	0.0092379262	0.0004427770	0.0000021931	0.0001148931	0.0003826472	0.0000853393	0.0005598632	0.0004679865	0.0010278497
0.5080000000	1.0193587371	0.9136433120	0.8951684949	0.8578183567	1.0206383684	0.9582758572	0.0219440647	0.0015157818	0.0111353723	0.0204282829	0.0096195905	0.0004815420	0.0000022976	0.0001239965	0.0004173147	0.0000925365	0.0006078361	0.0005098513	0.0011176874
0.5080000000	1.0260254038	0.9144658743	0.8951976191	0.8581716319	1.0215240243	0.9586393145	0.0228439698	0.0015483161	0.0115471173	0.0212956536	0.0099988012	0.0005218470	0.0000023973	0.0001333359	0.0004535049	0.0000999760	0.0006575802	0.0005534809	0.0012110610
0.5080000000	1.0326920705	0.9152874381	0.8952246225	0.8585208903	1.0224109292	0.9590005331	0.0237419748	0.0015784805	0.0119540142	0.0221634943	0.0103755337	0.0005636814	0.0000024916	0.0001428985	0.0004912205	0.0001076517	0.0007090714	0.0005988722	0.0013079436
0.5080000000	1.0393587371	0.9161079947	0.8952494893	0.8588660926	1.0232990978	0.9593594890	0.0246380747	0.0016062573	0.0123560230	0.0230318174	0.0107497657	0.0006070347	0.0000025801	0.0001526713	0.0005304646	0.0001155575	0.0007622861	0.0006460221	0.0014083082
0.5080000000	1.0460254038	0.9169275368	0.8952722040	0.8592072019	1.0241885459	0.9597161601	0.0255322660	0.0016316295	0.0127531065	0.0239006365	0.0111214771	0.0006518966	0.0000026622	0.0001626417	0.0005712404	0.0001236873	0.0008172005	0.0006949277	0.0015121282
0.5080000000	1.0526920705	0.9177460587	0.8952927521	0.8595441838	1.0250792901	0.9600705264	0.0264245467	0.0016545810	0.0131452306	0.0247699658	0.0114906496	0.0006982567	0.0000027376	0.0001727971	0.0006135512	0.0001320350	0.0008737914	0.0007455862	0.0016193776
0.5080000000	1.0593587371	0.9185635561	0.8953111196	0.8598770059	1.0259713478	0.9604225694	0.0273149166	0.0016750964	0.0135323633	0.0256398203	0.0118572670	0.0007461047	0.0000028059	0.0001831249	0.0006574004	0.0001405948	0.0009320355	0.0007979952	0.0017300306
0.5080000000	1.0660254038	0.9193800258	0.8953272932	0.8602056383	1.0268647375	0.9607722727	0.0282033768	0.0016931609	0.0139144756	0.0265102158	0.0122213147	0.0007954305	0.0000028668	0.0001936126	0.0007027915	0.0001493605	0.0009919099	0.0008521521	0.0018440620
0.5106666667	0.6660254038	0.8702366937	0.8914861589	0.8361307485	0.9761639987	0.9379065958	-0.0267309448	-0.0026062696	-0.0144720007	-0.0241246752	-0.0118657311	0.0007145434	0.0000067926	0.0002094388	0.0005820000	0.0001407956	0.0009307749	0.0007227955	0.0016535704
0.5106666667	0.6726920705	0.8710084065	0.8915705376	0.8365118569	0.9769371797	0.9382452892	-0.0258445528	-0.0025116246	-0.0140163046	-0.0233329281	-0.0115046800	0.0006679409	0.0000063083	0.0001964568	0.0005444255	0.0001323577	0.0008707060	0.0006767832	0.0015474892
0.5106666667	0.6793587371	0.8717855693	0.8916559137	0.8368995103	0.9777152329	0.9385902090	-0.0249526943	-0.0024158700	-0.0135529954	-0.0225368242	-0.0111371254	0.0006226370	0.0000058364	0.0001836837	0.0005079084	0.0001240356	0.0008121571	0.0006319440	0.0014441011
0.5106666667	0.6860254038	0.8725678521	0.8917421516	0.8372932204	0.9784979330	0.9389409472	-0.0240557627	-0.0023191581	-0.0130826671	-0.0217366045	-0.0107635090	0.0005786797	0.0000053785	0.0001711562	0.0004724800	0.0001158531	0.0007552144	0.0005883331	0.0013435475
0.5106666667	0.6926920705	0.8733549380	0.8918291206	0.8376925169	0.9792850647	0.9392971116	-0.0231541352	-0.0022216358	-0.0126058911	-0.0209324994	-0.0103842552	0.0005361140	0.0000049357	0.0001589085	0.0004381695	0.0001078328	0.0006999581	0.0005460023	0.0012459604
0.5106666667	0.6993587371	0.8741465227	0.8919166944	0.8380969472	0.9800764221	0.9396583251	-0.0222481735	-0.0021234448	-0.0121232167	-0.0201247286	-0.0099997719	0.0004949812	0.0000045090	0.0001469724	0.0004050047	0.0000999954	0.0006464626	0.0005050001	0.0011514628
0.5106666667	0.7060254038	0.8749423143	0.8920047515	0.8385060758	0.9808718090	0.9400242256	-0.0213382236	-0.0020247218	-0.0116351721	-0.0193135018	-0.0096104503	0.0004553198	0.0000040995	0.0001353772	0.0003730114	0.0000923608	0.0005947965	0.0004653721	0.0010601686
0.5106666667	0.7126920705	0.8757420327	0.8920931746	0.8389194836	0.9816710381	0.9403944650	-0.0204246168	-0.0019255983	-0.0111422646	-0.0184990185	-0.0092166663	0.0004171650	0.0000037079	0.0001241501	0.0003422137	0.0000849469	0.0005450230	0.0004271606	0.0009721836
0.5106666667	0.7193587371	0.8765454099	0.8921818504	0.8393367679	0.9824739311	0.9407687093	-0.0195076700	-0.0018262012	-0.0106449814	-0.0176814688	-0.0088187802	0.0003805492	0.0000033350	0.0001133156	0.0003126343	0.0000777709	0.0004971998	0.0003904052	0.0008876050
0.5106666667	0.7260254038	0.8773521887	0.8922706702	0.8397575415	0.9832803184	0.9411466381	-0.0185876860	-0.0017266527	-0.0101437902	-0.0168610332	-0.0084171375	0.0003455021	0.0000029813	0.0001028965	0.0002842944	0.0000708482	0.0004513799	0.0003551426	0.0008065225
0.5106666667	0.7326920705	0.8781621233	0.8923595289	0.8401814323	0.9840900386	0.9415279438	-0.0176649540	-0.0016270705	-0.0096391399	-0.0160378834	-0.0080120694	0.0003120506	0.0000026474	0.0000929130	0.0002572137	0.0000641933	0.0004076110	0.0003214070	0.0007290179
0.5106666667	0.7393587371	0.8789749783	0.8924483255	0.8406080831	0.9849029386	0.9419123317	-0.0167397500	-0.0015275678	-0.0091314609	-0.0152121822	-0.0076038930	0.0002802192	0.0000023335	0.0000833836	0.0002314105	0.0000578192	0.0003659363	0.0002892297	0.0006551659
0.5106666667	0.7460254038	0.8797905288	0.8925369626	0.8410371507	0.9857188729	0.9422995192	-0.0158123375	-0.0014282537	-0.0086211659	-0.0143840838	-0.0071929122	0.0002500300	0.0000020399	0.0000743245	0.0002069019	0.0000517380	0.0003263944	0.0002586399	0.0005850343
0.5106666667	0.7526920705	0.8806085599	0.8926253467	0.8414683057	0.9865377038	0.9426892356	-0.0148829674	-0.0013292329	-0.0081086504	-0.0135537345	-0.0067794175	0.0002215027	0.0000017669	0.0000657502	0.0001837037	0.0000459605	0.0002890198	0.0002296642	0.0005186840
0.5106666667	0.7593587371	0.8814288662	0.8927133875	0.8419012320	0.9873593010	0.9430812216	-0.0139518789	-0.0012306065	-0.0075942936	-0.0127212724	-0.0063636871	0.0001946549	0.0000015144	0.0000576733	0.0001618308	0.0000404965	0.0002538426	0.0002023273	0.0004561699
0.5106666667	0.7660254038	0.8822512520	0.8928009983	0.8423356265	0.9881835411	0.9434752292	-0.0130192996	-0.0011324714	-0.0070784583	-0.0118868281	-0.0059459868	0.0001695022	0.0000012825	0.0000501046	0.0001412967	0.0000353548	0.0002208892	0.0001766514	0.0003975407
0.5106666667	0.7726920705	0.8830755303	0.8928880956	0.8427711982	0.9890103078	0.9438710208	-0.0120854460	-0.0010349211	-0.0065614919	-0.0110505249	-0.0055265709	0.0001460580	0.0000010711	0.0000430532	0.0001221141	0.0000305430	0.0001901822	0.0001526571	0.0003428393
0.5106666667	0.7793587371	0.8839015230	0.8929745991	0.8432076684	0.9898394913	0.9442683692	-0.0111505241	-0.0009380451	-0.0060437271	-0.0102124790	-0.0051056820	0.0001243342	0.0000008799	0.0000365266	0.0001042947	0.0000260680	0.0001617408	0.0001303627	0.0002921035
0.5106666667	0.7860254038	0.8847290604	0.8930604317	0.8436447700	0.9906709882	0.9446670573	-0.0102147295	-0.0008419299	-0.0055254820	-0.0093727996	-0.0046835521	0.0001043407	0.0000007088	0.0000305310	0.0000878494	0.0000219357	0.0001355805	0.0001097850	0.0002453655
0.5106666667	0.7926920705	0.8855579810	0.8931455191	0.8440822468	0.9915047012	0.9450668774	-0.0092782478	-0.0007466583	-0.0050070607	-0.0085315896	-0.0042604024	0.0000860859	0.0000005575	0.0000250707	0.0000727880	0.0000181510	0.0001117140	0.0000909390	0.0002026531
0.5106666667	0.7993587371	0.8863881311	0.8932297898	0.8445198536	0.9923405390	0.9454676313	-0.0083412553	-0.0006523099	-0.0044887541	-0.0076889454	-0.0038364441	0.0000695765	0.0000004255	0.0000201489	0.0000591199	0.0000147183	0.0000901510	0.0000738382	0.0001639891
0.5106666667	0.8060254038	0.8872193645	0.8933131754	0.8449573556	0.9931784160	0.9458691295	-0.0074039189	-0.0005589615	-0.0039708400	-0.0068449574	-0.0034118786	0.0000548180	0.0000003124	0.0000157676	0.0000468534	0.0000116409	0.0000708980	0.0000584944	0.0001293924
0.5106666667	0.8126920705	0.8880515424	0.8933956097	0.8453945279	0.9940182520	0.9462711912	-0.0064663967	-0.0004666864	-0.0034535841	-0.0059997103	-0.0029868977	0.0000418143	0.0000002178	0.0000119272	0.0000359965	0.0000089216	0.0000539593	0.0000449181	0.0000988774
0.5106666667	0.8193587371	0.8888845328	0.8934770295	0.8458311553	0.9948599723	0.9466736440	-0.0055288384	-0.0003755554	-0.0029372396	-0.0051532831	-0.0025616843	0.0000305681	0.0000001410	0.0000086274	0.0000265563	0.0000065622	0.0000393365	0.0000331186	0.0000724550
0.5106666667	0.8260254038	0.8897182108	0.8935573738	0.8462670321	0.9957035071	0.9470763232	-0.0045913857	-0.0002856363	-0.0024220487	-0.0043057494	-0.0021364124	0.0000210808	0.0000000816	0.0000058663	0.0000185395	0.0000045643	0.0000270287	0.0000231037	0.0000501325
0.5106666667	0.8326920705	0.8905524576	0.8936365840	0.8467019614	0.9965487913	0.9474790721	-0.0036541721	-0.0001969943	-0.0019082422	-0.0034571778	-0.0017112479	0.0000133530	0.0000000388	0.0000036414	0.0000119521	0.0000029284	0.0000170332	0.0000148804	0.0000319136
0.5106666667	0.8393587371	0.8913871610	0.8937146039	0.8471357548	0.9973957649	0.9478817411	-0.0027173240	-0.0001096920	-0.0013960403	-0.0026076320	-0.0012863483	0.0000073838	0.0000000120	0.0000019489	0.0000067997	0.0000016547	0.0000093448	0.0000084544	0.0000177992
0.5106666667	0.8460254038	0.8922222144	0.8937913796	0.8475682326	0.9982443720	0.9482841880	-0.0017809604	-0.0000237894	-0.0008856529	-0.0017571709	-0.0008618634	0.0000031718	0.0000000006	0.0000007844	0.0000030876	0.0000007428	0.0000039568	0.0000038305	0.0000077872
0.5106666667	0.8526920705	0.8930575173	0.8938668590	0.8479992227	0.9990945612	0.9486862771	-0.0008451933	0.0000606556	-0.0003772802	-0.0009058490	-0.0004379358	0.0000007144	0.0000000037	0.0000001423	0.0000008206	0.0000001918	0.0000008604	0.0000010124	0.0000018727
0.5106666667	0.8593587371	0.8938929745	0.8939409924	0.8484285609	0.9999462852	0.9490878795	0.0000898716	0.0001435878	0.0001288872	-0.0000537163	-0.0000147006	0.0000000081	0.0000000206	0.0000000166	0.0000000029	0.0000000002	0.0000000453	0.0000000031	0.0000000484
0.5106666667	0.8660254038	0.8947284964	0.8940137320	0.8488560905	1.0007995005	0.9494888726	0.0010241351	0.0002249540	0.0006326679	0.0007991811	0.0004077138	0.0000010489	0.0000000506	0.0000004003	0.0000006387	0.0000001662	0.0000014997	0.0000008049	0.0000023046
0.5106666667	0.8726920705	0.8955639981	0.8940850317	0.8492816616	1.0016541676	0.9498891398	0.0019575041	0.0003047032	0.0011338889	0.0016528009	0.0008291857	0.0000038318	0.0000000928	0.0000012857	0.0000027318	0.0000006875	0.0000052104	0.0000034193	0.0000086297
0.5106666667	0.8793587371	0.8963994000	0.8941548474	0.8497051316	1.0025102504	0.9502885703	0.0028898914	0.0003827864	0.0016323860	0.0025071050	0.0012495996	0.0000083515	0.0000001465	0.0000026647	0.0000062856	0.0000015615	0.0000111627	0.0000078471	0.0000190098
0.5106666667	0.8860254038	0.8972346268	0.8942231368	0.8501263641	1.0033677164	0.9506870590	0.0038212150	0.0004591566	0.0021280028	0.0033620584	0.0016688461	0.0000146017	0.0000002108	0.0000045284	0.0000113034	0.0000027850	0.0000193409	0.0000140885	0.0000334294
0.5106666667	0.8926920705	0.8980696079	0.8942898593	0.8505452292	1.0042265364	0.9510845062	0.0047513985	0.0005337688	0.0026205906	0.0042176297	0.0020868218	0.0000225758	0.0000002849	0.0000068675	0.0000177884	0.0000043548	0.0000297282	0.0000221432	0.0000518714
0.5106666667	0.8993587371	0.8989042771	0.8943549757	0.8509616031	1.0050866843	0.9514808171	0.0056803706	0.0006065797	0.0031100085	0.0050737908	0.0025034288	0.0000322666	0.0000003679	0.0000096722	0.0000257434	0.0000062672	0.0000423067	0.0000320105	0.0000743172
0.5106666667	0.9060254038	0.8997385721	0.8944184487	0.8513753678	1.0059481370	0.9518759022	0.0066080646	0.0006775479	0.0035961222	0.0059305167	0.0029185744	0.0000436665	0.0000004591	0.0000129321	0.0000351710	0.0000085181	0.0000570577	0.0000436891	0.0001007468
0.5106666667	0.9126920705	0.9005724347	0.8944802422	0.8517864109	1.0068108743	0.9522696765	0.0075344186	0.0007466334	0.0040788047	0.0067877851	0.0033321712	0.0000567675	0.0000005575	0.0000166366	0.0000460740	0.0000111034	0.0000739616	0.0000571774	0.0001311390
0.5106666667	0.9193587371	0.9014058105	0.8945403219	0.8521946255	1.0076748788	0.9526620597	0.0084593751	0.0008137983	0.0045579352	0.0076455768	0.0037441369	0.0000715610	0.0000006623	0.0000207748	0.0000584548	0.0000140186	0.0000929981	0.0000724734	0.0001654715
0.5106666667	0.9260254038	0.9022386484	0.8945986545	0.8525999099	1.0085401357	0.9530529758	0.0093828809	0.0008790058	0.0050333993	0.0085038750	0.0041543934	0.0000880385	0.0000007727	0.0000253351	0.0000723159	0.0000172590	0.0001141462	0.0000895749	0.0002037211
0.5106666667	0.9326920705	0.9030709013	0.8946552085	0.8530021671	1.0094066325	0.9534423530	0.0103048866	0.0009422210	0.0055050887	0.0093626656	0.0045628677	0.0001061907	0.0000008878	0.0000303060	0.0000876595	0.0000208198	0.0001373845	0.0001084793	0.0002458637
0.5106666667	0.9393587371	0.9039025249	0.8947099533	0.8534013052	1.0102743594	0.9538301234	0.0112253469	0.0010034101	0.0059729008	0.0102219369	0.0049694908	0.0001260084	0.0000010068	0.0000356755	0.0001044880	0.0000246958	0.0001626908	0.0001291838	0.0002918746
0.5106666667	0.9460254038	0.9047334784	0.8947628598	0.8537972368	1.0111433085	0.9542162233	0.0121442201	0.0010625408	0.0064367386	0.0110816793	0.0053741978	0.0001474821	0.0000011290	0.0000414316	0.0001228036	0.0000288820	0.0001900427	0.0001516856	0.0003417283
0.5106666667	0.9526920705	0.9055637238	0.8948138999	0.8541898788	1.0120134744	0.9546005923	0.0130614678	0.0011195824	0.0068965103	0.0119418854	0.0057769279	0.0001706019	0.0000012535	0.0000475619	0.0001426086	0.0000333729	0.0002194173	0.0001759815	0.0003953988
0.5106666667	0.9593587371	0.9063932262	0.8948630469	0.8545791525	1.0128848536	0.9549831737	0.0139770552	0.0011745051	0.0073521292	0.0128025501	0.0061776240	0.0001953581	0.0000013795	0.0000540538	0.0001639053	0.0000381630	0.0002507913	0.0002020683	0.0004528597
0.5106666667	0.9660254038	0.9072219533	0.8949102750	0.8549649832	1.0137574444	0.9553639143	0.0148909504	0.0012272806	0.0078035135	0.0136636698	0.0065762328	0.0002217404	0.0000015062	0.0000608948	0.0001866959	0.0000432468	0.0002841414	0.0002299427	0.0005140842
0.5106666667	0.9726920705	0.9080498754	0.8949555595	0.8553473000	1.0146312470	0.9557427639	0.0158031248	0.0012778817	0.0082505860	0.0145252431	0.0069727043	0.0002497388	0.0000016330	0.0000680722	0.0002109827	0.0000486186	0.0003194439	0.0002596013	0.0005790452
0.5106666667	0.9793587371	0.9088769655	0.8949988770	0.8557260359	1.0155062637	0.9561196756	0.0167135524	0.0013262823	0.0086932741	0.0153872701	0.0073669918	0.0002793428	0.0000017590	0.0000755730	0.0002367681	0.0000542726	0.0003566749	0.0002910406	0.0006477155
0.5106666667	0.9860254038	0.9097031989	0.8950402046	0.8561011274	1.0163824979	0.9564946055	0.0176222100	0.0013724575	0.0091315094	0.0162497526	0.0077590519	0.0003105423	0.0000018836	0.0000833845	0.0002640545	0.0000602029	0.0003958104	0.0003242573	0.0007200677
0.5106666667	0.9926920705	0.9105285530	0.8950795209	0.8564725145	1.0172599549	0.9568675123	0.0185290772	0.0014163833	0.0095652274	0.0171126939	0.0081488441	0.0003433267	0.0000020061	0.0000914936	0.0002928443	0.0000664037	0.0004368264	0.0003592480	0.0007960744
0.5106666667	0.9993587371	0.9113530077	0.8951168049	0.8568401403	1.0181386415	0.9572383577	0.0194341358	0.0014580369	0.0099943678	0.0179760989	0.0085363309	0.0003776856	0.0000021259	0.0000998874	0.0003231401	0.0000728689	0.0004796989	0.0003960091	0.0008757080
0.5106666667	1.0060254038	0.9121765448	0.8951520370	0.8572039514	1.0190185658	0.9576071059	0.0203373700	0.0014973964	0.0104188740	0.0188399737	0.0089214776	0.0004136086	0.0000022422	0.0001085529	0.0003549446	0.0000795928	0.0005244038	0.0004345374	0.0009589411
0.5106666667	1.0126920705	0.9129991481	0.8951851980	0.8575638973	1.0198997372	0.9579737235	0.0212387664	0.0015344408	0.0108386927	0.0197043256	0.0093042519	0.0004510852	0.0000023545	0.0001174773	0.0003882604	0.0000865691	0.0005709170	0.0004748295	0.0010457465
0.5106666667	1.0193587371	0.9138208033	0.8952162698	0.8579199303	1.0207821664	0.9583381796	0.0221383134	0.0015691501	0.0112537744	0.0205691633	0.0096846243	0.0004901049	0.0000024622	0.0001266474	0.0004230905	0.0000937919	0.0006192146	0.0005168824	0.0011360970
0.5106666667	1.0260254038	0.9146414978	0.8952452349	0.8582720056	1.0216658655	0.9587004455	0.0230360016	0.0016015051	0.0116640728	0.0214344965	0.0100625677	0.0005306574	0.0000025648	0.0001360506	0.0004594376	0.0001012553	0.0006692728	0.0005606929	0.0012299657
0.5106666667	1.0326920705	0.9154612208	0.8952720769	0.8586200811	1.0225508473	0.9590604949	0.0239318236	0.0016314874	0.0120695444	0.0223003361	0.0104380570	0.0005727322	0.0000026618	0.0001456739	0.0004973050	0.0001089530	0.0007210678	0.0006062580	0.0013273259
0.5106666667	1.0393587371	0.9162799632	0.8952967798	0.8589641173	1.0234371260	0.9594183032	0.0248257735	0.0016590796	0.0124701492	0.0231666939	0.0108110695	0.0006163190	0.0000027525	0.0001555046	0.0005366957	0.0001168792	0.0007745762	0.0006535749	0.0014281511
0.5106666667	1.0460254038	0.9170977173	0.8953193283	0.8593040771	1.0243247167	0.9597738482	0.0257178473	0.0016842649	0.0128658497	0.0240335825	0.0111815848	0.0006614077	0.0000028367	0.0001655301	0.0005776131	0.0001250278	0.0008297745	0.0007026409	0.0015324154
0.5106666667	1.0526920705	0.9179144769	0.8953397081	0.8596399258	1.0252136352	0.9601271093	0.0266080427	0.0017070272	0.0132566113	0.0249010155	0.0115495841	0.0007079879	0.0000029139	0.0001757377	0.0006200606	0.0001333929	0.0008866396	0.0007534535	0.0016400931
0.5106666667	1.0593587371	0.9187302372	0.8953579052	0.8599716309	1.0261038986	0.9604780679	0.0274963585	0.0017273512	0.0136424020	0.0257690073	0.0119150508	0.0007560497	0.0000029837	0.0001861151	0.0006640417	0.0001419684	0.0009451486	0.0008060102	0.0017511588
0.5106666667	1.0660254038	0.9195449947	0.8953739065	0.8602991622	1.0269955244	0.9608267070	0.0283827955	0.0017452225	0.0140231924	0.0266375730	0.0122779699	0.0008055831	0.0000030458	0.0001966499	0.0007095603	0.0001507485	0.0010052788	0.0008603088	0.0018655877
0.5133333333	0.6660254038	0.8705644919	0.8915350344	0.8363229034	0.9764781622	0.9380707108	-0.0263543386	-0.0025514464	-0.0142422127	-0.0238028922	-0.0116907663	0.0006945512	0.0000065099	0.0002028406	0.0005665777	0.0001366740	0.0009039017	0.0007032517	0.0016071534
0.5133333333	0.6726920705	0.8713322090	0.8916195480	0.8367017853	0.9772466418	0.9384067310	-0.0254728660	-0.0024566553	-0.0137892822	-0.0230162107	-0.0113326270	0.0006488669	0.0000060352	0.0001901443	0.0005297460	0.0001284284	0.0008450464	0.0006581744	0.0015032208
0.5133333333	0.6793587371	0.8721054282	0.8917050574	0.8370872328	0.9780200538	0.9387490021	-0.0245858606	-0.0023607564	-0.0133287134	-0.0222251042	-0.0109679570	0.0006044645	0.0000055732	0.0001776546	0.0004939553	0.0001202961	0.0007876923	0.0006142513	0.0014019437
0.5133333333	0.6860254038	0.8728838194	0.8917914263	0.8374787576	0.9787981738	0.9390971172	-0.0236937162	-0.0022639030	-0.0128611000	-0.0214298131	-0.0105971970	0.0005613922	0.0000051253	0.0001654079	0.0004592369	0.0001123006	0.0007319253	0.0005715375	0.0013034628
0.5133333333	0.6926920705	0.8736670655	0.8918785230	0.8378758893	0.9795807870	0.9394506849	-0.0227968101	-0.0021662428	-0.0123870133	-0.0206305672	-0.0102207704	0.0005196945	0.0000046926	0.0001534381	0.0004256203	0.0001044641	0.0006778253	0.0005300845	0.0012079097
0.5133333333	0.6993587371	0.8744548617	0.8919662208	0.8382781754	0.9803676881	0.9398093290	-0.0218955042	-0.0020679184	-0.0119070023	-0.0198275858	-0.0098390840	0.0004794131	0.0000042763	0.0001417767	0.0003931332	0.0000968076	0.0006254661	0.0004899407	0.0011154068
0.5133333333	0.7060254038	0.8752469159	0.8920543974	0.8386851804	0.9811586811	0.9401726878	-0.0209901450	-0.0019690669	-0.0114215952	-0.0190210781	-0.0094525283	0.0004405862	0.0000038772	0.0001304528	0.0003618014	0.0000893503	0.0005749162	0.0004511517	0.0010260680
0.5133333333	0.7126920705	0.8760429478	0.8921429348	0.8390964853	0.9819535790	0.9405404140	-0.0200810642	-0.0018698206	-0.0109312991	-0.0182112437	-0.0090614785	0.0004032491	0.0000034962	0.0001194933	0.0003316494	0.0000821104	0.0005262387	0.0004137598	0.0009399985
0.5133333333	0.7193587371	0.8768426887	0.8922317197	0.8395116874	0.9827522037	0.9409121743	-0.0191685792	-0.0017703069	-0.0104366011	-0.0173982723	-0.0086662942	0.0003674344	0.0000031340	0.0001089226	0.0003026999	0.0000751047	0.0004794911	0.0003778045	0.0008572956
0.5133333333	0.7260254038	0.8776458814	0.8923206426	0.8399303994	0.9835543855	0.9412876485	-0.0182529931	-0.0016706483	-0.0099379688	-0.0165823447	-0.0082673204	0.0003331718	0.0000027911	0.0000987632	0.0002749742	0.0000683486	0.0004347260	0.0003433227	0.0007780488
0.5133333333	0.7326920705	0.8784522793	0.8924095983	0.8403522494	0.9843599632	0.9416665296	-0.0173345956	-0.0015709631	-0.0094358508	-0.0157636326	-0.0078648878	0.0003004882	0.0000024679	0.0000890353	0.0002484921	0.0000618565	0.0003919914	0.0003103486	0.0007023400
0.5133333333	0.7393587371	0.8792616469	0.8924984853	0.8407768801	0.9851687834	0.9420485232	-0.0164136635	-0.0014713647	-0.0089306777	-0.0149422988	-0.0074593130	0.0002694083	0.0000021649	0.0000797570	0.0002232723	0.0000556414	0.0003513303	0.0002789136	0.0006302439
0.5133333333	0.7460254038	0.8800737588	0.8925872061	0.8412039482	0.9859807006	0.9424333471	-0.0154904604	-0.0013719624	-0.0084228620	-0.0141184980	-0.0070508996	0.0002399544	0.0000018823	0.0000709446	0.0001993320	0.0000497152	0.0003127812	0.0002490472	0.0005618284
0.5133333333	0.7526920705	0.8808883995	0.8926756668	0.8416331245	0.9867955768	0.9428207307	-0.0145652381	-0.0012728613	-0.0079127992	-0.0132923767	-0.0066399378	0.0002121462	0.0000016202	0.0000626124	0.0001766873	0.0000440888	0.0002763787	0.0002207761	0.0004971548
0.5133333333	0.7593587371	0.8817053633	0.8927637771	0.8420640928	0.9876132813	0.9432104152	-0.0136382362	-0.0011741626	-0.0074008682	-0.0124640735	-0.0062267056	0.0001860015	0.0000013787	0.0000547729	0.0001553531	0.0000387719	0.0002421530	0.0001941250	0.0004362780
0.5133333333	0.7660254038	0.8825244539	0.8928514500	0.8424965500	0.9884336906	0.9436021524	-0.0127096830	-0.0010759635	-0.0068874321	-0.0116337195	-0.0058114686	0.0001615360	0.0000011577	0.0000474367	0.0001353434	0.0000337732	0.0002101305	0.0001691166	0.0003792471
0.5133333333	0.7726920705	0.8833454839	0.8929386021	0.8429302052	0.9892566877	0.9439957050	-0.0117797956	-0.0009783573	-0.0063728381	-0.0108014383	-0.0053944808	0.0001387636	0.0000009572	0.0000406131	0.0001166711	0.0000291004	0.0001803338	0.0001457715	0.0003261053
0.5133333333	0.7793587371	0.8841682746	0.8930251529	0.8433647795	0.9900821625	0.9443908459	-0.0108487808	-0.0008814339	-0.0058574190	-0.0099673468	-0.0049759850	0.0001176960	0.0000007769	0.0000343094	0.0000993480	0.0000247604	0.0001527823	0.0001241084	0.0002768908
0.5133333333	0.7860254038	0.8849926559	0.8931110252	0.8438000059	0.9909100111	0.9447873579	-0.0099168346	-0.0007852797	-0.0053414927	-0.0091315549	-0.0045562130	0.0000983436	0.0000006167	0.0000285315	0.0000833853	0.0000207591	0.0001274918	0.0001041444	0.0002316362
0.5133333333	0.7926920705	0.8858184658	0.8931961448	0.8442356281	0.9917401356	0.9451850336	-0.0089841435	-0.0006899774	-0.0048253635	-0.0082941661	-0.0041353861	0.0000807148	0.0000004761	0.0000232841	0.0000687932	0.0000171014	0.0001044750	0.0000858946	0.0001903696
0.5133333333	0.7993587371	0.8866455499	0.8932804402	0.8446714009	0.9925724442	0.9455836744	-0.0080508843	-0.0005956069	-0.0043093223	-0.0074552774	-0.0037137154	0.0000648167	0.0000003547	0.0000185703	0.0000555812	0.0000137917	0.0000837417	0.0000693728	0.0001531146
0.5133333333	0.8060254038	0.8874737616	0.8933638428	0.8451070894	0.9934068507	0.9459830911	-0.0071172247	-0.0005022445	-0.0037936469	-0.0066149801	-0.0032914024	0.0000506549	0.0000002522	0.0000143918	0.0000437580	0.0000108333	0.0000652989	0.0000545913	0.0001198902
0.5133333333	0.8126920705	0.8883029615	0.8934462867	0.8455424688	0.9942432743	0.9463831026	-0.0061833235	-0.0004099639	-0.0032786030	-0.0057733595	-0.0028686391	0.0000382335	0.0000001681	0.0000107492	0.0000333317	0.0000082291	0.0000491508	0.0000415608	0.0000907116
0.5133333333	0.8193587371	0.8891330173	0.8935277087	0.8459773238	0.9950816394	0.9467835363	-0.0052493311	-0.0003188356	-0.0027644440	-0.0049304955	-0.0024456084	0.0000275555	0.0000001017	0.0000076422	0.0000243098	0.0000059810	0.0000352993	0.0000302908	0.0000655901
0.5133333333	0.8260254038	0.8899638031	0.8936080478	0.8464114486	0.9959218757	0.9471842277	-0.0043153899	-0.0002289274	-0.0022514121	-0.0040864625	-0.0020224847	0.0000186226	0.0000000524	0.0000050689	0.0000166992	0.0000040904	0.0000237439	0.0000207896	0.0000445335
0.5133333333	0.8326920705	0.8907952000	0.8936872456	0.8468446462	0.9967639175	0.9475850196	-0.0033816342	-0.0001403043	-0.0017397381	-0.0032413299	-0.0015994338	0.0000114354	0.0000000197	0.0000030267	0.0000105062	0.0000025582	0.0000144818	0.0000130644	0.0000275462
0.5133333333	0.8393587371	0.8916270949	0.8937652460	0.8472767282	0.9976077039	0.9479857624	-0.0024481910	-0.0000530288	-0.0012296423	-0.0023951622	-0.0011766135	0.0000059936	0.0000000028	0.0000015120	0.0000057368	0.0000013844	0.0000075085	0.0000071212	0.0000146297
0.5133333333	0.8460254038	0.8924593809	0.8938419951	0.8477075147	0.9984531783	0.9483863136	-0.0015151801	0.0000328391	-0.0007213349	-0.0015480193	-0.0007541740	0.0000022958	0.0000000011	0.0000005203	0.0000023964	0.0000005688	0.0000028172	0.0000029651	0.0000057823
0.5133333333	0.8526920705	0.8932919568	0.8939174411	0.8481368337	0.9993002886	0.9487865375	-0.0005827144	0.0001172419	-0.0002150161	-0.0006999563	-0.0003322580	0.0000003396	0.0000000137	0.0000000462	0.0000004899	0.0000001104	0.0000003995	0.0000006003	0.0000009999
0.5133333333	0.8593587371	0.8941247270	0.8939915343	0.8485645208	1.0001489866	0.9491863047	0.0003491000	0.0002001244	0.0002891235	0.0001489755	0.0000889991	0.0000001219	0.0000000400	0.0000000836	0.0000000222	0.0000000079	0.0000002455	0.0000000301	0.0000002756
0.5133333333	0.8660254038	0.8949576012	0.8940642269	0.8489904193	1.0009992283	0.9495854925	0.0012801630	0.0002814336	0.0007909022	0.0009987294	0.0005094686	0.0000016388	0.0000000792	0.0000006255	0.0000009975	0.0000002596	0.0000023435	0.0000012570	0.0000036006
0.5133333333	0.8726920705	0.8957904940	0.8941354733	0.8494143791	1.0018509731	0.9499839840	0.0022103808	0.0003611186	0.0012901470	0.0018492622	0.0009290284	0.0000048858	0.0000001304	0.0000016645	0.0000034198	0.0000008631	0.0000066807	0.0000042829	0.0000109635
0.5133333333	0.8793587371	0.8966233251	0.8942052293	0.8498362575	1.0027041844	0.9503816682	0.0031396653	0.0004391306	0.0017866934	0.0027005347	0.0013475628	0.0000098575	0.0000001928	0.0000031923	0.0000072929	0.0000018159	0.0000132426	0.0000091088	0.0000223514
0.5133333333	0.8860254038	0.8974560190	0.8942734529	0.8502559181	1.0035588288	0.9507784396	0.0040679340	0.0005154229	0.0022803850	0.0035525111	0.0017649621	0.0000165481	0.0000002657	0.0000052002	0.0000126203	0.0000031151	0.0000220139	0.0000157354	0.0000377493
0.5133333333	0.8926920705	0.8982885043	0.8943401034	0.8506732309	1.0044148762	0.9511741983	0.0049951098	0.0005899505	0.0027710730	0.0044051592	0.0021811224	0.0000249511	0.0000003480	0.0000076788	0.0000194054	0.0000047573	0.0000329780	0.0000241627	0.0000571407
0.5133333333	0.8993587371	0.8991207142	0.8944051421	0.8510880718	1.0052722998	0.9515688491	0.0059211204	0.0006626705	0.0032586160	0.0052584499	0.0025959455	0.0000350597	0.0000004391	0.0000106186	0.0000276513	0.0000067389	0.0000461174	0.0000343902	0.0000805076
0.5133333333	0.9060254038	0.8999525860	0.8944685317	0.8515003228	1.0061310758	0.9519623023	0.0068458986	0.0007335414	0.0037428799	0.0061123572	0.0030093385	0.0000468663	0.0000005381	0.0000140091	0.0000373609	0.0000090561	0.0000614136	0.0000464170	0.0001078306
0.5133333333	0.9126920705	0.9007840610	0.8945302363	0.8519098714	1.0069911831	0.9523544725	0.0077693818	0.0008025237	0.0042237372	0.0069668581	0.0034212135	0.0000603633	0.0000006440	0.0000178400	0.0000485371	0.0000117047	0.0000788473	0.0000602418	0.0001390891
0.5133333333	0.9193587371	0.9016150840	0.8945902217	0.8523166105	1.0078526035	0.9527452791	0.0086915117	0.0008695794	0.0047010671	0.0078219322	0.0038314876	0.0000755424	0.0000007562	0.0000221000	0.0000611826	0.0000146803	0.0000983986	0.0000758629	0.0001742615
0.5133333333	0.9260254038	0.9024456038	0.8946484550	0.8527204382	1.0087153213	0.9531346458	0.0096122344	0.0009346722	0.0051747550	0.0086775621	0.0042400828	0.0000923950	0.0000008736	0.0000267781	0.0000753001	0.0000179783	0.0001200468	0.0000932784	0.0002133251
0.5133333333	0.9326920705	0.9032755723	0.8947049045	0.8531212577	1.0095793236	0.9535225004	0.0105314999	0.0009977671	0.0056446924	0.0095337328	0.0046469253	0.0001109125	0.0000009955	0.0000318626	0.0000908921	0.0000215939	0.0001437706	0.0001124860	0.0002562566
0.5133333333	0.9393587371	0.9041049450	0.8947595401	0.8535189766	1.0104445994	0.9539087747	0.0114492621	0.0010588307	0.0061107765	0.0103904314	0.0050519458	0.0001310856	0.0000011211	0.0000373416	0.0001079611	0.0000255222	0.0001695483	0.0001334832	0.0003030315
0.5133333333	0.9460254038	0.9049336805	0.8948123327	0.8539135075	1.0113111403	0.9542934047	0.0123654786	0.0011178309	0.0065729100	0.0112476477	0.0054550791	0.0001529051	0.0000012495	0.0000432031	0.0001265096	0.0000297579	0.0001973578	0.0001562675	0.0003536252
0.5133333333	0.9526920705	0.9057617403	0.8948632544	0.8543047671	1.0121789401	0.9546763295	0.0132801105	0.0011747370	0.0070310010	0.0121053735	0.0058562640	0.0001763613	0.0000013800	0.0000494350	0.0001465401	0.0000342958	0.0002271763	0.0001808359	0.0004080122
0.5133333333	0.9593587371	0.9065890890	0.8949122786	0.8546926767	1.0130479943	0.9550574923	0.0141931222	0.0012295196	0.0074849625	0.0129636026	0.0062554429	0.0002014447	0.0000015117	0.0000560247	0.0001680550	0.0000391306	0.0002589811	0.0002071856	0.0004661667
0.5133333333	0.9660254038	0.9074156937	0.8949593798	0.8550771612	1.0139183008	0.9554368394	0.0151044811	0.0012821504	0.0079347126	0.0138223307	0.0066525622	0.0002281453	0.0000016439	0.0000629597	0.0001910568	0.0000442566	0.0002927489	0.0002353134	0.0005280623
0.5133333333	0.9726920705	0.9082415243	0.8950045335	0.8554581498	1.0147898589	0.9558143202	0.0160141580	0.0013326025	0.0083801738	0.0146815555	0.0070475714	0.0002564533	0.0000017758	0.0000702273	0.0002155481	0.0000496683	0.0003284564	0.0002652163	0.0005936727
0.5133333333	0.9793587371	0.9090665533	0.8950477162	0.8558355752	1.0156626700	0.9561898876	0.0169221262	0.0013808499	0.0088212733	0.0155412764	0.0074404234	0.0002863584	0.0000019067	0.0000778149	0.0002415313	0.0000553599	0.0003660800	0.0002968912	0.0006629711
0.5133333333	0.9860254038	0.9098907554	0.8950889055	0.8562093737	1.0165367371	0.9565634972	0.0178283621	0.0014268679	0.0092579424	0.0164014942	0.0078310745	0.0003178505	0.0000020360	0.0000857095	0.0002690090	0.0000613257	0.0004055959	0.0003303347	0.0007359307
0.5133333333	0.9926920705	0.9107141077	0.8951280798	0.8565794852	1.0174120646	0.9569351074	0.0187328443	0.0014706328	0.0096901165	0.0172622116	0.0082194837	0.0003509195	0.0000021628	0.0000938984	0.0002979839	0.0000675599	0.0004469806	0.0003655439	0.0008125244
0.5133333333	0.9993587371	0.9115365895	0.8951652186	0.8569458527	1.0182886585	0.9573046796	0.0196355543	0.0015121218	0.0101177350	0.0181234324	0.0086056131	0.0003855550	0.0000022865	0.0001023686	0.0003284588	0.0000740566	0.0004902101	0.0004025154	0.0008927254
0.5133333333	1.0060254038	0.9123581822	0.8952003021	0.8573084226	1.0191665263	0.9576721775	0.0205364755	0.0015513133	0.0105407409	0.0189851622	0.0089894276	0.0004217468	0.0000024066	0.0001111072	0.0003604364	0.0000808098	0.0005352606	0.0004412462	0.0009765068
0.5133333333	1.0126920705	0.9131788691	0.8952333115	0.8576671441	1.0200456768	0.9580375675	0.0214355938	0.0015881864	0.0109590810	0.0198474074	0.0093708946	0.0004594847	0.0000025223	0.0001201015	0.0003939196	0.0000878137	0.0005821085	0.0004817332	0.0010638417
0.5133333333	1.0193587371	0.9139986354	0.8952642288	0.8580219695	1.0209261199	0.9584008184	0.0223328973	0.0016227212	0.0113727054	0.0207101761	0.0097499841	0.0004987583	0.0000026332	0.0001293384	0.0004289114	0.0000950622	0.0006307300	0.0005239736	0.0011547035
0.5133333333	1.0260254038	0.9148174682	0.8952930367	0.8583728538	1.0218078671	0.9587619010	0.0232283759	0.0016548988	0.0117815673	0.0215734771	0.0101266685	0.0005395574	0.0000027387	0.0001388053	0.0004654149	0.0001025494	0.0006811015	0.0005679643	0.0012490658
0.5133333333	1.0326920705	0.9156353562	0.8953197187	0.8587197547	1.0226909305	0.9591207887	0.0241220215	0.0016847009	0.0121856235	0.0224373206	0.0105009226	0.0005818719	0.0000028382	0.0001484894	0.0005034334	0.0001102694	0.0007331996	0.0006137027	0.0013469023
0.5133333333	1.0393587371	0.9164522897	0.8953442591	0.8590626325	1.0235753236	0.9594774567	0.0250138277	0.0017121102	0.0125848333	0.0233017175	0.0108727232	0.0006256916	0.0000029313	0.0001583780	0.0005429700	0.0001182161	0.0007870009	0.0006611861	0.0014481871
0.5133333333	1.0460254038	0.9172682607	0.8953666428	0.8594014500	1.0244610609	0.9598318822	0.0259037900	0.0017371100	0.0129791592	0.0241666800	0.0112420493	0.0006710063	0.0000030176	0.0001684586	0.0005840284	0.0001263837	0.0008424825	0.0007104121	0.0015528946
0.5133333333	1.0526920705	0.9180832626	0.8953868554	0.8597361722	1.0253481577	0.9601840444	0.0267919054	0.0017596844	0.0133685663	0.0250322209	0.0116088819	0.0007178062	0.0000030965	0.0001787186	0.0006266121	0.0001347661	0.0008996212	0.0007613782	0.0016609995
0.5133333333	1.0593587371	0.9188972902	0.8954048834	0.8600667665	1.0262366303	0.9605339244	0.0276781724	0.0017798184	0.0137530224	0.0258983539	0.0119732040	0.0007660812	0.0000031678	0.0001891456	0.0006707247	0.0001433576	0.0009583946	0.0008140823	0.0017724770
0.5133333333	1.0660254038	0.9197103396	0.8954207134	0.8603932026	1.0271264957	0.9608815048	0.0285625910	0.0017974975	0.0141324977	0.0267650935	0.0123350002	0.0008158216	0.0000032310	0.0001997275	0.0007163702	0.0001521522	0.0010187801	0.0008685225	0.0018873026
0.5160000000	0.6660254038	0.8708910308	0.8915834991	0.8365131569	0.9767913288	0.9382331074	-0.0259793203	-0.0024970869	-0.0140147505	-0.0234822333	-0.0115176636	0.0006749251	0.0000062354	0.0001964132	0.0005514153	0.0001326566	0.0008775738	0.0006840719	0.0015616456
0.5160000000	0.6726920705	0.8716548241	0.8916681765	0.8368899205	0.9775551569	0.9385665459	-0.0251026795	-0.0024021173	-0.0135644542	-0.0227005623	-0.0111623369	0.0006301445	0.0000057702	0.0001839944	0.0005153155	0.0001245978	0.0008199091	0.0006399133	0.0014598224
0.5160000000	0.6793587371	0.8724241693	0.8917538470	0.8372732664	0.9783239761	0.9389062567	-0.0242204428	-0.0023060429	-0.0131064990	-0.0219143999	-0.0108004561	0.0005866299	0.0000053178	0.0001717803	0.0004802409	0.0001166499	0.0007637280	0.0005968908	0.0013606188
0.5160000000	0.6860254038	0.8731987361	0.8918403735	0.8376627062	0.9790975628	0.9392518338	-0.0233330040	-0.0022090181	-0.0126414784	-0.0211239859	-0.0104324603	0.0005444291	0.0000048798	0.0001598070	0.0004462228	0.0001088362	0.0007091158	0.0005550590	0.0012641748
0.5160000000	0.6926920705	0.8739782070	0.8919276236	0.8380577700	0.9798757027	0.9396028869	-0.0224407407	-0.0021111913	-0.0121699632	-0.0203295494	-0.0100587719	0.0005035868	0.0000044571	0.0001481080	0.0004132906	0.0001011789	0.0006561520	0.0005144695	0.0011706214
0.5160000000	0.6993587371	0.8747622772	0.8920154700	0.8384580052	0.9806581910	0.9399590404	-0.0215440150	-0.0020127057	-0.0116925025	-0.0195313093	-0.0096797968	0.0004641446	0.0000040510	0.0001367146	0.0003814720	0.0000936985	0.0006049102	0.0004751705	0.0010800807
0.5160000000	0.7060254038	0.8755506542	0.8921037897	0.8388629764	0.9814448322	0.9403199338	-0.0206431737	-0.0019136992	-0.0112096239	-0.0187294745	-0.0092959247	0.0004261406	0.0000036622	0.0001256557	0.0003507932	0.0000864142	0.0005554585	0.0004372074	0.0009926660
0.5160000000	0.7126920705	0.8763430574	0.8921924644	0.8392722648	0.9822354396	0.9406852202	-0.0197385488	-0.0018143046	-0.0107218344	-0.0179242442	-0.0089075297	0.0003896103	0.0000032917	0.0001149577	0.0003212785	0.0000793441	0.0005078597	0.0004006226	0.0009084824
0.5160000000	0.7193587371	0.8771392179	0.8922813801	0.8396854677	0.9830298351	0.9410545670	-0.0188304580	-0.0017146498	-0.0102296208	-0.0171158082	-0.0085149710	0.0003545861	0.0000029400	0.0001046451	0.0002929509	0.0000725047	0.0004621713	0.0003654556	0.0008276269
0.5160000000	0.7260254038	0.8779388781	0.8923704270	0.8401021981	0.9838278494	0.9414276545	-0.0179192049	-0.0016148579	-0.0097334505	-0.0163043471	-0.0081185926	0.0003210979	0.0000026078	0.0000947401	0.0002658317	0.0000659115	0.0004184457	0.0003317433	0.0007501890
0.5160000000	0.7326920705	0.8787417911	0.8924594996	0.8405220840	0.9846293209	0.9418041764	-0.0170050797	-0.0015150471	-0.0092337720	-0.0154900326	-0.0077187248	0.0002891727	0.0000022954	0.0000852625	0.0002399411	0.0000595787	0.0003767306	0.0002995198	0.0006762505
0.5160000000	0.7393587371	0.8795477210	0.8925484963	0.8409447683	0.9854340965	0.9421838386	-0.0160883593	-0.0014153315	-0.0087310154	-0.0146730278	-0.0073156839	0.0002588353	0.0000020032	0.0000762306	0.0002152977	0.0000535192	0.0003370691	0.0002688170	0.0006058861
0.5160000000	0.7460254038	0.8803564419	0.8926373191	0.8413699079	0.9862420303	0.9425663592	-0.0151693081	-0.0013158205	-0.0082255932	-0.0138534876	-0.0069097727	0.0002301079	0.0000017314	0.0000676604	0.0001919191	0.0000477450	0.0002994997	0.0002396641	0.0005391638
0.5160000000	0.7526920705	0.8811677381	0.8927258740	0.8417971735	0.9870529844	0.9429514681	-0.0142481782	-0.0012166195	-0.0077179007	-0.0130315588	-0.0065012812	0.0002030106	0.0000014802	0.0000595660	0.0001698215	0.0000422667	0.0002640567	0.0002120882	0.0004761449
0.5160000000	0.7593587371	0.8819814035	0.8928140705	0.8422262491	0.9878668276	0.9433389067	-0.0133252099	-0.0011178297	-0.0072083168	-0.0122073802	-0.0060904871	0.0001775612	0.0000012495	0.0000519598	0.0001490201	0.0000370940	0.0002307706	0.0001861142	0.0004168848
0.5160000000	0.7660254038	0.8827972411	0.8929018217	0.8426568316	0.9886834361	0.9437284270	-0.0124006319	-0.0010195485	-0.0066972041	-0.0113810835	-0.0056776556	0.0001537757	0.0000010395	0.0000448525	0.0001295291	0.0000322358	0.0001996677	0.0001617648	0.0003614325
0.5160000000	0.7726920705	0.8836150634	0.8929890438	0.8430886303	0.9895026926	0.9441197920	-0.0114746620	-0.0009218693	-0.0061849100	-0.0105527927	-0.0052630407	0.0001316679	0.0000008498	0.0000382531	0.0001113614	0.0000276996	0.0001707708	0.0001390610	0.0003098319
0.5160000000	0.7793587371	0.8844346911	0.8930756566	0.8435213664	0.9903244866	0.9445127747	-0.0105475074	-0.0008248821	-0.0056717670	-0.0097226253	-0.0048468849	0.0001112499	0.0000006804	0.0000321689	0.0000945294	0.0000234923	0.0001440993	0.0001180217	0.0002621210
0.5160000000	0.7860254038	0.8852559537	0.8931615826	0.8439547727	0.9911487136	0.9449071581	-0.0096193648	-0.0007286731	-0.0051580930	-0.0088906917	-0.0044294199	0.0000925322	0.0000005310	0.0000266059	0.0000790444	0.0000196198	0.0001196691	0.0000986642	0.0002183332
0.5160000000	0.7926920705	0.8860786885	0.8932467476	0.8443885932	0.9919752754	0.9453027346	-0.0086904213	-0.0006333253	-0.0046441922	-0.0080570960	-0.0040108668	0.0000755234	0.0000004011	0.0000215685	0.0000649168	0.0000160871	0.0000974930	0.0000810038	0.0001784969
0.5160000000	0.7993587371	0.8869027410	0.8933310804	0.8448225827	0.9928040795	0.9456993060	-0.0077608543	-0.0005389183	-0.0041303553	-0.0072219360	-0.0035914370	0.0000602309	0.0000002904	0.0000170598	0.0000521564	0.0000128984	0.0000775811	0.0000650548	0.0001426359
0.5160000000	0.8060254038	0.8877279639	0.8934145123	0.8452565063	0.9936350392	0.9460966827	-0.0068308321	-0.0004455285	-0.0036168602	-0.0063853036	-0.0031713317	0.0000466603	0.0000001985	0.0000130817	0.0000407721	0.0000100573	0.0000599404	0.0000508294	0.0001107699
0.5160000000	0.8126920705	0.8885542173	0.8934969774	0.8456901392	0.9944680730	0.9464946840	-0.0059005143	-0.0003532295	-0.0031039725	-0.0055472848	-0.0027507430	0.0000348161	0.0000001248	0.0000096346	0.0000307724	0.0000075666	0.0000445755	0.0000383390	0.0000829144
0.5160000000	0.8193587371	0.8893813684	0.8935784126	0.8461232662	0.9953031048	0.9468931370	-0.0049700518	-0.0002620915	-0.0025919456	-0.0047079602	-0.0023298540	0.0000247014	0.0000000687	0.0000067182	0.0000221649	0.0000054282	0.0000314883	0.0000275931	0.0000590814
0.5160000000	0.8260254038	0.8902092911	0.8936587570	0.8465556814	0.9961400636	0.9472918771	-0.0040395876	-0.0001721824	-0.0020810215	-0.0038674052	-0.0019088391	0.0000163183	0.0000000296	0.0000043307	0.0000149568	0.0000036437	0.0000206786	0.0000186005	0.0000392791
0.5160000000	0.8326920705	0.8910378655	0.8937379524	0.8469871879	0.9969788830	0.9476907472	-0.0031092569	-0.0000835671	-0.0015714312	-0.0030256898	-0.0014878642	0.0000096675	0.0000000070	0.0000024694	0.0000091548	0.0000022137	0.0000121439	0.0000113685	0.0000235124
0.5160000000	0.8393587371	0.8918669783	0.8938159428	0.8474175973	0.9978195014	0.9480895974	-0.0021791871	0.0000036922	-0.0010633951	-0.0021828794	-0.0010670873	0.0000047489	0.0000000000	0.0000011308	0.0000047650	0.0000011387	0.0000058797	0.0000059036	0.0000117833
0.5160000000	0.8460254038	0.8926965221	0.8938926743	0.8478467297	0.9986618615	0.9484882851	-0.0012494989	0.0000895357	-0.0005571231	-0.0013390346	-0.0006466588	0.0000015612	0.0000000080	0.0000003104	0.0000017930	0.0000004182	0.0000018797	0.0000022112	0.0000040908
0.5160000000	0.8526920705	0.8935263952	0.8939680954	0.8482744130	0.9995059105	0.9488866743	-0.0003203057	0.0001739059	-0.0000528156	-0.0004942116	-0.0002267215	0.0000001026	0.0000000302	0.0000000028	0.0000002442	0.0000000514	0.0000001356	0.0000002956	0.0000004313
0.5160000000	0.8593587371	0.8943565013	0.8940421564	0.8487004829	1.0003515996	0.9492846358	0.0006082855	0.0002567478	0.0004493366	0.0003515378	0.0001925889	0.0000003700	0.0000000659	0.0000002019	0.0000001236	0.0000000371	0.0000006378	0.0000001607	0.0000007985
0.5160000000	0.8660254038	0.8951867496	0.8941148100	0.8491247824	1.0011988837	0.9496820464	0.0015361741	0.0003380085	0.0009491520	0.0011981656	0.0006111434	0.0000023598	0.0000001142	0.0000009009	0.0000014356	0.0000003735	0.0000033750	0.0000018091	0.0000051841
0.5160000000	0.8726920705	0.8960170545	0.8941860103	0.8495471618	1.0020477218	0.9500787890	0.0024632656	0.0004176375	0.0014464574	0.0020456281	0.0010288198	0.0000060677	0.0000001744	0.0000020922	0.0000041846	0.0000010585	0.0000083343	0.0000052431	0.0000135774
0.5160000000	0.8793587371	0.8968473349	0.8942557136	0.8499674780	1.0028980763	0.9504747525	0.0033894712	0.0004955862	0.0019410883	0.0028938850	0.0014455021	0.0000114885	0.0000002456	0.0000037678	0.0000083746	0.0000020895	0.0000155019	0.0000104640	0.0000259660
0.5160000000	0.8860254038	0.8976775148	0.8943238779	0.8503855946	1.0037499132	0.9508698310	0.0043147077	0.0005718079	0.0024328881	0.0037428998	0.0018610802	0.0000186167	0.0000003270	0.0000059189	0.0000140093	0.0000034636	0.0000248626	0.0000174729	0.0000423355
0.5160000000	0.8926920705	0.8985075224	0.8943904628	0.8508013816	1.0046032016	0.9512639245	0.0052388972	0.0006462579	0.0029217079	0.0045926393	0.0022754500	0.0000274460	0.0000004176	0.0000085364	0.0000210923	0.0000051777	0.0000364001	0.0000262700	0.0000626701
0.5160000000	0.8993587371	0.8993372904	0.8944554297	0.8512147149	1.0054579139	0.9516569375	0.0061619669	0.0007188935	0.0034074064	0.0054430735	0.0026885130	0.0000379698	0.0000005168	0.0000116104	0.0000296270	0.0000072281	0.0000500971	0.0000368552	0.0000869522
0.5160000000	0.9060254038	0.9001667555	0.8945187414	0.8516254764	1.0063140254	0.9520487799	0.0070838489	0.0007896734	0.0038898492	0.0062941755	0.0031001758	0.0000501809	0.0000006236	0.0000151309	0.0000396166	0.0000096111	0.0000659354	0.0000492277	0.0001151632
0.5160000000	0.9126920705	0.9009958585	0.8945803624	0.8520335535	1.0071715145	0.9524393663	0.0080044798	0.0008585584	0.0043689088	0.0071459215	0.0035103504	0.0000640717	0.0000007371	0.0000190874	0.0000510642	0.0000123226	0.0000838962	0.0000633868	0.0001472829
0.5160000000	0.9193587371	0.9018245437	0.8946402586	0.8524388390	1.0080303620	0.9528286155	0.0089238008	0.0009255106	0.0048444641	0.0079982902	0.0039189536	0.0000796342	0.0000008566	0.0000234688	0.0000639726	0.0000153582	0.0001039596	0.0000793308	0.0001832905
0.5160000000	0.9260254038	0.9026527594	0.8946983971	0.8528412309	1.0088905517	0.9532164511	0.0098417572	0.0009904939	0.0053164006	0.0088512634	0.0043259067	0.0000968602	0.0000009811	0.0000282641	0.0000783449	0.0000187135	0.0001261054	0.0000970583	0.0002231637
0.5160000000	0.9326920705	0.9034804572	0.8947547467	0.8532406322	1.0097520695	0.9536028005	0.0107582985	0.0010534735	0.0057846095	0.0097048250	0.0047311360	0.0001157410	0.0000011098	0.0000334617	0.0000941836	0.0000223836	0.0001503125	0.0001165673	0.0002668798
0.5160000000	0.9393587371	0.9043075918	0.8948092772	0.8536369507	1.0106149041	0.9539875954	0.0116733778	0.0011144163	0.0062489878	0.0105589615	0.0051345715	0.0001362677	0.0000012419	0.0000390498	0.0001114917	0.0000263638	0.0001765595	0.0001378555	0.0003144150
0.5160000000	0.9460254038	0.9051341214	0.8948619597	0.8540300986	1.0114790461	0.9543707712	0.0125869520	0.0011732903	0.0067094381	0.0114136617	0.0055361478	0.0001584314	0.0000013766	0.0000450166	0.0001302717	0.0000306489	0.0002048245	0.0001609206	0.0003657451
0.5160000000	0.9526920705	0.9059600072	0.8949127668	0.8544199928	1.0123444885	0.9547522669	0.0134989817	0.0012300651	0.0071658684	0.0122689166	0.0059358033	0.0001822225	0.0000015131	0.0000513497	0.0001505263	0.0000352338	0.0002350852	0.0001857601	0.0004208453
0.5160000000	0.9593587371	0.9067852130	0.8949616718	0.8548065541	1.0132112263	0.9551320253	0.0144094305	0.0012847113	0.0076181915	0.0131247192	0.0063334802	0.0002076317	0.0000016505	0.0000580368	0.0001722583	0.0000401130	0.0002673190	0.0002123712	0.0004796902
0.5160000000	0.9660254038	0.9076097056	0.8950086493	0.8551897076	1.0140792565	0.9555099923	0.0153182654	0.0013372011	0.0080663252	0.0139810643	0.0067291241	0.0002346493	0.0000017881	0.0000650656	0.0001954702	0.0000452811	0.0003015030	0.0002407513	0.0005422542
0.5160000000	0.9726920705	0.9084334545	0.8950536752	0.8555693822	1.0149485777	0.9558861172	0.0162254564	0.0013875076	0.0085101921	0.0148379488	0.0071226845	0.0002632654	0.0000019252	0.0000724234	0.0002201647	0.0000507326	0.0003376140	0.0002708974	0.0006085113
0.5160000000	0.9793587371	0.9092564317	0.8950967260	0.8559455106	1.0158191905	0.9562603523	0.0171309762	0.0014356050	0.0089497189	0.0156953712	0.0075141139	0.0002934703	0.0000020610	0.0000800975	0.0002463447	0.0000564619	0.0003756288	0.0003028066	0.0006784354
0.5160000000	0.9860254038	0.9100786113	0.8951377795	0.8563180289	1.0166910973	0.9566326531	0.0180348006	0.0014814689	0.0093848369	0.0165533318	0.0079033680	0.0003252540	0.0000021948	0.0000880752	0.0002740128	0.0000624632	0.0004155239	0.0003364760	0.0007520000
0.5160000000	0.9926920705	0.9108999701	0.8951768144	0.8566868769	1.0175643017	0.9570029776	0.0189369077	0.0015250756	0.0098154813	0.0174118321	0.0082904057	0.0003586065	0.0000023259	0.0000963437	0.0003031719	0.0000687308	0.0004572760	0.0003719027	0.0008291787
0.5160000000	0.9993587371	0.9117204868	0.8952138102	0.8570519974	1.0184388092	0.9573712868	0.0198372782	0.0015664027	0.0102415912	0.0182708755	0.0086751886	0.0003935176	0.0000024536	0.0001048902	0.0003338249	0.0000752589	0.0005008614	0.0004090838	0.0009099452
0.5160000000	1.0060254038	0.9125401425	0.8952487474	0.8574133368	1.0193146264	0.9577375442	0.0207358951	0.0016054285	0.0106631096	0.0191304665	0.0090576811	0.0004299773	0.0000025774	0.0001137019	0.0003659748	0.0000820416	0.0005462567	0.0004480163	0.0009942730
0.5160000000	1.0126920705	0.9133589199	0.8952816072	0.8577708440	1.0201917615	0.9581017158	0.0216327436	0.0016421326	0.0110799829	0.0199906111	0.0094378504	0.0004679756	0.0000026966	0.0001227660	0.0003996245	0.0000890730	0.0005934382	0.0004886976	0.0010821358
0.5160000000	1.0193587371	0.9141768039	0.8953123718	0.8581244713	1.0210702238	0.9584637700	0.0225278113	0.0016764950	0.0114921610	0.0208513163	0.0098156660	0.0005075023	0.0000028106	0.0001320698	0.0004347774	0.0000963473	0.0006423827	0.0005311247	0.0011735074
0.5160000000	1.0260254038	0.9149937811	0.8953410242	0.8584741734	1.0219500240	0.9588236775	0.0234210874	0.0017084971	0.0118995972	0.0217125903	0.0101911001	0.0005485473	0.0000029190	0.0001416004	0.0004714366	0.0001038585	0.0006930667	0.0005752951	0.0012683618
0.5160000000	1.0326920705	0.9158098397	0.8953675478	0.8588199080	1.0228311736	0.9591814111	0.0243125634	0.0017381207	0.0123022476	0.0225744427	0.0105641268	0.0005911007	0.0000030211	0.0001513453	0.0005096055	0.0001116008	0.0007454671	0.0006212062	0.0013666733
0.5160000000	1.0393587371	0.9166249698	0.8953919272	0.8591616351	1.0237136856	0.9595369459	0.0252022323	0.0017653487	0.0127000716	0.0234368836	0.0109347229	0.0006351525	0.0000031165	0.0001612918	0.0005492875	0.0001195682	0.0007995608	0.0006688557	0.0014684165
0.5160000000	1.0460254038	0.9174391629	0.8954141474	0.8594993175	1.0245975737	0.9598902586	0.0260900891	0.0017901646	0.0130930314	0.0242999245	0.0113028669	0.0006806927	0.0000032047	0.0001714275	0.0005904863	0.0001277548	0.0008553249	0.0007182411	0.0015735660
0.5160000000	1.0526920705	0.9182524118	0.8954341942	0.8598329200	1.0254828527	0.9602413283	0.0269761301	0.0018125526	0.0134810920	0.0251635775	0.0116685394	0.0007277116	0.0000032853	0.0001817398	0.0006332056	0.0001361548	0.0009127368	0.0007693604	0.0016820972
0.5160000000	1.0593587371	0.9190647111	0.8954520539	0.8601624099	1.0263695382	0.9605901356	0.0278603534	0.0018324978	0.0138642208	0.0260278556	0.0120317230	0.0007761993	0.0000033580	0.0001922166	0.0006774493	0.0001447624	0.0009717740	0.0008222116	0.0017939856
0.5160000000	1.0660254038	0.9198760563	0.8954677138	0.8604877566	1.0272576467	0.9609366628	0.0287427584	0.0018499858	0.0142423879	0.0268927726	0.0123924021	0.0008261462	0.0000034224	0.0002028456	0.0007232212	0.0001535716	0.0010324142	0.0008767928	0.0019092071
0.5186666667	0.6660254038	0.8712163028	0.8916315481	0.8367015010	0.9771034959	0.9383937825	-0.0256058967	-0.0024431965	-0.0137896220	-0.0231627002	-0.0113464255	0.0006556619	0.0000059692	0.0001901537	0.0005365107	0.0001287414	0.0008517848	0.0006652521	0.0015170369
0.5186666667	0.6726920705	0.8719762443	0.8917164186	0.8370762547	0.9778627220	0.9387247305	-0.0247340004	-0.0023480156	-0.0133418282	-0.0223859849	-0.0109938126	0.0006117708	0.0000055132	0.0001780044	0.0005011323	0.0001208639	0.0007952883	0.0006219962	0.0014172846
0.5186666667	0.6793587371	0.8727417850	0.8918022783	0.8374576034	0.9786269964	0.9390619690	-0.0238564480	-0.0022517343	-0.0128863597	-0.0216047138	-0.0106346254	0.0005691301	0.0000050703	0.0001660583	0.0004667637	0.0001130953	0.0007402587	0.0005798589	0.0013201176
0.5186666667	0.6860254038	0.8735125944	0.8918889894	0.8378450591	0.9793960961	0.9394050931	-0.0229736334	-0.0021545077	-0.0124238096	-0.0208191257	-0.0102693019	0.0005277878	0.0000046419	0.0001543510	0.0004334360	0.0001054586	0.0006867808	0.0005388946	0.0012256753
0.5186666667	0.6926920705	0.8742883549	0.8919764189	0.8382381520	0.9801698075	0.9397537134	-0.0220859345	-0.0020564851	-0.0119547483	-0.0200294493	-0.0098982632	0.0004877885	0.0000042291	0.0001429160	0.0004011788	0.0000979756	0.0006349336	0.0004991545	0.0011340881
0.5186666667	0.6993587371	0.8750687615	0.8920644388	0.8386364297	0.9809479265	0.9401074555	-0.0211937134	-0.0019578104	-0.0114797245	-0.0192359029	-0.0095219140	0.0004491735	0.0000038330	0.0001317841	0.0003700200	0.0000906668	0.0005847906	0.0004606868	0.0010454774
0.5186666667	0.7060254038	0.8758535215	0.8921529255	0.8390394570	0.9817302577	0.9404659594	-0.0202973171	-0.0018586221	-0.0109992653	-0.0184386950	-0.0091406432	0.0004119811	0.0000034545	0.0001209838	0.0003399855	0.0000835514	0.0005364194	0.0004235368	0.0009599562
0.5186666667	0.7126920705	0.8766423540	0.8922417603	0.8394468154	0.9825166149	0.9408288793	-0.0193970781	-0.0017590536	-0.0105138775	-0.0176380245	-0.0087548240	0.0003762466	0.0000030943	0.0001105416	0.0003110999	0.0000766469	0.0004898825	0.0003877469	0.0008776294
0.5186666667	0.7193587371	0.8774349899	0.8923308288	0.8398581024	0.9833068203	0.9411958830	-0.0184933141	-0.0016592330	-0.0100240475	-0.0168340811	-0.0083648145	0.0003420027	0.0000027531	0.0001004815	0.0002833863	0.0000699701	0.0004452372	0.0003533564	0.0007985937
0.5186666667	0.7260254038	0.8782311713	0.8924200209	0.8402729311	0.9841007045	0.9415666518	-0.0175863292	-0.0015592839	-0.0095302423	-0.0160270452	-0.0079709584	0.0003092790	0.0000024314	0.0000908255	0.0002568662	0.0000635362	0.0004025359	0.0003204024	0.0007229382
0.5186666667	0.7326920705	0.8790306511	0.8925092307	0.8406909299	0.9848981062	0.9419408796	-0.0166764137	-0.0014593250	-0.0090329100	-0.0152170887	-0.0075735850	0.0002781028	0.0000021296	0.0000815935	0.0002315598	0.0000573592	0.0003618259	0.0002889190	0.0006507448
0.5186666667	0.7393587371	0.8798331929	0.8925983563	0.8411117416	0.9856988720	0.9423182731	-0.0157638452	-0.0013594705	-0.0085324806	-0.0144043747	-0.0071730101	0.0002484988	0.0000018482	0.0000728032	0.0002074860	0.0000514521	0.0003231502	0.0002589381	0.0005820883
0.5186666667	0.7460254038	0.8806385707	0.8926872996	0.8415350236	0.9865028562	0.9426985508	-0.0148488883	-0.0012598301	-0.0080293661	-0.0135890582	-0.0067695360	0.0002204895	0.0000015872	0.0000644707	0.0001846625	0.0000458266	0.0002865474	0.0002304891	0.0005170365
0.5186666667	0.7526920705	0.8814465684	0.8927759664	0.8419604467	0.9873099204	0.9430814430	-0.0139317956	-0.0011605093	-0.0075239616	-0.0127712864	-0.0063634524	0.0001940949	0.0000013468	0.0000566100	0.0001631058	0.0000404935	0.0002520517	0.0002035993	0.0004556510
0.5186666667	0.7593587371	0.8822569793	0.8928642662	0.8423876950	0.9881199335	0.9434666914	-0.0130128078	-0.0010616094	-0.0070166457	-0.0119511984	-0.0059550362	0.0001693332	0.0000011270	0.0000492333	0.0001428311	0.0000354625	0.0002196935	0.0001782936	0.0003979871
0.5186666667	0.7660254038	0.8830696065	0.8929521117	0.8428164657	0.9889327713	0.9438540484	-0.0120921541	-0.0009632280	-0.0065077807	-0.0111289261	-0.0055445527	0.0001462202	0.0000009278	0.0000423512	0.0001238530	0.0000307421	0.0001894992	0.0001545951	0.0003440943
0.5186666667	0.7726920705	0.8838842616	0.8930394194	0.8432464680	0.9897483161	0.9442432771	-0.0111700528	-0.0008654586	-0.0059977139	-0.0103045943	-0.0051322554	0.0001247701	0.0000007490	0.0000359726	0.0001061847	0.0000263400	0.0001614917	0.0001325247	0.0002940164
0.5186666667	0.7793587371	0.8847007653	0.8931261089	0.8436774235	0.9905664571	0.9446341509	-0.0102467116	-0.0007683910	-0.0054867774	-0.0094783206	-0.0047183865	0.0001049951	0.0000005904	0.0000301047	0.0000898386	0.0000222632	0.0001356902	0.0001121017	0.0002477920
0.5186666667	0.7860254038	0.8855189466	0.8932121027	0.8441090651	0.9913870892	0.9450264529	-0.0093223277	-0.0006721115	-0.0049752890	-0.0086502162	-0.0043031775	0.0000869058	0.0000004517	0.0000247535	0.0000748262	0.0000185173	0.0001121110	0.0000933436	0.0002054546
0.5186666667	0.7926920705	0.8863386423	0.8932973267	0.8445411369	0.9922101139	0.9454199757	-0.0083970888	-0.0005767031	-0.0044635527	-0.0078203857	-0.0038868496	0.0000705111	0.0000003326	0.0000199233	0.0000611584	0.0000151076	0.0000907670	0.0000762660	0.0001670330
0.5186666667	0.7993587371	0.8871596975	0.8933817096	0.8449733938	0.9930354382	0.9458145211	-0.0074711728	-0.0004822452	-0.0039518591	-0.0069889276	-0.0034696138	0.0000558184	0.0000002326	0.0000156172	0.0000488451	0.0000120382	0.0000716682	0.0000608833	0.0001325515
0.5186666667	0.8060254038	0.8879819645	0.8934651829	0.8454056011	0.9938629747	0.9462098996	-0.0065447487	-0.0003888144	-0.0034404858	-0.0061559343	-0.0030516715	0.0000428337	0.0000001512	0.0000118369	0.0000378955	0.0000093127	0.0000548219	0.0000472082	0.0001020301
0.5186666667	0.8126920705	0.8888053030	0.8935476809	0.8458375340	0.9946926415	0.9466059306	-0.0056179764	-0.0002964838	-0.0029296983	-0.0053214926	-0.0026332145	0.0000315617	0.0000000879	0.0000085831	0.0000283183	0.0000069338	0.0000402327	0.0000352521	0.0000754848
0.5186666667	0.8193587371	0.8896295797	0.8936291404	0.8462689775	0.9955243618	0.9470024412	-0.0046910077	-0.0002053239	-0.0024197500	-0.0044856839	-0.0022144261	0.0000220056	0.0000000422	0.0000058552	0.0000201214	0.0000049037	0.0000279029	0.0000250250	0.0000529279
0.5186666667	0.8260254038	0.8904546679	0.8937095007	0.8466997257	0.9963580640	0.9473992667	-0.0037639861	-0.0001154021	-0.0019108827	-0.0036485840	-0.0017954806	0.0000141676	0.0000000133	0.0000036515	0.0000133122	0.0000032238	0.0000178324	0.0000165359	0.0000343683
0.5186666667	0.8326920705	0.8912804476	0.8937887038	0.8471295817	0.9971936810	0.9477962500	-0.0028370472	-0.0000267832	-0.0014033273	-0.0028102641	-0.0013765441	0.0000080488	0.0000000007	0.0000019693	0.0000078976	0.0000018949	0.0000100189	0.0000097925	0.0000198113
0.5186666667	0.8393587371	0.8921068048	0.8938666936	0.8475583574	0.9980311507	0.9481932412	-0.0019103194	0.0000604706	-0.0008973041	-0.0019707900	-0.0009577747	0.0000036493	0.0000000037	0.0000008052	0.0000038840	0.0000009173	0.0000044581	0.0000048013	0.0000092595
0.5186666667	0.8460254038	0.8929336316	0.8939434167	0.8479858728	0.9988704150	0.9485900976	-0.0009839238	0.0001462997	-0.0003930231	-0.0011302234	-0.0005393227	0.0000009681	0.0000000214	0.0000001545	0.0000012774	0.0000002909	0.0000011440	0.0000015683	0.0000027123
0.5186666667	0.8526920705	0.8937608259	0.8940188215	0.8484119559	0.9997114204	0.9489866830	-0.0000579743	0.0002306469	0.0001093156	-0.0002886212	-0.0001213313	0.0000000034	0.0000000532	0.0000000119	0.0000000833	0.0000000147	0.0000000685	0.0000000980	0.0000001665
0.5186666667	0.8593587371	0.8945882910	0.8940928586	0.8488364424	1.0005541174	0.9493828681	0.0008674212	0.0003134573	0.0006095211	0.0005539639	0.0002960638	0.0000007524	0.0000000983	0.0000003715	0.0000003069	0.0000000877	0.0000012222	0.0000003945	0.0000016167
0.5186666667	0.8660254038	0.8954159356	0.8941654808	0.8492591754	1.0013984602	0.9497785295	0.0017921617	0.0003946784	0.0011074118	0.0013974833	0.0007127335	0.0000032118	0.0000001558	0.0000012264	0.0000019530	0.0000005080	0.0000045940	0.0000024609	0.0000070549
0.5186666667	0.8726920705	0.8962436735	0.8942366424	0.8496800052	1.0022444071	0.9501735501	0.0027161518	0.0004742596	0.0016028148	0.0022418922	0.0011285551	0.0000073775	0.0000002249	0.0000025690	0.0000050261	0.0000012736	0.0000101714	0.0000062997	0.0000164711
0.5186666667	0.8793587371	0.8970714233	0.8943063000	0.8500987886	1.0030919198	0.9505678185	0.0036393023	0.0005521527	0.0020955653	0.0030871496	0.0015434126	0.0000132445	0.0000003049	0.0000043914	0.0000095305	0.0000023821	0.0000179408	0.0000119126	0.0000298534
0.5186666667	0.8860254038	0.8978991083	0.8943744116	0.8505153893	1.0039409633	0.9509612287	0.0045615293	0.0006283112	0.0025855068	0.0039332181	0.0019571956	0.0000208075	0.0000003948	0.0000066848	0.0000154702	0.0000038306	0.0000278872	0.0000193008	0.0000471880
0.5186666667	0.8926920705	0.8987266565	0.8944409371	0.8509296773	1.0047915063	0.9513536802	0.0054827542	0.0007026907	0.0030724905	0.0047800635	0.0023697998	0.0000300606	0.0000004938	0.0000094402	0.0000228490	0.0000056160	0.0000399946	0.0000284650	0.0000684595
0.5186666667	0.8993587371	0.8995539999	0.8945058381	0.8513415284	1.0056435202	0.9517450777	0.0064029037	0.0007752485	0.0035563748	0.0056276552	0.0027811263	0.0000409972	0.0000006010	0.0000126478	0.0000316705	0.0000077347	0.0000542460	0.0000394052	0.0000936512
0.5186666667	0.9060254038	0.9003810748	0.8945690777	0.8517508246	1.0064969797	0.9521353307	0.0073219090	0.0008459437	0.0040370253	0.0064759653	0.0031910817	0.0000536104	0.0000007156	0.0000162976	0.0000419381	0.0000101830	0.0000706235	0.0000521211	0.0001227447
0.5186666667	0.9126920705	0.9012078215	0.8946306203	0.8521574532	1.0073518624	0.9525243534	0.0082397064	0.0009147372	0.0045143146	0.0073249692	0.0035995774	0.0000678928	0.0000008367	0.0000203790	0.0000536552	0.0000129570	0.0000891085	0.0000666121	0.0001557207
0.5186666667	0.9193587371	0.9020341840	0.8946904322	0.8525613069	1.0082081484	0.9529120646	0.0091562362	0.0009815915	0.0049881215	0.0081746447	0.0040065301	0.0000838367	0.0000009635	0.0000248814	0.0000668248	0.0000160523	0.0001096815	0.0000828771	0.0001925586
0.5186666667	0.9260254038	0.9028601099	0.8947484808	0.8529622838	1.0090658206	0.9532983874	0.0100714432	0.0010464705	0.0054583313	0.0090249727	0.0044118608	0.0001014340	0.0000010951	0.0000297934	0.0000814501	0.0000194645	0.0001323225	0.0001009146	0.0002332371
0.5186666667	0.9326920705	0.9036855504	0.8948047348	0.8533602868	1.0099248644	0.9536832492	0.0109852762	0.0011093399	0.0059248351	0.0098759364	0.0048154953	0.0001206763	0.0000012306	0.0000351037	0.0000975341	0.0000231890	0.0001570106	0.0001207231	0.0002777337
0.5186666667	0.9393587371	0.9045104598	0.8948591644	0.8537552236	1.0107852675	0.9540665812	0.0118976878	0.0011701665	0.0063875300	0.0107275213	0.0052173635	0.0001415550	0.0000013693	0.0000408005	0.0001150797	0.0000272209	0.0001837248	0.0001423006	0.0003260254
0.5186666667	0.9460254038	0.9053347958	0.8949117409	0.8541470064	1.0116470200	0.9544483186	0.0128086343	0.0012289187	0.0068463183	0.0115797155	0.0056173996	0.0001640611	0.0000015102	0.0000468721	0.0001340898	0.0000315552	0.0002124434	0.0001656450	0.0003780884
0.5186666667	0.9526920705	0.9061585190	0.8949624369	0.8545355520	1.0125101140	0.9548284003	0.0137180754	0.0012855663	0.0073011079	0.0124325091	0.0060155416	0.0001881856	0.0000016527	0.0000533062	0.0001545673	0.0000361867	0.0002431445	0.0001907540	0.0004338985
0.5186666667	0.9593587371	0.9069815930	0.8950112261	0.8549207811	1.0133745439	0.9552067685	0.0146259744	0.0013400802	0.0077518116	0.0132858942	0.0064117314	0.0002139191	0.0000017958	0.0000600906	0.0001765150	0.0000411103	0.0002758055	0.0002176253	0.0004934308
0.5186666667	0.9660254038	0.9078039841	0.8950580833	0.8553026187	1.0142403057	0.9555833690	0.0155322976	0.0013924326	0.0081983470	0.0141398650	0.0068059144	0.0002412523	0.0000019389	0.0000672129	0.0001999358	0.0000463205	0.0003104040	0.0002462563	0.0005566603
0.5186666667	0.9726920705	0.9086256612	0.8951029844	0.8556809937	1.0151073977	0.9559581508	0.0164370143	0.0014425968	0.0086406365	0.0149944174	0.0071980396	0.0002701754	0.0000020811	0.0000746606	0.0002248326	0.0000518118	0.0003469171	0.0002766443	0.0006235615
0.5186666667	0.9793587371	0.9094465957	0.8951459062	0.8560558386	1.0159758196	0.9563310659	0.0173400968	0.0014905475	0.0090786067	0.0158495493	0.0075880592	0.0003006790	0.0000022217	0.0000824211	0.0002512082	0.0000575786	0.0003853218	0.0003087869	0.0006941086
0.5186666667	0.9860254038	0.9102667617	0.8951868267	0.8564270895	1.0168455730	0.9567020693	0.0182415201	0.0015362602	0.0095121888	0.0167052599	0.0079759285	0.0003327531	0.0000023601	0.0000904817	0.0002790657	0.0000636154	0.0004255949	0.0003426811	0.0007682760
0.5186666667	0.9926920705	0.9110861353	0.8952257246	0.8567946861	1.0177166610	0.9570711191	0.0191412619	0.0015797116	0.0099413177	0.0175615503	0.0083616061	0.0003663879	0.0000024955	0.0000988298	0.0003084081	0.0000699165	0.0004677132	0.0003783245	0.0008460377
0.5186666667	0.9993587371	0.9119046949	0.8952625798	0.8571585711	1.0185890883	0.9574381756	0.0200393022	0.0016208793	0.0103659326	0.0184184229	0.0087450533	0.0004015736	0.0000026272	0.0001074526	0.0003392383	0.0000764760	0.0005116534	0.0004157143	0.0009273677
0.5186666667	1.0060254038	0.9127224209	0.8952973728	0.8575186906	1.0194628609	0.9578032022	0.0209356236	0.0016597420	0.0107859761	0.0192758816	0.0091262341	0.0004383003	0.0000027547	0.0001163373	0.0003715596	0.0000832881	0.0005573924	0.0004548478	0.0010122401
0.5186666667	1.0126920705	0.9135392959	0.8953300850	0.8578749936	1.0203379862	0.9581661646	0.0218302106	0.0016962792	0.0112013945	0.0201339314	0.0095051153	0.0004765581	0.0000028774	0.0001254712	0.0004053752	0.0000903472	0.0006049067	0.0004957224	0.0011006291
0.5186666667	1.0193587371	0.9143553042	0.8953606988	0.8582274322	1.0212144730	0.9585270309	0.0227230502	0.0017304714	0.0116121376	0.0209925788	0.0098816662	0.0005163370	0.0000029945	0.0001348417	0.0004406884	0.0000976473	0.0006541733	0.0005383357	0.0011925090
0.5186666667	1.0260254038	0.9151704320	0.8953891973	0.8585759611	1.0220923312	0.9588857714	0.0236141312	0.0017622999	0.0120181583	0.0218518313	0.0102558585	0.0005576272	0.0000031057	0.0001444361	0.0004775025	0.0001051826	0.0007051690	0.0005826852	0.0012878542
0.5186666667	1.0326920705	0.9159846672	0.8954155641	0.8589205377	1.0229715719	0.9592423587	0.0245034444	0.0017917468	0.0124194128	0.0227116976	0.0106276660	0.0006004188	0.0000032104	0.0001542418	0.0005158212	0.0001129473	0.0007578710	0.0006287685	0.0013866395
0.5186666667	1.0393587371	0.9167979993	0.8954397840	0.8592611221	1.0238522072	0.9595967674	0.0253909825	0.0018187952	0.0128158603	0.0235721873	0.0109970651	0.0006447020	0.0000033080	0.0001642463	0.0005556480	0.0001209354	0.0008122563	0.0006765835	0.0014888397
0.5186666667	1.0460254038	0.9176104194	0.8954618420	0.8595976767	1.0247342504	0.9599489742	0.0262767397	0.0018434286	0.0132074626	0.0244333111	0.0113640341	0.0006904670	0.0000033982	0.0001744371	0.0005969867	0.0001291413	0.0008683023	0.0007261280	0.0015944303
0.5186666667	1.0526920705	0.9184219202	0.8954817241	0.8599301663	1.0256177156	0.9602989577	0.0271607119	0.0018656315	0.0135941846	0.0252950804	0.0117285531	0.0007377043	0.0000034806	0.0001848019	0.0006398411	0.0001375590	0.0009259867	0.0007774001	0.0017033868
0.5186666667	1.0593587371	0.9192324956	0.8954994169	0.8602585580	1.0265026178	0.9606466982	0.0280428968	0.0018853892	0.0139759936	0.0261575077	0.0120906045	0.0007864041	0.0000035547	0.0001953284	0.0006842152	0.0001461827	0.0009852872	0.0008303979	0.0018156851
0.5186666667	1.0660254038	0.9200421410	0.8955149075	0.8605828212	1.0273889729	0.9609921778	0.0289232933	0.0019026873	0.0143528595	0.0270206059	0.0124501722	0.0008365569	0.0000036202	0.0002060046	0.0007301131	0.0001550068	0.0010461817	0.0008851199	0.0019313016
0.5213333333	0.6660254038	0.8715403004	0.8916791769	0.8368879286	0.9774146610	0.9385527331	-0.0252340747	-0.0023897804	-0.0135668344	-0.0228442943	-0.0111770539	0.0006367585	0.0000057111	0.0001840590	0.0005218618	0.0001249265	0.0008265286	0.0006467883	0.0014733169
0.5213333333	0.6726920705	0.8722964621	0.8917642699	0.8372607808	0.9781693342	0.9388812818	-0.0243668356	-0.0022943550	-0.0131214113	-0.0220724806	-0.0108270563	0.0005937427	0.0000052641	0.0001721714	0.0004871944	0.0001172251	0.0007711782	0.0006044195	0.0013755977
0.5213333333	0.6793587371	0.8730582678	0.8918503472	0.8376402370	0.9789291113	0.9392161359	-0.0234938832	-0.0021978348	-0.0126683025	-0.0212960484	-0.0104704677	0.0005519625	0.0000048305	0.0001604859	0.0004535217	0.0001096307	0.0007172789	0.0005631524	0.0012804313
0.5213333333	0.6860254038	0.8738253870	0.8919372703	0.8380258094	0.9796937700	0.9395568918	-0.0226156115	-0.0021003758	-0.0122081005	-0.0205152357	-0.0101077247	0.0005114659	0.0000044116	0.0001490377	0.0004208749	0.0001021661	0.0006649152	0.0005230410	0.0011879562
0.5213333333	0.6926920705	0.8745975019	0.8920249055	0.8384170285	0.9804630975	0.9399031612	-0.0217323985	-0.0020021281	-0.0117413753	-0.0197302704	-0.0097392472	0.0004722971	0.0000040085	0.0001378599	0.0003892836	0.0000948529	0.0006141656	0.0004841365	0.0010983021
0.5213333333	0.6993587371	0.8753743073	0.8921131240	0.8388134422	0.9812368901	0.9402545705	-0.0208446065	-0.0019032361	-0.0112686749	-0.0189413704	-0.0093654388	0.0004344976	0.0000036223	0.0001269830	0.0003587755	0.0000877114	0.0005651030	0.0004464870	0.0010115899
0.5213333333	0.7060254038	0.8761555105	0.8922018019	0.8392146157	0.9820149529	0.9406107609	-0.0199525826	-0.0018038388	-0.0107905261	-0.0181487437	-0.0089866873	0.0003981056	0.0000032538	0.0001164355	0.0003293769	0.0000807605	0.0005177948	0.0004101374	0.0009279323
0.5213333333	0.7126920705	0.8769408304	0.8922908201	0.8396201308	0.9827971001	0.9409713873	-0.0190566593	-0.0017040703	-0.0103074350	-0.0173525890	-0.0086033647	0.0003631563	0.0000029039	0.0001062432	0.0003011123	0.0000740179	0.0004723033	0.0003751302	0.0008474336
0.5213333333	0.7193587371	0.8777299975	0.8923800636	0.8400295852	0.9835831540	0.9413361184	-0.0181571547	-0.0016040591	-0.0098198876	-0.0165530956	-0.0082158286	0.0003296823	0.0000025730	0.0000964302	0.0002740050	0.0000674998	0.0004286855	0.0003415048	0.0007701903
0.5213333333	0.7260254038	0.8785227539	0.8924694221	0.8404425924	0.9843729455	0.9417046361	-0.0172543731	-0.0015039290	-0.0093283505	-0.0157504440	-0.0078244215	0.0002977134	0.0000022618	0.0000870181	0.0002480765	0.0000612216	0.0003869933	0.0003092981	0.0006962914
0.5213333333	0.7326920705	0.8793188521	0.8925587895	0.8408587810	0.9851663134	0.9420766351	-0.0163486051	-0.0014037991	-0.0088332714	-0.0149448060	-0.0074294722	0.0002672769	0.0000019707	0.0000780267	0.0002233472	0.0000551971	0.0003472742	0.0002785443	0.0006258185
0.5213333333	0.7393587371	0.8801180557	0.8926480635	0.8412777943	0.9859631043	0.9424518226	-0.0154401285	-0.0013037838	-0.0083350796	-0.0141363447	-0.0070312957	0.0002383976	0.0000016999	0.0000694736	0.0001998362	0.0000494391	0.0003095710	0.0002492754	0.0005588463
0.5213333333	0.7460254038	0.8809201382	0.8927371460	0.8416992898	0.9867631723	0.9428299176	-0.0145292084	-0.0012039931	-0.0078341869	-0.0133252153	-0.0066301938	0.0002110979	0.0000014496	0.0000613745	0.0001775614	0.0000439595	0.0002739220	0.0002215208	0.0004954428
0.5213333333	0.7526920705	0.8817248832	0.8928259426	0.8421229385	0.9875663791	0.9432106510	-0.0136160976	-0.0011045325	-0.0073309880	-0.0125115652	-0.0062264555	0.0001853981	0.0000012200	0.0000537434	0.0001565393	0.0000387687	0.0002403615	0.0001953080	0.0004356695
0.5213333333	0.7593587371	0.8825320840	0.8929143626	0.8425484251	0.9883725931	0.9435937648	-0.0127010372	-0.0010055035	-0.0068258609	-0.0116955338	-0.0058203575	0.0001613163	0.0000010110	0.0000465924	0.0001367855	0.0000338766	0.0002089198	0.0001706621	0.0003795818
0.5213333333	0.7660254038	0.8833415430	0.8930023189	0.8429754466	0.9891816901	0.9439790120	-0.0117842569	-0.0009070036	-0.0063191679	-0.0108772534	-0.0054121643	0.0001388687	0.0000008227	0.0000399319	0.0001183146	0.0000292915	0.0001796233	0.0001476062	0.0003272294
0.5213333333	0.7726920705	0.8841530718	0.8930897277	0.8434037129	0.9899935520	0.9443661558	-0.0108659754	-0.0008091264	-0.0058112557	-0.0100568490	-0.0050021293	0.0001180694	0.0000006547	0.0000337707	0.0001011402	0.0000250213	0.0001524948	0.0001261615	0.0002786563
0.5213333333	0.7793587371	0.8849664905	0.8931765087	0.8438329456	0.9908080675	0.9447549700	-0.0099464007	-0.0007119618	-0.0053024560	-0.0092344390	-0.0045904943	0.0000989309	0.0000005069	0.0000281160	0.0000852749	0.0000210726	0.0001275538	0.0001063475	0.0002339013
0.5213333333	0.7860254038	0.8857816278	0.8932625845	0.8442628779	0.9916251315	0.9451452378	-0.0090257307	-0.0006155959	-0.0047930865	-0.0084101347	-0.0041774906	0.0000814638	0.0000003790	0.0000229737	0.0000707304	0.0000174514	0.0001048165	0.0000881818	0.0001929982
0.5213333333	0.7926920705	0.8865983204	0.8933478810	0.8446932540	0.9924446447	0.9455367522	-0.0081041533	-0.0005201118	-0.0042834509	-0.0075840416	-0.0037633391	0.0000656773	0.0000002705	0.0000183480	0.0000575177	0.0000141627	0.0000842958	0.0000716804	0.0001559762
0.5213333333	0.7993587371	0.8874164127	0.8934323270	0.8451238292	0.9932665137	0.9459293151	-0.0071818472	-0.0004255887	-0.0037738393	-0.0067562585	-0.0033482506	0.0000515789	0.0000001811	0.0000142419	0.0000456470	0.0000112108	0.0000660019	0.0000568578	0.0001228597
0.5213333333	0.8060254038	0.8882357568	0.8935158541	0.8455543688	0.9940906507	0.9463227372	-0.0062589816	-0.0003321029	-0.0032645293	-0.0059268786	-0.0029324264	0.0000391749	0.0000001103	0.0000106572	0.0000351279	0.0000085991	0.0000499423	0.0000437270	0.0000936693
0.5213333333	0.8126920705	0.8890562119	0.8935983966	0.8459846483	0.9949169731	0.9467168378	-0.0053357171	-0.0002397277	-0.0027557861	-0.0050959894	-0.0025160584	0.0000284699	0.0000000575	0.0000075944	0.0000259691	0.0000063305	0.0000361217	0.0000322997	0.0000684214
0.5213333333	0.8193587371	0.8898776444	0.8936798915	0.8464144528	0.9957454038	0.9471114443	-0.0044122061	-0.0001485333	-0.0022478628	-0.0042636728	-0.0020993295	0.0000194676	0.0000000221	0.0000050529	0.0000181789	0.0000044072	0.0000245425	0.0000225861	0.0000471286
0.5213333333	0.8260254038	0.8906999273	0.8937602784	0.8468435766	0.9965758703	0.9475063919	-0.0034885924	-0.0000585870	-0.0017410011	-0.0034300054	-0.0016824141	0.0000121703	0.0000000034	0.0000030311	0.0000117649	0.0000028305	0.0000152048	0.0000145955	0.0000298002
0.5213333333	0.8326920705	0.8915229399	0.8938394991	0.8472718230	0.9974083051	0.9479015235	-0.0025650124	0.0000300467	-0.0012354317	-0.0025950591	-0.0012654784	0.0000065793	0.0000000009	0.0000015263	0.0000067343	0.0000016014	0.0000081065	0.0000083358	0.0000164423
0.5213333333	0.8393587371	0.8923465679	0.8939174981	0.8476990040	0.9982426453	0.9482966894	-0.0016415950	0.0001173057	-0.0007313747	-0.0017589007	-0.0008486804	0.0000026948	0.0000000138	0.0000005349	0.0000030937	0.0000007203	0.0000032435	0.0000038140	0.0000070575
0.5213333333	0.8460254038	0.8931707031	0.8939942218	0.8481249396	0.9990788323	0.9486917465	-0.0007184616	0.0002031306	-0.0002290399	-0.0009215923	-0.0004321706	0.0000005162	0.0000000413	0.0000000525	0.0000008493	0.0000001868	0.0000006099	0.0000010361	0.0000016460
0.5213333333	0.8526920705	0.8939952429	0.8940696190	0.8485494581	0.9999168118	0.9490865589	0.0002042728	0.0002874645	0.0002713725	-0.0000831917	-0.0000160920	0.0000000417	0.0000000826	0.0000000736	0.0000000069	0.0000000003	0.0000001980	0.0000000072	0.0000002052
0.5213333333	0.8593587371	0.8948200901	0.8941436404	0.8489723951	1.0007565336	0.9494809970	0.0011265003	0.0003702527	0.0007696719	0.0007562476	0.0003994192	0.0000012690	0.0000001371	0.0000005924	0.0000005719	0.0000001595	0.0000019985	0.0000007314	0.0000027299
0.5213333333	0.8660254038	0.8956451530	0.8942162390	0.8493935940	1.0015979514	0.9498749374	0.0020481188	0.0004514428	0.0012656768	0.0015966760	0.0008142340	0.0000041948	0.0000002038	0.0000016019	0.0000025494	0.0000006630	0.0000060005	0.0000032124	0.0000092129
0.5213333333	0.8726920705	0.8964703450	0.8942873694	0.8498129050	1.0024410226	0.9502682629	0.0029690327	0.0005309846	0.0017592141	0.0024380481	0.0012282296	0.0000088152	0.0000002819	0.0000030948	0.0000059441	0.0000015085	0.0000121919	0.0000074526	0.0000196446
0.5213333333	0.8793587371	0.8972955843	0.8943569882	0.8502301851	1.0032857082	0.9506608618	0.0038891520	0.0006088299	0.0022501195	0.0032803221	0.0016412896	0.0000151255	0.0000003707	0.0000050630	0.0000107605	0.0000026938	0.0000205592	0.0000134543	0.0000340136
0.5213333333	0.8860254038	0.8981207937	0.8944250538	0.8506452980	1.0041319728	0.9510526281	0.0048083923	0.0006849327	0.0027382363	0.0041234596	0.0020533036	0.0000231206	0.0000004691	0.0000074979	0.0000170029	0.0000042161	0.0000310877	0.0000212190	0.0000523067
0.5213333333	0.8926920705	0.8989459007	0.8944915262	0.8510581137	1.0049797839	0.9514434612	0.0057266743	0.0007592486	0.0032234157	0.0049674258	0.0024641671	0.0000327948	0.0000005765	0.0000103904	0.0000246753	0.0000060721	0.0000437617	0.0000307474	0.0000745091
0.5213333333	0.8993587371	0.8997708370	0.8945563673	0.8514685082	1.0058291125	0.9518332655	0.0066439242	0.0008317352	0.0037055162	0.0058121890	0.0028737810	0.0000441417	0.0000006918	0.0000137309	0.0000337815	0.0000082586	0.0000585644	0.0000420402	0.0001006045
0.5213333333	0.9060254038	0.9005955384	0.8946195402	0.8518763634	1.0066799325	0.9522219503	0.0075600726	0.0009023520	0.0041844035	0.0066577206	0.0032820515	0.0000571547	0.0000008142	0.0000175092	0.0000443252	0.0000107719	0.0000754782	0.0000550971	0.0001305753
0.5213333333	0.9126920705	0.9014199447	0.8946810099	0.8522815665	1.0075322207	0.9526094296	0.0084750552	0.0009710600	0.0046599500	0.0075039951	0.0036888900	0.0000718266	0.0000009430	0.0000217151	0.0000563099	0.0000136079	0.0000944847	0.0000699179	0.0001644025
0.5213333333	0.9193587371	0.9022439994	0.8947407425	0.8526840105	1.0083859565	0.9529956221	0.0093888117	0.0010378220	0.0051320346	0.0083509897	0.0040942127	0.0000881498	0.0000010771	0.0000263378	0.0000697390	0.0000167626	0.0001155646	0.0000865016	0.0002020662
0.5213333333	0.9260254038	0.9030676499	0.8947987058	0.8530835933	1.0092411221	0.9533804506	0.0103012862	0.0011026020	0.0056005426	0.0091986842	0.0044979405	0.0001061165	0.0000012157	0.0000313661	0.0000846158	0.0000202315	0.0001386983	0.0001048473	0.0002435456
0.5213333333	0.9326920705	0.9038908467	0.8948548687	0.8534802178	1.0100977022	0.9537638423	0.0112124271	0.0011653661	0.0060653649	0.0100470610	0.0048999989	0.0001257185	0.0000013581	0.0000367887	0.0001009434	0.0000240100	0.0001638653	0.0001249534	0.0002888187
0.5213333333	0.9393587371	0.9047135438	0.8949092016	0.8538737917	1.0109556838	0.9541457281	0.0121221863	0.0012260812	0.0065263987	0.0108961050	0.0053003175	0.0001469474	0.0000015033	0.0000425939	0.0001187251	0.0000280934	0.0001910446	0.0001468185	0.0003378630
0.5213333333	0.9460254038	0.9055356985	0.8949616760	0.8542642273	1.0118150561	0.9545260430	0.0130305194	0.0012847161	0.0069835463	0.0117458033	0.0056988302	0.0001697944	0.0000016505	0.0000487699	0.0001379639	0.0000324767	0.0002202149	0.0001704406	0.0003906554
0.5213333333	0.9526920705	0.9063572709	0.8950122648	0.8546514411	1.0126758108	0.9549047257	0.0139373859	0.0013412407	0.0074367153	0.0125961452	0.0060954747	0.0001942507	0.0000017989	0.0000553047	0.0001586629	0.0000371548	0.0002513544	0.0001958177	0.0004471721
0.5213333333	0.9593587371	0.9071782241	0.8950609417	0.8550353541	1.0135379412	0.9552817180	0.0148427481	0.0013956260	0.0078858186	0.0134471221	0.0064901926	0.0002203072	0.0000019478	0.0000621861	0.0001808251	0.0000421226	0.0002844411	0.0002229477	0.0005073888
0.5213333333	0.9660254038	0.9079985240	0.8951076818	0.8554158911	1.0144014430	0.9556569656	0.0157465719	0.0014478447	0.0083307737	0.0142987272	0.0068829290	0.0002479545	0.0000020963	0.0000694018	0.0002044536	0.0000473747	0.0003194526	0.0002518283	0.0005712809
0.5213333333	0.9726920705	0.9088181392	0.8951524611	0.8557929808	1.0152663135	0.9560304172	0.0166488261	0.0014978702	0.0087715028	0.0151509559	0.0072736326	0.0002771834	0.0000022436	0.0000769393	0.0002295515	0.0000529057	0.0003563663	0.0002824572	0.0006388235
0.5213333333	0.9793587371	0.9096370407	0.8951952568	0.8561665559	1.0161325519	0.9564020245	0.0175494824	0.0015456773	0.0092079325	0.0160038051	0.0076622552	0.0003079843	0.0000023891	0.0000847860	0.0002561218	0.0000587102	0.0003951595	0.0003148319	0.0007099914
0.5213333333	0.9860254038	0.9104552019	0.8952360469	0.8565365523	1.0170001589	0.9567717422	0.0184485152	0.0015912418	0.0096399939	0.0168572733	0.0080487520	0.0003403477	0.0000025321	0.0000929295	0.0002841677	0.0000647824	0.0004358092	0.0003489501	0.0007847593
0.5213333333	0.9926920705	0.9112725988	0.8952748104	0.8569029095	1.0178691372	0.9571395281	0.0193459016	0.0016345406	0.0100676217	0.0177113609	0.0084330811	0.0003742639	0.0000026717	0.0001013570	0.0003136923	0.0000711169	0.0004782926	0.0003848092	0.0008631018
0.5213333333	0.9993587371	0.9120892091	0.8953115272	0.8572655704	1.0187394906	0.9575053424	0.0202416211	0.0016755516	0.0104907550	0.0185660695	0.0088152034	0.0004097232	0.0000028075	0.0001100559	0.0003446989	0.0000777078	0.0005225866	0.0004224067	0.0009449934
0.5213333333	1.0060254038	0.9129050130	0.8953461781	0.8576244809	1.0196112245	0.9578691481	0.0211356557	0.0017142535	0.0109093364	0.0194214022	0.0091950828	0.0004467159	0.0000029387	0.0001190136	0.0003771909	0.0000845495	0.0005686682	0.0004617404	0.0010304086
0.5213333333	1.0126920705	0.9137199926	0.8953787448	0.8579795899	1.0204843458	0.9582309105	0.0220279895	0.0017506261	0.0113233119	0.0202773634	0.0095726857	0.0004852323	0.0000030647	0.0001282174	0.0004111715	0.0000916363	0.0006165144	0.0005028078	0.0011193222
0.5213333333	1.0193587371	0.9145341318	0.8954092097	0.8583308494	1.0213588625	0.9585905975	0.0229186089	0.0017846501	0.0117326312	0.0211339588	0.0099479810	0.0005252626	0.0000031850	0.0001376546	0.0004466442	0.0000989623	0.0006661022	0.0005456065	0.0012117088
0.5213333333	1.0260254038	0.9153474165	0.8954375560	0.8586782139	1.0222347839	0.9589481793	0.0238075022	0.0018163070	0.0121372471	0.0219911952	0.0103209401	0.0005667972	0.0000032990	0.0001473128	0.0004836127	0.0001065218	0.0007174089	0.0005901345	0.0013075434
0.5213333333	1.0326920705	0.9161598341	0.8954637676	0.8590216410	1.0231121204	0.9593036279	0.0246946596	0.0018455790	0.0125371156	0.0228490806	0.0106915365	0.0006098262	0.0000034062	0.0001571793	0.0005220805	0.0001143090	0.0007704116	0.0006363894	0.0014068011
0.5213333333	1.0393587371	0.9169713737	0.8954878294	0.8593610904	1.0239908837	0.9596569179	0.0255800733	0.0018724494	0.0129321957	0.0237076239	0.0110597463	0.0006543402	0.0000035061	0.0001672417	0.0005620514	0.0001223180	0.0008250879	0.0006843694	0.0015094573
0.5213333333	1.0460254038	0.9177820262	0.8955097266	0.8596965245	1.0248710863	0.9600080256	0.0264637370	0.0018969019	0.0133224492	0.0245668352	0.0114255473	0.0007003294	0.0000035982	0.0001774877	0.0006035294	0.0001305431	0.0008814153	0.0007340725	0.0016154878
0.5213333333	1.0526920705	0.9185917837	0.8955294452	0.8600279081	1.0257527417	0.9603569293	0.0273456463	0.0019189211	0.0137078407	0.0254267252	0.0117889196	0.0007477844	0.0000036823	0.0001879049	0.0006465184	0.0001389786	0.0009393715	0.0007854970	0.0017248685
0.5213333333	1.0593587371	0.9194006398	0.8955469721	0.8603552081	1.0266358644	0.9607036090	0.0282257981	0.0019384924	0.0140883374	0.0262873056	0.0121498449	0.0007966957	0.0000037578	0.0001984813	0.0006910224	0.0001476187	0.0009989347	0.0008386412	0.0018375759
0.5213333333	1.0660254038	0.9202085895	0.8955622945	0.8606783938	1.0275204697	0.9610480466	0.0291041909	0.0019556018	0.0144639089	0.0271485891	0.0125083071	0.0008470539	0.0000038244	0.0002092047	0.0007370459	0.0001564577	0.0010600830	0.0008935036	0.0019535866
0.5240000000	0.6660254038	0.8718630167	0.8917263808	0.8370724326	0.9777248217	0.9387099569	-0.0248638606	-0.0023368436	-0.0133463943	-0.0225270170	-0.0110095507	0.0006182116	0.0000054608	0.0001781262	0.0005074665	0.0001212102	0.0008017986	0.0006286767	0.0014304753
0.5240000000	0.6726920705	0.8726154706	0.8918117263	0.8374434921	0.9784749907	0.9390361972	-0.0240011913	-0.0022411401	-0.0129032101	-0.0217600512	-0.0106620700	0.0005760572	0.0000050227	0.0001664928	0.0004734998	0.0001136797	0.0007475727	0.0005871796	0.0013347523
0.5240000000	0.6793587371	0.8733736109	0.8918980500	0.8378211605	0.9792303177	0.9393687547	-0.0231327548	-0.0021443488	-0.0124523339	-0.0209884060	-0.0103079851	0.0005351243	0.0000045982	0.0001550606	0.0004405132	0.0001062546	0.0006947832	0.0005467677	0.0012415509
0.5240000000	0.6860254038	0.8741371069	0.8919852127	0.8382049507	0.9799905812	0.9397072269	-0.0222589449	-0.0020466265	-0.0119943575	-0.0202123184	-0.0099477311	0.0004954606	0.0000041887	0.0001438646	0.0004085378	0.0000989574	0.0006435139	0.0005074952	0.0011510091
0.5240000000	0.6926920705	0.8749056410	0.8920730799	0.8385943933	0.9807555689	0.9400512269	-0.0213801395	-0.0019481238	-0.0115298504	-0.0194320157	-0.0095817267	0.0004571104	0.0000037952	0.0001329375	0.0003776032	0.0000918095	0.0005938430	0.0004694127	0.0010632557
0.5240000000	0.6993587371	0.8756789077	0.8921615226	0.8389890368	0.9815250777	0.9404003822	-0.0204967011	-0.0018489859	-0.0110593600	-0.0186477152	-0.0092103741	0.0004201148	0.0000034187	0.0001223094	0.0003477373	0.0000848310	0.0005458429	0.0004325683	0.0009784112
0.5240000000	0.7060254038	0.8764566143	0.8922504161	0.8393884467	0.9822989134	0.9407543348	-0.0196089769	-0.0017493524	-0.0105834123	-0.0178596245	-0.0088340599	0.0003845120	0.0000030602	0.0001120086	0.0003189662	0.0000780406	0.0004995808	0.0003970068	0.0008965876
0.5240000000	0.7126920705	0.8772384795	0.8923396410	0.8397922052	0.9830768904	0.9411127407	-0.0187172994	-0.0016493576	-0.0101025129	-0.0170679417	-0.0084531553	0.0003503373	0.0000027204	0.0001020608	0.0002913146	0.0000714558	0.0004551184	0.0003627705	0.0008178889
0.5240000000	0.7193587371	0.8780242338	0.8924290820	0.8401999104	0.9838588314	0.9414752694	-0.0178219868	-0.0015491306	-0.0096171472	-0.0162728562	-0.0080680166	0.0003176232	0.0000023998	0.0000924895	0.0002648058	0.0000650929	0.0004125125	0.0003298987	0.0007424113
0.5240000000	0.7260254038	0.8788136188	0.8925186285	0.8406111764	0.9846445674	0.9418416037	-0.0169233437	-0.0014487955	-0.0091277811	-0.0154745482	-0.0076789856	0.0002863996	0.0000020990	0.0000833164	0.0002394616	0.0000589668	0.0003718150	0.0002984285	0.0006702434
0.5240000000	0.7326920705	0.8796063873	0.8926081739	0.8410256320	0.9854339374	0.9422114390	-0.0160216609	-0.0013484716	-0.0086348618	-0.0146731893	-0.0072863902	0.0002566936	0.0000018184	0.0000745608	0.0002153025	0.0000530915	0.0003330728	0.0002683940	0.0006014668
0.5240000000	0.7393587371	0.8804023024	0.8926976160	0.8414429209	0.9862267879	0.9425844830	-0.0151172164	-0.0012482735	-0.0081388182	-0.0138689429	-0.0068905446	0.0002285302	0.0000015582	0.0000662404	0.0001923476	0.0000474796	0.0002963288	0.0002398272	0.0005361560
0.5240000000	0.7460254038	0.8812011374	0.8927868565	0.8418627010	0.9870229731	0.9429604556	-0.0142102755	-0.0011483113	-0.0076400613	-0.0130619642	-0.0064917500	0.0002019319	0.0000013186	0.0000583705	0.0001706149	0.0000421428	0.0002616211	0.0002127577	0.0004743788
0.5240000000	0.7526920705	0.8820026759	0.8928758009	0.8422846438	0.9878223544	0.9433390881	-0.0133010913	-0.0010486907	-0.0071389855	-0.0122524006	-0.0060902947	0.0001769190	0.0000010998	0.0000509651	0.0001501213	0.0000370917	0.0002289839	0.0001872130	0.0004161969
0.5240000000	0.7593587371	0.8828067106	0.8929643584	0.8427084341	0.9886248004	0.9437201229	-0.0123899053	-0.0009495133	-0.0066359682	-0.0114403920	-0.0056864549	0.0001535098	0.0000009016	0.0000440361	0.0001308826	0.0000323358	0.0001984474	0.0001632183	0.0003616657
0.5240000000	0.7660254038	0.8836130439	0.8930524418	0.8431337695	0.9894301863	0.9441033136	-0.0114769475	-0.0008508766	-0.0061313712	-0.0106260709	-0.0052804946	0.0001317203	0.0000007240	0.0000375937	0.0001129134	0.0000278836	0.0001700380	0.0001407970	0.0003108350
0.5240000000	0.7726920705	0.8844214870	0.8931399675	0.8435603601	0.9902383940	0.9444884238	-0.0105624369	-0.0007528741	-0.0056255408	-0.0098095628	-0.0048726667	0.0001115651	0.0000005668	0.0000316467	0.0000962275	0.0000237429	0.0001437786	0.0001199704	0.0002637490
0.5240000000	0.7793587371	0.8852318599	0.8932268550	0.8439879278	0.9910493118	0.9448752276	-0.0096465819	-0.0006555957	-0.0051188083	-0.0089909862	-0.0044632127	0.0000930565	0.0000004298	0.0000262022	0.0000808378	0.0000199203	0.0001196885	0.0001007581	0.0002204466
0.5240000000	0.7860254038	0.8860439908	0.8933130271	0.8444162062	0.9918628342	0.9452635085	-0.0087295808	-0.0005591275	-0.0046114910	-0.0081704533	-0.0040523635	0.0000762056	0.0000003126	0.0000212658	0.0000667563	0.0000164216	0.0000977841	0.0000831780	0.0001809620
0.5240000000	0.7926920705	0.8868577162	0.8933984097	0.8448449398	0.9926788614	0.9456530599	-0.0078116219	-0.0004635523	-0.0041038920	-0.0073480696	-0.0036403397	0.0000610214	0.0000002149	0.0000168419	0.0000539941	0.0000132521	0.0000780782	0.0000672462	0.0001453244
0.5240000000	0.7993587371	0.8876728801	0.8934829318	0.8452738841	0.9934972997	0.9460436837	-0.0068928843	-0.0003689494	-0.0035963013	-0.0065239349	-0.0032273519	0.0000475119	0.0000001361	0.0000129334	0.0000425617	0.0000104158	0.0000605814	0.0000529775	0.0001135589
0.5240000000	0.8060254038	0.8884893343	0.8935665250	0.8457028048	0.9943180608	0.9464351910	-0.0059735378	-0.0002753950	-0.0030889960	-0.0056981428	-0.0028136011	0.0000356832	0.0000000758	0.0000095419	0.0000324688	0.0000079164	0.0000453009	0.0000403852	0.0000856861
0.5240000000	0.8126920705	0.8893069378	0.8936491238	0.8461314775	0.9951410616	0.9468274012	-0.0050537434	-0.0001829620	-0.0025822410	-0.0048707814	-0.0023992790	0.0000255403	0.0000000335	0.0000066680	0.0000237245	0.0000057565	0.0000322418	0.0000294811	0.0000617228
0.5240000000	0.8193587371	0.8901255564	0.8937306654	0.8465596876	0.9959662244	0.9472201418	-0.0041336538	-0.0000917205	-0.0020762891	-0.0040419333	-0.0019845686	0.0000170871	0.0000000084	0.0000043110	0.0000163372	0.0000039385	0.0000214065	0.0000202757	0.0000416822
0.5240000000	0.8260254038	0.8909450628	0.8938110894	0.8469872298	0.9967934761	0.9476132482	-0.0032134135	-0.0000017377	-0.0015713818	-0.0032116758	-0.0015696441	0.0000103260	0.0000000000	0.0000024692	0.0000103149	0.0000024638	0.0000127953	0.0000127786	0.0000255739
0.5240000000	0.8326920705	0.8917653361	0.8938903381	0.8474139074	0.9976227487	0.9480065634	-0.0022931593	0.0000869221	-0.0010677494	-0.0023800814	-0.0011546715	0.0000052586	0.0000000076	0.0000011401	0.0000056648	0.0000013333	0.0000064062	0.0000069981	0.0000134043
0.5240000000	0.8393587371	0.8925862616	0.8939683558	0.8478395326	0.9984539787	0.9483999374	-0.0013730205	0.0001741971	-0.0005656118	-0.0015472176	-0.0007398090	0.0000018852	0.0000000303	0.0000003199	0.0000023939	0.0000005473	0.0000022354	0.0000029412	0.0000051766
0.5240000000	0.8460254038	0.8934077306	0.8940450893	0.8482639258	0.9992871068	0.9487932275	-0.0004531193	0.0002600281	-0.0000651787	-0.0007131474	-0.0003252069	0.0000002053	0.0000000676	0.0000000042	0.0000005086	0.0000001058	0.0000002772	0.0000006143	0.0000008915
0.5240000000	0.8526920705	0.8942296401	0.8941204875	0.8486869152	1.0001220781	0.9491862976	0.0004664291	0.0003443584	0.0004333501	0.0001220707	0.0000889916	0.0000002176	0.0000001186	0.0000001878	0.0000000149	0.0000000079	0.0000005239	0.0000000228	0.0000005468
0.5240000000	0.8593587371	0.8950518926	0.8941945015	0.8491083368	1.0009588418	0.9495790182	0.0013855160	0.0004271336	0.0009297841	0.0009583824	0.0005026505	0.0000019197	0.0000001824	0.0000008645	0.0000009185	0.0000002527	0.0000029666	0.0000011712	0.0000041378
0.5240000000	0.8660254038	0.8958743960	0.8942670844	0.8495280340	1.0017973508	0.9499712657	0.0023040390	0.0005083015	0.0014239419	0.0017957375	0.0009156404	0.0000053086	0.0000002584	0.0000020276	0.0000032247	0.0000008384	0.0000075946	0.0000040631	0.0000116576
0.5240000000	0.8726920705	0.8966970633	0.8943381909	0.8499458572	1.0026375620	0.9503629229	0.0032219018	0.0005878121	0.0019156507	0.0026340897	0.0013278387	0.0000103807	0.0000003455	0.0000036697	0.0000069384	0.0000017632	0.0000143959	0.0000087016	0.0000230975
0.5240000000	0.8793587371	0.8975198122	0.8944077780	0.8503616635	1.0034794355	0.9507538781	0.0041390138	0.0006656175	0.0024047462	0.0034733963	0.0017391287	0.0000171314	0.0000004430	0.0000057828	0.0000120645	0.0000030246	0.0000233573	0.0000150891	0.0000384463
0.5240000000	0.8860254038	0.8983425653	0.8944758043	0.8507753168	1.0043229353	0.9511440251	0.0050552902	0.0007416720	0.0028910719	0.0043136182	0.0021493999	0.0000255560	0.0000005501	0.0000083583	0.0000186073	0.0000046199	0.0000344643	0.0000232272	0.0000576916
0.5240000000	0.8926920705	0.8991652495	0.8945422300	0.8511866871	1.0051680283	0.9515332632	0.0059706512	0.0008159313	0.0033744790	0.0051547198	0.0025585477	0.0000356487	0.0000006657	0.0000113871	0.0000265711	0.0000065462	0.0000477015	0.0000331173	0.0000808188
0.5240000000	0.8993587371	0.8999877961	0.8946070170	0.8515956505	1.0060146847	0.9519214966	0.0068850222	0.0008883536	0.0038548262	0.0059966687	0.0029664727	0.0000474035	0.0000007892	0.0000148597	0.0000359600	0.0000088000	0.0000630524	0.0000447600	0.0001078124
0.5240000000	0.9060254038	0.9008101406	0.8946701290	0.8520020889	1.0068628776	0.9523086345	0.0077983335	0.0009588982	0.0043319792	0.0068394353	0.0033730810	0.0000608140	0.0000009195	0.0000187660	0.0000467779	0.0000113777	0.0000804995	0.0000581556	0.0001386551
0.5240000000	0.9126920705	0.9016322224	0.8947315310	0.8524058898	1.0077125833	0.9526945908	0.0087105200	0.0010275267	0.0048058105	0.0076829933	0.0037782838	0.0000758732	0.0000010558	0.0000230958	0.0000590284	0.0000142754	0.0001000248	0.0000733038	0.0001733286
0.5240000000	0.9193587371	0.9024539846	0.8947911893	0.8528069460	1.0085637804	0.9530792839	0.0096215211	0.0010942019	0.0052761990	0.0085273192	0.0041819971	0.0000925737	0.0000011973	0.0000278383	0.0000727152	0.0000174891	0.0001216092	0.0000902043	0.0002118135
0.5240000000	0.9260254038	0.9032753739	0.8948490721	0.8532051556	1.0094164503	0.9534626366	0.0105312803	0.0011588883	0.0057430299	0.0093723919	0.0045841416	0.0001109079	0.0000013430	0.0000329824	0.0000878417	0.0000210144	0.0001452333	0.0001088561	0.0002540894
0.5240000000	0.9326920705	0.9040963407	0.8949051484	0.8536004215	1.0102705772	0.9538445757	0.0114397452	0.0012215520	0.0062061945	0.0102181932	0.0049846425	0.0001308678	0.0000014922	0.0000385169	0.0001044115	0.0000248467	0.0001708768	0.0001292581	0.0003001349
0.5240000000	0.9393587371	0.9049168386	0.8949593888	0.8539926515	1.0111261471	0.9542250321	0.0123468673	0.0012821604	0.0066655896	0.0110647069	0.0053834292	0.0001524451	0.0000016439	0.0000444301	0.0001224277	0.0000289813	0.0001985192	0.0001514090	0.0003499282
0.5240000000	0.9460254038	0.9057368243	0.8950117651	0.8543817577	1.0119831489	0.9546039404	0.0132526018	0.0013406824	0.0071211176	0.0119119194	0.0057804353	0.0001756315	0.0000017974	0.0000507103	0.0001418938	0.0000334134	0.0002281392	0.0001753073	0.0004034465
0.5240000000	0.9526920705	0.9065562576	0.8950622502	0.8547676568	1.0128415732	0.9549812391	0.0141569073	0.0013970880	0.0075726863	0.0127598193	0.0061755983	0.0002004180	0.0000019519	0.0000573456	0.0001628130	0.0000381380	0.0002597155	0.0002009510	0.0004606665
0.5240000000	0.9593587371	0.9073751012	0.8951108183	0.8551502697	1.0137014129	0.9553568700	0.0150597459	0.0014513488	0.0080202082	0.0136083972	0.0065688595	0.0002267959	0.0000021064	0.0000643237	0.0001851885	0.0000431499	0.0002932261	0.0002283384	0.0005215645
0.5240000000	0.9660254038	0.9081933206	0.8951574446	0.8555295213	1.0145626628	0.9557307784	0.0159610829	0.0015034374	0.0084636011	0.0144576455	0.0069601637	0.0002547562	0.0000022603	0.0000716325	0.0002090235	0.0000484439	0.0003286490	0.0002574674	0.0005861164
0.5240000000	0.9726920705	0.9090108839	0.8952021053	0.8559053403	1.0154253196	0.9561029127	0.0168608864	0.0015533275	0.0089027869	0.0153075588	0.0073494593	0.0002842895	0.0000024128	0.0000792596	0.0002343214	0.0000540146	0.0003659619	0.0002883359	0.0006542978
0.5240000000	0.9793587371	0.9098277617	0.8952447777	0.8562776591	1.0162893819	0.9564732244	0.0177591276	0.0016009943	0.0093376923	0.0161581333	0.0077366980	0.0003153866	0.0000025632	0.0000871925	0.0002610853	0.0000598565	0.0004051423	0.0003209418	0.0007260841
0.5240000000	0.9860254038	0.9106439272	0.8952854400	0.8566464138	1.0171548497	0.9568416681	0.0186557804	0.0016464137	0.0097682482	0.0170093667	0.0081218345	0.0003480381	0.0000027107	0.0000954187	0.0002893186	0.0000659642	0.0004461675	0.0003552828	0.0008014502
0.5240000000	0.9926920705	0.9114593557	0.8953240716	0.8570115440	1.0180217249	0.9572082011	0.0195508214	0.0016895627	0.0101943894	0.0178612587	0.0085048267	0.0003822346	0.0000028546	0.0001039256	0.0003190246	0.0000723321	0.0004890148	0.0003913566	0.0008803715
0.5240000000	0.9993587371	0.9122740248	0.8953606524	0.8573729922	1.0188900108	0.9575727836	0.0204442296	0.0017304195	0.0106160547	0.0187138101	0.0088856352	0.0004179665	0.0000029944	0.0001127006	0.0003502067	0.0000789545	0.0005336615	0.0004291612	0.0009628227
0.5240000000	1.0060254038	0.9130879142	0.8953951634	0.8577307044	1.0197597122	0.9579353781	0.0213359863	0.0017689631	0.0110331866	0.0195670233	0.0092642236	0.0004552243	0.0000031292	0.0001217312	0.0003828684	0.0000858258	0.0005800848	0.0004686942	0.0010487790
0.5240000000	1.0126920705	0.9139010055	0.8954275866	0.8580846296	1.0206308352	0.9582959499	0.0222260754	0.0018051734	0.0114457312	0.0204209020	0.0096405579	0.0004939984	0.0000032587	0.0001310048	0.0004170132	0.0000929404	0.0006282618	0.0005099536	0.0011382154
0.5240000000	1.0193587371	0.9147132824	0.8954579044	0.8584347196	1.0215033872	0.9586544665	0.0231144825	0.0018390313	0.0118536380	0.0212754512	0.0100146068	0.0005342793	0.0000033820	0.0001405087	0.0004526448	0.0001002923	0.0006781701	0.0005529372	0.0012311072
0.5240000000	1.0260254038	0.9155247303	0.8954861002	0.8587809289	1.0223773770	0.9590108977	0.0240011955	0.0018705184	0.0122568597	0.0221306771	0.0103863413	0.0005760574	0.0000034988	0.0001502306	0.0004897669	0.0001078761	0.0007297868	0.0005976430	0.0013274298
0.5240000000	1.0326920705	0.9163353362	0.8955121583	0.8591232148	1.0232528144	0.9593652156	0.0248862041	0.0018996173	0.0126553521	0.0229865868	0.0107557348	0.0006193232	0.0000036085	0.0001601579	0.0005283832	0.0001156858	0.0007830896	0.0006440690	0.0014271586
0.5240000000	1.0393587371	0.9171450890	0.8955360633	0.8594615371	1.0241297102	0.9597173942	0.0257695000	0.0019263113	0.0130490742	0.0238431887	0.0111227629	0.0006640671	0.0000037107	0.0001702783	0.0005684976	0.0001237159	0.0008380561	0.0006922135	0.0015302696
0.5240000000	1.0460254038	0.9179539791	0.8955578010	0.8597958582	1.0250080766	0.9600674096	0.0266510765	0.0019505843	0.0134379876	0.0247004921	0.0114874033	0.0007102799	0.0000038048	0.0001805795	0.0006101143	0.0001319604	0.0008946642	0.0007420747	0.0016367389
0.5240000000	1.0526920705	0.9187619981	0.8955773575	0.8601261427	1.0258879264	0.9604152400	0.0275309285	0.0019724212	0.0138220567	0.0255585072	0.0118496354	0.0007579520	0.0000038904	0.0001910493	0.0006532373	0.0001404139	0.0009528917	0.0007936512	0.0017465429
0.5240000000	1.0593587371	0.9195691395	0.8955947195	0.8604523574	1.0267692735	0.9607608650	0.0284090526	0.0019918075	0.0142012486	0.0264172451	0.0122094411	0.0008070743	0.0000039673	0.0002016755	0.0006978708	0.0001490705	0.0010127170	0.0008469413	0.0018596583
0.5240000000	1.0660254038	0.9203753978	0.8956098747	0.8607744714	1.0276521328	0.9611042662	0.0292854468	0.0020087293	0.0145755328	0.0272767175	0.0125668036	0.0008576374	0.0000040350	0.0002124462	0.0007440193	0.0001579246	0.0010741185	0.0009019439	0.0019760624
0.5266666667	0.6660254038	0.8721844450	0.8917731556	0.8372550067	0.9780339759	0.9388654519	-0.0244952602	-0.0022843908	-0.0131283078	-0.0222108693	-0.0108439169	0.0006000178	0.0000052184	0.0001723525	0.0004933227	0.0001175905	0.0007775887	0.0006109133	0.0013885019
0.5266666667	0.6726920705	0.8729332631	0.8918587837	0.8376243823	0.9787796891	0.9391894744	-0.0236370738	-0.0021883753	-0.0126872304	-0.0214486984	-0.0104988551	0.0005587113	0.0000047890	0.0001609658	0.0004600467	0.0001102260	0.0007244661	0.0005702726	0.0012947387
0.5266666667	0.6793587371	0.8736878074	0.8919453829	0.8380003680	0.9795306127	0.9395198227	-0.0227730691	-0.0020912804	-0.0122384596	-0.0206817887	-0.0101471793	0.0005186127	0.0000043735	0.0001497799	0.0004277364	0.0001029652	0.0006727660	0.0005307016	0.0012034677
0.5266666667	0.6860254038	0.8744477475	0.8920328131	0.8383824770	0.9802865261	0.9398560958	-0.0219036398	-0.0019932633	-0.0117825865	-0.0199103765	-0.0097893231	0.0004797694	0.0000039731	0.0001388293	0.0003964231	0.0000958308	0.0006225719	0.0004922539	0.0011148258
0.5266666667	0.6926920705	0.8752127654	0.8921209392	0.8387702406	0.9810472178	0.9401979078	-0.0210291639	-0.0018944757	-0.0113201795	-0.0191346882	-0.0094257038	0.0004422257	0.0000035890	0.0001281465	0.0003661363	0.0000888439	0.0005739612	0.0004549802	0.0010289414
0.5266666667	0.6993587371	0.8759825560	0.8922096317	0.8391632077	0.9818124854	0.9405448875	-0.0201500037	-0.0017950631	-0.0108517853	-0.0183549406	-0.0090567222	0.0004060227	0.0000032223	0.0001177612	0.0003369038	0.0000820242	0.0005270061	0.0004189281	0.0009459342
0.5266666667	0.7060254038	0.8767568261	0.8922987655	0.8395609443	0.9825821350	0.9408966780	-0.0192665065	-0.0016951657	-0.0103779295	-0.0175713408	-0.0086827638	0.0003711983	0.0000028736	0.0001077014	0.0003087520	0.0000753904	0.0004817733	0.0003841424	0.0008659157
0.5266666667	0.7126920705	0.8775352946	0.8923882207	0.8399630331	0.9833559814	0.9412529363	-0.0183790049	-0.0015949182	-0.0098991167	-0.0167840867	-0.0083041984	0.0003377878	0.0000025438	0.0000979925	0.0002817056	0.0000689597	0.0004383241	0.0003506653	0.0007889894
0.5266666667	0.7193587371	0.8783176919	0.8924778819	0.8403690728	0.9841338477	0.9416133329	-0.0174878171	-0.0014944501	-0.0094158316	-0.0159933671	-0.0079213815	0.0003058237	0.0000022334	0.0000886579	0.0002557878	0.0000627483	0.0003967150	0.0003185361	0.0007152511
0.5266666667	0.7260254038	0.8791037595	0.8925676379	0.8407786779	0.9849155652	0.9419775513	-0.0165932478	-0.0013938857	-0.0089285394	-0.0151993621	-0.0075346538	0.0002753359	0.0000019429	0.0000797188	0.0002310206	0.0000567710	0.0003569976	0.0002877916	0.0006447892
0.5266666667	0.7326920705	0.8798932500	0.8926573822	0.8411914777	0.9857009728	0.9423452877	-0.0156955879	-0.0012933445	-0.0084376867	-0.0144022434	-0.0071443422	0.0002463515	0.0000016727	0.0000711946	0.0002074246	0.0000510416	0.0003192188	0.0002584662	0.0005776850
0.5266666667	0.7393587371	0.8806859264	0.8927470123	0.8416071164	0.9864899174	0.9427162509	-0.0147951155	-0.0011929413	-0.0079437016	-0.0136021742	-0.0067507602	0.0002188954	0.0000014231	0.0000631024	0.0001850191	0.0000455728	0.0002834209	0.0002305919	0.0005140129
0.5266666667	0.7460254038	0.8814815619	0.8928364298	0.8420252524	0.9872822529	0.9430901611	-0.0138920963	-0.0010927864	-0.0074469946	-0.0127993099	-0.0063542081	0.0001929903	0.0000011942	0.0000554577	0.0001638223	0.0000403760	0.0002496423	0.0002041983	0.0004538405
0.5266666667	0.7526920705	0.8822799397	0.8929255400	0.8424455576	0.9880778409	0.9434667504	-0.0129867836	-0.0009929856	-0.0069479593	-0.0119937980	-0.0059549737	0.0001686565	0.0000009860	0.0000482741	0.0001438512	0.0000354617	0.0002179167	0.0001793129	0.0003972296
0.5266666667	0.7593587371	0.8830808526	0.8930142523	0.8428677173	0.9888765496	0.9438457618	-0.0120794189	-0.0008936404	-0.0064469726	-0.0111857786	-0.0055533323	0.0001459124	0.0000007986	0.0000415635	0.0001251216	0.0000308395	0.0001882744	0.0001559611	0.0003442356
0.5266666667	0.7660254038	0.8838841027	0.8931024795	0.8432914296	0.9896782542	0.9442269493	-0.0111702327	-0.0007948482	-0.0059443958	-0.0103753844	-0.0051495475	0.0001247741	0.0000006318	0.0000353358	0.0001076486	0.0000265178	0.0001607417	0.0001341664	0.0002949082
0.5266666667	0.7726920705	0.8846895010	0.8931901377	0.8437164049	0.9904828363	0.9446100771	-0.0102594441	-0.0006967028	-0.0054405744	-0.0095627413	-0.0047438716	0.0001052562	0.0000004854	0.0000295998	0.0000914460	0.0000225043	0.0001353414	0.0001139503	0.0002492918
0.5266666667	0.7793587371	0.8854968671	0.8932771468	0.8441423656	0.9912901839	0.9449949196	-0.0093472619	-0.0005992937	-0.0049358394	-0.0087479683	-0.0043365457	0.0000873713	0.0000003592	0.0000243625	0.0000765269	0.0000188056	0.0001120930	0.0000953326	0.0002074255
0.5266666667	0.7860254038	0.8863060292	0.8933634296	0.8445690455	0.9921001911	0.9453812609	-0.0084338848	-0.0005027071	-0.0044305073	-0.0079311777	-0.0039278003	0.0000711304	0.0000002527	0.0000196294	0.0000629036	0.0000154276	0.0000910125	0.0000783312	0.0001693437
0.5266666667	0.7926920705	0.8871168233	0.8934489121	0.8449961899	0.9929127579	0.9457688945	-0.0075195015	-0.0004070255	-0.0039248810	-0.0071124759	-0.0035178555	0.0000565429	0.0000001657	0.0000154047	0.0000505873	0.0000123753	0.0000721133	0.0000629626	0.0001350759
0.5266666667	0.7993587371	0.8879290934	0.8935335233	0.8454235542	0.9937277900	0.9461576227	-0.0066042912	-0.0003123282	-0.0034192500	-0.0062919629	-0.0031069217	0.0000436167	0.0000000975	0.0000116913	0.0000395888	0.0000096530	0.0000554055	0.0000492418	0.0001046472
0.5266666667	0.8060254038	0.8887426908	0.8936171950	0.8458509047	0.9945451987	0.9465472569	-0.0056884242	-0.0002186912	-0.0029138908	-0.0054697330	-0.0026951996	0.0000323582	0.0000000478	0.0000084908	0.0000299180	0.0000072641	0.0000408968	0.0000371821	0.0000780788
0.5266666667	0.8126920705	0.8895574743	0.8936998620	0.8462780174	0.9953649006	0.9469376167	-0.0047720620	-0.0001261872	-0.0024090680	-0.0046458748	-0.0022828808	0.0000227726	0.0000000159	0.0000058036	0.0000215842	0.0000052115	0.0000285921	0.0000267957	0.0000553878
0.5266666667	0.8193587371	0.8903733094	0.8937814616	0.8467046779	0.9961868172	0.9473285297	-0.0038553576	-0.0000348860	-0.0019050339	-0.0038204716	-0.0018701478	0.0000148638	0.0000000012	0.0000036292	0.0000145960	0.0000034975	0.0000184942	0.0000180935	0.0000365876
0.5266666667	0.8260254038	0.8911900685	0.8938619335	0.8471306811	0.9970108750	0.9477198316	-0.0029384560	0.0000551453	-0.0014020296	-0.0029936013	-0.0014571749	0.0000086345	0.0000000030	0.0000019657	0.0000089616	0.0000021234	0.0000106033	0.0000110850	0.0000216883
0.5266666667	0.8326920705	0.8920076303	0.8939412202	0.8475558307	0.9978370056	0.9481113653	-0.0020214945	0.0001438426	-0.0009002853	-0.0021653371	-0.0010441279	0.0000040864	0.0000000207	0.0000008105	0.0000046887	0.0000010902	0.0000049176	0.0000057789	0.0000106965
0.5266666667	0.8393587371	0.8928258798	0.8940192663	0.8479799393	0.9986651446	0.9485029811	-0.0011046027	0.0002311444	-0.0004000203	-0.0013357472	-0.0006311648	0.0000012201	0.0000000534	0.0000001600	0.0000017842	0.0000003984	0.0000014336	0.0000021826	0.0000036162
0.5266666667	0.8460254038	0.8936447080	0.8940960188	0.8484028273	0.9994952323	0.9488945364	-0.0001879033	0.0003169919	0.0000985559	-0.0005048952	-0.0002184360	0.0000000353	0.0000001005	0.0000000097	0.0000002549	0.0000000477	0.0000001455	0.0000003026	0.0000004481
0.5266666667	0.8526920705	0.8944640116	0.8941714269	0.8488243233	1.0003272131	0.9492858951	0.0007284879	0.0004013283	0.0005952437	0.0003271596	0.0001939154	0.0000005307	0.0000001611	0.0000003543	0.0000001070	0.0000000376	0.0000010461	0.0000001446	0.0000011907
0.5266666667	0.8593587371	0.8952836927	0.8942454418	0.8492442636	1.0011610357	0.9496769275	0.0016444619	0.0004840997	0.0010898530	0.0011603622	0.0006057533	0.0000027043	0.0000002344	0.0000011878	0.0000013464	0.0000003669	0.0000041264	0.0000017134	0.0000058398
0.5266666667	0.8660254038	0.8961036588	0.8943180167	0.8496624916	1.0019966522	0.9500675104	0.0025599157	0.0005652541	0.0015822026	0.0019946616	0.0010169485	0.0000065532	0.0000003195	0.0000025034	0.0000039787	0.0000010342	0.0000093760	0.0000050129	0.0000143889
0.5266666667	0.8726920705	0.8969238225	0.8943891069	0.8500788580	1.0028340189	0.9504575262	0.0034747526	0.0006447419	0.0020721200	0.0028300107	0.0014273780	0.0000120739	0.0000004157	0.0000042937	0.0000080090	0.0000020374	0.0000167833	0.0000100464	0.0000268296
0.5266666667	0.8793587371	0.8977441014	0.8944586693	0.8504932201	1.0036730954	0.9508468633	0.0043888814	0.0007225154	0.0025594408	0.0036663661	0.0018369254	0.0000192623	0.0000005220	0.0000065507	0.0000134422	0.0000033743	0.0000263350	0.0000168165	0.0000431516
0.5266666667	0.8860254038	0.8985644174	0.8945266629	0.8509054419	1.0045138447	0.9512354156	0.0053022168	0.0007985289	0.0030440090	0.0045036879	0.0022454801	0.0000281135	0.0000006376	0.0000092660	0.0000202832	0.0000050422	0.0000380171	0.0000253254	0.0000633425
0.5266666667	0.8926920705	0.8993846972	0.8945930481	0.8513153936	1.0053562333	0.9516230820	0.0062146786	0.0008727389	0.0035256759	0.0053419397	0.0026529370	0.0000386222	0.0000007617	0.0000124304	0.0000285363	0.0000070381	0.0000518143	0.0000355744	0.0000873887
0.5266666667	0.8993587371	0.9002048718	0.8946577872	0.8517229515	1.0062002306	0.9520097669	0.0071261916	0.0009451033	0.0040043003	0.0061810882	0.0030591970	0.0000507826	0.0000008932	0.0000160344	0.0000382059	0.0000093587	0.0000677102	0.0000475645	0.0001152748
0.5266666667	0.9060254038	0.9010248762	0.8947208439	0.8521279975	1.0070458091	0.9523953793	0.0080366856	0.0010155822	0.0044797481	0.0070211034	0.0034641659	0.0000645883	0.0000010314	0.0000200681	0.0000492959	0.0000120004	0.0000856879	0.0000612963	0.0001469842
0.5266666667	0.9126920705	0.9018446494	0.8947821835	0.8525304193	1.0078929442	0.9527798330	0.0089460950	0.0010841371	0.0049518917	0.0078619579	0.0038677546	0.0000800326	0.0000011754	0.0000245212	0.0000618104	0.0000149595	0.0001057292	0.0000767699	0.0001824991
0.5266666667	0.9193587371	0.9026641341	0.8948417727	0.8529301099	1.0087416141	0.9531630462	0.0098543585	0.0011507312	0.0054206103	0.0087036274	0.0042698792	0.0000971084	0.0000013242	0.0000293830	0.0000757531	0.0000182319	0.0001278156	0.0000939850	0.0002218006
0.5266666667	0.9260254038	0.9034832768	0.8948995796	0.8533269673	1.0095917994	0.9535449415	0.0107614194	0.0012153292	0.0058857892	0.0095460901	0.0046704600	0.0001158081	0.0000014770	0.0000346425	0.0000911278	0.0000218132	0.0001519277	0.0001129410	0.0002648687
0.5266666667	0.9326920705	0.9043020274	0.8949555738	0.8537208945	1.0104434834	0.9539254456	0.0116672246	0.0012778976	0.0063473196	0.0103893270	0.0050694220	0.0001361241	0.0000016330	0.0000402885	0.0001079381	0.0000256990	0.0001780456	0.0001336372	0.0003116828
0.5266666667	0.9393587371	0.9051203391	0.8950097259	0.8541117994	1.0112966518	0.9543044893	0.0125717251	0.0013384040	0.0068050985	0.0112333211	0.0054666946	0.0001580483	0.0000017913	0.0000463094	0.0001261875	0.0000298847	0.0002061490	0.0001560723	0.0003622212
0.5266666667	0.9460254038	0.9059381682	0.8950620080	0.8544995942	1.0121512925	0.9546820070	0.0134748756	0.0013968174	0.0072590283	0.0120780582	0.0058622110	0.0001815723	0.0000019511	0.0000526935	0.0001458795	0.0000343655	0.0002362169	0.0001802450	0.0004164619
0.5266666667	0.9526920705	0.9067554742	0.8951123933	0.8548841957	1.0130073955	0.9550579370	0.0143766342	0.0014531083	0.0077090168	0.0129235259	0.0062559085	0.0002066876	0.0000021115	0.0000594289	0.0001670175	0.0000391364	0.0002682281	0.0002061539	0.0004743820
0.5266666667	0.9593587371	0.9075722194	0.8951608560	0.8552655247	1.0138649532	0.9554322208	0.0152769624	0.0015072484	0.0081549766	0.0137697140	0.0066477282	0.0002333856	0.0000022718	0.0000665036	0.0001896050	0.0000441923	0.0003021610	0.0002337973	0.0005359583
0.5266666667	0.9660254038	0.9083883688	0.8952073717	0.8556435061	1.0147239595	0.9558048036	0.0161758250	0.0015592105	0.0085968252	0.0146166144	0.0070376147	0.0002616573	0.0000024311	0.0000739054	0.0002136454	0.0000495280	0.0003379939	0.0002631734	0.0006011673
0.5266666667	0.9726920705	0.9092038903	0.8952519168	0.8560180687	1.0155844106	0.9561756335	0.0170731896	0.0016089688	0.0090344849	0.0154642208	0.0074255161	0.0002914938	0.0000025888	0.0000816219	0.0002391421	0.0000551383	0.0003757045	0.0002942804	0.0006699849
0.5266666667	0.9793587371	0.9100187540	0.8952944688	0.8563891450	1.0164463043	0.9565446620	0.0179690270	0.0016564984	0.0094678822	0.0163125286	0.0078113838	0.0003228859	0.0000027440	0.0000896408	0.0002660986	0.0000610177	0.0004152707	0.0003271163	0.0007423870
0.5266666667	0.9860254038	0.9108329328	0.8953350061	0.8567566711	1.0173096400	0.9569118433	0.0188633105	0.0017017756	0.0098969479	0.0171615349	0.0081951723	0.0003558245	0.0000028960	0.0000979496	0.0002945183	0.0000671608	0.0004566701	0.0003616791	0.0008183492
0.5266666667	0.9926920705	0.9116464016	0.8953735082	0.8571205863	1.0181744190	0.9572771346	0.0197560161	0.0017447777	0.0103216169	0.0180112385	0.0085768392	0.0003903002	0.0000030442	0.0001065358	0.0003244047	0.0000735622	0.0004998802	0.0003979669	0.0008978471
0.5266666667	0.9993587371	0.9124591375	0.8954099554	0.8574808334	1.0190406440	0.9576404956	0.0206471225	0.0017854829	0.0107418278	0.0188616396	0.0089563449	0.0004263037	0.0000031879	0.0001153869	0.0003557614	0.0000802161	0.0005448785	0.0004359776	0.0009808560
0.5266666667	1.0060254038	0.9132711200	0.8954443287	0.8578373583	1.0199083189	0.9580018889	0.0215366104	0.0018238706	0.0111575231	0.0197127399	0.0093336526	0.0004638256	0.0000033265	0.0001244903	0.0003885921	0.0000871171	0.0005916424	0.0004757092	0.0010673516
0.5266666667	1.0126920705	0.9140823303	0.8954766103	0.8581901099	1.0207774495	0.9583612794	0.0224244631	0.0018599208	0.0115686489	0.0205645423	0.0097087281	0.0005028565	0.0000034593	0.0001338336	0.0004229004	0.0000942594	0.0006401495	0.0005171598	0.0011573093
0.5266666667	1.0193587371	0.9148927516	0.8955067828	0.8585390399	1.0216480424	0.9587186344	0.0233106659	0.0018936146	0.0119751545	0.0214170513	0.0100815399	0.0005433871	0.0000035858	0.0001434043	0.0004586901	0.0001016374	0.0006903772	0.0005603275	0.0012507048
0.5266666667	1.0260254038	0.9157023691	0.8955348300	0.8588841029	1.0225201058	0.9590739234	0.0241952061	0.0019249340	0.0123769926	0.0222702721	0.0104520587	0.0005854080	0.0000037054	0.0001531899	0.0004959650	0.0001092455	0.0007423033	0.0006052106	0.0013475139
0.5266666667	1.0326920705	0.9165111694	0.8955607360	0.8592252562	1.0233936489	0.9594271183	0.0250780730	0.0019538615	0.0127741190	0.0231242115	0.0108202575	0.0006289097	0.0000038176	0.0001631781	0.0005347292	0.0001170780	0.0007959054	0.0006518071	0.0014477126
0.5266666667	1.0393587371	0.9173191410	0.8955844858	0.8595624594	1.0242686821	0.9597781929	0.0259592578	0.0019803808	0.0131664923	0.0239788770	0.0111861116	0.0006738831	0.0000039219	0.0001733565	0.0005749865	0.0001251291	0.0008511615	0.0007001156	0.0015512771
0.5266666667	1.0460254038	0.9181262739	0.8956060653	0.8598956749	1.0251452166	0.9601271231	0.0268387532	0.0020044759	0.0135540743	0.0248342773	0.0115495984	0.0007203187	0.0000040179	0.0001837129	0.0006167413	0.0001333932	0.0009080495	0.0007501346	0.0016581841
0.5266666667	1.0526920705	0.9189325595	0.8956254607	0.8602248671	1.0260232651	0.9604738865	0.0277165538	0.0020261318	0.0139368292	0.0256904220	0.0119106973	0.0007682074	0.0000041052	0.0001942352	0.0006599978	0.0001418647	0.0009665478	0.0008018625	0.0017684103
0.5266666667	1.0593587371	0.9197379908	0.8956426591	0.8605500030	1.0269028406	0.9608184629	0.0285926557	0.0020453343	0.0143147239	0.0265473214	0.0122693896	0.0008175400	0.0000041834	0.0002049113	0.0007047603	0.0001505379	0.0010266347	0.0008552982	0.0018819329
0.5266666667	1.0660254038	0.9205425621	0.8956576480	0.8608710515	1.0277839575	0.9611608335	0.0294670564	0.0020620695	0.0146877279	0.0274049869	0.0126256584	0.0008683074	0.0000042521	0.0002157294	0.0007510333	0.0001594072	0.0010882889	0.0009104406	0.0019987295
0.5293333333	0.6660254038	0.8725045788	0.8918194969	0.8374356451	0.9783421217	0.9390192163	-0.0241282792	-0.0022324268	-0.0129125803	-0.0218958524	-0.0106801535	0.0005821739	0.0000049837	0.0001667347	0.0004794284	0.0001140657	0.0007538923	0.0005934940	0.0013473863
0.5293333333	0.6726920705	0.8732498330	0.8919054383	0.8378034459	0.9790834269	0.9393411116	-0.0232744887	-0.0021360650	-0.0124734778	-0.0211384237	-0.0103374128	0.0005417018	0.0000045628	0.0001555876	0.0004468330	0.0001068621	0.0007018522	0.0005536951	0.0012555473
0.5293333333	0.6793587371	0.8740008510	0.8919923424	0.8381778540	0.9798299935	0.9396693381	-0.0224148318	-0.0020386334	-0.0120266851	-0.0203761984	-0.0099880517	0.0005024247	0.0000041560	0.0001446412	0.0004151895	0.0000997612	0.0006512219	0.0005149506	0.0011661725
0.5293333333	0.6860254038	0.8747573022	0.8920800682	0.8385583831	0.9805816017	0.9400034963	-0.0215497023	-0.0019402901	-0.0115727924	-0.0196094122	-0.0096325024	0.0004643897	0.0000037647	0.0001339295	0.0003845290	0.0000927851	0.0006020839	0.0004773141	0.0010793981
0.5293333333	0.6926920705	0.8755188687	0.8921684804	0.8389445652	0.9813380410	0.9403432016	-0.0206794777	-0.0018411871	-0.0111123675	-0.0188382906	-0.0092711804	0.0004276408	0.0000033900	0.0001234847	0.0003548812	0.0000859548	0.0005545155	0.0004408360	0.0009953515
0.5293333333	0.6993587371	0.8762852455	0.8922574486	0.8393359498	0.9820991093	0.9406880840	-0.0198045205	-0.0017414707	-0.0106459561	-0.0180630498	-0.0089044853	0.0003922190	0.0000030327	0.0001133364	0.0003262738	0.0000792899	0.0005085881	0.0004055636	0.0009141518
0.5293333333	0.7060254038	0.8770561394	0.8923468476	0.8397321035	0.9828646134	0.9410377879	-0.0189251778	-0.0016412815	-0.0101740827	-0.0172838963	-0.0085328012	0.0003581624	0.0000026938	0.0001035120	0.0002987331	0.0000728087	0.0004643681	0.0003715418	0.0008359099
0.5293333333	0.7126920705	0.8778312693	0.8924365570	0.8401326096	0.9836343687	0.9413919713	-0.0180417822	-0.0015407546	-0.0096972513	-0.0165010276	-0.0081564967	0.0003255059	0.0000023739	0.0000940367	0.0002722839	0.0000665284	0.0004219165	0.0003388123	0.0007607289
0.5293333333	0.7193587371	0.8786103655	0.8925264610	0.8405370675	0.9844081983	0.9417503056	-0.0171546520	-0.0014400197	-0.0092159457	-0.0157146322	-0.0077759260	0.0002942821	0.0000020737	0.0000849337	0.0002469497	0.0000604650	0.0003812894	0.0003074147	0.0006887041
0.5293333333	0.7260254038	0.8793931695	0.8926164485	0.8409450920	0.9851859340	0.9421124756	-0.0162640917	-0.0013392015	-0.0087306304	-0.0149248902	-0.0073914289	0.0002645207	0.0000017935	0.0000762239	0.0002227523	0.0000546332	0.0003425380	0.0002773856	0.0006199236
0.5293333333	0.7326920705	0.8801794338	0.8927064126	0.8413563133	0.9859674148	0.9424781781	-0.0153703925	-0.0012384197	-0.0082417509	-0.0141319728	-0.0070033312	0.0002362490	0.0000015337	0.0000679265	0.0001997127	0.0000490466	0.0003057091	0.0002487593	0.0005544684
0.5293333333	0.7393587371	0.8809689212	0.8927962507	0.8417703761	0.9867524876	0.9428471228	-0.0144738326	-0.0011377891	-0.0077497347	-0.0133360435	-0.0066119456	0.0002094918	0.0000012946	0.0000600584	0.0001778501	0.0000437178	0.0002708448	0.0002215679	0.0004924127
0.5293333333	0.7460254038	0.8817614051	0.8928858642	0.8421869393	0.9875410065	0.9432190306	-0.0135746776	-0.0010374201	-0.0072549915	-0.0125372575	-0.0062175715	0.0001842719	0.0000010762	0.0000526349	0.0001571828	0.0000386582	0.0002379830	0.0001958410	0.0004338240
0.5293333333	0.7526920705	0.8825566684	0.8929751587	0.8426056754	0.9883328330	0.9435936344	-0.0126731810	-0.0009374185	-0.0067579142	-0.0117357625	-0.0058204957	0.0001606095	0.0000008788	0.0000456694	0.0001377281	0.0000338782	0.0002071577	0.0001716063	0.0003787640
0.5293333333	0.7593587371	0.8833545037	0.8930640433	0.8430262703	0.9891278351	0.9439706778	-0.0117695847	-0.0008378859	-0.0062588790	-0.0109316988	-0.0054209931	0.0001385231	0.0000007021	0.0000391736	0.0001195020	0.0000293872	0.0001783987	0.0001488892	0.0003272879
0.5293333333	0.7660254038	0.8841547131	0.8931524308	0.8434484224	0.9899258880	0.9443499154	-0.0108641190	-0.0007389197	-0.0057582463	-0.0101251993	-0.0050193266	0.0001180291	0.0000005460	0.0000331574	0.0001025197	0.0000251936	0.0001517325	0.0001277133	0.0002794458
0.5293333333	0.7726920705	0.8849571073	0.8932402376	0.8438718429	0.9907268729	0.9447311120	-0.0099570037	-0.0006406135	-0.0052563612	-0.0093163902	-0.0046157477	0.0000991419	0.0000004104	0.0000276293	0.0000867951	0.0000213051	0.0001271816	0.0001081003	0.0002352819
0.5293333333	0.7793587371	0.8857615059	0.8933273834	0.8442962545	0.9915306777	0.9451140424	-0.0090484475	-0.0005430567	-0.0047535538	-0.0085053908	-0.0042104971	0.0000818744	0.0000002949	0.0000225963	0.0000723417	0.0000177283	0.0001047656	0.0000900700	0.0001948355
0.5293333333	0.7860254038	0.8865677367	0.8934137913	0.8447213917	0.9923371962	0.9454984912	-0.0081386494	-0.0004463355	-0.0042501403	-0.0076923139	-0.0038038048	0.0000662376	0.0000001992	0.0000180637	0.0000591717	0.0000144689	0.0000845005	0.0000736406	0.0001581411
0.5293333333	0.7926920705	0.8873756356	0.8934993874	0.8451469999	0.9931463280	0.9458842523	-0.0072277985	-0.0003505322	-0.0037464227	-0.0068772663	-0.0033958905	0.0000522411	0.0000001229	0.0000140357	0.0000472968	0.0000115321	0.0000663996	0.0000588289	0.0001252285
0.5293333333	0.7993587371	0.8881850464	0.8935841009	0.8455728354	0.9939579784	0.9462711283	-0.0063160743	-0.0002557258	-0.0032426899	-0.0060603485	-0.0029869641	0.0000398928	0.0000000654	0.0000105150	0.0000367278	0.0000089220	0.0000504732	0.0000456498	0.0000961230
0.5293333333	0.8060254038	0.8889958202	0.8936678637	0.8459986645	0.9947720583	0.9466589310	-0.0054036473	-0.0001619922	-0.0027392183	-0.0052416552	-0.0025772261	0.0000291994	0.0000000262	0.0000075033	0.0000274749	0.0000066421	0.0000367290	0.0000341170	0.0000708460
0.5293333333	0.8126920705	0.8898078154	0.8937506108	0.8464242639	0.9955884838	0.9470474802	-0.0044906795	-0.0000694038	-0.0022362715	-0.0044212757	-0.0021668677	0.0000201662	0.0000000048	0.0000050009	0.0000195477	0.0000046953	0.0000251719	0.0000242430	0.0000494149
0.5293333333	0.8193587371	0.8906208974	0.8938322796	0.8468494194	0.9964071759	0.9474366039	-0.0035773241	0.0000219696	-0.0017341015	-0.0035992937	-0.0017560712	0.0000127972	0.0000000005	0.0000030071	0.0000129549	0.0000030838	0.0000158048	0.0000160387	0.0000318435
0.5293333333	0.8260254038	0.8914349383	0.8939128102	0.8472739265	0.9972280609	0.9478261379	-0.0026637266	0.0001120615	-0.0012329491	-0.0027757881	-0.0013450106	0.0000070954	0.0000000126	0.0000015202	0.0000077050	0.0000018091	0.0000086282	0.0000095141	0.0000181422
0.5293333333	0.8326920705	0.8922498165	0.8939921452	0.8476975891	0.9980510693	0.9482159253	-0.0017500245	0.0002008078	-0.0007330437	-0.0019508323	-0.0009338515	0.0000030626	0.0000000403	0.0000005374	0.0000038057	0.0000008721	0.0000036403	0.0000046778	0.0000083181
0.5293333333	0.8393587371	0.8930654167	0.8940702295	0.8481202201	0.9988761366	0.9486058166	-0.0008363480	0.0002881474	-0.0002346046	-0.0011244954	-0.0005227520	0.0000006995	0.0000000830	0.0000000550	0.0000012645	0.0000002733	0.0000008375	0.0000015378	0.0000023753
0.5293333333	0.8460254038	0.8938816296	0.8941470103	0.8485416403	0.9997032025	0.9489956692	0.0000771799	0.0003740215	0.0002621594	-0.0002968416	-0.0001118621	0.0000000060	0.0000001399	0.0000000687	0.0000000881	0.0000000125	0.0000002146	0.0000001006	0.0000003152
0.5293333333	0.8526920705	0.8946983516	0.8942224369	0.8489616787	1.0005322106	0.9493853471	0.0009904430	0.0004583739	0.0007570490	0.0005320691	0.0002986751	0.0000009810	0.0000002101	0.0000005731	0.0000002831	0.0000000892	0.0000017642	0.0000003723	0.0000021365
0.5293333333	0.8593587371	0.8955154846	0.8942964610	0.8493801716	1.0013631090	0.9497747209	0.0019033317	0.0005411508	0.0012498743	0.0013621809	0.0007087235	0.0000036227	0.0000002928	0.0000015622	0.0000018555	0.0000005023	0.0000054777	0.0000023578	0.0000078355
0.5293333333	0.8660254038	0.8963329357	0.8943690359	0.8497969630	1.0021958495	0.9501636672	0.0028157428	0.0006223007	0.0017404546	0.0021934421	0.0011181539	0.0000079284	0.0000003873	0.0000030292	0.0000048112	0.0000012503	0.0000113448	0.0000060615	0.0000174063
0.5293333333	0.8726920705	0.8971506172	0.8944401172	0.8502119036	1.0030303873	0.9505520686	0.0037275789	0.0007017739	0.0022286175	0.0030258050	0.0015268436	0.0000138948	0.0000004925	0.0000049667	0.0000091555	0.0000023313	0.0000193541	0.0000114867	0.0000308408
0.5293333333	0.8793587371	0.8979684462	0.8945096620	0.8506248512	1.0038666817	0.9509398135	0.0046387487	0.0007795233	0.0027141991	0.0038592253	0.0019346758	0.0000215180	0.0000006077	0.0000073669	0.0000148936	0.0000037430	0.0000294925	0.0000186366	0.0000481291
0.5293333333	0.8860254038	0.8987863446	0.8945776297	0.8510356698	1.0047046950	0.9513267955	0.0055491660	0.0008555035	0.0031970435	0.0046936625	0.0023415399	0.0000307932	0.0000007319	0.0000102211	0.0000220305	0.0000054828	0.0000417462	0.0000275133	0.0000692595
0.5293333333	0.8926920705	0.8996042385	0.8946439808	0.8514442298	1.0055443929	0.9517129139	0.0064587505	0.0009296711	0.0036770022	0.0055290793	0.0027473311	0.0000417155	0.0000008643	0.0000135203	0.0000305707	0.0000075478	0.0000561001	0.0000381185	0.0000942186
0.5293333333	0.8993587371	0.9004220587	0.8947086778	0.8518504078	1.0063857443	0.9520980727	0.0073674263	0.0010019845	0.0041539343	0.0063654418	0.0031519498	0.0000542790	0.0000010040	0.0000172552	0.0000405188	0.0000099348	0.0000725381	0.0000504536	0.0001229918
0.5293333333	0.9060254038	0.9012397397	0.8947716849	0.8522540858	1.0072287210	0.9524821809	0.0082751229	0.0010724039	0.0046277058	0.0072027190	0.0035553020	0.0000684777	0.0000011501	0.0000214157	0.0000518792	0.0000126402	0.0000910434	0.0000645193	0.0001555627
0.5293333333	0.9126920705	0.9020572203	0.8948329674	0.8526551518	1.0080732976	0.9528651523	0.0091817740	0.0011408911	0.0050981895	0.0080408829	0.0039572984	0.0000843050	0.0000013016	0.0000259915	0.0000646558	0.0000156602	0.0001115981	0.0000803160	0.0001919142
0.5293333333	0.9193587371	0.9028744429	0.8948924925	0.8530534987	1.0089194518	0.9532469050	0.0100873182	0.0012074097	0.0055652645	0.0088799084	0.0043578548	0.0001017540	0.0000014578	0.0000309722	0.0000788528	0.0000189909	0.0001341840	0.0000978437	0.0002320277
0.5293333333	0.9260254038	0.9036913535	0.8949502284	0.8534490248	1.0097671635	0.9536273614	0.0109916978	0.0012719248	0.0060288163	0.0097197730	0.0047568915	0.0001208174	0.0000016178	0.0000363466	0.0000944740	0.0000226280	0.0001587818	0.0001171020	0.0002758838
0.5293333333	0.9326920705	0.9045079017	0.8950061448	0.8538416334	1.0106164152	0.9540064482	0.0118948596	0.0013344028	0.0064887363	0.0105604568	0.0051543334	0.0001414877	0.0000017806	0.0000421037	0.0001115232	0.0000265672	0.0001853720	0.0001380904	0.0003234624
0.5293333333	0.9393587371	0.9053240403	0.8950602129	0.8542312321	1.0114671921	0.9543840960	0.0127967540	0.0013948118	0.0069449214	0.0114019422	0.0055501096	0.0001637569	0.0000019455	0.0000482319	0.0001300043	0.0000308037	0.0002139343	0.0001608080	0.0003747424
0.5293333333	0.9460254038	0.9061397254	0.8951124048	0.8546177336	1.0123194813	0.9547602390	0.0136973352	0.0014531212	0.0073972744	0.0122442141	0.0059441532	0.0001876170	0.0000021116	0.0000547197	0.0001499208	0.0000353330	0.0002444482	0.0001852537	0.0004297020
0.5293333333	0.9526920705	0.9069549159	0.8951626939	0.8550010544	1.0131732724	0.9551348154	0.0145965609	0.0015093015	0.0078457029	0.0130872594	0.0063364014	0.0002130596	0.0000022780	0.0000615551	0.0001712764	0.0000401500	0.0002768926	0.0002114263	0.0004883190
0.5293333333	0.9593587371	0.9077695739	0.8952110549	0.8553811157	1.0140285567	0.9555077666	0.0154943920	0.0015633248	0.0082901197	0.0139310672	0.0067267949	0.0002400762	0.0000024440	0.0000687261	0.0001940746	0.0000452498	0.0003112463	0.0002393244	0.0005505707
0.5293333333	0.9660254038	0.9085836641	0.8952574633	0.8557578423	1.0148853278	0.9558790375	0.0163907928	0.0016151642	0.0087304423	0.0147756286	0.0071152781	0.0002686581	0.0000026088	0.0000762206	0.0002183192	0.0000506272	0.0003474875	0.0002689464	0.0006164338
0.5293333333	0.9726920705	0.9093971538	0.8953018958	0.8561311631	1.0157435811	0.9562485762	0.0172857305	0.0016647940	0.0091665931	0.0156209365	0.0075017991	0.0002987965	0.0000027715	0.0000840264	0.0002440137	0.0000562770	0.0003855944	0.0003002906	0.0006858851
0.5293333333	0.9793587371	0.9102100131	0.8953443302	0.8565010107	1.0166033138	0.9566163338	0.0181791753	0.0017121896	0.0095984984	0.0164669857	0.0078863088	0.0003304824	0.0000029316	0.0000921312	0.0002711616	0.0000621939	0.0004255452	0.0003333555	0.0007589007
0.5293333333	0.9860254038	0.9110222142	0.8953847452	0.8568673210	1.0174645247	0.9569822644	0.0190711002	0.0017573276	0.0100260893	0.0173137726	0.0082687617	0.0003637069	0.0000030882	0.0001005225	0.0002997667	0.0000683724	0.0004673175	0.0003681391	0.0008354567
0.5293333333	0.9926920705	0.9118337318	0.8954231203	0.8572300335	1.0183272144	0.9573463250	0.0199614806	0.0018001855	0.0104493005	0.0181612951	0.0086491150	0.0003984607	0.0000032407	0.0001091879	0.0003298326	0.0000748072	0.0005108893	0.0004046398	0.0009155291
0.5293333333	0.9993587371	0.9126445427	0.8954594361	0.8575890911	1.0191913848	0.9577084752	0.0208502947	0.0018407418	0.0108680707	0.0190095529	0.0090273289	0.0004347348	0.0000033883	0.0001181150	0.0003613631	0.0000814927	0.0005562381	0.0004428558	0.0009990938
0.5293333333	1.0060254038	0.9134546260	0.8954936739	0.8579444396	1.0200570396	0.9580686772	0.0217375229	0.0018789760	0.0112823423	0.0198585469	0.0094033664	0.0004725199	0.0000035306	0.0001272912	0.0003943619	0.0000884233	0.0006033417	0.0004827852	0.0010861269
0.5293333333	1.0126920705	0.9142639625	0.8955258159	0.8582960278	1.0209241836	0.9584268957	0.0226231478	0.0019148684	0.0116920614	0.0207082794	0.0097771930	0.0005118068	0.0000036667	0.0001367043	0.0004288328	0.0000955935	0.0006521778	0.0005244263	0.0011766042
0.5293333333	1.0193587371	0.9150725351	0.8955558451	0.8586438075	1.0217928231	0.9587830980	0.0235071543	0.0019484003	0.0120971772	0.0215587541	0.0101487769	0.0005525863	0.0000037963	0.0001463417	0.0004647799	0.0001029977	0.0007027243	0.0005677776	0.0012705018
0.5293333333	1.0260254038	0.9158803286	0.8955837452	0.8589877333	1.0226629654	0.9591372532	0.0243895293	0.0019795537	0.0124976424	0.0224099756	0.0105180887	0.0005948491	0.0000039186	0.0001561911	0.0005022070	0.0001106302	0.0007549588	0.0006128372	0.0013677960
0.5293333333	1.0326920705	0.9166873293	0.8956095007	0.8593277624	1.0235346193	0.9594893330	0.0252702617	0.0020083117	0.0128934127	0.0232619500	0.0108851010	0.0006385861	0.0000040333	0.0001662401	0.0005411183	0.0001184854	0.0008088595	0.0006596037	0.0014684633
0.5293333333	1.0393587371	0.9174935254	0.8956330968	0.8596638545	1.0244077945	0.9598393110	0.0261493420	0.0020346578	0.0132844467	0.0241146842	0.0112497889	0.0006837881	0.0000041398	0.0001764765	0.0005815180	0.0001265578	0.0008644044	0.0007080757	0.0015724802
0.5293333333	1.0460254038	0.9182989065	0.8956545194	0.8599959718	1.0252825019	0.9601871628	0.0270267627	0.0020585765	0.0136707060	0.0249681862	0.0116121295	0.0007304459	0.0000042377	0.0001868882	0.0006234103	0.0001348416	0.0009215718	0.0007582519	0.0016798237
0.5293333333	1.0526920705	0.9191034637	0.8956737550	0.8603240788	1.0261587532	0.9605328659	0.0279025178	0.0020800528	0.0140521548	0.0258224650	0.0119721020	0.0007785505	0.0000043266	0.0001974631	0.0006667997	0.0001433312	0.0009803402	0.0008101309	0.0017904711
0.5293333333	1.0593587371	0.9199071897	0.8956907908	0.8606481424	1.0270365612	0.9608763998	0.0287766030	0.0020990727	0.0144287600	0.0266775303	0.0123296873	0.0008280929	0.0000044061	0.0002081891	0.0007116906	0.0001520212	0.0010406881	0.0008637118	0.0019043999
0.5293333333	1.0660254038	0.9207100783	0.8957056145	0.8609681313	1.0279159396	0.9612177454	0.0296490154	0.0021156225	0.0148004908	0.0275333929	0.0126848683	0.0008790641	0.0000044759	0.0002190545	0.0007580877	0.0001609059	0.0011025945	0.0009189936	0.0020215881
0.5320000000	0.6660254038	0.8728234120	0.8918654007	0.8376143424	0.9786492573	0.9391712490	-0.0237629229	-0.0021809560	-0.0126992167	-0.0215819669	-0.0105182607	0.0005646765	0.0000047566	0.0001612701	0.0004657813	0.0001106338	0.0007307032	0.0005764151	0.0013071183
0.5320000000	0.6726920705	0.8735651744	0.8919516864	0.8379806776	0.9793862018	0.9394911073	-0.0229134415	-0.0020842133	-0.0122619569	-0.0208292282	-0.0101777437	0.0005250258	0.0000043439	0.0001503556	0.0004338567	0.0001035865	0.0006797253	0.0005374432	0.0012171685
0.5320000000	0.6793587371	0.8743127355	0.8920389250	0.8383536133	0.9801284573	0.9398172992	-0.0220580486	-0.0019864117	-0.0118170150	-0.0200716370	-0.0098306033	0.0004865575	0.0000039458	0.0001396418	0.0004028706	0.0000966408	0.0006301452	0.0004995114	0.0011296566
0.5320000000	0.6860254038	0.8750657648	0.8921269750	0.8387326640	0.9808758050	0.9401494265	-0.0211971379	-0.0018877101	-0.0113649802	-0.0193094278	-0.0094772701	0.0004493187	0.0000035634	0.0001291628	0.0003728540	0.0000898186	0.0005820449	0.0004626727	0.0010447175
0.5320000000	0.6926920705	0.8758239448	0.8922157005	0.8391173623	0.9816280349	0.9404871062	-0.0203310867	-0.0017882611	-0.0109064191	-0.0185428256	-0.0091181580	0.0004133531	0.0000031979	0.0001189500	0.0003438364	0.0000831408	0.0005355009	0.0004269772	0.0009624781
0.5320000000	0.6993587371	0.8765869703	0.8923049707	0.8395072584	0.9823849458	0.9408299695	-0.0194602572	-0.0016882116	-0.0104418767	-0.0177720456	-0.0087536651	0.0003787016	0.0000028501	0.0001090328	0.0003158456	0.0000766267	0.0004905845	0.0003924723	0.0008830567
0.5320000000	0.7060254038	0.8773545482	0.8923946600	0.8399019198	0.9831463449	0.9411776621	-0.0185849966	-0.0015877025	-0.0099718765	-0.0169972941	-0.0083841740	0.0003454021	0.0000025208	0.0000994383	0.0002889080	0.0000702944	0.0004473612	0.0003592024	0.0008065636
0.5320000000	0.7126920705	0.8781263975	0.8924846477	0.8403009303	0.9839120480	0.9415298431	-0.0177056372	-0.0014868692	-0.0094969213	-0.0162187681	-0.0080100521	0.0003134896	0.0000022108	0.0000901915	0.0002630484	0.0000641609	0.0004058919	0.0003272094	0.0007331013
0.5320000000	0.7193587371	0.8789022484	0.8925748177	0.8407038900	0.9846818788	0.9418861852	-0.0168224974	-0.0013858417	-0.0090174941	-0.0154366557	-0.0076316524	0.0002829964	0.0000019206	0.0000813152	0.0002382903	0.0000582421	0.0003662322	0.0002965325	0.0006627646
0.5320000000	0.7260254038	0.8796818426	0.8926650586	0.8411104145	0.9854556691	0.9422463739	-0.0159358816	-0.0012847450	-0.0085340584	-0.0146511365	-0.0072493134	0.0002539523	0.0000016506	0.0000728302	0.0002146558	0.0000525525	0.0003284330	0.0002672083	0.0005956414
0.5320000000	0.7326920705	0.8804649324	0.8927552635	0.8415201347	0.9862332583	0.9426101073	-0.0150460809	-0.0011836989	-0.0080470588	-0.0138623820	-0.0068633599	0.0002263846	0.0000014011	0.0000647552	0.0001921656	0.0000471057	0.0002925408	0.0002392713	0.0005318122
0.5320000000	0.7393587371	0.8812512808	0.8928453297	0.8419326959	0.9870144934	0.9429770957	-0.0141533736	-0.0010828183	-0.0075569219	-0.0130705553	-0.0064741036	0.0002003180	0.0000011725	0.0000571071	0.0001708394	0.0000419140	0.0002585975	0.0002127534	0.0004713510
0.5320000000	0.7460254038	0.8820406609	0.8929351587	0.8423477577	0.9877992286	0.9433470611	-0.0132580254	-0.0009822136	-0.0070640565	-0.0122758118	-0.0060818429	0.0001757752	0.0000009647	0.0000499009	0.0001506956	0.0000369888	0.0002266409	0.0001876844	0.0004143252
0.5320000000	0.7526920705	0.8828328557	0.8930246557	0.8427649932	0.9885873252	0.9437197369	-0.0123602898	-0.0008819907	-0.0065688546	-0.0114782992	-0.0056868639	0.0001527768	0.0000007779	0.0000431499	0.0001317514	0.0000323404	0.0001967045	0.0001640918	0.0003607963
0.5320000000	0.7593587371	0.8836276578	0.8931137301	0.8431840889	0.9893786514	0.9440948677	-0.0114604088	-0.0007822510	-0.0060716916	-0.0106781578	-0.0052894405	0.0001313410	0.0000006119	0.0000368654	0.0001140231	0.0000279782	0.0001688183	0.0001420012	0.0003108196
0.5320000000	0.7660254038	0.8844248690	0.8932022948	0.8436047441	0.9901730819	0.9444722086	-0.0105586130	-0.0006830921	-0.0055729271	-0.0098755209	-0.0048898350	0.0001114843	0.0000004666	0.0000310575	0.0000975259	0.0000239105	0.0001430084	0.0001214364	0.0002644448
0.5320000000	0.7726920705	0.8852243000	0.8932902661	0.8440266702	0.9909704982	0.9448515251	-0.0096551220	-0.0005846071	-0.0050729054	-0.0090705149	-0.0044882983	0.0000932214	0.0000003418	0.0000257344	0.0000822742	0.0000201448	0.0001192975	0.0001024191	0.0002217166
0.5320000000	0.7793587371	0.8860257702	0.8933775640	0.8444495908	0.9917707876	0.9452325925	-0.0087501450	-0.0004868857	-0.0045719560	-0.0082632593	-0.0040850703	0.0000765650	0.0000002371	0.0000209028	0.0000682815	0.0000166878	0.0000977049	0.0000849693	0.0001826741
0.5320000000	0.7860254038	0.8868291074	0.8934641116	0.8448732408	0.9925738436	0.9456151959	-0.0078438811	-0.0003900135	-0.0040703941	-0.0074538675	-0.0036803805	0.0000615265	0.0000001521	0.0000165681	0.0000555601	0.0000135452	0.0000782467	0.0000691053	0.0001473520
0.5320000000	0.7926920705	0.8876341472	0.8935498351	0.8452973662	0.9933795658	0.9459991296	-0.0069365195	-0.0002940729	-0.0035685211	-0.0066424465	-0.0032744482	0.0000481153	0.0000000865	0.0000127343	0.0000441221	0.0000107220	0.0000609361	0.0000548441	0.0001157802
0.5320000000	0.7993587371	0.8884407333	0.8936346641	0.8457217238	0.9941878589	0.9463841968	-0.0060282400	-0.0001991427	-0.0030666255	-0.0058290973	-0.0028674828	0.0000363397	0.0000000397	0.0000094042	0.0000339784	0.0000082225	0.0000457835	0.0000422008	0.0000879844
0.5320000000	0.8060254038	0.8892487166	0.8937185305	0.8461460805	0.9949986335	0.9467702096	-0.0051192136	-0.0001052984	-0.0025649826	-0.0050139152	-0.0024596843	0.0000262063	0.0000000111	0.0000065791	0.0000251393	0.0000060500	0.0000327966	0.0000311894	0.0000639860
0.5320000000	0.8126920705	0.8900579554	0.8938013696	0.8465702133	0.9958118052	0.9471569882	-0.0042096022	-0.0000126123	-0.0020638558	-0.0041969899	-0.0020512435	0.0000177208	0.0000000002	0.0000042595	0.0000176147	0.0000042076	0.0000219804	0.0000218223	0.0000438027
0.5320000000	0.8193587371	0.8908683147	0.8938831191	0.8469939087	0.9966272946	0.9475443607	-0.0032995596	0.0000788462	-0.0015634963	-0.0033784058	-0.0016423425	0.0000108871	0.0000000062	0.0000024445	0.0000114136	0.0000026973	0.0000133378	0.0000141109	0.0000274487
0.5320000000	0.8260254038	0.8916796665	0.8939637192	0.8474169624	0.9974450275	0.9479321634	-0.0023892314	0.0001690107	-0.0010641444	-0.0025582421	-0.0012331550	0.0000057084	0.0000000286	0.0000011324	0.0000065446	0.0000015207	0.0000068694	0.0000080653	0.0000149347
0.5320000000	0.8326920705	0.8924918889	0.8940431128	0.8478391789	0.9982649339	0.9483202396	-0.0014787556	0.0002578175	-0.0005660290	-0.0017365730	-0.0008238465	0.0000021867	0.0000000665	0.0000003204	0.0000030157	0.0000006787	0.0000025736	0.0000036944	0.0000062680
0.5320000000	0.8393587371	0.8933048666	0.8941212450	0.8482603715	0.9990869488	0.9487084399	-0.0005682626	0.0003452056	-0.0000693688	-0.0009134683	-0.0004145745	0.0000003229	0.0000001192	0.0000000048	0.0000008344	0.0000001719	0.0000004469	0.0000010063	0.0000014532
0.5320000000	0.8460254038	0.8941184897	0.8941980633	0.8486803613	0.9999110112	0.9490966220	0.0003421241	0.0004311168	0.0004256277	-0.0000889928	-0.0000054892	0.0000001170	0.0000001859	0.0000001812	0.0000000079	0.0000000000	0.0000004841	0.0000000079	0.0000004920
0.5320000000	0.8526920705	0.8949326546	0.8942735174	0.8490989777	1.0007370644	0.9494846500	0.0012522880	0.0005154951	0.0009187617	0.0007367929	0.0004032666	0.0000015682	0.0000002657	0.0000008441	0.0000005429	0.0000001626	0.0000026781	0.0000007055	0.0000033836
0.5320000000	0.8593587371	0.8957472628	0.8943475590	0.8495160575	1.0015650558	0.9498723947	0.0021621192	0.0005982869	0.0014098439	0.0015638324	0.0008115570	0.0000046748	0.0000003579	0.0000019877	0.0000024456	0.0000006586	0.0000070204	0.0000031042	0.0000101246
0.5320000000	0.8660254038	0.8965622212	0.8944201418	0.8499314448	1.0023949364	0.9502597326	0.0030715140	0.0006794409	0.0018986937	0.0023920731	0.0012192528	0.0000094342	0.0000004616	0.0000036050	0.0000057220	0.0000014866	0.0000135009	0.0000072086	0.0000207095
0.5320000000	0.8726920705	0.8973774417	0.8944912217	0.8503449907	1.0032266612	0.9506465465	0.0039803747	0.0007589081	0.0023851393	0.0032214667	0.0016262312	0.0000158434	0.0000005759	0.0000056889	0.0000103778	0.0000026446	0.0000221082	0.0000130225	0.0000351307
0.5320000000	0.8793587371	0.8981928413	0.8945607561	0.8507565533	1.0040601884	0.9510327247	0.0048886094	0.0008366413	0.0028690170	0.0040519681	0.0020323757	0.0000238985	0.0000007000	0.0000082313	0.0000164184	0.0000041306	0.0000328297	0.0000205490	0.0000533787
0.5320000000	0.8860254038	0.8990083415	0.8946287044	0.8511659969	1.0048954801	0.9514181612	0.0057961318	0.0009125957	0.0033501712	0.0048835362	0.0024375756	0.0000335951	0.0000008328	0.0000112236	0.0000238489	0.0000059418	0.0000456516	0.0000297907	0.0000754423
0.5320000000	0.8926920705	0.8998238681	0.8946950278	0.8515731922	1.0057325011	0.9518027549	0.0067028609	0.0009867280	0.0038284539	0.0057161329	0.0028417259	0.0000449283	0.0000009736	0.0000146571	0.0000326742	0.0000080754	0.0000605590	0.0000407496	0.0001013086
0.5320000000	0.8993587371	0.9006393515	0.8947596889	0.8519780159	1.0065712198	0.9521864100	0.0076087205	0.0010589970	0.0043037243	0.0065497235	0.0032447273	0.0000578926	0.0000011215	0.0000185220	0.0000428989	0.0000105283	0.0000775361	0.0000534271	0.0001309633
0.5320000000	0.9060254038	0.9014547260	0.8948226519	0.8523803505	1.0074116073	0.9525690354	0.0085136395	0.0011293632	0.0047758486	0.0073842763	0.0036464854	0.0000724821	0.0000012755	0.0000228087	0.0000545275	0.0000132969	0.0000965662	0.0000678244	0.0001643906
0.5320000000	0.9126920705	0.9022699301	0.8948838828	0.8527800838	1.0082536377	0.9529505449	0.0094175515	0.0011977888	0.0052446999	0.0082197627	0.0040469111	0.0000886903	0.0000014347	0.0000275069	0.0000675645	0.0000163775	0.0001176319	0.0000839420	0.0002015738
0.5320000000	0.9193587371	0.9030849058	0.8949433487	0.8531771092	1.0090972877	0.9533308566	0.0103203942	0.0012642376	0.0057101576	0.0090561566	0.0044459200	0.0001065105	0.0000015983	0.0000326059	0.0000820140	0.0000197662	0.0001407147	0.0001017802	0.0002424949
0.5320000000	0.9260254038	0.9038995989	0.8950010184	0.8535713252	1.0099425368	0.9537098927	0.0112221099	0.0013286749	0.0061721073	0.0098934350	0.0048434324	0.0001259358	0.0000017654	0.0000380949	0.0000978801	0.0000234588	0.0001657960	0.0001213389	0.0002871349
0.5320000000	0.9326920705	0.9047139586	0.8950568616	0.8539626350	1.0107893669	0.9540875799	0.0121226447	0.0013910676	0.0066304405	0.0107315770	0.0052393729	0.0001469585	0.0000019351	0.0000439627	0.0001151667	0.0000274510	0.0001928563	0.0001426178	0.0003354741
0.5320000000	0.9393587371	0.9055279373	0.8951108499	0.8543509466	1.0116377624	0.9544638485	0.0130219486	0.0014513840	0.0070850546	0.0115705645	0.0056336705	0.0001695711	0.0000021065	0.0000501980	0.0001338780	0.0000317382	0.0002218757	0.0001656162	0.0003874919
0.5320000000	0.9460254038	0.9063414908	0.8951629555	0.8547361727	1.0124877099	0.9548386329	0.0139199752	0.0015095937	0.0075358520	0.0124103816	0.0060262583	0.0001937657	0.0000022789	0.0000567891	0.0001540176	0.0000363158	0.0002528336	0.0001903334	0.0004431670
0.5320000000	0.9526920705	0.9071545778	0.8952131522	0.8551182300	1.0133391981	0.9552118710	0.0148166820	0.0015656676	0.0079827408	0.0132510143	0.0064170732	0.0002195341	0.0000024513	0.0000637242	0.0001755894	0.0000411788	0.0002857095	0.0002167682	0.0005024777
0.5320000000	0.9593587371	0.9079671599	0.8952614148	0.8554970398	1.0141922179	0.9555835040	0.0157120293	0.0016195780	0.0084256338	0.0140924513	0.0068060557	0.0002468679	0.0000026230	0.0000709913	0.0001985972	0.0000463224	0.0003204822	0.0002449196	0.0005654018
0.5320000000	0.9660254038	0.9087792016	0.8953077192	0.8558725269	1.0150467623	0.9559534768	0.0166059809	0.0016712983	0.0088644486	0.0149346826	0.0071931503	0.0002757586	0.0000027932	0.0000785784	0.0002230447	0.0000517414	0.0003571303	0.0002747862	0.0006319164
0.5320000000	0.9726920705	0.9095906698	0.8953520423	0.8562446205	1.0159028258	0.9563217372	0.0174985038	0.0017208031	0.0092991076	0.0157777007	0.0075783045	0.0003061976	0.0000029612	0.0000864734	0.0002489358	0.0000574307	0.0003956322	0.0003063665	0.0007019987
0.5320000000	0.9793587371	0.9104015342	0.8953943620	0.8566132530	1.0167604051	0.9566882363	0.0183895674	0.0017680680	0.0097295373	0.0166214995	0.0079614694	0.0003381762	0.0000031261	0.0000946639	0.0002762742	0.0000633850	0.0004359662	0.0003396592	0.0007756254
0.5320000000	0.9860254038	0.9112117668	0.8954346573	0.8569783605	1.0176194985	0.9570529280	0.0192791444	0.0018130698	0.0101556687	0.0174660747	0.0083425989	0.0003716854	0.0000032872	0.0001031376	0.0003050638	0.0000695990	0.0004781102	0.0003746627	0.0008527730
0.5320000000	0.9926920705	0.9120213419	0.8954729079	0.8573398827	1.0184801058	0.9574157690	0.0201672099	0.0018557863	0.0105774366	0.0183114236	0.0087216504	0.0004067164	0.0000034439	0.0001118822	0.0003353082	0.0000760672	0.0005220425	0.0004113754	0.0009334179
0.5320000000	0.9993587371	0.9128302361	0.8955090946	0.8576977623	1.0193422284	0.9577767188	0.0210537413	0.0018961962	0.0109947798	0.0191575451	0.0090985836	0.0004432600	0.0000035956	0.0001208852	0.0003670115	0.0000827842	0.0005677408	0.0004497958	0.0010175365
0.5320000000	1.0060254038	0.9136384278	0.8955431990	0.8580519453	1.0202058693	0.9581357395	0.0219387188	0.0019342793	0.0114076406	0.0200044395	0.0094733613	0.0004813074	0.0000037414	0.0001301343	0.0004001776	0.0000897446	0.0006151831	0.0004899222	0.0011051053
0.5320000000	1.0126920705	0.9144458978	0.8955752034	0.8584023804	1.0210710327	0.9584927956	0.0228221245	0.0019700161	0.0118159651	0.0208521085	0.0098459490	0.0005208494	0.0000038810	0.0001396170	0.0004348104	0.0000969427	0.0006643474	0.0005317531	0.0011961005
0.5320000000	1.0193587371	0.9152526287	0.8956050911	0.8587490196	1.0219377243	0.9588478540	0.0237039429	0.0020033881	0.0122197025	0.0217005548	0.0102163144	0.0005618769	0.0000040136	0.0001493211	0.0004709141	0.0001043731	0.0007152116	0.0005752872	0.0012904988
0.5320000000	1.0260254038	0.9160586047	0.8956328459	0.8590918173	1.0228059510	0.9592008838	0.0245841604	0.0020343776	0.0126188055	0.0225497828	0.0105844279	0.0006043809	0.0000041387	0.0001592343	0.0005084927	0.0001120301	0.0007677539	0.0006205228	0.0013882767
0.5320000000	1.0326920705	0.9168638120	0.8956584525	0.8594307308	1.0236757208	0.9595518564	0.0254627653	0.0020629677	0.0130132298	0.0233997976	0.0109502621	0.0006483524	0.0000042558	0.0001693441	0.0005475505	0.0001199082	0.0008219524	0.0006674588	0.0014894112
0.5320000000	1.0393587371	0.9176682383	0.8956818963	0.8597657197	1.0245470430	0.9599007452	0.0263397479	0.0020891423	0.0134029339	0.0242506056	0.0113137916	0.0006937823	0.0000043645	0.0001796386	0.0005880919	0.0001280019	0.0008777855	0.0007160938	0.0015938792
0.5320000000	1.0460254038	0.9184718730	0.8957031634	0.8600967464	1.0254199277	0.9602475257	0.0272151003	0.0021128860	0.0137878794	0.0251022142	0.0116749933	0.0007406617	0.0000044643	0.0001901056	0.0006301212	0.0001363055	0.0009352316	0.0007664266	0.0017016582
0.5320000000	1.0526920705	0.9192747069	0.8957222404	0.8604237751	1.0262943862	0.9605921751	0.0280888159	0.0021341842	0.0141680304	0.0259546317	0.0120338462	0.0007889816	0.0000045547	0.0002007331	0.0006736429	0.0001448135	0.0009942694	0.0008184564	0.0018127258
0.5320000000	1.0593587371	0.9200767323	0.8957391146	0.8607467728	1.0271704308	0.9609346726	0.0289608900	0.0021530227	0.0145433536	0.0268078673	0.0123903310	0.0008387332	0.0000046355	0.0002115091	0.0007186618	0.0001535203	0.0010548778	0.0008721821	0.0019270598
0.5320000000	1.0660254038	0.9208779427	0.8957537740	0.8610657083	1.0280480746	0.9612749991	0.0298313194	0.0021693883	0.0149138185	0.0276619311	0.0127444302	0.0008899076	0.0000047062	0.0002224220	0.0007651824	0.0001624205	0.0011170358	0.0009276029	0.0020446388
0.5346666667	0.6660254038	0.8731409389	0.8919108633	0.8377910938	0.9789553810	0.9393215492	-0.0233991963	-0.0021299827	-0.0124882213	-0.0212692136	-0.0103582386	0.0005475224	0.0000045368	0.0001559557	0.0004523794	0.0001072931	0.0007080149	0.0005596726	0.0012676874
0.5346666667	0.6726920705	0.8738792813	0.8919975245	0.8381560727	0.9796880118	0.9396394605	-0.0225539372	-0.0020328239	-0.0120526719	-0.0205211133	-0.0100198481	0.0005086801	0.0000041324	0.0001452669	0.0004211161	0.0001003974	0.0006580794	0.0005215134	0.0011795928
0.5346666667	0.6793587371	0.8746234549	0.8920851275	0.8385276413	0.9804260019	0.9399637046	-0.0217027247	-0.0019346187	-0.0116094534	-0.0197681060	-0.0096748347	0.0004710083	0.0000037427	0.0001347794	0.0003907780	0.0000936024	0.0006095304	0.0004843804	0.0010939109
0.5346666667	0.6860254038	0.8753731296	0.8921735305	0.8389053151	0.9811691332	0.9402938850	-0.0208459519	-0.0018355266	-0.0111591537	-0.0190104253	-0.0093236271	0.0004345537	0.0000033692	0.0001245267	0.0003613963	0.0000869300	0.0005624496	0.0004483263	0.0010107759
0.5346666667	0.6926920705	0.8761279877	0.8922625969	0.8392886274	0.9819171965	0.9406296199	-0.0199839962	-0.0017357007	-0.0107023384	-0.0182482955	-0.0089666377	0.0003993601	0.0000030127	0.0001145400	0.0003330003	0.0000804006	0.0005169128	0.0004134009	0.0009303137
0.5346666667	0.6993587371	0.8768877243	0.8923521956	0.8396771293	0.9826699913	0.9409705421	-0.0191172194	-0.0016352884	-0.0102395513	-0.0174819311	-0.0086042629	0.0003654681	0.0000026742	0.0001048484	0.0003056179	0.0000740333	0.0004729907	0.0003796513	0.0008526419
0.5346666667	0.7060254038	0.8776520465	0.8924422005	0.8400703888	0.9834273255	0.9413162985	-0.0182459685	-0.0015344309	-0.0097713147	-0.0167115376	-0.0082368838	0.0003329154	0.0000023545	0.0000954786	0.0002792755	0.0000678463	0.0004307484	0.0003471217	0.0007778702
0.5346666667	0.7126920705	0.8784206731	0.8925324907	0.8404679909	0.9841890153	0.9416665496	-0.0173705757	-0.0014332641	-0.0092981306	-0.0159373117	-0.0078648665	0.0003017369	0.0000020542	0.0000864552	0.0002539979	0.0000618561	0.0003902464	0.0003158540	0.0007061004
0.5346666667	0.7193587371	0.8791933347	0.8926229498	0.8408695363	0.9849548848	0.9420209691	-0.0164913592	-0.0013319181	-0.0088204807	-0.0151594411	-0.0074885626	0.0002719649	0.0000017740	0.0000778009	0.0002298087	0.0000560786	0.0003515398	0.0002858872	0.0006374270
0.5346666667	0.7260254038	0.8799697729	0.8927134665	0.8412746414	0.9857247661	0.9423792437	-0.0156086232	-0.0012305180	-0.0083388274	-0.0143781053	-0.0071083094	0.0002436291	0.0000015142	0.0000695360	0.0002067299	0.0000505281	0.0003146793	0.0002572580	0.0005719373
0.5346666667	0.7326920705	0.8807497401	0.8928039335	0.8416829379	0.9864984988	0.9427410726	-0.0147226590	-0.0011291837	-0.0078536143	-0.0135934753	-0.0067244306	0.0002167567	0.0000012751	0.0000616793	0.0001847826	0.0000452180	0.0002797110	0.0002300005	0.0005097115
0.5346666667	0.7393587371	0.8815329993	0.8928942482	0.8420940719	0.9872759300	0.9431061669	-0.0138337447	-0.0010280304	-0.0073652670	-0.0128057143	-0.0063372366	0.0001913725	0.0000010568	0.0000542472	0.0001639863	0.0000401606	0.0002466765	0.0002041469	0.0004508234
0.5346666667	0.7460254038	0.8823193236	0.8929843119	0.8425077036	0.9880569141	0.9434742497	-0.0129421458	-0.0009271683	-0.0068741934	-0.0120149775	-0.0059470251	0.0001674991	0.0000008596	0.0000472545	0.0001443597	0.0000353671	0.0002156133	0.0001797268	0.0003953401
0.5346666667	0.7526920705	0.8831084960	0.8930740301	0.8429235071	0.9888413124	0.9438450551	-0.0120481161	-0.0008267033	-0.0063807843	-0.0112214128	-0.0055540810	0.0001451571	0.0000006834	0.0000407144	0.0001259201	0.0000308478	0.0001865549	0.0001567679	0.0003433229
0.5346666667	0.7593587371	0.8839003090	0.8931633120	0.8433411696	0.9896289930	0.9442183286	-0.0111518975	-0.0007267368	-0.0058854143	-0.0104251606	-0.0051586775	0.0001243648	0.0000005281	0.0000346381	0.0001086840	0.0000266120	0.0001595311	0.0001352959	0.0002948270
0.5346666667	0.7660254038	0.8846945645	0.8932520706	0.8437603909	0.9904198307	0.9445938259	-0.0102537205	-0.0006273662	-0.0053884421	-0.0096263544	-0.0047610759	0.0001051388	0.0000003936	0.0000290353	0.0000926667	0.0000226678	0.0001345677	0.0001153345	0.0002499022
0.5346666667	0.7726920705	0.8854910732	0.8933402226	0.8441808833	0.9912137065	0.9449713132	-0.0093538051	-0.0005286845	-0.0048902110	-0.0088251206	-0.0043615265	0.0000874937	0.0000002795	0.0000239142	0.0000778828	0.0000190229	0.0001116873	0.0000969057	0.0002085930
0.5346666667	0.7793587371	0.8862896542	0.8934276879	0.8446023709	0.9920105077	0.9453505665	-0.0084523605	-0.0004307812	-0.0043910497	-0.0080215793	-0.0039602686	0.0000714424	0.0000001856	0.0000192813	0.0000643457	0.0000156837	0.0000909093	0.0000800295	0.0001709387
0.5346666667	0.7860254038	0.8870901354	0.8935143898	0.8450245893	0.9928101277	0.9457313715	-0.0075495858	-0.0003337418	-0.0038912726	-0.0072158440	-0.0035575309	0.0000569962	0.0000001114	0.0000151420	0.0000520684	0.0000126560	0.0000722496	0.0000647244	0.0001369741
0.5346666667	0.7926920705	0.8878923523	0.8936002548	0.8454472852	0.9936124654	0.9461135230	-0.0066456705	-0.0002376483	-0.0033911804	-0.0064080222	-0.0031535321	0.0000441649	0.0000000565	0.0000115001	0.0000410627	0.0000099448	0.0000557215	0.0000510075	0.0001067290
0.5346666667	0.7993587371	0.8886961483	0.8936852124	0.8458702159	0.9944174256	0.9464968248	-0.0057407946	-0.0001425794	-0.0028910605	-0.0055982152	-0.0027484812	0.0000329567	0.0000000203	0.0000083582	0.0000313400	0.0000075541	0.0000413353	0.0000388942	0.0000802294
0.5346666667	0.8060254038	0.8895013743	0.8937691952	0.8462931491	0.9952249183	0.9468810892	-0.0048351291	-0.0000486102	-0.0023911878	-0.0047865188	-0.0023425776	0.0000233785	0.0000000024	0.0000057178	0.0000229108	0.0000054877	0.0000290986	0.0000283984	0.0000574970
0.5346666667	0.8126920705	0.8903078884	0.8938521384	0.8467158621	0.9960348587	0.9472661369	-0.0039288363	0.0000441870	-0.0018918248	-0.0039730233	-0.0019360118	0.0000154358	0.0000000020	0.0000035790	0.0000157849	0.0000037481	0.0000190167	0.0000195331	0.0000385498
0.5346666667	0.8193587371	0.8911155555	0.8939339799	0.8471381421	0.9968471672	0.9476517966	-0.0030220702	0.0001357433	-0.0013932222	-0.0031578135	-0.0015289655	0.0000091329	0.0000000184	0.0000019411	0.0000099718	0.0000023377	0.0000110924	0.0000123095	0.0000234019
0.5346666667	0.8260254038	0.8919242474	0.8940146604	0.8475597853	0.9976617688	0.9480379045	-0.0021149766	0.0002259925	-0.0008956195	-0.0023409692	-0.0011216120	0.0000044731	0.0000000511	0.0000008021	0.0000054801	0.0000012580	0.0000053263	0.0000067382	0.0000120645
0.5346666667	0.8326920705	0.8927338421	0.8940941229	0.8479805967	0.9984785933	0.9484243045	-0.0012076939	0.0003148713	-0.0003992450	-0.0015225653	-0.0007141164	0.0000014585	0.0000000991	0.0000001594	0.0000023182	0.0000005100	0.0000017171	0.0000028282	0.0000045452
0.5346666667	0.8393587371	0.8935442238	0.8941723129	0.8484003900	0.9992975750	0.9488108475	-0.0003003527	0.0004023191	0.0000956831	-0.0007026718	-0.0003066361	0.0000000902	0.0000001619	0.0000000092	0.0000004937	0.0000000940	0.0000002612	0.0000005878	0.0000008490
0.5346666667	0.8460254038	0.8943552829	0.8942491780	0.8488189869	1.0001186525	0.9491973913	0.0006069232	0.0004882778	0.0005889568	0.0001186454	0.0001006791	0.0000003684	0.0000002384	0.0000003469	0.0000000141	0.0000000101	0.0000009536	0.0000000242	0.0000009779
0.5346666667	0.8526920705	0.8951669151	0.8943246683	0.8492362171	1.0009417685	0.9495838002	0.0015140170	0.0005726917	0.0010803781	0.0009413253	0.0005076864	0.0000022922	0.0000003280	0.0000011672	0.0000008861	0.0000002577	0.0000037874	0.0000011438	0.0000049313
0.5346666667	0.8593587371	0.8959790219	0.8943987358	0.8496519178	1.0017668698	0.9499699450	0.0024208185	0.0006555077	0.0015697578	0.0017653107	0.0009142501	0.0000058604	0.0000004297	0.0000024641	0.0000031163	0.0000008359	0.0000087542	0.0000039522	0.0000127064
0.5346666667	0.8660254038	0.8967915099	0.8944713345	0.8500659336	1.0025939070	0.9503557027	0.0033272235	0.0007366748	0.0020569161	0.0025905486	0.0013202413	0.0000110704	0.0000005427	0.0000042309	0.0000067109	0.0000017430	0.0000158440	0.0000084540	0.0000242980
0.5346666667	0.8726920705	0.8976042909	0.8945424204	0.8504781160	1.0034228343	0.9507409560	0.0042331340	0.0008161442	0.0025416814	0.0034169898	0.0017255372	0.0000179194	0.0000006661	0.0000064601	0.0000116758	0.0000029775	0.0000250457	0.0000146533	0.0000396990
0.5346666667	0.8793587371	0.8984172815	0.8946119515	0.8508883232	1.0042536096	0.9511255934	0.0051384579	0.0008938693	0.0030238906	0.0042445886	0.0021300213	0.0000264037	0.0000007990	0.0000091439	0.0000180165	0.0000045370	0.0000363467	0.0000225535	0.0000589002
0.5346666667	0.8860254038	0.8992304028	0.8946798873	0.8512964201	1.0050861941	0.9515095088	0.0060431084	0.0009698053	0.0035033884	0.0050733031	0.0025335831	0.0000365192	0.0000009405	0.0000122737	0.0000257384	0.0000064190	0.0000497334	0.0000321574	0.0000818909
0.5346666667	0.8926920705	0.9000435807	0.8947461893	0.8517022777	1.0059205521	0.9518926014	0.0069470040	0.0010439095	0.0039800271	0.0059030945	0.0029361176	0.0000482609	0.0000010897	0.0000158406	0.0000348465	0.0000086208	0.0000651912	0.0000434673	0.0001086585
0.5346666667	0.8993587371	0.9008567451	0.8948108204	0.8521057728	1.0067566513	0.9522747752	0.0078500683	0.0011161409	0.0044536663	0.0067339275	0.0033375255	0.0000616236	0.0000012458	0.0000198351	0.0000453458	0.0000111391	0.0000827045	0.0000564849	0.0001391893
0.5346666667	0.9060254038	0.9016698301	0.8948737451	0.8525067883	1.0075944623	0.9526559394	0.0087522298	0.0011864603	0.0049241726	0.0075657696	0.0037377123	0.0000766015	0.0000014077	0.0000242475	0.0000572409	0.0000139705	0.0001022567	0.0000712114	0.0001734681
0.5346666667	0.9126920705	0.9024827738	0.8949349297	0.8529052123	1.0084339585	0.9530360074	0.0096534216	0.0012548302	0.0053914192	0.0083985914	0.0041365890	0.0000931885	0.0000015746	0.0000290674	0.0000705363	0.0000171114	0.0001238305	0.0000876477	0.0002114783
0.5346666667	0.9193587371	0.9032955180	0.8949943416	0.8533009384	1.0092751161	0.9534148974	0.0105535811	0.0013212148	0.0058552859	0.0092323663	0.0045340711	0.0001113781	0.0000017456	0.0000342844	0.0000852366	0.0000205578	0.0001474081	0.0001057944	0.0002532024
0.5346666667	0.9260254038	0.9041080081	0.8950519497	0.8536938652	1.0101179138	0.9537925318	0.0114526501	0.0013855797	0.0063156585	0.0100670703	0.0049300788	0.0001311632	0.0000019198	0.0000398875	0.0001013459	0.0000243057	0.0001729706	0.0001256516	0.0002986221
0.5346666667	0.9326920705	0.9049201931	0.8951077242	0.8540838962	1.0109623329	0.9541688370	0.0123505742	0.0014478921	0.0067724288	0.0109026821	0.0053245366	0.0001525367	0.0000020964	0.0000458658	0.0001188685	0.0000283507	0.0002004989	0.0001472192	0.0003477180
0.5346666667	0.9393587371	0.9057320252	0.8951616368	0.8544709397	1.0118083572	0.9545437434	0.0132473032	0.0015081206	0.0072254942	0.0117391826	0.0057173736	0.0001754910	0.0000022744	0.0000522078	0.0001378084	0.0000326884	0.0002299732	0.0001704968	0.0004004700
0.5346666667	0.9460254038	0.9065434597	0.8952136602	0.8548549085	1.0126559726	0.9549171851	0.0141427902	0.0015662350	0.0076747575	0.0125765552	0.0061085225	0.0002000185	0.0000024531	0.0000589019	0.0001581697	0.0000373140	0.0002613735	0.0001954838	0.0004568573
0.5346666667	0.9526920705	0.9073544552	0.8952637682	0.8552357194	1.0135051673	0.9552891001	0.0150369921	0.0016222067	0.0081201269	0.0134147854	0.0064979201	0.0002261111	0.0000026316	0.0000659365	0.0001799565	0.0000422230	0.0002946791	0.0002221794	0.0005168586
0.5346666667	0.9593587371	0.9081649728	0.8953119359	0.8556132939	1.0143559316	0.9556594295	0.0159298690	0.0016760081	0.0085615153	0.0142538609	0.0068855071	0.0002537607	0.0000028090	0.0000732995	0.0002031726	0.0000474102	0.0003298693	0.0002505828	0.0005804520
0.5346666667	0.9660254038	0.9089749767	0.8953581395	0.8559875570	1.0152082576	0.9560281179	0.0168213843	0.0017276130	0.0089988405	0.0150937713	0.0072712275	0.0002829590	0.0000029846	0.0000809791	0.0002278219	0.0000528707	0.0003669227	0.0002806927	0.0006476154
0.5346666667	0.9726920705	0.9097844337	0.8954023562	0.8563584378	1.0160621394	0.9563951132	0.0177115042	0.0017769961	0.0094320249	0.0159345082	0.0076550289	0.0003136974	0.0000031577	0.0000889631	0.0002539086	0.0000585995	0.0004058182	0.0003125080	0.0007183262
0.5346666667	0.9793587371	0.9105933130	0.8954445641	0.8567258691	1.0169175731	0.9567603662	0.0186001982	0.0018241334	0.0098609954	0.0167760647	0.0080368619	0.0003459674	0.0000033275	0.0000972392	0.0002814363	0.0000645911	0.0004465341	0.0003460275	0.0007925616
0.5346666667	0.9860254038	0.9114015863	0.8954847423	0.8570897869	1.0177745563	0.9571238307	0.0194874382	0.0018690020	0.0102856827	0.0176184361	0.0084166806	0.0003797602	0.0000034932	0.0001057953	0.0003104093	0.0000708405	0.0004890487	0.0003812498	0.0008702985
0.5346666667	0.9926920705	0.9122092276	0.8955228710	0.8574501311	1.0186330882	0.9574854633	0.0203731988	0.0019115799	0.0107060218	0.0184616189	0.0087944419	0.0004150672	0.0000036541	0.0001146189	0.0003408314	0.0000773422	0.0005333403	0.0004181736	0.0009515139
0.5346666667	0.9993587371	0.9130162131	0.8955589310	0.8578068443	1.0194931696	0.9578452234	0.0212574573	0.0019518461	0.0111219517	0.0193056113	0.0091701056	0.0004518795	0.0000038097	0.0001236978	0.0003727066	0.0000840908	0.0005793870	0.0004567975	0.0010361845
0.5346666667	1.0060254038	0.9138225212	0.8955929041	0.8581598727	1.0203548029	0.9582030728	0.0221401933	0.0019897805	0.0115334146	0.0201504128	0.0095436341	0.0004901882	0.0000039592	0.0001330197	0.0004060391	0.0000910810	0.0006271670	0.0004971201	0.0011242871
0.5346666667	1.0126920705	0.9146281321	0.8956247730	0.8585091651	1.0212179918	0.9585589758	0.0230213885	0.0020253639	0.0119403566	0.0209960246	0.0099149927	0.0005299843	0.0000041021	0.0001425721	0.0004408330	0.0000983071	0.0006766585	0.0005391401	0.0012157987
0.5346666667	1.0193587371	0.9154330281	0.8956545209	0.8588546734	1.0220827414	0.9589128992	0.0239010269	0.0020585781	0.0123427272	0.0218424488	0.0102841491	0.0005712591	0.0000042377	0.0001523429	0.0004770926	0.0001057637	0.0007278397	0.0005828563	0.0013106960
0.5346666667	1.0260254038	0.9162371932	0.8956821321	0.8591963521	1.0229490579	0.9592648121	0.0247790945	0.0020894056	0.0127404787	0.0226896889	0.0106510732	0.0006140035	0.0000043656	0.0001623198	0.0005148220	0.0001134454	0.0007806889	0.0006282673	0.0014089563
0.5346666667	1.0326920705	0.9170406132	0.8957075914	0.8595341585	1.0238169488	0.9596146854	0.0256555793	0.0021178296	0.0131335670	0.0235377497	0.0110157374	0.0006582087	0.0000044852	0.0001724906	0.0005540257	0.0001213465	0.0008351845	0.0006753721	0.0015105567
0.5346666667	1.0393587371	0.9178432756	0.8957308843	0.8598680524	1.0246864227	0.9599624926	0.0265304711	0.0021438344	0.0135219507	0.0243866367	0.0113781163	0.0007038659	0.0000045960	0.0001828432	0.0005947081	0.0001294615	0.0008913051	0.0007241696	0.0016154747
0.5346666667	1.0460254038	0.9186451694	0.8957519971	0.8601979959	1.0255574895	0.9603082088	0.0274037615	0.0021674046	0.0139055912	0.0252363569	0.0117381866	0.0007509661	0.0000046976	0.0001933655	0.0006368737	0.0001377850	0.0009490293	0.0007746587	0.0017236880
0.5346666667	1.0526920705	0.9194462851	0.8957709167	0.8605239534	1.0264301597	0.9606518111	0.0282754436	0.0021885258	0.0142844526	0.0260869178	0.0120959268	0.0007995007	0.0000047896	0.0002040456	0.0006805273	0.0001463114	0.0010083359	0.0008268387	0.0018351747
0.5346666667	1.0593587371	0.9202466146	0.8957876305	0.8608458919	1.0273044450	0.9609932785	0.0291455123	0.0022071842	0.0146585017	0.0269383281	0.0124513175	0.0008494609	0.0000048717	0.0002148717	0.0007256735	0.0001550353	0.0010692042	0.0008807088	0.0019499131
0.5346666667	1.0660254038	0.9210461514	0.8958021267	0.8611637800	1.0281803581	0.9613325917	0.0300139639	0.0022233666	0.0150277077	0.0277905972	0.0128043411	0.0009008380	0.0000049434	0.0002258320	0.0007723173	0.0001639512	0.0011316134	0.0009362684	0.0020678818
0.5373333333	0.6660254038	0.8734571539	0.8919558807	0.8379658951	0.9792604912	0.9394701164	-0.0230371039	-0.0020795109	-0.0122795976	-0.0209575930	-0.0102000868	0.0005307082	0.0000043244	0.0001507885	0.0004392207	0.0001040418	0.0006858210	0.0005432625	0.0012290835
0.5373333333	0.6726920705	0.8741921482	0.8920429490	0.8383296270	0.9799888549	0.9397861706	-0.0221959805	-0.0019819006	-0.0118456265	-0.0202140799	-0.0098637259	0.0004926616	0.0000039279	0.0001403189	0.0004086090	0.0000972931	0.0006369083	0.0005059021	0.0011428105
0.5373333333	0.6793587371	0.8749330039	0.8921309469	0.8386999342	0.9807226247	0.9401085536	-0.0213488648	-0.0018832579	-0.0114040038	-0.0194656069	-0.0095207460	0.0004557740	0.0000035467	0.0001300513	0.0003789099	0.0000906446	0.0005893720	0.0004695545	0.0010589264
0.5373333333	0.6860254038	0.8756793909	0.8922197320	0.8390763327	0.9814615834	0.9404368706	-0.0204961494	-0.0017837426	-0.0109553165	-0.0187124067	-0.0091715738	0.0004200921	0.0000031817	0.0001200190	0.0003501542	0.0000841178	0.0005432928	0.0004342719	0.0009775648
0.5373333333	0.6926920705	0.8764309919	0.8923091672	0.8394583568	0.9822055226	0.9407707415	-0.0196382113	-0.0016835087	-0.0105001288	-0.0179547027	-0.0088166201	0.0003856593	0.0000028342	0.0001102527	0.0003223713	0.0000777328	0.0004987463	0.0004001041	0.0008988504
0.5373333333	0.6993587371	0.8771875020	0.8923991210	0.8398455586	0.9829542426	0.9411098004	-0.0187754123	-0.0015827036	-0.0100389832	-0.0171927087	-0.0084562796	0.0003525161	0.0000025050	0.0001007812	0.0002955892	0.0000715087	0.0004558022	0.0003670979	0.0008229001
0.5373333333	0.7060254038	0.8779486286	0.8924894671	0.8402375070	0.9837075517	0.9414536956	-0.0179080988	-0.0014814692	-0.0095724010	-0.0164266296	-0.0080909318	0.0003207000	0.0000021948	0.0000916309	0.0002698342	0.0000654632	0.0004145256	0.0003352973	0.0007498230
0.5373333333	0.7126920705	0.8787140907	0.8925800842	0.8406337879	0.9844652667	0.9418020890	-0.0170366030	-0.0013799414	-0.0091008826	-0.0156566617	-0.0077209413	0.0002902458	0.0000019042	0.0000828261	0.0002451311	0.0000596129	0.0003749761	0.0003047440	0.0006797201
0.5373333333	0.7193587371	0.8794836188	0.8926708560	0.8410340028	0.9852272122	0.9421546555	-0.0161612427	-0.0012782506	-0.0086249088	-0.0148829922	-0.0073466582	0.0002611858	0.0000016339	0.0000743891	0.0002215035	0.0000539734	0.0003372087	0.0002754768	0.0006126856
0.5373333333	0.7260254038	0.8802569548	0.8927616707	0.8414377691	0.9859932204	0.9425110830	-0.0152823222	-0.0011765220	-0.0081449407	-0.0141058002	-0.0069684187	0.0002335494	0.0000013842	0.0000663401	0.0001989736	0.0000485589	0.0003012736	0.0002475325	0.0005488061
0.5373333333	0.7326920705	0.8810338511	0.8928524213	0.8418447194	0.9867631315	0.9428710718	-0.0144001324	-0.0010748757	-0.0076614209	-0.0133252567	-0.0065865452	0.0002073638	0.0000011554	0.0000586974	0.0001775625	0.0000433826	0.0002672165	0.0002209450	0.0004881616
0.5373333333	0.7393587371	0.8818140709	0.8929430048	0.8422545005	0.9875367926	0.9432343341	-0.0135149513	-0.0009734267	-0.0071747736	-0.0125415246	-0.0062013468	0.0001826539	0.0000009476	0.0000514774	0.0001572898	0.0000384567	0.0002350788	0.0001957465	0.0004308254
0.5373333333	0.7460254038	0.8825973873	0.8930333228	0.8426667738	0.9883140581	0.9436005939	-0.0126270446	-0.0008722854	-0.0066854056	-0.0117547592	-0.0058131202	0.0001594423	0.0000007609	0.0000446946	0.0001381744	0.0000337924	0.0002048978	0.0001719667	0.0003768645
0.5373333333	0.7526920705	0.8833835834	0.8931232808	0.8430812139	0.9890947895	0.9439695863	-0.0117366656	-0.0007715574	-0.0061937068	-0.0109651082	-0.0054221494	0.0001377493	0.0000005953	0.0000383620	0.0001202336	0.0000293997	0.0001767066	0.0001496333	0.0003263399
0.5373333333	0.7593587371	0.8841724517	0.8932127880	0.8434975089	0.9898788548	0.9443410576	-0.0108440564	-0.0006713442	-0.0057000507	-0.0101727122	-0.0050287064	0.0001175936	0.0000004507	0.0000324906	0.0001034841	0.0000252879	0.0001505348	0.0001287720	0.0002793068
0.5373333333	0.7660254038	0.8849637941	0.8933017577	0.8439153595	0.9906661288	0.9447147643	-0.0099494476	-0.0005717428	-0.0052047948	-0.0093777048	-0.0046330519	0.0000989915	0.0000003269	0.0000270899	0.0000879413	0.0000214652	0.0001264083	0.0001094065	0.0002358148
0.5373333333	0.7726920705	0.8857574212	0.8933901065	0.8443344786	0.9914564923	0.9450904734	-0.0090530590	-0.0004728463	-0.0047082815	-0.0085802127	-0.0042354352	0.0000819579	0.0000002236	0.0000221679	0.0000736200	0.0000179389	0.0001043494	0.0000915590	0.0001959083
0.5373333333	0.7793587371	0.8865531524	0.8934777546	0.8447545913	0.9922498326	0.9454679616	-0.0081550999	-0.0003747438	-0.0042108386	-0.0077803561	-0.0038360948	0.0000665057	0.0000001404	0.0000177312	0.0000605339	0.0000147156	0.0000843772	0.0000752496	0.0001596268
0.5373333333	0.7860254038	0.8873508152	0.8935646255	0.8451754339	0.9930460426	0.9458470151	-0.0072557696	-0.0002775207	-0.0037127795	-0.0069782488	-0.0034352588	0.0000526462	0.0000000770	0.0000137847	0.0000486960	0.0000118010	0.0000665079	0.0000604970	0.0001270049
0.5373333333	0.7926920705	0.8881502452	0.8936506459	0.8455967536	0.9938450212	0.9462274295	-0.0063552575	-0.0001812587	-0.0032144039	-0.0061739988	-0.0030331452	0.0000403893	0.0000000329	0.0000103324	0.0000381183	0.0000092000	0.0000507545	0.0000473182	0.0000980728
0.5373333333	0.7993587371	0.8889512858	0.8937357457	0.8460183086	0.9946466727	0.9466090091	-0.0054537438	-0.0000860362	-0.0027159986	-0.0053677077	-0.0026299624	0.0000297433	0.0000000074	0.0000073766	0.0000288123	0.0000069167	0.0000371274	0.0000357290	0.0000728564
0.5373333333	0.8060254038	0.8897537877	0.8938198574	0.8464398671	0.9954509069	0.9469915666	-0.0045513998	0.0000080719	-0.0022178374	-0.0045594717	-0.0022259094	0.0000207152	0.0000000001	0.0000049188	0.0000207888	0.0000049547	0.0000256341	0.0000257435	0.0000513776
0.5373333333	0.8126920705	0.8905576090	0.8939029167	0.8468612072	0.9962576386	0.9473749233	-0.0036483877	0.0001009938	-0.0017201821	-0.0037493816	-0.0018211760	0.0000133107	0.0000000102	0.0000029590	0.0000140579	0.0000033167	0.0000162800	0.0000173745	0.0000336545
0.5373333333	0.8193587371	0.8913626144	0.8939848618	0.8472821166	0.9970667877	0.9477589082	-0.0027448618	0.0001926608	-0.0012232827	-0.0029375226	-0.0014159435	0.0000075343	0.0000000371	0.0000014964	0.0000086290	0.0000020049	0.0000090678	0.0000106339	0.0000197017
0.5373333333	0.8260254038	0.8921686756	0.8940656336	0.8477023921	0.9978782788	0.9481433580	-0.0018409682	0.0002830070	-0.0007273779	-0.0021239752	-0.0010103848	0.0000033892	0.0000000801	0.0000005291	0.0000045113	0.0000010209	0.0000039983	0.0000055321	0.0000095305
0.5373333333	0.8326920705	0.8929756705	0.8941451754	0.8481218394	0.9986920414	0.9485281168	-0.0009368453	0.0003719694	-0.0002326953	-0.0013088147	-0.0006046647	0.0000008777	0.0000001384	0.0000000541	0.0000017130	0.0000003656	0.0000010702	0.0000020786	0.0000031488
0.5373333333	0.8393587371	0.8937834832	0.8942234329	0.8485402726	0.9995080092	0.9489130360	-0.0000326242	0.0004594877	0.0002605475	-0.0004921119	-0.0001989402	0.0000000011	0.0000002111	0.0000000679	0.0000002422	0.0000000396	0.0000002801	0.0000002818	0.0000005618
0.5373333333	0.8460254038	0.8945920037	0.8943003542	0.8489575139	1.0003261203	0.9492979735	0.0008715714	0.0005455043	0.0007521433	0.0003260671	0.0002066390	0.0000007596	0.0000002976	0.0000005657	0.0000001063	0.0000000427	0.0000016229	0.0000001490	0.0000017720
0.5373333333	0.8526920705	0.8954011278	0.8943758896	0.8493733937	1.0011463169	0.9496827940	0.0017756241	0.0006299638	0.0012418944	0.0011456604	0.0006119307	0.0000031528	0.0000003969	0.0000015423	0.0000013125	0.0000003745	0.0000050920	0.0000016870	0.0000067790
0.5373333333	0.8593587371	0.8962107566	0.8944499913	0.8497877495	1.0019685453	0.9500673685	0.0026794236	0.0007128134	0.0017296125	0.0019666102	0.0010167992	0.0000071793	0.0000005081	0.0000029916	0.0000038676	0.0000010339	0.0000106790	0.0000049014	0.0000155804
0.5373333333	0.8660254038	0.8970207967	0.8945226138	0.8502004264	1.0027927554	0.9504515741	0.0035828653	0.0007940024	0.0022151181	0.0027888629	0.0014211157	0.0000128369	0.0000006304	0.0000049067	0.0000077778	0.0000020196	0.0000183741	0.0000097973	0.0000281714
0.5373333333	0.8726920705	0.8978311595	0.8945937134	0.8506112763	1.0036189010	0.9508352938	0.0044858511	0.0008734825	0.0026982403	0.0036123686	0.0018247578	0.0000201229	0.0000007630	0.0000072805	0.0000130492	0.0000033297	0.0000281663	0.0000163789	0.0000445453
0.5373333333	0.8793587371	0.8986417615	0.8946632483	0.8510201579	1.0044469394	0.9512184161	0.0053882883	0.0009512074	0.0031788163	0.0044370809	0.0022276090	0.0000290337	0.0000009048	0.0000101049	0.0000196877	0.0000049622	0.0000400433	0.0000246499	0.0000646932
0.5373333333	0.8860254038	0.8994525236	0.8947311783	0.8514269365	1.0052768311	0.9516008351	0.0062900899	0.0010271326	0.0036566914	0.0052629574	0.0026295588	0.0000395652	0.0000010550	0.0000133714	0.0000276987	0.0000069146	0.0000539916	0.0000346133	0.0000886049
0.5373333333	0.8926920705	0.9002633713	0.8947974653	0.8518314832	1.0061085399	0.9519824499	0.0071911741	0.0011012157	0.0041317183	0.0060899584	0.0030305026	0.0000517130	0.0000012127	0.0000170711	0.0000370876	0.0000091839	0.0000699968	0.0000462715	0.0001162683
0.5373333333	0.8993587371	0.9010742344	0.8948620724	0.8522336754	1.0069420330	0.9523631650	0.0080914642	0.0011734161	0.0046037569	0.0069180481	0.0034303407	0.0000654718	0.0000013769	0.0000211946	0.0000478594	0.0000117672	0.0000880433	0.0000596266	0.0001476699
0.5373333333	0.9060254038	0.9018850468	0.8949249646	0.8526333963	1.0077772803	0.9527428891	0.0089908882	0.0012436951	0.0050726742	0.0077471931	0.0038289791	0.0000808361	0.0000015468	0.0000257320	0.0000600190	0.0000146611	0.0001081149	0.0000746801	0.0001827950
0.5373333333	0.9126920705	0.9026957463	0.8949861082	0.8530305342	1.0086142545	0.9531215361	0.0098893789	0.0013120154	0.0055383438	0.0085773635	0.0042263284	0.0000977998	0.0000017214	0.0000306733	0.0000735712	0.0000178619	0.0001301945	0.0000914330	0.0002216275
0.5373333333	0.9193587371	0.9035062744	0.8950454710	0.8534249831	1.0094529313	0.9534990240	0.0107868733	0.0013783415	0.0060006458	0.0094085319	0.0046223044	0.0001163566	0.0000018998	0.0000360078	0.0000885205	0.0000213657	0.0001542642	0.0001098862	0.0002641504
0.5373333333	0.9260254038	0.9043165762	0.8951030224	0.8538166419	1.0102932887	0.9538752752	0.0116833129	0.0014426393	0.0064594663	0.0102406736	0.0050168270	0.0001364998	0.0000020812	0.0000417247	0.0001048714	0.0000251686	0.0001803057	0.0001300399	0.0003103457
0.5373333333	0.9326920705	0.9051266006	0.8951587327	0.8542054142	1.0111353076	0.9542502161	0.0125786429	0.0015048764	0.0069146974	0.0110737665	0.0054098210	0.0001582223	0.0000022647	0.0000478130	0.0001226283	0.0000292662	0.0002082999	0.0001518945	0.0003601944
0.5373333333	0.9393587371	0.9059362993	0.8952125739	0.8545912086	1.0119789709	0.9546237771	0.0134728126	0.0015650216	0.0073662367	0.0119077909	0.0058012151	0.0001815167	0.0000024493	0.0000542614	0.0001417955	0.0000336541	0.0002382274	0.0001754496	0.0004136770
0.5373333333	0.9460254038	0.9067456275	0.8952645189	0.8549739381	1.0128242641	0.9549958923	0.0143657748	0.0016230453	0.0078139874	0.0127427296	0.0061909421	0.0002063755	0.0000026343	0.0000610584	0.0001623772	0.0000383278	0.0002700682	0.0002007049	0.0004707731
0.5373333333	0.9526920705	0.9075545434	0.8953145419	0.8553535198	1.0136711747	0.9553664994	0.0152574861	0.0016789189	0.0082578576	0.0135785672	0.0065789388	0.0002327909	0.0000028188	0.0000681922	0.0001843775	0.0000432824	0.0003038019	0.0002276599	0.0005314618
0.5373333333	0.9593587371	0.9083630080	0.8953626183	0.8557298752	1.0145196922	0.9557355397	0.0161479060	0.0017326152	0.0086977607	0.0144152909	0.0069651455	0.0002607549	0.0000030020	0.0000756510	0.0002078006	0.0000485133	0.0003394079	0.0002563139	0.0005957217
0.5373333333	0.9660254038	0.9091709850	0.8954087245	0.8561029297	1.0153698084	0.9561029576	0.0170369976	0.0017841082	0.0091336145	0.0152528894	0.0073495063	0.0002902593	0.0000031830	0.0000834229	0.0002326506	0.0000540152	0.0003768652	0.0002866659	0.0006635311
0.5373333333	0.9726920705	0.9099784410	0.8954528378	0.8564726124	1.0162215168	0.9564687008	0.0179247268	0.0018333731	0.0095653417	0.0160913537	0.0077319686	0.0003212958	0.0000033613	0.0000914958	0.0002589317	0.0000597833	0.0004161529	0.0003187150	0.0007348679
0.5373333333	0.9793587371	0.9107853449	0.8954949367	0.8568388562	1.0170748126	0.9568327202	0.0188110625	0.0018803861	0.0099928691	0.0169306764	0.0081124830	0.0003538561	0.0000035359	0.0000998574	0.0002866478	0.0000658124	0.0004572494	0.0003524602	0.0008097095
0.5373333333	0.9860254038	0.9115916681	0.8955350006	0.8572015974	1.0179296930	0.9571949693	0.0196959763	0.0019251245	0.0104161278	0.0177708518	0.0084910033	0.0003879315	0.0000037061	0.0001084957	0.0003158032	0.0000720971	0.0005001333	0.0003879003	0.0008880336
0.5373333333	0.9926920705	0.9123973844	0.8955730097	0.8575607758	1.0187861565	0.9575554048	0.0205794425	0.0019675665	0.0108350528	0.0186118760	0.0088674862	0.0004235135	0.0000038713	0.0001173984	0.0003464019	0.0000786323	0.0005447831	0.0004250342	0.0009698174
0.5373333333	0.9993587371	0.9132024697	0.8956089453	0.8579163343	1.0196442035	0.9579139856	0.0214614379	0.0020076915	0.0112495830	0.0194537464	0.0092418915	0.0004605933	0.0000040308	0.0001265531	0.0003784482	0.0000854126	0.0005911773	0.0004638608	0.0010550381
0.5373333333	1.0060254038	0.9140069019	0.8956427893	0.8582682191	1.0205038357	0.9582706737	0.0223419415	0.0020454796	0.0116596610	0.0202964619	0.0096141814	0.0004991624	0.0000041840	0.0001359477	0.0004119464	0.0000924325	0.0006392940	0.0005043788	0.0011436729
0.5373333333	1.0126920705	0.9148106611	0.8956745245	0.8586163791	1.0213650562	0.9586254332	0.0232209349	0.0020809119	0.0120652328	0.0211400230	0.0099843209	0.0005392118	0.0000043302	0.0001455698	0.0004469006	0.0000996867	0.0006891119	0.0005465872	0.0012356991
0.5373333333	1.0193587371	0.9156137292	0.8957041346	0.8589607662	1.0222278695	0.9589782307	0.0240984015	0.0021139704	0.0124662479	0.0219844312	0.0103522775	0.0005807330	0.0000044689	0.0001554073	0.0004833152	0.0001071696	0.0007406092	0.0005904849	0.0013310940
0.5373333333	1.0260254038	0.9164160900	0.8957316039	0.8593013352	1.0230922812	0.9593290350	0.0249743271	0.0021446377	0.0128626588	0.0228296894	0.0107180211	0.0006237170	0.0000045995	0.0001654480	0.0005211947	0.0001148760	0.0007937645	0.0006360707	0.0014298352
0.5373333333	1.0326920705	0.9172177290	0.8957569174	0.8596380431	1.0239582985	0.9596778171	0.0258486991	0.0021728974	0.0132544213	0.0236758017	0.0110815239	0.0006681552	0.0000047215	0.0001756797	0.0005605436	0.0001228002	0.0008485564	0.0006833438	0.0015319002
0.5373333333	1.0393587371	0.9180186333	0.8957800609	0.8599708500	1.0248259293	0.9600245501	0.0267215069	0.0021987339	0.0136414940	0.0245227731	0.0114427601	0.0007140389	0.0000048344	0.0001860904	0.0006013664	0.0001309368	0.0009049637	0.0007323032	0.0016372669
0.5373333333	1.0460254038	0.9188187917	0.8958010207	0.8602997178	1.0256951827	0.9603692091	0.0275927418	0.0022221321	0.0140238383	0.0253706097	0.0118017062	0.0007613594	0.0000049379	0.0001966680	0.0006436678	0.0001392803	0.0009629653	0.0007829481	0.0017459134
0.5373333333	1.0526920705	0.9196181943	0.8958197841	0.8606246112	1.0265660690	0.9607117710	0.0284623966	0.0022430777	0.0144014185	0.0262193188	0.0121583407	0.0008101080	0.0000050314	0.0002074009	0.0006874527	0.0001478252	0.0010225403	0.0008352779	0.0018578182
0.5373333333	1.0593587371	0.9204168329	0.8958363385	0.8609454970	1.0274385994	0.9610522145	0.0293304655	0.0022615572	0.0147742011	0.0270689083	0.0125126439	0.0008602762	0.0000051146	0.0002182770	0.0007327258	0.0001565663	0.0010836679	0.0008892921	0.0019729599
0.5373333333	1.0660254038	0.9212147005	0.8958506724	0.8612623439	1.0283127858	0.9613905202	0.0301969447	0.0022775576	0.0151421555	0.0279193871	0.0128645979	0.0009118555	0.0000051873	0.0002292849	0.0007794922	0.0001654979	0.0011463276	0.0009449901	0.0020913177
0.5400000000	0.6660254038	0.8737720518	0.8920004497	0.8381387424	0.9795645867	0.9396169505	-0.0226766499	-0.0020295445	-0.0120733488	-0.0206471054	-0.0100438043	0.0005142304	0.0000041191	0.0001457658	0.0004263030	0.0001008780	0.0006641153	0.0005271810	0.0011912962
0.5400000000	0.6726920705	0.8745037698	0.8920879569	0.8385013370	0.9802887294	0.9399312371	-0.0218395759	-0.0019314470	-0.0116408236	-0.0199081288	-0.0097093765	0.0004769671	0.0000037305	0.0001355088	0.0003963336	0.0000942720	0.0006162063	0.0004906056	0.0011068119
0.5400000000	0.6793587371	0.8752413770	0.8921763803	0.8388704882	0.9810183237	0.9402518456	-0.0209964734	-0.0018323324	-0.0112006693	-0.0191641410	-0.0093683369	0.0004408519	0.0000033574	0.0001254550	0.0003672643	0.0000877657	0.0005696643	0.0004550300	0.0010246944
0.5400000000	0.6860254038	0.8759845434	0.8922655767	0.8392457131	0.9817531532	0.9405783827	-0.0201477349	-0.0017323612	-0.0107534715	-0.0184153737	-0.0090211103	0.0004059312	0.0000030011	0.0001156371	0.0003391260	0.0000813804	0.0005245694	0.0004205064	0.0009450759
0.5400000000	0.6926920705	0.8767329520	0.8923554088	0.8396265471	0.9824930105	0.9409104700	-0.0192937369	-0.0016316876	-0.0102997932	-0.0176620493	-0.0086681056	0.0003722483	0.0000026624	0.0001060857	0.0003119480	0.0000751361	0.0004809964	0.0003870840	0.0008680805
0.5400000000	0.6993587371	0.8774862981	0.8924457447	0.8400125431	0.9832376964	0.9412477431	-0.0184348406	-0.0015304597	-0.0098401754	-0.0169043810	-0.0083097157	0.0003398433	0.0000023423	0.0000968291	0.0002857581	0.0000690514	0.0004390147	0.0003548095	0.0007938242
0.5400000000	0.7060254038	0.8782442892	0.8925364577	0.8404032711	0.9839870199	0.9415898520	-0.0175713925	-0.0014288194	-0.0093751380	-0.0161425731	-0.0079463187	0.0003087538	0.0000020415	0.0000878932	0.0002605827	0.0000631440	0.0003986886	0.0003237266	0.0007224152
0.5400000000	0.7126920705	0.8790066447	0.8926274265	0.8407983180	0.9847407984	0.9419364597	-0.0167037241	-0.0013269029	-0.0089051803	-0.0153768212	-0.0075782774	0.0002790144	0.0000017607	0.0000793022	0.0002364466	0.0000574303	0.0003600773	0.0002938769	0.0006539542
0.5400000000	0.7193587371	0.8797730953	0.8927185345	0.8411972863	0.9854988569	0.9422872427	-0.0158321532	-0.0012248409	-0.0084307814	-0.0146073123	-0.0072059405	0.0002506571	0.0000015002	0.0000710781	0.0002133736	0.0000519256	0.0003232354	0.0002652992	0.0005885345
0.5400000000	0.7260254038	0.8805433828	0.8928096699	0.8415997946	0.9862610280	0.9426418899	-0.0149569838	-0.0011227586	-0.0079524014	-0.0138342251	-0.0068296428	0.0002237114	0.0000012606	0.0000632407	0.0001913858	0.0000466440	0.0002882126	0.0002380298	0.0005262424
0.5400000000	0.7326920705	0.8813172601	0.8929007255	0.8420054761	0.9870271520	0.9430001030	-0.0140785064	-0.0010207761	-0.0074704814	-0.0130577303	-0.0064497053	0.0001982043	0.0000010420	0.0000558081	0.0001705043	0.0000415987	0.0002550544	0.0002121030	0.0004671574
0.5400000000	0.7393587371	0.8820944903	0.8929915986	0.8424139789	0.9877970764	0.9433615952	-0.0131969990	-0.0009190084	-0.0069854445	-0.0122779906	-0.0060664361	0.0001741608	0.0000008446	0.0000487964	0.0001507491	0.0000368016	0.0002238018	0.0001875507	0.0004113525
0.5400000000	0.7460254038	0.8828748468	0.8930821906	0.8428249651	0.9885706557	0.9437260915	-0.0123127270	-0.0008175658	-0.0064976962	-0.0114951612	-0.0056801304	0.0001516032	0.0000006684	0.0000422201	0.0001321387	0.0000322639	0.0001944917	0.0001644026	0.0003588943
0.5400000000	0.7526920705	0.8836581126	0.8931724071	0.8432381104	0.9893477514	0.9440933282	-0.0114259438	-0.0007165539	-0.0060076252	-0.0107093899	-0.0052910713	0.0001305522	0.0000005134	0.0000360916	0.0001146910	0.0000279954	0.0001671572	0.0001426865	0.0003098437
0.5400000000	0.7593587371	0.8844440805	0.8932621576	0.8436531038	0.9901282317	0.9444630523	-0.0105368912	-0.0006160739	-0.0055156036	-0.0099208173	-0.0048995298	0.0001110261	0.0000003795	0.0000304219	0.0000984226	0.0000240054	0.0001418275	0.0001224280	0.0002642555
0.5400000000	0.7660254038	0.8852325523	0.8933513553	0.8440696468	0.9909119710	0.9448350213	-0.0096457997	-0.0005162227	-0.0050219882	-0.0091295770	-0.0045057655	0.0000930415	0.0000002665	0.0000252204	0.0000833492	0.0000203019	0.0001185283	0.0001036511	0.0002221794
0.5400000000	0.7726920705	0.8860233388	0.8934399172	0.8444874534	0.9916988504	0.9452090030	-0.0087528892	-0.0004170931	-0.0045271200	-0.0083357960	-0.0041100268	0.0000766131	0.0000001740	0.0000204948	0.0000694855	0.0000168923	0.0000972819	0.0000863778	0.0001836597
0.5400000000	0.7793587371	0.8868162592	0.8935277637	0.8449062493	0.9924887567	0.9455847749	-0.0078583689	-0.0003187741	-0.0040313257	-0.0075395947	-0.0037125516	0.0000617540	0.0000001016	0.0000162516	0.0000568455	0.0000137830	0.0000781072	0.0000706285	0.0001487357
0.5400000000	0.7860254038	0.8876111413	0.8936148184	0.8453257716	0.9932815829	0.9459621240	-0.0069624380	-0.0002213508	-0.0035349177	-0.0067410873	-0.0033135670	0.0000484755	0.0000000490	0.0000124956	0.0000454423	0.0000109797	0.0000610202	0.0000564220	0.0001174422
0.5400000000	0.7926920705	0.8884078206	0.8937010083	0.8457457685	0.9940772275	0.9463408462	-0.0060652862	-0.0001249045	-0.0030381949	-0.0059403817	-0.0029132904	0.0000367877	0.0000000156	0.0000092306	0.0000352881	0.0000084873	0.0000460339	0.0000437754	0.0000898093
0.5400000000	0.7993587371	0.8892061404	0.8937862636	0.8461659988	0.9948755946	0.9467207467	-0.0051670936	-0.0000295134	-0.0025414429	-0.0051375802	-0.0025119295	0.0000266989	0.0000000009	0.0000064589	0.0000263947	0.0000063098	0.0000331587	0.0000327045	0.0000658632
0.5400000000	0.8060254038	0.8900059515	0.8938705170	0.8465862315	0.9956765936	0.9471016388	-0.0042680314	0.0000647480	-0.0020449346	-0.0043327794	-0.0021096826	0.0000182161	0.0000000042	0.0000041818	0.0000187730	0.0000044508	0.0000224020	0.0000232237	0.0000456258
0.5400000000	0.8126920705	0.8908071118	0.8939537046	0.8470062455	0.9964801390	0.9474833442	-0.0033682622	0.0001578081	-0.0015489310	-0.0035260703	-0.0017067391	0.0000113452	0.0000000249	0.0000023992	0.0000124332	0.0000029130	0.0000137693	0.0000153461	0.0000291154
0.5400000000	0.8193587371	0.8916094861	0.8940357647	0.8474258291	0.9972861503	0.9478656923	-0.0024679403	0.0002495985	-0.0010536811	-0.0027175388	-0.0013032797	0.0000060907	0.0000000623	0.0000011102	0.0000073850	0.0000016985	0.0000072633	0.0000090836	0.0000163468
0.5400000000	0.8260254038	0.8924129459	0.8941166387	0.8478447799	0.9980945519	0.9482485205	-0.0015672119	0.0003400539	-0.0005594229	-0.0019072658	-0.0008994768	0.0000024562	0.0000001156	0.0000003130	0.0000036377	0.0000008091	0.0000028847	0.0000044467	0.0000073315
0.5400000000	0.8326920705	0.8932173689	0.8941962702	0.8482629040	0.9989052725	0.9486316732	-0.0006662156	0.0004291115	-0.0000663833	-0.0010953271	-0.0004954948	0.0000004438	0.0000001841	0.0000000044	0.0000011997	0.0000002455	0.0000006324	0.0000014453	0.0000020776
0.5400000000	0.8393587371	0.8940226394	0.8942746051	0.8486800163	0.9997182456	0.9490150021	0.0002349173	0.0005167114	0.0004252211	-0.0002817941	-0.0000914903	0.0000000552	0.0000002670	0.0000001808	0.0000000794	0.0000000084	0.0000005030	0.0000000878	0.0000005908
0.5400000000	0.8460254038	0.8948286470	0.8943515920	0.8490959396	1.0005334088	0.9493983654	0.0011360629	0.0006027963	0.0009151836	0.0005332666	0.0003123873	0.0000012906	0.0000003634	0.0000008376	0.0000002844	0.0000000976	0.0000024916	0.0000003820	0.0000028735
0.5400000000	0.8526920705	0.8956352874	0.8944271813	0.8495105046	1.0013507038	0.9497816283	0.0020371037	0.0006873113	0.0014033074	0.0013497924	0.0007159961	0.0000041498	0.0000004724	0.0000019693	0.0000018219	0.0000005127	0.0000065915	0.0000023346	0.0000089260
0.5400000000	0.8593587371	0.8964424618	0.8945013257	0.8499235497	1.0021700762	0.9501646619	0.0029379289	0.0007702039	0.0018894046	0.0021677250	0.0011192007	0.0000086314	0.0000005932	0.0000035698	0.0000046990	0.0000012526	0.0000127945	0.0000059516	0.0000187461
0.5400000000	0.8660254038	0.8972500763	0.8945739800	0.8503349203	1.0029914757	0.9505473435	0.0038384339	0.0008514238	0.0023732964	0.0029870101	0.0015218726	0.0000147336	0.0000007249	0.0000056325	0.0000089222	0.0000023161	0.0000210910	0.0000112383	0.0000323294
0.5400000000	0.8726920705	0.8980580425	0.8946451008	0.8507444689	1.0038148554	0.9509295564	0.0047385203	0.0009309230	0.0028548126	0.0038075972	0.0019238895	0.0000224536	0.0000008666	0.0000081500	0.0000144978	0.0000037014	0.0000314701	0.0000181991	0.0000496693
0.5400000000	0.8793587371	0.8988662763	0.8947146466	0.8511520546	1.0046401719	0.9513111894	0.0056380951	0.0010086556	0.0033337908	0.0046294395	0.0023251352	0.0000317881	0.0000010174	0.0000111142	0.0000214317	0.0000054063	0.0000439197	0.0000268380	0.0000707576
0.5400000000	0.8860254038	0.8996746987	0.8947825776	0.8515575430	1.0054673853	0.9516921365	0.0065370709	0.0010845775	0.0038100768	0.0054524934	0.0027254993	0.0000427333	0.0000011763	0.0000145167	0.0000297297	0.0000074283	0.0000584263	0.0000371580	0.0000955843
0.5400000000	0.8926920705	0.9004832350	0.8948488559	0.8519608059	1.0062964590	0.9520722972	0.0074353658	0.0011586467	0.0042835239	0.0062767191	0.0031248772	0.0000552847	0.0000013425	0.0000183486	0.0000393972	0.0000097649	0.0000749757	0.0000491621	0.0001241378
0.5400000000	0.8993587371	0.9012918147	0.8949134451	0.8523617209	1.0071273592	0.9524515758	0.0083329027	0.0012308230	0.0047539925	0.0071020796	0.0035231695	0.0000694373	0.0000015149	0.0000226004	0.0000504395	0.0000124127	0.0000935526	0.0000628523	0.0001564049
0.5400000000	0.9060254038	0.9021003714	0.8949763103	0.8527601716	1.0079600555	0.9528298814	0.0092296092	0.0013010679	0.0052213500	0.0079285414	0.0039202821	0.0000851857	0.0000016928	0.0000272625	0.0000628618	0.0000153686	0.0001141410	0.0000782304	0.0001923713
0.5400000000	0.9126920705	0.9029088428	0.8950374184	0.8531560468	1.0087945200	0.9532071278	0.0101254179	0.0013693445	0.0056854703	0.0087560734	0.0043161258	0.0001025241	0.0000018751	0.0000323246	0.0000766688	0.0000186289	0.0001367238	0.0000952978	0.0002320215
0.5400000000	0.9193587371	0.9037171702	0.8950967373	0.8535492407	1.0096307277	0.9535832331	0.0110202655	0.0014356177	0.0061462339	0.0095846478	0.0047106163	0.0001214463	0.0000020610	0.0000377762	0.0000918655	0.0000221899	0.0001612834	0.0001140554	0.0002753388
0.5400000000	0.9260254038	0.9045252986	0.8951542367	0.8539396525	1.0104686562	0.9539581197	0.0119140930	0.0014998537	0.0066035274	0.0104142392	0.0051036737	0.0001419456	0.0000022496	0.0000436066	0.0001084564	0.0000260475	0.0001878017	0.0001345039	0.0003223056
0.5400000000	0.9326920705	0.9053331763	0.8952098873	0.8543271862	1.0113082855	0.9543317140	0.0128068453	0.0015620205	0.0070572431	0.0112448248	0.0054952225	0.0001640153	0.0000024399	0.0000498047	0.0001264461	0.0000301975	0.0002162599	0.0001566436	0.0003729034
0.5400000000	0.9393587371	0.9061407550	0.8952636612	0.8547117505	1.0121495981	0.9547039465	0.0136984715	0.0016220873	0.0075072789	0.0120763842	0.0058851916	0.0001876481	0.0000026312	0.0000563592	0.0001458391	0.0000346355	0.0002466385	0.0001804745	0.0004271131
0.5400000000	0.9460254038	0.9069479896	0.8953155319	0.8550932588	1.0129925789	0.9550747511	0.0145889239	0.0016800245	0.0079535383	0.0129088994	0.0062735137	0.0002128367	0.0000028225	0.0000632588	0.0001666397	0.0000393570	0.0002789180	0.0002059967	0.0004849146
0.5400000000	0.9526920705	0.9077548379	0.8953654736	0.8554716284	1.0138372147	0.9554440657	0.0154781587	0.0017358042	0.0083959297	0.0137423545	0.0066601256	0.0002395734	0.0000030130	0.0000704916	0.0001888523	0.0000443573	0.0003130780	0.0002332096	0.0005462876
0.5400000000	0.9593587371	0.9085612609	0.8954134621	0.8558467811	1.0146834946	0.9558118314	0.0163661352	0.0017893993	0.0088343667	0.0145767359	0.0070449674	0.0002678504	0.0000032019	0.0000780460	0.0002124812	0.0000496316	0.0003490984	0.0002621128	0.0006112112
0.5400000000	0.9660254038	0.9093672219	0.8954594740	0.8562186423	1.0155314096	0.9561779925	0.0172528159	0.0018407842	0.0092687674	0.0154120318	0.0074279832	0.0002976597	0.0000033885	0.0000859100	0.0002375307	0.0000551749	0.0003869582	0.0002927057	0.0006796639
0.5400000000	0.9726920705	0.9101726872	0.8955034870	0.8565871414	1.0163809526	0.9565424969	0.0181381665	0.0018899343	0.0096990546	0.0162482323	0.0078091203	0.0003289931	0.0000035719	0.0000940717	0.0002640051	0.0000609824	0.0004266366	0.0003249874	0.0007516240
0.5400000000	0.9793587371	0.9109776256	0.8955454798	0.8569522116	1.0172321184	0.9569052951	0.0190221555	0.0019368261	0.0101251553	0.0170853294	0.0081883292	0.0003618424	0.0000037513	0.0001025188	0.0002919085	0.0000670487	0.0004681125	0.0003589572	0.0008270697
0.5400000000	0.9860254038	0.9117820081	0.8955854320	0.8573137893	1.0180849035	0.9572663407	0.0199047541	0.0019814372	0.0105470007	0.0179233169	0.0085655635	0.0003961992	0.0000039261	0.0001112392	0.0003212453	0.0000733689	0.0005113646	0.0003946142	0.0009059787
0.5400000000	0.9926920705	0.9125858081	0.8956233241	0.8576718143	1.0189393058	0.9576255901	0.0207859362	0.0020237462	0.0109645262	0.0187621900	0.0089407800	0.0004320551	0.0000040955	0.0001202208	0.0003520198	0.0000799375	0.0005563715	0.0004319573	0.0009883288
0.5400000000	0.9993587371	0.9133890014	0.8956591375	0.8580262298	1.0197953252	0.9579830025	0.0216656782	0.0020637326	0.0113776705	0.0196019456	0.0093139380	0.0004694016	0.0000042590	0.0001294514	0.0003842363	0.0000867494	0.0006031120	0.0004709857	0.0010740977
0.5400000000	1.0060254038	0.9141915657	0.8956928546	0.8583769819	1.0206529627	0.9583385393	0.0225439588	0.0021013768	0.0117863766	0.0204425820	0.0096849998	0.0005082301	0.0000044158	0.0001389187	0.0004178992	0.0000937992	0.0006515645	0.0005116984	0.0011632629
0.5400000000	1.0126920705	0.9149934806	0.8957244582	0.8587240199	1.0215122209	0.9586921648	0.0234207591	0.0021366602	0.0121905904	0.0212840989	0.0100539302	0.0005485320	0.0000045653	0.0001486105	0.0004530129	0.0001010815	0.0007017078	0.0005540944	0.0012558021
0.5400000000	1.0193587371	0.9157947279	0.8957539322	0.8590672957	1.0223731038	0.9590438454	0.0242960622	0.0021695649	0.0125902615	0.0221264974	0.0104206966	0.0005902986	0.0000047070	0.0001585147	0.0004895819	0.0001085909	0.0007535203	0.0005981728	0.0013516931
0.5400000000	1.0260254038	0.9165952911	0.8957812613	0.8594067639	1.0232356165	0.9593935496	0.0251698535	0.0022000739	0.0129853425	0.0229697796	0.0107852686	0.0006335215	0.0000048403	0.0001686191	0.0005276108	0.0001163220	0.0008069810	0.0006439328	0.0014509138
0.5400000000	1.0326920705	0.9173951553	0.8958064305	0.8597423821	1.0240997653	0.9597412485	0.0260421201	0.0022281711	0.0133757893	0.0238139490	0.0111476182	0.0006781920	0.0000049647	0.0001789117	0.0005671042	0.0001242694	0.0008620685	0.0006913736	0.0015534421
0.5400000000	1.0393587371	0.9181943074	0.8958294260	0.8600741099	1.0249655580	0.9600869150	0.0269128509	0.0022538409	0.0137615605	0.0246590100	0.0115077197	0.0007243015	0.0000050798	0.0001893805	0.0006080668	0.0001324276	0.0009187619	0.0007404944	0.0016592563
0.5400000000	1.0460254038	0.9189927360	0.8958502342	0.8604019097	1.0258330029	0.9604305238	0.0277820369	0.0022770685	0.0141426177	0.0255049683	0.0118655491	0.0007718416	0.0000051850	0.0002000136	0.0006505034	0.0001407913	0.0009770402	0.0007912947	0.0017683349
0.5400000000	1.0526920705	0.9197904308	0.8958688425	0.8607257461	1.0267021099	0.9607720519	0.0286496703	0.0022978400	0.0145189248	0.0263518304	0.0122210849	0.0008208036	0.0000052801	0.0002107992	0.0006944190	0.0001493549	0.0010368829	0.0008437739	0.0018806567
0.5400000000	1.0593587371	0.9205873834	0.8958852387	0.8610455857	1.0275728895	0.9611114779	0.0295157454	0.0023161418	0.0148904488	0.0271996036	0.0125743070	0.0008711792	0.0000053645	0.0002217255	0.0007398184	0.0001581132	0.0010982692	0.0008979316	0.0019962008
0.5400000000	1.0660254038	0.9213835865	0.8958994112	0.8613613976	1.0284453533	0.9614487820	0.0303802575	0.0023319612	0.0152571588	0.0280482963	0.0129251976	0.0009229600	0.0000054380	0.0002327809	0.0007867069	0.0001670607	0.0011611790	0.0009537677	0.0021149466
0.5426666667	0.6660254038	0.8740856276	0.8920445667	0.8383096324	0.9798676661	0.9397620520	-0.0223178383	-0.0019800872	-0.0118694773	-0.0203377511	-0.0098893901	0.0004980859	0.0000039207	0.0001408845	0.0004136241	0.0000978000	0.0006428911	0.0005114242	0.0011543153
0.5426666667	0.6726920705	0.8748141413	0.8921325451	0.8386711994	0.9805876336	0.9400746604	-0.0214847273	-0.0018814664	-0.0114382655	-0.0196032609	-0.0095567991	0.0004615935	0.0000035399	0.0001308339	0.0003842878	0.0000913324	0.0005959673	0.0004756202	0.0010715876
0.5426666667	0.6793587371	0.8755485694	0.8922214249	0.8390393003	0.9813130967	0.9403935805	-0.0206455548	-0.0017818452	-0.0109994521	-0.0188637096	-0.0092176069	0.0004262389	0.0000031750	0.0001209879	0.0003558395	0.0000849643	0.0005504019	0.0004408038	0.0009912057
0.5426666667	0.6860254038	0.8762885822	0.8923110623	0.8394134535	0.9820438402	0.9407184209	-0.0198007127	-0.0016813848	-0.0105536211	-0.0181193279	-0.0088722362	0.0003920682	0.0000028271	0.0001113789	0.0003283100	0.0000787166	0.0005062742	0.0004070266	0.0009133008
0.5426666667	0.6926920705	0.8770338630	0.8924013196	0.8397931953	0.9827796572	0.9410488048	-0.0189505772	-0.0015802399	-0.0101013339	-0.0173703373	-0.0085210941	0.0003591244	0.0000024972	0.0001020369	0.0003017286	0.0000726090	0.0004636585	0.0003743377	0.0008379961
0.5426666667	0.6993587371	0.8777841075	0.8924920647	0.8401780798	0.9835203496	0.9413843697	-0.0180955090	-0.0014785586	-0.0096431302	-0.0166169504	-0.0081645716	0.0003274474	0.0000021861	0.0000929900	0.0002761230	0.0000666602	0.0004226235	0.0003427833	0.0007654068
0.5426666667	0.7060254038	0.8785390233	0.8925831708	0.8405676783	0.9842657268	0.9417247667	-0.0172358541	-0.0013764833	-0.0091795283	-0.0158593708	-0.0078030449	0.0002970747	0.0000018947	0.0000842637	0.0002515196	0.0000608875	0.0003832331	0.0003124072	0.0006956403
0.5426666667	0.7126920705	0.8792983302	0.8926745161	0.8409615785	0.9850156069	0.9420696607	-0.0163719438	-0.0012741504	-0.0087110259	-0.0150977934	-0.0074368755	0.0002680405	0.0000016235	0.0000758820	0.0002279434	0.0000553071	0.0003455460	0.0002832505	0.0006287965
0.5426666667	0.7193587371	0.8800617590	0.8927659840	0.8413593842	0.9857698151	0.9424187293	-0.0155040955	-0.0011716906	-0.0082381010	-0.0143324049	-0.0070664104	0.0002403770	0.0000013729	0.0000678663	0.0002054178	0.0000499342	0.0003096161	0.0002553520	0.0005649681
0.5426666667	0.7260254038	0.8808290519	0.8928574628	0.8417607150	0.9865281847	0.9427716630	-0.0146326128	-0.0010692292	-0.0077612119	-0.0135633836	-0.0066919827	0.0002141134	0.0000011433	0.0000602364	0.0001839654	0.0000447826	0.0002754930	0.0002287480	0.0005042410
0.5426666667	0.7326920705	0.8815999619	0.8929488452	0.8421652054	0.9872905561	0.9431281645	-0.0137577860	-0.0009668862	-0.0072807984	-0.0127908998	-0.0063139123	0.0001892767	0.0000009349	0.0000530100	0.0001636071	0.0000398655	0.0002432216	0.0002034726	0.0004466942
0.5426666667	0.7393587371	0.8823742523	0.8930400285	0.8425725043	0.9880567771	0.9434879483	-0.0128798928	-0.0008647766	-0.0067972823	-0.0120151162	-0.0059325057	0.0001658916	0.0000007478	0.0000462030	0.0001443630	0.0000351946	0.0002128425	0.0001795576	0.0003924002
0.5426666667	0.7460254038	0.8831516967	0.8931309143	0.8429822750	0.9888267023	0.9438507407	-0.0119991984	-0.0007630105	-0.0063110677	-0.0112361879	-0.0055480572	0.0001439808	0.0000005822	0.0000398296	0.0001262519	0.0000307809	0.0001843925	0.0001570329	0.0003414254
0.5426666667	0.7526920705	0.8839320784	0.8932214082	0.8433941941	0.9896001934	0.9442162787	-0.0111159559	-0.0006616935	-0.0058225419	-0.0104542624	-0.0051608484	0.0001235645	0.0000004378	0.0000339020	0.0001092916	0.0000266344	0.0001579043	0.0001359260	0.0002938303
0.5426666667	0.7593587371	0.8847151901	0.8933114200	0.8438079518	0.9903771186	0.9445843106	-0.0102304071	-0.0005609265	-0.0053320759	-0.0096694805	-0.0047711494	0.0001046612	0.0000003146	0.0000284310	0.0000934989	0.0000227639	0.0001334069	0.0001162627	0.0002496696
0.5426666667	0.7660254038	0.8855008339	0.8934008630	0.8442232504	0.9911573523	0.9449545948	-0.0093427822	-0.0004608063	-0.0048400250	-0.0088819759	-0.0043792187	0.0000872876	0.0000002123	0.0000234258	0.0000788895	0.0000191776	0.0001109258	0.0000980671	0.0002089928
0.5426666667	0.7726920705	0.8862888206	0.8934896544	0.8446398050	0.9919407754	0.9453268998	-0.0084533011	-0.0003614254	-0.0043467291	-0.0080918757	-0.0039853037	0.0000714583	0.0000001306	0.0000188941	0.0000654785	0.0000158826	0.0000904830	0.0000813611	0.0001718441
0.5426666667	0.7793587371	0.8870789696	0.8935777148	0.8450573421	0.9927272748	0.9457010041	-0.0075621728	-0.0002628725	-0.0038525138	-0.0072993004	-0.0035896413	0.0000571865	0.0000000691	0.0000148419	0.0000532798	0.0000128855	0.0000720974	0.0000661653	0.0001382627
0.5426666667	0.7860254038	0.8878711086	0.8936649681	0.8454755998	0.9935167432	0.9460766954	-0.0066695966	-0.0001652322	-0.0033576902	-0.0065043644	-0.0031924580	0.0000444835	0.0000000273	0.0000112741	0.0000423068	0.0000101918	0.0000557849	0.0000524985	0.0001082834
0.5426666667	0.7926920705	0.8886650733	0.8937513417	0.8458943273	0.9943090789	0.9464537705	-0.0057757620	-0.0000685859	-0.0028625562	-0.0057071761	-0.0027939703	0.0000333594	0.0000000047	0.0000081942	0.0000325719	0.0000078063	0.0000415584	0.0000403781	0.0000819365
0.5426666667	0.7993587371	0.8894607071	0.8938367659	0.8463132840	0.9951041857	0.9468320350	-0.0048808492	0.0000269888	-0.0023673962	-0.0049078381	-0.0023943851	0.0000238227	0.0000000007	0.0000056046	0.0000240869	0.0000057331	0.0000294280	0.0000298200	0.0000592479
0.5426666667	0.8060254038	0.8902578605	0.8939211739	0.8467322399	0.9959019728	0.9472113030	-0.0039850295	0.0001214177	-0.0018724823	-0.0041064472	-0.0019939000	0.0000158805	0.0000000147	0.0000035062	0.0000168629	0.0000039756	0.0000194014	0.0000208385	0.0000402399
0.5426666667	0.8126920705	0.8910563917	0.8940045018	0.8471509745	0.9967023543	0.9475913967	-0.0030884653	0.0002146296	-0.0013780743	-0.0033030949	-0.0015927039	0.0000095386	0.0000000461	0.0000018991	0.0000109104	0.0000025367	0.0000114838	0.0000134471	0.0000249309
0.5426666667	0.8193587371	0.8918561654	0.8940866887	0.8475692772	0.9975052495	0.9479721462	-0.0021913111	0.0003065565	-0.0008844204	-0.0024978676	-0.0011909769	0.0000048018	0.0000000940	0.0000007822	0.0000062393	0.0000014184	0.0000056780	0.0000076578	0.0000133358
0.5426666667	0.8260254038	0.8926570530	0.8941676758	0.8479869459	0.9983105822	0.9483533893	-0.0012937132	0.0003971333	-0.0003917576	-0.0016908465	-0.0007888908	0.0000016737	0.0000001577	0.0000001535	0.0000028590	0.0000006223	0.0000019849	0.0000034813	0.0000054662
0.5426666667	0.8326920705	0.8934589323	0.8942474074	0.8484037879	0.9991182809	0.9487349708	-0.0003958104	0.0004862977	0.0000996881	-0.0008821081	-0.0003866096	0.0000001567	0.0000002365	0.0000000099	0.0000007781	0.0000001495	0.0000004031	0.0000009276	0.0000013307
0.5426666667	0.8393587371	0.8942616873	0.8943258297	0.8488196184	0.9999282785	0.9491167428	0.0005022662	0.0005739903	0.0005897008	-0.0000717241	0.0000157105	0.0000002523	0.0000003295	0.0000003477	0.0000000051	0.0000000002	0.0000009295	0.0000000054	0.0000009349
0.5426666667	0.8460254038	0.8950652077	0.8944028914	0.8492342611	1.0007405122	0.9494985640	0.0014003922	0.0006601540	0.0010780748	0.0007402382	0.0004179208	0.0000019611	0.0000004358	0.0000011622	0.0000005480	0.0000001747	0.0000035591	0.0000007226	0.0000042818
0.5426666667	0.8526920705	0.8958693891	0.8944785436	0.8496475472	1.0015549233	0.9498802999	0.0022984501	0.0007447344	0.0015646139	0.0015537156	0.0008198794	0.0000052829	0.0000005546	0.0000024480	0.0000024140	0.0000006722	0.0000082855	0.0000030862	0.0000113718
0.5426666667	0.8593587371	0.8966741325	0.8945527392	0.8500593157	1.0023714569	0.9502618219	0.0031963289	0.0008276794	0.0020491309	0.0023686495	0.0012214515	0.0000102165	0.0000006851	0.0000041989	0.0000056105	0.0000014919	0.0000151005	0.0000071024	0.0000222030
0.5426666667	0.8660254038	0.8974793439	0.8946254332	0.8504694126	1.0031900622	0.9506430078	0.0040939238	0.0009089391	0.0025314479	0.0031849847	0.0016225088	0.0000167602	0.0000008262	0.0000064082	0.0000101441	0.0000026325	0.0000239946	0.0000127767	0.0000367713
0.5426666667	0.8726920705	0.8982849348	0.8946965827	0.8508776910	1.0040106916	0.9510237408	0.0049911361	0.0009884659	0.0030113950	0.0040026702	0.0020229291	0.0000249114	0.0000009771	0.0000090685	0.0000160214	0.0000040922	0.0000349570	0.0000201136	0.0000550706
0.5426666667	0.8793587371	0.8990908210	0.8947661465	0.8512840104	1.0048333014	0.9514039100	0.0058878727	0.0010662142	0.0034888108	0.0048216585	0.0024225966	0.0000346670	0.0000011368	0.0000121718	0.0000232484	0.0000058690	0.0000479757	0.0000291174	0.0000770930
0.5426666667	0.8860254038	0.8998969233	0.8948340853	0.8516882370	1.0056578511	0.9517834099	0.0067840460	0.0011421404	0.0039635415	0.0056419056	0.0028214012	0.0000460233	0.0000013045	0.0000157097	0.0000318311	0.0000079603	0.0000630374	0.0000397914	0.0001028288
0.5426666667	0.8926920705	0.9007031669	0.8949003614	0.8520902430	1.0064843034	0.9521621399	0.0076795736	0.0012162028	0.0044354410	0.0064633708	0.0032192381	0.0000589759	0.0000014791	0.0000196731	0.0000417752	0.0000103635	0.0000801281	0.0000521387	0.0001322668
0.5426666667	0.8993587371	0.9015094810	0.8949649386	0.8524899067	1.0073126243	0.9525400045	0.0085743783	0.0012883616	0.0049043701	0.0072860167	0.0036160084	0.0000735200	0.0000016599	0.0000240528	0.0000530860	0.0000130755	0.0000992327	0.0000661616	0.0001653942
0.5426666667	0.9060254038	0.9023157991	0.8950277827	0.8528871117	1.0081427824	0.9529169130	0.0094683875	0.0013585787	0.0053701967	0.0081098088	0.0040116180	0.0000896504	0.0000018457	0.0000288390	0.0000657690	0.0000160931	0.0001203351	0.0000818621	0.0002021972
0.5426666667	0.9126920705	0.9031220587	0.8950888605	0.8532817475	1.0089747494	0.9532927792	0.0103615334	0.0014268177	0.0058327955	0.0089347157	0.0044059778	0.0001073614	0.0000020358	0.0000340215	0.0000798291	0.0000194126	0.0001434187	0.0000992418	0.0002426605
0.5426666667	0.9193587371	0.9039282009	0.8951481406	0.8536737085	1.0098084998	0.9536675214	0.0112537523	0.0014930436	0.0062920471	0.0097607087	0.0047990035	0.0001266469	0.0000022292	0.0000395899	0.0000952714	0.0000230304	0.0001684660	0.0001183019	0.0002867678
0.5426666667	0.9260254038	0.9047341705	0.8952055927	0.8540628943	1.0106440106	0.9540410620	0.0121449851	0.0015572232	0.0067478385	0.0105877619	0.0051906153	0.0001475007	0.0000024249	0.0000455333	0.0001121007	0.0000269425	0.0001954589	0.0001390432	0.0003345021
0.5426666667	0.9326920705	0.9055399155	0.8952611880	0.8544492094	1.0114812612	0.9544133274	0.0130351764	0.0016193247	0.0072000625	0.0114158517	0.0055807378	0.0001699158	0.0000026222	0.0000518409	0.0001303217	0.0000311446	0.0002243789	0.0001614663	0.0003858452
0.5426666667	0.9393587371	0.9063453876	0.8953148990	0.8548325628	1.0123202335	0.9547842482	0.0139242747	0.0016793177	0.0076486174	0.0122449571	0.0059692998	0.0001938854	0.0000028201	0.0000585013	0.0001499390	0.0000356325	0.0002552069	0.0001855715	0.0004407784
0.5426666667	0.9460254038	0.9071505413	0.8953666992	0.8552128679	1.0131609117	0.9551537584	0.0148122323	0.0017371730	0.0080934070	0.0130750594	0.0063562340	0.0002194022	0.0000030178	0.0000655032	0.0001709572	0.0000404017	0.0002879232	0.0002113589	0.0004992821
0.5426666667	0.9526920705	0.9079553343	0.8954165634	0.8555900426	1.0140032823	0.9555217958	0.0156990049	0.0017928628	0.0085343399	0.0139061421	0.0067414772	0.0002464588	0.0000032144	0.0000728350	0.0001933808	0.0000454475	0.0003225081	0.0002388283	0.0005613364
0.5426666667	0.9593587371	0.9087597271	0.8954644675	0.8559640088	1.0148473335	0.9558883014	0.0165845514	0.0018463606	0.0089713301	0.0147381909	0.0071249695	0.0002750473	0.0000034090	0.0000804848	0.0002172143	0.0000507652	0.0003589412	0.0002679795	0.0006269206
0.5426666667	0.9660254038	0.9095636831	0.8955103884	0.8563346922	1.0156930560	0.9562532197	0.0174688342	0.0018976410	0.0094042959	0.0155711932	0.0075066550	0.0003051602	0.0000036010	0.0000884408	0.0002424621	0.0000563499	0.0003972020	0.0002988119	0.0006960139
0.5426666667	0.9726920705	0.9103671681	0.8955543042	0.8567020224	1.0165404419	0.9566164983	0.0183518184	0.0019466797	0.0098331604	0.0164051388	0.0078864807	0.0003367892	0.0000037896	0.0000966910	0.0002691286	0.0000621966	0.0004372698	0.0003313252	0.0007685950
0.5426666667	0.9793587371	0.9111701508	0.8955961936	0.8570659328	1.0173894856	0.9569780878	0.0192334723	0.0019934535	0.0102578507	0.0172400188	0.0082643973	0.0003699265	0.0000039739	0.0001052235	0.0002972182	0.0000683003	0.0004791238	0.0003655185	0.0008446423
0.5426666667	0.9860254038	0.9119726018	0.8956360368	0.8574263600	1.0182401828	0.9573379417	0.0201137666	0.0020379403	0.0106782984	0.0180758263	0.0086403581	0.0004045636	0.0000041532	0.0001140261	0.0003267355	0.0000746558	0.0005227429	0.0004013913	0.0009241341
0.5426666667	0.9926920705	0.9127744945	0.8956738143	0.8577832440	1.0190925312	0.9576960164	0.0209926750	0.0020801190	0.0110944389	0.0189125560	0.0090143199	0.0004406924	0.0000043269	0.0001230866	0.0003576848	0.0000812580	0.0005681059	0.0004389427	0.0010070486
0.5426666667	0.9993587371	0.9135758043	0.8957095079	0.8581365281	1.0199465298	0.9580522709	0.0218701734	0.0021199693	0.0115062112	0.0197502041	0.0093862419	0.0004783045	0.0000044943	0.0001323929	0.0003900706	0.0000881015	0.0006151917	0.0004781721	0.0010933638
0.5426666667	1.0060254038	0.9143765085	0.8957431001	0.8584861587	1.0208021791	0.9584066666	0.0227462403	0.0021574720	0.0119135582	0.0205887683	0.0097560862	0.0005173914	0.0000046547	0.0001419329	0.0004238974	0.0000951812	0.0006639790	0.0005190786	0.0011830576
0.5426666667	1.0126920705	0.9151765867	0.8957745740	0.8588320850	1.0216594813	0.9587591676	0.0236208564	0.0021926087	0.0123164262	0.0214282477	0.0101238176	0.0005579449	0.0000048075	0.0001516944	0.0004591698	0.0001024917	0.0007144467	0.0005616615	0.0012761082
0.5426666667	1.0193587371	0.9159760203	0.8958039139	0.8591742591	1.0225184397	0.9591097402	0.0244940044	0.0022253617	0.0127147649	0.0222686427	0.0104894031	0.0005999563	0.0000049522	0.0001616652	0.0004958924	0.0001100276	0.0007665737	0.0006059200	0.0013724938
0.5426666667	1.0260254038	0.9167747925	0.8958311043	0.8595126360	1.0233790589	0.9594583530	0.0253656693	0.0022557144	0.0131085269	0.0231099549	0.0108528125	0.0006434172	0.0000050882	0.0001718335	0.0005340700	0.0001177835	0.0008203389	0.0006518536	0.0014721925
0.5426666667	1.0326920705	0.9175728882	0.8958561309	0.8598471729	1.0242413448	0.9598049767	0.0262358378	0.0022836507	0.0134976682	0.0239521871	0.0112140175	0.0006883192	0.0000052151	0.0001821870	0.0005737073	0.0001257542	0.0008757213	0.0006994615	0.0015751827
0.5426666667	1.0393587371	0.9183702942	0.8958789797	0.8601778299	1.0251053043	0.9601495842	0.0271044987	0.0023091554	0.0138821475	0.0247953432	0.0115729920	0.0007346538	0.0000053322	0.0001927140	0.0006148090	0.0001339341	0.0009327001	0.0007487432	0.0016814433
0.5426666667	1.0460254038	0.9191669985	0.8958996377	0.8605045692	1.0259709457	0.9604921501	0.0279716423	0.0023322140	0.0142619263	0.0256394283	0.0119297123	0.0007824128	0.0000054392	0.0002034025	0.0006573803	0.0001423180	0.0009912545	0.0007996983	0.0017909529
0.5426666667	1.0526920705	0.9199629908	0.8959180921	0.8608273556	1.0268382779	0.9608326511	0.0288372607	0.0023528125	0.0146369688	0.0264844481	0.0122841563	0.0008315876	0.0000055357	0.0002142409	0.0007014260	0.0001509005	0.0010513642	0.0008523265	0.0019036907
0.5426666667	1.0593587371	0.9207582623	0.8959343310	0.8611461558	1.0277073112	0.9611710658	0.0297013476	0.0023709378	0.0150072419	0.0273304097	0.0126363041	0.0008821700	0.0000056213	0.0002252173	0.0007469513	0.0001596762	0.0011130087	0.0009066275	0.0020196362
0.5426666667	1.0660254038	0.9215528055	0.8959483431	0.8614609388	1.0285780565	0.9615073742	0.0305638981	0.0023865774	0.0153727147	0.0281773207	0.0129861373	0.0009341519	0.0000056958	0.0002363204	0.0007939614	0.0001686398	0.0011761680	0.0009626012	0.0021387691
0.5453333333	0.6660254038	0.8743978767	0.8920882286	0.8384785625	0.9801697284	0.9399054215	-0.0219606726	-0.0019311425	-0.0116679849	-0.0200295301	-0.0097368424	0.0004822711	0.0000037293	0.0001361419	0.0004011821	0.0000948061	0.0006221423	0.0004959882	0.0011181305
0.5453333333	0.6726920705	0.8751232579	0.8921767109	0.8388392116	0.9808855659	0.9402164407	-0.0211314385	-0.0018319619	-0.0112379542	-0.0192994766	-0.0094059923	0.0004465377	0.0000033561	0.0001262916	0.0003724698	0.0000884727	0.0005761854	0.0004609425	0.0010371279
0.5453333333	0.6793587371	0.8758545763	0.8922660781	0.8392063680	0.9816069419	0.9405337585	-0.0202961128	-0.0017317992	-0.0108003541	-0.0185643136	-0.0090685549	0.0004119322	0.0000029991	0.0001166476	0.0003446337	0.0000822387	0.0005315790	0.0004268724	0.0009584514
0.5453333333	0.6860254038	0.8765915025	0.8923561864	0.8395795512	0.9823336420	0.9408569852	-0.0194550869	-0.0016308162	-0.0103557670	-0.0178242707	-0.0087249509	0.0003785004	0.0000026596	0.0001072419	0.0003177046	0.0000761248	0.0004884019	0.0003938294	0.0008822313
0.5453333333	0.6926920705	0.8773337202	0.8924468977	0.8399582990	0.9830654603	0.9411857458	-0.0186087364	-0.0015291677	-0.0099047528	-0.0170795687	-0.0083755851	0.0003462851	0.0000023384	0.0000981041	0.0002917117	0.0000701504	0.0004467276	0.0003618621	0.0008085896
0.5453333333	0.6993587371	0.8780809254	0.8925380794	0.8403421665	0.9838021992	0.9415196795	-0.0177574216	-0.0014270025	-0.0094478494	-0.0163304192	-0.0080208469	0.0003153260	0.0000020363	0.0000892619	0.0002666826	0.0000643340	0.0004066242	0.0003310166	0.0007376408
0.5453333333	0.7060254038	0.8788328261	0.8926296045	0.8407307262	0.9845436692	0.9418584392	-0.0169014881	-0.0013244629	-0.0089855735	-0.0155770252	-0.0076611107	0.0002856603	0.0000017542	0.0000807405	0.0002426437	0.0000586926	0.0003681550	0.0003013363	0.0006694914
0.5453333333	0.7126920705	0.8795891422	0.8927213514	0.8411235670	0.9852896884	0.9422016911	-0.0160412666	-0.0012216855	-0.0085184214	-0.0148195811	-0.0072967360	0.0002573222	0.0000014925	0.0000725635	0.0002196200	0.0000532424	0.0003313783	0.0002728623	0.0006042406
0.5453333333	0.7193587371	0.8803496051	0.8928132033	0.8415202942	0.9860400830	0.9425491145	-0.0151770741	-0.0011188010	-0.0080468693	-0.0140582731	-0.0069280683	0.0002303436	0.0000012517	0.0000647521	0.0001976350	0.0000479981	0.0002963474	0.0002456332	0.0005419806
0.5453333333	0.7260254038	0.8811139571	0.8929050483	0.8419205283	0.9867946864	0.9429004011	-0.0143092138	-0.0010159348	-0.0075713740	-0.0132932790	-0.0065554392	0.0002047536	0.0000010321	0.0000573257	0.0001767113	0.0000429738	0.0002631114	0.0002196851	0.0004827965
0.5453333333	0.7326920705	0.8818819516	0.8929967794	0.8423239049	0.9875533394	0.9432552551	-0.0134379759	-0.0009132068	-0.0070923739	-0.0125247691	-0.0061791671	0.0001805792	0.0000008339	0.0000503018	0.0001568698	0.0000381821	0.0002317149	0.0001950519	0.0004267669
0.5453333333	0.7393587371	0.8826533520	0.8930882938	0.8427300744	0.9883158901	0.9436133922	-0.0125636374	-0.0008107319	-0.0066102890	-0.0117529055	-0.0057995571	0.0001578450	0.0000006573	0.0000436959	0.0001381308	0.0000336349	0.0002021982	0.0001717657	0.0003739638
0.5453333333	0.7460254038	0.8834279323	0.8931794933	0.8431387011	0.9890821933	0.9439745397	-0.0116864635	-0.0007086202	-0.0061255222	-0.0109778433	-0.0054169020	0.0001365734	0.0000005021	0.0000375220	0.0001205130	0.0000293428	0.0001745976	0.0001498559	0.0003244535
0.5453333333	0.7526920705	0.8842054758	0.8932702837	0.8435494627	0.9898521108	0.9443384362	-0.0108067069	-0.0006069768	-0.0056384592	-0.0101997301	-0.0050314823	0.0001167849	0.0000003684	0.0000317922	0.0001040345	0.0000253158	0.0001489456	0.0001293503	0.0002782959
0.5453333333	0.7593587371	0.8849857756	0.8933605748	0.8439620505	0.9906255107	0.9447048306	-0.0099246091	-0.0005059027	-0.0051494696	-0.0094187064	-0.0046435670	0.0000984979	0.0000002559	0.0000265170	0.0000887120	0.0000215627	0.0001252708	0.0001102747	0.0002355456
0.5453333333	0.7660254038	0.8857686339	0.8934502803	0.8443761679	0.9914022676	0.9450734826	-0.0090404002	-0.0004054941	-0.0046589074	-0.0086349061	-0.0042534133	0.0000817288	0.0000001644	0.0000217054	0.0000745616	0.0000180915	0.0001035987	0.0000926531	0.0001962518
0.5453333333	0.7726920705	0.8865538617	0.8935393176	0.8447915310	0.9921822624	0.9454441616	-0.0081542998	-0.0003058435	-0.0041671112	-0.0078484564	-0.0038612678	0.0000664926	0.0000000935	0.0000173648	0.0000615983	0.0000149094	0.0000839510	0.0000765077	0.0001604586
0.5453333333	0.7793587371	0.8873412785	0.8936276077	0.8452078675	0.9929653817	0.9458166469	-0.0072665169	-0.0002070390	-0.0036744052	-0.0070594779	-0.0034673662	0.0000528023	0.0000000429	0.0000135013	0.0000498362	0.0000120226	0.0000663464	0.0000618589	0.0001282052
0.5453333333	0.7860254038	0.8881307122	0.8937150746	0.8456249163	0.9937515181	0.9461907271	-0.0063772506	-0.0001091653	-0.0031810994	-0.0062680853	-0.0030719341	0.0000406693	0.0000000119	0.0000101194	0.0000392889	0.0000094368	0.0000508006	0.0000487257	0.0000995263
0.5453333333	0.7926920705	0.8889219984	0.8938016461	0.8460424276	0.9945405699	0.9465661999	-0.0054866903	-0.0000123030	-0.0026874902	-0.0054743873	-0.0026751872	0.0000301038	0.0000000002	0.0000072226	0.0000299689	0.0000071566	0.0000373265	0.0000371255	0.0000744521
0.5453333333	0.7993587371	0.8897149807	0.8938872526	0.8464601618	0.9953324405	0.9469428714	-0.0045950161	0.0000834704	-0.0021938612	-0.0046784866	-0.0022773316	0.0000211142	0.0000000070	0.0000048130	0.0000218882	0.0000051862	0.0000259342	0.0000270745	0.0000530086
0.5453333333	0.8060254038	0.8905095098	0.8939718280	0.8468778897	0.9961270389	0.9473205566	-0.0037023993	0.0001780812	-0.0017004831	-0.0038804805	-0.0018785643	0.0000137078	0.0000000317	0.0000028916	0.0000150581	0.0000035290	0.0000166311	0.0000185871	0.0000352182
0.5453333333	0.8126920705	0.8913054438	0.8940553086	0.8472953919	0.9969242789	0.9476990783	-0.0028090023	0.0002714585	-0.0012076147	-0.0030804608	-0.0014790732	0.0000078905	0.0000000737	0.0000014583	0.0000094892	0.0000021877	0.0000094225	0.0000116769	0.0000210994
0.5453333333	0.8193587371	0.8921026474	0.8941376336	0.8477124583	0.9977240795	0.9480782672	-0.0019149796	0.0003635347	-0.0007155032	-0.0022785144	-0.0010790380	0.0000036671	0.0000001322	0.0000005119	0.0000051916	0.0000011643	0.0000043112	0.0000063560	0.0000106672
0.5453333333	0.8260254038	0.8929009921	0.8942187450	0.8481288880	0.9985263640	0.9484579614	-0.0010204776	0.0004542453	-0.0002243845	-0.0014747228	-0.0006786298	0.0000010414	0.0000002063	0.0000000503	0.0000021748	0.0000004605	0.0000012981	0.0000026353	0.0000039334
0.5453333333	0.8326920705	0.8937003557	0.8942985871	0.8485444887	0.9993310607	0.9488380066	-0.0001256348	0.0005435283	0.0002655161	-0.0006691631	-0.0002780121	0.0000000158	0.0000002954	0.0000000705	0.0000004478	0.0000000773	0.0000003817	0.0000005251	0.0000009068
0.5453333333	0.8393587371	0.8945006220	0.8943771066	0.8489590766	1.0001381021	0.9492182552	0.0007694171	0.0006313245	0.0007539840	0.0001380926	0.0001226595	0.0000005920	0.0000003986	0.0000005685	0.0000000191	0.0000000150	0.0000015591	0.0000000341	0.0000015932
0.5453333333	0.8460254038	0.8953016809	0.8944542527	0.8493724761	1.0009474249	0.9495985664	0.0016645539	0.0007175776	0.0012408141	0.0009469763	0.0005232365	0.0000027707	0.0000005149	0.0000015396	0.0000008968	0.0000002738	0.0000048253	0.0000011705	0.0000059958
0.5453333333	0.8526920705	0.8961034279	0.8945299766	0.8497845191	1.0017589698	0.9499788059	0.0025596580	0.0008022334	0.0017258111	0.0017574247	0.0009235777	0.0000065518	0.0000006436	0.0000029784	0.0000030885	0.0000008530	0.0000101739	0.0000039415	0.0000141154
0.5453333333	0.8593587371	0.8969057637	0.8946042318	0.8501950451	1.0025726817	0.9503588458	0.0034546182	0.0008852402	0.0022087887	0.0025693781	0.0013235485	0.0000119344	0.0000007837	0.0000048787	0.0000066017	0.0000017518	0.0000175968	0.0000083535	0.0000259503
0.5453333333	0.8660254038	0.8977085946	0.8946769736	0.8506039009	1.0033885091	0.9507385638	0.0043493296	0.0009665486	0.0026895696	0.0033827810	0.0017230210	0.0000189167	0.0000009342	0.0000072338	0.0000114432	0.0000029688	0.0000270847	0.0000144120	0.0000414967
0.5453333333	0.8726920705	0.8985118317	0.8947481594	0.8510109401	1.0042064041	0.9511178438	0.0052436933	0.0010461113	0.0031679848	0.0041975819	0.0021218734	0.0000274963	0.0000010943	0.0000100361	0.0000176197	0.0000045023	0.0000386268	0.0000221220	0.0000607488
0.5453333333	0.8793587371	0.8993153909	0.8948177484	0.8514160230	1.0050263223	0.9514965751	0.0061376159	0.0011238833	0.0036438735	0.0050137326	0.0025199901	0.0000376703	0.0000012631	0.0000132778	0.0000251375	0.0000063504	0.0000522113	0.0000314879	0.0000836991
0.5453333333	0.8860254038	0.9001191927	0.8948857017	0.8518190161	1.0058482229	0.9518746522	0.0070310097	0.0011998214	0.0041170825	0.0058311884	0.0029172611	0.0000494351	0.0000014396	0.0000169504	0.0000340028	0.0000085104	0.0000678250	0.0000425132	0.0001103382
0.5453333333	0.8926920705	0.9009231622	0.8949519819	0.8522197922	1.0066720678	0.9522519749	0.0079237922	0.0012738841	0.0045874663	0.0066499081	0.0033135822	0.0000627865	0.0000016228	0.0000210448	0.0000442213	0.0000109798	0.0000854541	0.0000552011	0.0001406552
0.5453333333	0.8993587371	0.9017272286	0.8950165533	0.8526182301	1.0074978226	0.9526284480	0.0088158859	0.0013460322	0.0050548865	0.0074698536	0.0037088543	0.0000777198	0.0000018118	0.0000255519	0.0000557987	0.0000137556	0.0001050835	0.0000695543	0.0001746378
0.5453333333	0.9060254038	0.9025313252	0.8950793818	0.8530142139	1.0083254554	0.9530039808	0.0097072178	0.0014162279	0.0055192115	0.0082909899	0.0041029836	0.0000942301	0.0000020057	0.0000304617	0.0000687405	0.0000168345	0.0001266975	0.0000855750	0.0002122725
0.5453333333	0.9126920705	0.9033353893	0.8951404348	0.8534076336	1.0091549373	0.9533784872	0.0105977200	0.0014844352	0.0059803163	0.0091132849	0.0044958811	0.0001123117	0.0000022035	0.0000357642	0.0000830520	0.0000202129	0.0001502794	0.0001032649	0.0002535443
0.5453333333	0.9193587371	0.9041393619	0.8951996810	0.8537983839	1.0099862422	0.9537518858	0.0114873287	0.0015506195	0.0064380822	0.0099367092	0.0048874627	0.0001319587	0.0000024044	0.0000414489	0.0000987382	0.0000238873	0.0001758120	0.0001226255	0.0002984375
0.5453333333	0.9260254038	0.9049431874	0.8952570907	0.8541863649	1.0108193465	0.9541240989	0.0123759842	0.0016147480	0.0068923966	0.0107612362	0.0052776486	0.0001531650	0.0000026074	0.0000475051	0.0001158042	0.0000278536	0.0002032775	0.0001436578	0.0003469353
0.5453333333	0.9326920705	0.9057468139	0.8953126352	0.8545714815	1.0116542292	0.9544950533	0.0132636310	0.0016767892	0.0073431527	0.0115868418	0.0056663635	0.0001759239	0.0000028116	0.0000539219	0.0001342549	0.0000321077	0.0002326574	0.0001663626	0.0003990200
0.5453333333	0.9393587371	0.9065501927	0.8953662874	0.8549536429	1.0124908716	0.9548646793	0.0141502173	0.0017367130	0.0077902493	0.0124135042	0.0060535363	0.0002002286	0.0000030162	0.0000606880	0.0001540951	0.0000366453	0.0002639328	0.0001907404	0.0004546732
0.5453333333	0.9460254038	0.9073532783	0.8954180211	0.8553327630	1.0133292573	0.9552329112	0.0150356951	0.0017944908	0.0082335904	0.0132412043	0.0064390996	0.0002260721	0.0000032202	0.0000677920	0.0001753295	0.0000414620	0.0002970843	0.0002167915	0.0005138758
0.5453333333	0.9526920705	0.9081560280	0.8954678115	0.8557087600	1.0141693720	0.9555996866	0.0159200197	0.0018500949	0.0086730852	0.0140699248	0.0068229903	0.0002534470	0.0000034229	0.0000752224	0.0001979628	0.0000465532	0.0003320923	0.0002445160	0.0005766083
0.5453333333	0.9593587371	0.9089584023	0.8955156346	0.8560815559	1.0150112037	0.9559649467	0.0168031499	0.0019034993	0.0091086479	0.0148996506	0.0072051486	0.0002823458	0.0000036233	0.0000829675	0.0002219996	0.0000519142	0.0003689366	0.0002739138	0.0006428504
0.5453333333	0.9660254038	0.9097603641	0.8955614678	0.8564510769	1.0158547423	0.9563286359	0.0176850476	0.0019546788	0.0095401971	0.0157303688	0.0075855183	0.0003127609	0.0000038208	0.0000910154	0.0002474445	0.0000575401	0.0004075970	0.0003049846	0.0007125816
0.5453333333	0.9726920705	0.9105618794	0.8956052893	0.8568172529	1.0166999796	0.9566907019	0.0185656776	0.0020036094	0.0099676561	0.0165620682	0.0079640466	0.0003446844	0.0000040145	0.0000993542	0.0002743021	0.0000634260	0.0004480530	0.0003377281	0.0007857811
0.5453333333	0.9793587371	0.9113629162	0.8956470783	0.8571800173	1.0175469090	0.9570510953	0.0194450080	0.0020502684	0.0103909524	0.0173947395	0.0083406840	0.0003781083	0.0000042036	0.0001079719	0.0003025770	0.0000695670	0.0004902838	0.0003721440	0.0008624278
0.5453333333	0.9860254038	0.9121634452	0.8956868151	0.8575393071	1.0183955261	0.9574097694	0.0203230091	0.0020946339	0.0108100178	0.0182283752	0.0087153839	0.0004130247	0.0000043875	0.0001168565	0.0003322737	0.0000759579	0.0005342687	0.0004082316	0.0009425003
0.5453333333	0.9926920705	0.9129634395	0.8957244805	0.8578950624	1.0192458277	0.9577666807	0.0211996542	0.0021366850	0.0112247879	0.0190629692	0.0090881028	0.0004494253	0.0000045654	0.0001259959	0.0003633968	0.0000825936	0.0005799866	0.0004459904	0.0010259770
0.5453333333	0.9993587371	0.9137628740	0.8957600565	0.8582472269	1.0200978123	0.9581217879	0.0220749190	0.0021764019	0.0116352019	0.0198985171	0.0094588000	0.0004873021	0.0000047367	0.0001353779	0.0003959510	0.0000894689	0.0006274167	0.0004854199	0.0011128366
0.5453333333	1.0060254038	0.9145617262	0.8957935259	0.8585957469	1.0209514802	0.9584750526	0.0229487816	0.0022137654	0.0120412029	0.0207350162	0.0098274375	0.0005266466	0.0000049008	0.0001449906	0.0004299409	0.0000965785	0.0006765379	0.0005265194	0.0012030573
0.5453333333	1.0126920705	0.9153599753	0.8958248722	0.8589405719	1.0218068326	0.9588264387	0.0238212223	0.0022487576	0.0124427374	0.0215724647	0.0101939798	0.0005674506	0.0000050569	0.0001548217	0.0004653712	0.0001039172	0.0007273293	0.0005692885	0.0012966177
0.5453333333	1.0193587371	0.9161576023	0.8958540796	0.8592816543	1.0226638725	0.9591759124	0.0246922236	0.0022813610	0.0128397551	0.0224108626	0.0105583941	0.0006097059	0.0000052046	0.0001648593	0.0005022468	0.0001114797	0.0007797698	0.0006137264	0.0013934963
0.5453333333	1.0260254038	0.9169545903	0.8958811332	0.8596189488	1.0235226039	0.9595234423	0.0255617700	0.0023115592	0.0132322090	0.0232502108	0.0109206498	0.0006534041	0.0000053433	0.0001750914	0.0005405723	0.0001192606	0.0008338387	0.0006598329	0.0014936716
0.5453333333	1.0326920705	0.9177509239	0.8959060186	0.8599524132	1.0243830322	0.9598689989	0.0264298479	0.0023393364	0.0136200549	0.0240905116	0.0112807185	0.0006985369	0.0000054725	0.0001855059	0.0005803527	0.0001272546	0.0008895153	0.0007076074	0.0015971226
0.5453333333	1.0393587371	0.9185465896	0.8959287222	0.8602820074	1.0252451639	0.9602125549	0.0272964458	0.0023646776	0.0140032518	0.0249317682	0.0116385742	0.0007450960	0.0000055917	0.0001960911	0.0006215931	0.0001354564	0.0009467787	0.0007570495	0.0017038282
0.5453333333	1.0460254038	0.9193415753	0.8959492311	0.8606076939	1.0261090064	0.9605540851	0.0281615537	0.0023875685	0.0143817612	0.0257739852	0.0119941928	0.0007930731	0.0000057005	0.0002068351	0.0006642983	0.0001438607	0.0010056086	0.0008081590	0.0018137676
0.5453333333	1.0526920705	0.9201358705	0.8959675328	0.8609294374	1.0269745686	0.9608935658	0.0290251632	0.0024079954	0.0147555475	0.0266171678	0.0123475521	0.0008424601	0.0000057984	0.0002177262	0.0007084736	0.0001524620	0.0010659847	0.0008609357	0.0019269204
0.5453333333	1.0593587371	0.9209294659	0.8959836156	0.8612472048	1.0278418599	0.9612309755	0.0298872679	0.0024259454	0.0151245775	0.0274613224	0.0126986321	0.0008932488	0.0000058852	0.0002287528	0.0007541242	0.0001612553	0.0011278868	0.0009153795	0.0020432663
0.5453333333	1.0660254038	0.9217223538	0.8959974682	0.8615609651	1.0287108909	0.9615662942	0.0307478624	0.0024414062	0.0154888204	0.0283064562	0.0130474142	0.0009454310	0.0000059605	0.0002399036	0.0008012555	0.0001702350	0.0011912951	0.0009714905	0.0021627855
0.5480000000	0.6660254038	0.8747087949	0.8921314325	0.8386455304	0.9804707725	0.9400470602	-0.0216051561	-0.0018827136	-0.0114688727	-0.0197224425	-0.0095861591	0.0004667828	0.0000035446	0.0001315350	0.0003889747	0.0000918944	0.0006018624	0.0004808692	0.0010827316
0.5480000000	0.6726920705	0.8754311154	0.8922204514	0.8390053714	0.9811825250	0.9403565790	-0.0207797129	-0.0017829363	-0.0110398907	-0.0189967765	-0.0092569544	0.0004317965	0.0000031789	0.0001218792	0.0003608775	0.0000856912	0.0005568545	0.0004465687	0.0010034232
0.5480000000	0.6793587371	0.8761593934	0.8923103377	0.8393716892	0.9818998575	0.9406723802	-0.0199481509	-0.0016821969	-0.0106033764	-0.0182659540	-0.0089211795	0.0003979287	0.0000028298	0.0001124316	0.0003336451	0.0000795874	0.0005131901	0.0004132325	0.0009264226
0.5480000000	0.6860254038	0.8768933000	0.8924009470	0.8397440045	0.9826225565	0.9409940759	-0.0191108610	-0.0015806574	-0.0101599105	-0.0175302036	-0.0085792530	0.0003652250	0.0000024985	0.0001032238	0.0003073080	0.0000736036	0.0004709473	0.0003809116	0.0008518589
0.5480000000	0.6926920705	0.8776325192	0.8924921410	0.8401218563	0.9833504172	0.9413212932	-0.0182682182	-0.0014784732	-0.0097100510	-0.0167897450	-0.0082315778	0.0003337278	0.0000021859	0.0000942851	0.0002818955	0.0000677589	0.0004301988	0.0003496544	0.0007798532
0.5480000000	0.6993587371	0.8783767473	0.8925837869	0.8405048011	0.9840832426	0.9416536727	-0.0174205824	-0.0013757930	-0.0092543342	-0.0160447893	-0.0078785412	0.0003034767	0.0000018928	0.0000856427	0.0002574353	0.0000620714	0.0003910122	0.0003195067	0.0007105189
0.5480000000	0.7060254038	0.8791256929	0.8926757576	0.8408924129	0.9848208439	0.9419908692	-0.0165682983	-0.0012727596	-0.0087932751	-0.0152955387	-0.0075205156	0.0002745085	0.0000016199	0.0000773217	0.0002339535	0.0000565582	0.0003534501	0.0002905117	0.0006439618
0.5480000000	0.7126920705	0.8798790763	0.8927679313	0.8412842818	0.9855630398	0.9423325506	-0.0157116965	-0.0011695094	-0.0083273681	-0.0145421871	-0.0071578588	0.0002468574	0.0000013678	0.0000693451	0.0002114752	0.0000512349	0.0003175702	0.0002627101	0.0005802804
0.5480000000	0.7193587371	0.8806366290	0.8928601913	0.8416800143	0.9863096570	0.9426783975	-0.0148510932	-0.0010661733	-0.0078570878	-0.0137849199	-0.0067909145	0.0002205550	0.0000011367	0.0000617338	0.0001900240	0.0000461165	0.0002834255	0.0002361405	0.0005195661
0.5480000000	0.7260254038	0.8813980939	0.8929524256	0.8420792324	0.9870605294	0.9430281034	-0.0139867913	-0.0009628765	-0.0073828893	-0.0130239148	-0.0064200128	0.0001956303	0.0000009271	0.0000545071	0.0001696224	0.0000412166	0.0002510645	0.0002108389	0.0004619034
0.5480000000	0.7326920705	0.8821632245	0.8930445273	0.8424815729	0.9878154980	0.9433813737	-0.0131190805	-0.0008597389	-0.0069052092	-0.0122593415	-0.0060454703	0.0001721103	0.0000007392	0.0000476819	0.0001502915	0.0000365477	0.0002205313	0.0001868392	0.0004073705
0.5480000000	0.7393587371	0.8829317848	0.8931363938	0.8428866875	0.9885744113	0.9437379255	-0.0122482375	-0.0007568753	-0.0064244662	-0.0114913622	-0.0056675909	0.0001500193	0.0000005729	0.0000412738	0.0001320514	0.0000321216	0.0001918659	0.0001641730	0.0003560389
0.5480000000	0.7460254038	0.8837035487	0.8932279270	0.8432942416	0.9893371243	0.9440974874	-0.0113745270	-0.0006543954	-0.0059410612	-0.0107201315	-0.0052866658	0.0001293799	0.0000004282	0.0000352962	0.0001149212	0.0000279488	0.0001651043	0.0001428701	0.0003079744
0.5480000000	0.7526920705	0.8844783001	0.8933190329	0.8437039143	0.9901034989	0.9444597991	-0.0104982014	-0.0005524044	-0.0054553787	-0.0099457970	-0.0049029743	0.0001102122	0.0000003052	0.0000297612	0.0000989189	0.0000240392	0.0001402785	0.0001229580	0.0002632366
0.5480000000	0.7593587371	0.8852558323	0.8934096216	0.8441153980	0.9908734032	0.9448246108	-0.0096195019	-0.0004510026	-0.0049677866	-0.0091684993	-0.0045167839	0.0000925348	0.0000002034	0.0000246789	0.0000840614	0.0000204013	0.0001174171	0.0001044627	0.0002218798
0.5480000000	0.7660254038	0.8860359476	0.8934996071	0.8445283974	0.9916467121	0.9451916831	-0.0087386585	-0.0003502863	-0.0044786373	-0.0083883721	-0.0041283510	0.0000763642	0.0000001227	0.0000200582	0.0000703648	0.0000170433	0.0000965450	0.0000874081	0.0001839531
0.5480000000	0.7726920705	0.8868184573	0.8935889069	0.8449426297	0.9924233062	0.9455607866	-0.0078558902	-0.0002503475	-0.0039882682	-0.0076055428	-0.0037379207	0.0000617150	0.0000000627	0.0000159063	0.0000578443	0.0000139721	0.0000776840	0.0000718163	0.0001495003
0.5480000000	0.7793587371	0.8876031812	0.8936774422	0.8453578235	0.9932030722	0.9459317014	-0.0069714061	-0.0001512740	-0.0034970019	-0.0068201321	-0.0033457279	0.0000486005	0.0000000229	0.0000122290	0.0000465142	0.0000111939	0.0000608524	0.0000577081	0.0001185605
0.5480000000	0.7860254038	0.8883899471	0.8937651377	0.8457737190	0.9939859025	0.9463042172	-0.0060854050	-0.0000531500	-0.0030051471	-0.0060322550	-0.0029519971	0.0000370322	0.0000000028	0.0000090309	0.0000363881	0.0000087143	0.0000460659	0.0000451024	0.0000911683
0.5480000000	0.7926920705	0.8891785910	0.8938519213	0.8461900674	0.9947716952	0.9466781323	-0.0051980760	0.0000439441	-0.0025129990	-0.0052420202	-0.0025569432	0.0000270200	0.0000000019	0.0000063152	0.0000274788	0.0000065380	0.0000333371	0.0000340167	0.0000673538
0.5480000000	0.7993587371	0.8899689566	0.8939377239	0.8466066301	0.9955603537	0.9470532538	-0.0043095993	0.0001399315	-0.0020208398	-0.0044495308	-0.0021607713	0.0000185726	0.0000000196	0.0000040838	0.0000197983	0.0000046689	0.0000226760	0.0000244673	0.0000471433
0.5480000000	0.8060254038	0.8907608946	0.8940224794	0.8470231790	0.9963517865	0.9474293974	-0.0034201460	0.0002347385	-0.0015289391	-0.0036548844	-0.0017636776	0.0000116974	0.0000000551	0.0000023377	0.0000133582	0.0000031106	0.0000140902	0.0000164687	0.0000305589
0.5480000000	0.8126920705	0.8915542632	0.8941061249	0.8474394954	0.9971459074	0.9478063866	-0.0025298784	0.0003282949	-0.0010375544	-0.0028581733	-0.0013658493	0.0000064003	0.0000001078	0.0000010765	0.0000081692	0.0000018655	0.0000075846	0.0000100347	0.0000176193
0.5480000000	0.8193587371	0.8923489273	0.8941885998	0.8478553704	0.9979426348	0.9481840526	-0.0016389510	0.0004205335	-0.0005469319	-0.0020594845	-0.0009674654	0.0000026862	0.0000001768	0.0000002991	0.0000042415	0.0000009360	0.0000031621	0.0000051775	0.0000083396
0.5480000000	0.8260254038	0.8931447583	0.8942698464	0.8482706038	0.9987418920	0.9485622345	-0.0007475100	0.0005113901	-0.0000573062	-0.0012589001	-0.0005686963	0.0000005588	0.0000002615	0.0000000033	0.0000015848	0.0000003234	0.0000008236	0.0000019082	0.0000027318
0.5480000000	0.8326920705	0.8939416342	0.8943498095	0.8486850042	0.9995436066	0.9489407782	0.0001443057	0.0006008033	0.0004310984	-0.0004564975	-0.0001697049	0.0000000208	0.0000003610	0.0000001858	0.0000002084	0.0000000288	0.0000005676	0.0000002372	0.0000008048
0.5480000000	0.8393587371	0.8947394388	0.8944284362	0.8490983887	1.0003477109	0.9493195367	0.0010363649	0.0006887144	0.0009180681	0.0003476505	0.0002293537	0.0000010741	0.0000004743	0.0000008428	0.0000001209	0.0000000526	0.0000023912	0.0000001735	0.0000025647
0.5480000000	0.8460254038	0.8955380619	0.8945056761	0.8495105824	1.0011541412	0.9496983698	0.0019285429	0.0007750673	0.0014033989	0.0011534757	0.0006283316	0.0000037193	0.0000006007	0.0000019695	0.0000013305	0.0000003948	0.0000062895	0.0000017253	0.0000080148
0.5480000000	0.8526920705	0.8963373990	0.8945814807	0.8499214179	1.0019628378	0.9500771437	0.0028207223	0.0008598084	0.0018868964	0.0019609139	0.0010270880	0.0000079565	0.0000007393	0.0000035604	0.0000038452	0.0000010549	0.0000122561	0.0000049001	0.0000171562
0.5480000000	0.8593587371	0.8971373509	0.8946558038	0.8503307356	1.0027737450	0.9504557306	0.0037127917	0.0009428864	0.0023683752	0.0027699053	0.0014254888	0.0000137848	0.0000008890	0.0000056092	0.0000076724	0.0000020320	0.0000202831	0.0000097044	0.0000299875
0.5480000000	0.8660254038	0.8979378237	0.8947286014	0.8507383829	1.0035868109	0.9508340089	0.0046046461	0.0010242525	0.0028476589	0.0035803937	0.0018234064	0.0000212028	0.0000010491	0.0000081092	0.0000128192	0.0000033248	0.0000303610	0.0000161440	0.0000465051
0.5480000000	0.8726920705	0.8987387286	0.8947998311	0.8511442141	1.0044019873	0.9512118627	0.0054961865	0.0011038597	0.0033245792	0.0043923269	0.0022207195	0.0000302081	0.0000012185	0.0000110528	0.0000192925	0.0000049316	0.0000424794	0.0000242241	0.0000667035
0.5480000000	0.8793587371	0.8995399812	0.8948694525	0.8515480900	1.0052192291	0.9515891816	0.0063873195	0.0011816634	0.0037989760	0.0052056561	0.0026173126	0.0000407979	0.0000013963	0.0000144322	0.0000270989	0.0000068503	0.0000566264	0.0000339492	0.0000905756
0.5480000000	0.8860254038	0.9003415022	0.8949374271	0.8519498779	1.0060384950	0.9519658606	0.0072779571	0.0012576207	0.0042706970	0.0060203363	0.0030130763	0.0000529687	0.0000015816	0.0000182389	0.0000362444	0.0000090786	0.0000727891	0.0000453231	0.0001181122
0.5480000000	0.8926920705	0.9011432164	0.8950037178	0.8523494511	1.0068597466	0.9523417995	0.0081680166	0.0013316910	0.0047395973	0.0068363256	0.0034079063	0.0000667165	0.0000017734	0.0000224638	0.0000467353	0.0000116138	0.0000909537	0.0000583492	0.0001493029
0.5480000000	0.8993587371	0.9019450530	0.8950682893	0.8527466889	1.0076829487	0.9527169034	0.0090574202	0.0014038351	0.0052055391	0.0076535851	0.0038017040	0.0000820369	0.0000019708	0.0000270976	0.0000585774	0.0000144530	0.0001111053	0.0000730303	0.0001841356
0.5480000000	0.9060254038	0.9027469452	0.8951311080	0.8531414760	1.0085080690	0.9530910818	0.0099460951	0.0014740157	0.0056683914	0.0084720794	0.0041943757	0.0000989248	0.0000021727	0.0000321307	0.0000717761	0.0000175928	0.0001332282	0.0000893689	0.0002225971
0.5480000000	0.9126920705	0.9035488301	0.8951921415	0.8535337028	1.0093350782	0.9534642489	0.0108339729	0.0015421973	0.0061280299	0.0092917756	0.0045858326	0.0001173750	0.0000023784	0.0000375528	0.0000863371	0.0000210299	0.0001573061	0.0001073670	0.0002646730
0.5480000000	0.9193587371	0.9043506485	0.8952513589	0.8539232646	1.0101639495	0.9538363233	0.0117209895	0.0016083456	0.0065843364	0.0101126439	0.0049759908	0.0001373816	0.0000025868	0.0000433535	0.0001022656	0.0000247605	0.0001833219	0.0001270261	0.0003103479
0.5480000000	0.9260254038	0.9051523448	0.8953087309	0.8543100620	1.0109946587	0.9542072276	0.0126070852	0.0016724283	0.0070371988	0.0109346569	0.0053647705	0.0001589386	0.0000027970	0.0000495222	0.0001195667	0.0000287808	0.0002112578	0.0001483475	0.0003596053
0.5480000000	0.9326920705	0.9059538669	0.8953642291	0.8546940000	1.0118271844	0.9545768886	0.0134922041	0.0017344142	0.0074865108	0.0117577899	0.0057520966	0.0001820396	0.0000030082	0.0000560478	0.0001382456	0.0000330866	0.0002410956	0.0001713322	0.0004124278
0.5480000000	0.9393587371	0.9067551660	0.8954178267	0.8550749885	1.0126615072	0.9549452367	0.0143762942	0.0017942736	0.0079321716	0.0125820206	0.0061378980	0.0002066778	0.0000032194	0.0000629193	0.0001583072	0.0000376738	0.0002728166	0.0001959810	0.0004687976
0.5480000000	0.9460254038	0.9075561962	0.8954694979	0.8554529417	1.0134976103	0.9553122063	0.0152593072	0.0018519782	0.0083740857	0.0134073290	0.0065221075	0.0002328465	0.0000034298	0.0000701253	0.0001797565	0.0000425379	0.0003064016	0.0002222944	0.0005286959
0.5480000000	0.9526920705	0.9083569148	0.8955192180	0.8558277780	1.0143354788	0.9556777351	0.0161411982	0.0019075008	0.0088121627	0.0142336974	0.0069046619	0.0002605383	0.0000036386	0.0000776542	0.0002025981	0.0000476744	0.0003418311	0.0002502725	0.0005921035
0.5480000000	0.9593587371	0.9091572821	0.8955669637	0.8561994200	1.0151751002	0.9560417643	0.0170219257	0.0019608156	0.0092463170	0.0150611101	0.0072855015	0.0002897460	0.0000038448	0.0000854944	0.0002268370	0.0000530785	0.0003790851	0.0002799156	0.0006590007
0.5480000000	0.9660254038	0.9099572609	0.8956127124	0.8565677941	1.0160164637	0.9564042384	0.0179014512	0.0020118978	0.0096764678	0.0158895534	0.0076645701	0.0003204620	0.0000040477	0.0000936340	0.0002524779	0.0000587456	0.0004181437	0.0003112235	0.0007293673
0.5480000000	0.9726920705	0.9107568167	0.8956564427	0.8569328305	1.0168595605	0.9567651050	0.0187797394	0.0020607238	0.0101025387	0.0167190156	0.0080418149	0.0003526786	0.0000042466	0.0001020613	0.0002795255	0.0000646708	0.0004589865	0.0003441963	0.0008031828
0.5480000000	0.9793587371	0.9115559176	0.8956981341	0.8572944628	1.0177043838	0.9571243147	0.0196567579	0.0021072711	0.0105244574	0.0175494868	0.0084171863	0.0003863881	0.0000044406	0.0001107642	0.0003079845	0.0000708490	0.0005015929	0.0003788335	0.0008804264
0.5480000000	0.9860254038	0.9123545341	0.8957377670	0.8576526282	1.0185509283	0.9574818209	0.0205324769	0.0021515182	0.0109421560	0.0183809586	0.0087906377	0.0004215826	0.0000046290	0.0001197308	0.0003378596	0.0000772753	0.0005459424	0.0004151350	0.0009610774
0.5480000000	0.9926920705	0.9131526388	0.8957753228	0.8580072673	1.0193991904	0.9578375799	0.0214068692	0.0021934445	0.0113555702	0.0192134247	0.0091621257	0.0004582541	0.0000048112	0.0001289490	0.0003691557	0.0000839445	0.0005920142	0.0004531002	0.0010451145
0.5480000000	0.9993587371	0.9139502067	0.8958107836	0.8583583238	1.0202491682	0.9581915507	0.0222799104	0.0022330304	0.0117646398	0.0200468800	0.0095316093	0.0004963944	0.0000049864	0.0001384067	0.0004018774	0.0000908516	0.0006397876	0.0004927290	0.0011325166
0.5480000000	1.0060254038	0.9147472149	0.8958441323	0.8587057443	1.0211008611	0.9585436945	0.0231515781	0.0022702572	0.0121693078	0.0208813209	0.0098990506	0.0005359956	0.0000051541	0.0001480921	0.0004360296	0.0000979912	0.0006892417	0.0005340208	0.0012232625
0.5480000000	1.0126920705	0.9155436423	0.8958753529	0.8590494784	1.0219542701	0.9588939753	0.0240218523	0.0023051070	0.0125695211	0.0217167453	0.0102644141	0.0005770494	0.0000053135	0.0001579929	0.0004716170	0.0001053582	0.0007403558	0.0005769752	0.0013173310
0.5480000000	1.0193587371	0.9163394700	0.8959044297	0.8593894787	1.0228093975	0.9592423592	0.0248907152	0.0023375628	0.0129652294	0.0225531524	0.0106276666	0.0006195477	0.0000054642	0.0001680972	0.0005086447	0.0001129473	0.0007931091	0.0006215920	0.0014147011
0.5480000000	1.0260254038	0.9171346805	0.8959313480	0.8597257003	1.0236662469	0.9595888147	0.0257581511	0.0023676083	0.0133563859	0.0233905428	0.0109887775	0.0006634823	0.0000056056	0.0001783930	0.0005471175	0.0001207532	0.0008474810	0.0006678707	0.0015153517
0.5480000000	1.0326920705	0.9179292585	0.8959560938	0.8600581007	1.0245248231	0.9599333123	0.0266241460	0.0023952281	0.0137429466	0.0242289179	0.0113477185	0.0007088452	0.0000057371	0.0001888686	0.0005870405	0.0001287707	0.0009034509	0.0007158112	0.0016192620
0.5480000000	1.0393587371	0.9187231900	0.8959786536	0.8603866403	1.0253851321	0.9602758246	0.0274886880	0.0024204074	0.0141248707	0.0250682807	0.0117044633	0.0007556280	0.0000058584	0.0001995120	0.0006284187	0.0001369945	0.0009609983	0.0007654132	0.0017264115
0.5480000000	1.0460254038	0.9195164628	0.8959990146	0.8607112816	1.0262471809	0.9606163261	0.0283517668	0.0024431320	0.0145021197	0.0259086348	0.0120589877	0.0008038227	0.0000059689	0.0002103115	0.0006712574	0.0001454192	0.0010201031	0.0008166765	0.0018367796
0.5480000000	1.0526920705	0.9203090661	0.8960171647	0.8610319893	1.0271109777	0.9609547933	0.0292133739	0.0024633887	0.0148746581	0.0267499852	0.0124112694	0.0008534212	0.0000060683	0.0002212555	0.0007155617	0.0001540396	0.0010807450	0.0008696013	0.0019503463
0.5480000000	1.0593587371	0.9211009905	0.8960330924	0.8613487306	1.0279765315	0.9612912044	0.0300735021	0.0024811646	0.0152424528	0.0275923375	0.0127612882	0.0009044155	0.0000061562	0.0002323324	0.0007613371	0.0001628505	0.0011429041	0.0009241876	0.0020670916
0.5480000000	1.0660254038	0.9218922280	0.8960467866	0.8616614744	1.0288438525	0.9616255393	0.0309321461	0.0024964476	0.0156054731	0.0284356985	0.0131090255	0.0009567977	0.0000062323	0.0002435308	0.0008085890	0.0001718466	0.0012065607	0.0009804355	0.0021869962
0.5506666667	0.6660254038	0.8750183780	0.8921741756	0.8388105345	0.9807707977	0.9401869695	-0.0212512916	-0.0018348035	-0.0112721414	-0.0194164882	-0.0094373379	0.0004516174	0.0000033665	0.0001270612	0.0003770000	0.0000890633	0.0005820451	0.0004660634	0.0010481084
0.5506666667	0.6726920705	0.8757377096	0.8922637643	0.8391696774	0.9814785096	0.9404950767	-0.0204295534	-0.0017343924	-0.0108440757	-0.0186951609	-0.0091096832	0.0004173667	0.0000030081	0.0001175940	0.0003495090	0.0000829863	0.0005379687	0.0004324954	0.0009704641
0.5506666667	0.6793587371	0.8764630165	0.8923542013	0.8395352624	0.9821918417	0.9408094467	-0.0196016722	-0.0016330407	-0.0104085196	-0.0179686315	-0.0087754789	0.0003842256	0.0000026668	0.0001083373	0.0003228717	0.0000770090	0.0004952297	0.0003998807	0.0008951104
0.5506666667	0.6860254038	0.8771939704	0.8924453421	0.8399068117	0.9829105818	0.9411296940	-0.0187680384	-0.0015309108	-0.0099660521	-0.0172371276	-0.0084351413	0.0003522393	0.0000023437	0.0000993222	0.0002971186	0.0000711516	0.0004539051	0.0003682702	0.0008221753
0.5506666667	0.6926920705	0.8779302556	0.8925370479	0.8402838657	0.9836345255	0.9414554473	-0.0179290262	-0.0014281582	-0.0095172292	-0.0165008681	-0.0080890711	0.0003214500	0.0000020396	0.0000905777	0.0002722786	0.0000654331	0.0004140673	0.0003377117	0.0007517790
0.5506666667	0.6993587371	0.8786715691	0.8926291859	0.8406659824	0.9843634770	0.9417863495	-0.0170849949	-0.0013249319	-0.0090625854	-0.0157600629	-0.0077376535	0.0002918970	0.0000017554	0.0000821305	0.0002483796	0.0000598713	0.0003757829	0.0003082509	0.0006840338
0.5506666667	0.7060254038	0.8794176197	0.8927216288	0.8410527371	0.9850972479	0.9421220568	-0.0162362886	-0.0012213748	-0.0086026338	-0.0150149138	-0.0073812590	0.0002636171	0.0000014918	0.0000740053	0.0002254476	0.0000544830	0.0003391141	0.0002799306	0.0006190448
0.5506666667	0.7126920705	0.8801681281	0.8928142547	0.8414437214	0.9858356578	0.9424622389	-0.0153832373	-0.0011176234	-0.0081378668	-0.0142656139	-0.0070202434	0.0002366440	0.0000012491	0.0000662249	0.0002035077	0.0000492838	0.0003041179	0.0002527916	0.0005569095
0.5506666667	0.7193587371	0.8809228264	0.8929069470	0.8418385433	0.9865785337	0.9428065781	-0.0145261568	-0.0010138085	-0.0076687573	-0.0135123483	-0.0066549489	0.0002110092	0.0000010278	0.0000588098	0.0001825836	0.0000442883	0.0002708469	0.0002268719	0.0004977188
0.5506666667	0.7260254038	0.8816814579	0.8929995938	0.8422368260	0.9873257099	0.9431547694	-0.0136653493	-0.0009100552	-0.0071957586	-0.0127552941	-0.0062857035	0.0001867418	0.0000008282	0.0000517789	0.0001626975	0.0000395101	0.0002393489	0.0002022076	0.0004415565
0.5506666667	0.7326920705	0.8824437763	0.8930920883	0.8426382079	0.9880770280	0.9435065196	-0.0128011040	-0.0008064832	-0.0067193056	-0.0119946207	-0.0059128223	0.0001638683	0.0000006504	0.0000451491	0.0001438709	0.0000349615	0.0002096677	0.0001788324	0.0003885001
0.5506666667	0.7393587371	0.8832095461	0.8931843280	0.8430423419	0.9888323366	0.9438615474	-0.0119336972	-0.0007032072	-0.0062398149	-0.0112304900	-0.0055366076	0.0001424131	0.0000004945	0.0000389353	0.0001261239	0.0000306540	0.0001818429	0.0001567779	0.0003386208
0.5506666667	0.7460254038	0.8839785415	0.8932762151	0.8434488950	0.9895914910	0.9442195826	-0.0110633931	-0.0006003367	-0.0057576860	-0.0104630564	-0.0051573493	0.0001223987	0.0000003604	0.0000331509	0.0001094755	0.0000265983	0.0001559100	0.0001360738	0.0002919838
0.5506666667	0.7526920705	0.8847505469	0.8933676557	0.8438575475	0.9903543532	0.9445803663	-0.0101904439	-0.0004979765	-0.0052733016	-0.0096924674	-0.0047753251	0.0001038451	0.0000002480	0.0000278077	0.0000939439	0.0000228037	0.0001319008	0.0001167477	0.0002486485
0.5506666667	0.7593587371	0.8855253556	0.8934585603	0.8442679929	0.9911207916	0.9449436497	-0.0093150901	-0.0003962267	-0.0047870280	-0.0089188635	-0.0043908013	0.0000867709	0.0000001570	0.0000229156	0.0000795461	0.0000192791	0.0001098435	0.0000988253	0.0002086688
0.5506666667	0.7660254038	0.8863027705	0.8935488431	0.8446799374	0.9918906810	0.9453091948	-0.0084375616	-0.0002951832	-0.0042992160	-0.0081423784	-0.0040040329	0.0000711924	0.0000000871	0.0000184833	0.0000662983	0.0000160323	0.0000897628	0.0000823306	0.0001720934
0.5506666667	0.7726920705	0.8870826029	0.8936384220	0.8450930992	0.9926639020	0.9456767731	-0.0075580770	-0.0001949375	-0.0038102014	-0.0073631395	-0.0036152639	0.0000571245	0.0000000380	0.0000145176	0.0000542158	0.0000130701	0.0000716802	0.0000672860	0.0001389661
0.5506666667	0.7793587371	0.8878646730	0.8937272185	0.8455072084	0.9934403413	0.9460461659	-0.0066768451	-0.0000955773	-0.0033203054	-0.0065812678	-0.0032247281	0.0000445803	0.0000000091	0.0000110244	0.0000433131	0.0000103989	0.0000556138	0.0000537120	0.0001093258
0.5506666667	0.7860254038	0.8886488088	0.8938151576	0.8459220063	0.9942198913	0.9464171637	-0.0057940644	0.0000028138	-0.0028298351	-0.0057968782	-0.0028326489	0.0000335712	0.0000000000	0.0000080080	0.0000336038	0.0000080239	0.0000415792	0.0000416277	0.0000832069
0.5506666667	0.7926920705	0.8894348466	0.8939021675	0.8463372450	0.9950024498	0.9467895657	-0.0049099240	0.0001001557	-0.0023390844	-0.0050100797	-0.0024392401	0.0000241074	0.0000000100	0.0000054713	0.0000251009	0.0000059499	0.0000295887	0.0000310508	0.0000606395
0.5506666667	0.7993587371	0.8902226300	0.8939881797	0.8467526873	0.9957879201	0.9471631801	-0.0040246037	0.0001963721	-0.0018483340	-0.0042209757	-0.0020447061	0.0000161974	0.0000000386	0.0000034163	0.0000178166	0.0000041808	0.0000196523	0.0000219975	0.0000416498
0.5506666667	0.8060254038	0.8910120102	0.8940731284	0.8471681059	0.9965762105	0.9475378232	-0.0031382744	0.0002913898	-0.0013578522	-0.0034296641	-0.0016492420	0.0000098488	0.0000000849	0.0000018438	0.0000117626	0.0000027200	0.0000117774	0.0000144826	0.0000262600
0.5506666667	0.8126920705	0.8918028453	0.8941569510	0.8475832834	0.9973672344	0.9479133193	-0.0022510984	0.0003851390	-0.0008678954	-0.0026362374	-0.0012530344	0.0000050674	0.0000001483	0.0000007532	0.0000069497	0.0000015701	0.0000059690	0.0000085198	0.0000144889
0.5506666667	0.8193587371	0.8925950004	0.8942395874	0.8479980116	0.9981609101	0.9482895004	-0.0013632301	0.0004775530	-0.0003787083	-0.0018407831	-0.0008562613	0.0000018584	0.0000002281	0.0000001434	0.0000033885	0.0000007332	0.0000022299	0.0000041217	0.0000063515
0.5506666667	0.8260254038	0.8933883471	0.8943209804	0.8484120915	0.9989571605	0.9486662061	-0.0004748156	0.0005685680	0.0001094754	-0.0010433836	-0.0004590926	0.0000002254	0.0000003233	0.0000000120	0.0000010886	0.0000002108	0.0000005607	0.0000012994	0.0000018601
0.5506666667	0.8326920705	0.8941827633	0.8944010750	0.8488253326	0.9997559130	0.9490432831	0.0004140064	0.0006581231	0.0005964327	-0.0002441167	-0.0000616904	0.0000001714	0.0000004331	0.0000003557	0.0000000596	0.0000000038	0.0000009603	0.0000000634	0.0000010237
0.5506666667	0.8393587371	0.8949781330	0.8944798188	0.8492375527	1.0005570994	0.9494205849	0.0013031044	0.0007461601	0.0010819508	0.0005569443	0.0003357907	0.0000016981	0.0000005568	0.0000011706	0.0000003102	0.0000001128	0.0000034255	0.0000004229	0.0000038484
0.5506666667	0.8460254038	0.8957743460	0.8945571618	0.8496485779	1.0013606556	0.9497979718	0.0021923541	0.0008326234	0.0015658269	0.0013597308	0.0007332036	0.0000048064	0.0000006933	0.0000024518	0.0000018489	0.0000005376	0.0000079515	0.0000023865	0.0000103379
0.5506666667	0.8526920705	0.8965712979	0.8946330560	0.8500582418	1.0021665216	0.9501753105	0.0030816378	0.0009174598	0.0020478675	0.0021641781	0.0011304078	0.0000094965	0.0000008417	0.0000041938	0.0000046837	0.0000012778	0.0000145320	0.0000059615	0.0000204935
0.5506666667	0.8593587371	0.8973688894	0.8947074557	0.8504663853	1.0029746412	0.9505524737	0.0039708443	0.0010006185	0.0025278882	0.0029702257	0.0015272697	0.0000157676	0.0000010012	0.0000063902	0.0000088222	0.0000023326	0.0000231591	0.0000111548	0.0000343139
0.5506666667	0.8660254038	0.8981670267	0.8947803170	0.8508728566	1.0037849622	0.9509293403	0.0048598683	0.0010820511	0.0030057134	0.0037778172	0.0019236623	0.0000236183	0.0000011708	0.0000090343	0.0000142719	0.0000037005	0.0000338235	0.0000179724	0.0000517958
0.5506666667	0.8726920705	0.8989656207	0.8948515982	0.8512775108	1.0045974356	0.9513057948	0.0057486109	0.0011617112	0.0034811757	0.0045868997	0.0023194645	0.0000330465	0.0000013496	0.0000121186	0.0000210396	0.0000053799	0.0000465147	0.0000264196	0.0000729342
0.5506666667	0.8793587371	0.8997645875	0.8949212591	0.8516802094	1.0054120162	0.9516817270	0.0066369785	0.0012395546	0.0039541159	0.0053974239	0.0027145613	0.0000440495	0.0000015365	0.0000156350	0.0000291322	0.0000073688	0.0000612210	0.0000365010	0.0000977220
0.5506666667	0.8860254038	0.9005638473	0.8949892617	0.8520808203	1.0062286620	0.9520570322	0.0075248830	0.0013155389	0.0044243825	0.0062093441	0.0031088436	0.0000566239	0.0000017306	0.0000195752	0.0000385560	0.0000096649	0.0000779297	0.0000482209	0.0001261505
0.5506666667	0.8926920705	0.9013633251	0.8950555693	0.8524792176	1.0070473342	0.9524316107	0.0084122416	0.0013896238	0.0048918313	0.0070226178	0.0035022075	0.0000707658	0.0000019311	0.0000239300	0.0000493172	0.0000122655	0.0000966269	0.0000615826	0.0001582095
0.5506666667	0.8993587371	0.9021629498	0.8951201470	0.8528752809	1.0078679971	0.9528053678	0.0092989764	0.0014617706	0.0053563252	0.0078372058	0.0038945546	0.0000864710	0.0000021368	0.0000286902	0.0000614218	0.0000151676	0.0001172980	0.0000765894	0.0001938873
0.5506666667	0.9060254038	0.9029626546	0.8951829615	0.8532688958	1.0086906179	0.9531782132	0.0101850144	0.0015319425	0.0058177339	0.0086530719	0.0042857914	0.0001037345	0.0000023468	0.0000338460	0.0000748757	0.0000183680	0.0001399274	0.0000932437	0.0002331711
0.5506666667	0.9126920705	0.9037623766	0.8952439809	0.8536599530	1.0095151667	0.9535500615	0.0110702869	0.0016001043	0.0062759337	0.0094701826	0.0046758294	0.0001225513	0.0000025603	0.0000393873	0.0000896844	0.0000218634	0.0001644989	0.0001115477	0.0002760467
0.5506666667	0.9193587371	0.9045620564	0.8953031746	0.8540483485	1.0103416162	0.9539208312	0.0119547299	0.0016662223	0.0067308070	0.0102885075	0.0050645847	0.0001429156	0.0000027763	0.0000453038	0.0001058534	0.0000256500	0.0001909956	0.0001315034	0.0003224990
0.5506666667	0.9260254038	0.9053616384	0.8953605136	0.8544339832	1.0111699418	0.9542904452	0.0128382832	0.0017302645	0.0071822424	0.0111080187	0.0054519779	0.0001648215	0.0000029938	0.0000515846	0.0001233881	0.0000297241	0.0002193999	0.0001531121	0.0003725121
0.5506666667	0.9326920705	0.9061610703	0.8954159699	0.8548167627	1.0120001214	0.9546588305	0.0137208908	0.0017922000	0.0076301340	0.0119286908	0.0058379340	0.0001882628	0.0000032120	0.0000582189	0.0001422937	0.0000340815	0.0002496938	0.0001763751	0.0004260689
0.5506666667	0.9393587371	0.9069603030	0.8954695171	0.8551965973	1.0128321352	0.9550259176	0.0146025006	0.0018519997	0.0080743815	0.0127505009	0.0062223819	0.0002132330	0.0000034299	0.0000651956	0.0001625753	0.0000387180	0.0002818586	0.0002012933	0.0004831519
0.5506666667	0.9460254038	0.9077592907	0.8955211297	0.8555734017	1.0136659657	0.9553916410	0.0154830639	0.0019096355	0.0085148900	0.0135734285	0.0066052546	0.0002397253	0.0000036467	0.0000725034	0.0001842380	0.0000436294	0.0003158753	0.0002278673	0.0005437427
0.5506666667	0.9526920705	0.9085579905	0.8955707834	0.8559470946	1.0145015976	0.9557559385	0.0163625357	0.0019650806	0.0089515695	0.0143974550	0.0069864889	0.0002677326	0.0000038615	0.0000801306	0.0002072867	0.0000488110	0.0003517247	0.0002560977	0.0006078225
0.5506666667	0.9593587371	0.9093563624	0.8956184550	0.8563175990	1.0153390178	0.9561187514	0.0172408741	0.0020183097	0.0093843348	0.0152225644	0.0073660251	0.0002972477	0.0000040736	0.0000880657	0.0002317265	0.0000542583	0.0003893871	0.0002859848	0.0006753718
0.5506666667	0.9660254038	0.9101543692	0.8956641225	0.8566848416	1.0161782149	0.9564800242	0.0181180404	0.0020692982	0.0098131055	0.0160487422	0.0077438073	0.0003282634	0.0000042820	0.0000962970	0.0002575621	0.0000599666	0.0004288424	0.0003175287	0.0007463711
0.5506666667	0.9726920705	0.9109519761	0.8957077646	0.8570487528	1.0170191798	0.9568397046	0.0189939991	0.0021180230	0.0102378055	0.0168759761	0.0081197825	0.0003607720	0.0000044860	0.0001048127	0.0002847986	0.0000659309	0.0004700707	0.0003507294	0.0008208001
0.5506666667	0.9793587371	0.9117491511	0.8957493611	0.8574092669	1.0178619050	0.9571977431	0.0198687174	0.0021644618	0.0106583629	0.0177042556	0.0084939011	0.0003947659	0.0000046849	0.0001136007	0.0003134407	0.0000721464	0.0005130515	0.0003855870	0.0008986386
0.5506666667	0.9860254038	0.9125458644	0.8957888929	0.8577663211	1.0187063846	0.9575540933	0.0207421654	0.0022085934	0.0110747101	0.0185335720	0.0088661167	0.0004302374	0.0000048779	0.0001226492	0.0003434933	0.0000786080	0.0005577645	0.0004221013	0.0009798658
0.5506666667	0.9926920705	0.9133420886	0.8958263414	0.8581198564	1.0195526146	0.9579087114	0.0216143155	0.0022503976	0.0114867832	0.0193639179	0.0092363855	0.0004671786	0.0000050643	0.0001319462	0.0003749613	0.0000853108	0.0006041891	0.0004602721	0.0010644612
0.5506666667	0.9993587371	0.9141377984	0.8958616892	0.8584698165	1.0204005924	0.9582615564	0.0224851430	0.0022898551	0.0118945220	0.0201952879	0.0096046669	0.0005055817	0.0000052434	0.0001414797	0.0004078497	0.0000922496	0.0006523047	0.0005000993	0.0011524040
0.5506666667	1.0060254038	0.9149329706	0.8958949194	0.8588161485	1.0212503172	0.9586125894	0.0233546252	0.0023269475	0.0122978701	0.0210276778	0.0099709227	0.0005454385	0.0000054147	0.0001512376	0.0004421632	0.0000994193	0.0007020908	0.0005415825	0.0012436733
0.5506666667	1.0126920705	0.9157275840	0.8959260161	0.8591588023	1.0221017892	0.9589617745	0.0242227419	0.0023616571	0.0126967743	0.0218610848	0.0103351172	0.0005867412	0.0000055774	0.0001612081	0.0004779070	0.0001068146	0.0007535267	0.0005847217	0.0013382484
0.5506666667	1.0193587371	0.9165216195	0.8959549641	0.8594977303	1.0229550102	0.9593090777	0.0250894750	0.0023939673	0.0130911848	0.0226955077	0.0106972175	0.0006294818	0.0000057311	0.0001713791	0.0005150861	0.0001144305	0.0008065920	0.0006295165	0.0014361085
0.5506666667	1.0260254038	0.9173150594	0.8959817488	0.8598328880	1.0238099834	0.9596544675	0.0259548083	0.0024238620	0.0134810548	0.0235309463	0.0110571928	0.0006736521	0.0000058751	0.0001817388	0.0005537054	0.0001222615	0.0008612660	0.0006759669	0.0015372330
0.5506666667	1.0326920705	0.9181078882	0.8960063565	0.8601642333	1.0246667131	0.9599979141	0.0268187278	0.0024513261	0.0138663406	0.0243674017	0.0114150146	0.0007192442	0.0000060090	0.0001922754	0.0005937703	0.0001303026	0.0009175286	0.0007240728	0.0016416014
0.5506666667	1.0393587371	0.9189000916	0.8960287738	0.8604917264	1.0255252046	0.9603393903	0.0276812210	0.0024763449	0.0142470014	0.0252048761	0.0117706565	0.0007662500	0.0000061323	0.0002029770	0.0006352858	0.0001385484	0.0009753593	0.0007738341	0.0017491935
0.5506666667	1.0460254038	0.9196916573	0.8960489883	0.8608153300	1.0263854647	0.9606788705	0.0285422775	0.0024989048	0.0146229990	0.0260433728	0.0121240942	0.0008146616	0.0000062445	0.0002138321	0.0006782573	0.0001469937	0.0010347382	0.0008252509	0.0018599892
0.5506666667	1.0526920705	0.9204825741	0.8960669881	0.8611350091	1.0272475009	0.9610163310	0.0294018884	0.0025189925	0.0149942979	0.0268828959	0.0124753054	0.0008644710	0.0000063453	0.0002248290	0.0007226901	0.0001556332	0.0010956453	0.0008783233	0.0019739687
0.5506666667	1.0593587371	0.9212728325	0.8960827616	0.8614507309	1.0281113218	0.9613517499	0.0302600463	0.0025365954	0.0153608651	0.0277234508	0.0128242697	0.0009156704	0.0000064343	0.0002359562	0.0007685897	0.0001644619	0.0011580609	0.0009330516	0.0020911125
0.5506666667	1.0660254038	0.9220624242	0.8960962982	0.8617624645	1.0289769370	0.9616851071	0.0311167453	0.0025517017	0.0157226701	0.0285650436	0.0131709684	0.0009682518	0.0000065112	0.0002472024	0.0008159617	0.0001734744	0.0012219654	0.0009894361	0.0022114015
0.5533333333	0.6660254038	0.8753266224	0.8922164554	0.8389735736	0.9810698033	0.9403251515	-0.0208990818	-0.0017874150	-0.0110777909	-0.0191116667	-0.0092903758	0.0004367716	0.0000031949	0.0001227175	0.0003652558	0.0000863111	0.0005626839	0.0004515669	0.0010142508
0.5533333333	0.6726920705	0.8760430367	0.8923066473	0.8393321284	0.9817735186	0.9406319352	-0.0200809628	-0.0016863327	-0.0106505090	-0.0183946301	-0.0089641763	0.0004032451	0.0000028437	0.0001134333	0.0003383624	0.0000803565	0.0005195221	0.0004187189	0.0009382410
0.5533333333	0.6793587371	0.8767654419	0.8923976671	0.8396970866	0.9824828932	0.9409449593	-0.0192566797	-0.0015843328	-0.0102157837	-0.0176723469	-0.0086314509	0.0003708197	0.0000025101	0.0001043622	0.0003123118	0.0000745019	0.0004776921	0.0003868138	0.0008645059
0.5533333333	0.6860254038	0.8774935099	0.8924893699	0.8400679719	0.9831977158	0.9412638404	-0.0184266220	-0.0014815780	-0.0097741918	-0.0169450440	-0.0082926138	0.0003395404	0.0000021951	0.0000955348	0.0002871345	0.0000687674	0.0004372703	0.0003559020	0.0007931723
0.5533333333	0.6926920705	0.8782269257	0.8925816169	0.8404443263	0.9839177831	0.9415882093	-0.0175911634	-0.0013782242	-0.0093262875	-0.0162129392	-0.0079480633	0.0003094490	0.0000018995	0.0000869796	0.0002628594	0.0000631717	0.0003983282	0.0003260311	0.0007243593
0.5533333333	0.6993587371	0.8789653867	0.8926742750	0.8408257093	0.9846428999	0.9419177105	-0.0167506623	-0.0012744205	-0.0088726030	-0.0154762418	-0.0075981825	0.0002805847	0.0000016241	0.0000787231	0.0002395141	0.0000577324	0.0003609319	0.0002972464	0.0006581784
0.5533333333	0.7060254038	0.8797086023	0.8927672168	0.8412116977	0.9853728785	0.9422520024	-0.0159054623	-0.0011703097	-0.0084136496	-0.0147351526	-0.0072433399	0.0002529837	0.0000013696	0.0000707895	0.0002171247	0.0000524660	0.0003251429	0.0002695907	0.0005947335
0.5533333333	0.7126920705	0.8804562936	0.8928603206	0.8416018848	0.9861075392	0.9425907563	-0.0150558926	-0.0010660284	-0.0079499178	-0.0139898642	-0.0068838893	0.0002266799	0.0000011364	0.0000632012	0.0001957163	0.0000473879	0.0002910175	0.0002431042	0.0005341217
0.5533333333	0.7193587371	0.8812081933	0.8929534696	0.8419958800	0.9868467095	0.9429336563	-0.0142022685	-0.0009617073	-0.0074818782	-0.0132405611	-0.0065201709	0.0002017044	0.0000009249	0.0000559785	0.0001753125	0.0000425126	0.0002586078	0.0002178251	0.0004764329
0.5533333333	0.7260254038	0.8819640449	0.8930465523	0.8423933081	0.9875902243	0.9432803989	-0.0133448915	-0.0008574714	-0.0070099824	-0.0124874200	-0.0061525110	0.0001780861	0.0000007353	0.0000491399	0.0001559357	0.0000378534	0.0002279612	0.0001937891	0.0004217503
0.5533333333	0.7326920705	0.8827236028	0.8931394618	0.8427938089	0.9883379254	0.9436306925	-0.0124840502	-0.0007534403	-0.0065346633	-0.0117306100	-0.0057812230	0.0001558515	0.0000005677	0.0000427018	0.0001376072	0.0000334225	0.0001991210	0.0001710297	0.0003701508
0.5533333333	0.7393587371	0.8834866317	0.8932320960	0.8431970368	0.9890896618	0.9439842574	-0.0116200205	-0.0006497281	-0.0060563357	-0.0109702924	-0.0054066076	0.0001350249	0.0000004221	0.0000366792	0.0001203473	0.0000292314	0.0001721262	0.0001495787	0.0003217049
0.5533333333	0.7460254038	0.8842529066	0.8933243572	0.8436026602	0.9898452891	0.9443408247	-0.0107530661	-0.0005464443	-0.0055753973	-0.0102066217	-0.0050289530	0.0001156284	0.0000002986	0.0000310851	0.0001041751	0.0000252904	0.0001470121	0.0001294655	0.0002764776
0.5533333333	0.7526920705	0.8850222118	0.8934161519	0.8440103609	0.9906046694	0.9447001369	-0.0098834384	-0.0004436933	-0.0050922288	-0.0094397451	-0.0046485355	0.0000976824	0.0000001969	0.0000259308	0.0000891088	0.0000216089	0.0001238100	0.0001107177	0.0002345277
0.5533333333	0.7593587371	0.8857943413	0.8935073907	0.8444198339	0.9913676713	0.9450619465	-0.0090113780	-0.0003415749	-0.0046071949	-0.0086698030	-0.0042656199	0.0000812049	0.0000001167	0.0000212262	0.0000751655	0.0000181955	0.0001025479	0.0000933610	0.0001959088
0.5533333333	0.7660254038	0.8865690981	0.8935979883	0.8448307865	0.9921341696	0.9454260166	-0.0081371138	-0.0002401846	-0.0041206446	-0.0078969292	-0.0038804600	0.0000662126	0.0000000577	0.0000169797	0.0000623615	0.0000150580	0.0000832500	0.0000774195	0.0001606695
0.5533333333	0.7726920705	0.8873462941	0.8936878629	0.8452429385	0.9929040451	0.9457921200	-0.0072608645	-0.0001396136	-0.0036329121	-0.0071212509	-0.0034932985	0.0000527202	0.0000000195	0.0000131981	0.0000507122	0.0000122031	0.0000659377	0.0000629153	0.0001288530
0.5533333333	0.7793587371	0.8881257496	0.8937769365	0.8456560210	0.9936771843	0.9461600390	-0.0063828383	-0.0000399489	-0.0031443169	-0.0063428894	-0.0031043680	0.0000407406	0.0000000016	0.0000098867	0.0000402322	0.0000096371	0.0000506289	0.0000498693	0.0001004983
0.5533333333	0.7860254038	0.8889072930	0.8938651343	0.8460697768	0.9944534795	0.9465295651	-0.0055032335	0.0000587261	-0.0026551647	-0.0055619595	-0.0027138908	0.0000302856	0.0000000034	0.0000070499	0.0000309354	0.0000073652	0.0000373389	0.0000383006	0.0000756395
0.5533333333	0.7926920705	0.8896907607	0.8939523849	0.8464839591	0.9952328286	0.9469004986	-0.0046222388	0.0001563319	-0.0021657477	-0.0047785706	-0.0023220795	0.0000213651	0.0000000244	0.0000046905	0.0000228347	0.0000053921	0.0000260800	0.0000282268	0.0000543068
0.5533333333	0.7993587371	0.8904759966	0.8940386203	0.8468983318	0.9960151345	0.9472726486	-0.0037400338	0.0002527925	-0.0016763451	-0.0039928263	-0.0019291377	0.0000139879	0.0000000639	0.0000028101	0.0000159427	0.0000037216	0.0000168619	0.0000196642	0.0000365261
0.5533333333	0.8060254038	0.8912628522	0.8941237752	0.8473126690	0.9968003054	0.9476458322	-0.0028567892	0.0003480354	-0.0011872240	-0.0032048245	-0.0015352594	0.0000081612	0.0000001211	0.0000014095	0.0000102709	0.0000023570	0.0000096919	0.0000126279	0.0000223198
0.5533333333	0.8126920705	0.8920511857	0.8942077872	0.8477267542	0.9975882546	0.9480198745	-0.0019726672	0.0004419911	-0.0006986393	-0.0024146583	-0.0011406304	0.0000038914	0.0000001954	0.0000004881	0.0000058306	0.0000013010	0.0000045749	0.0000071316	0.0000117065
0.5533333333	0.8193587371	0.8928408624	0.8942905968	0.8481403804	0.9983789001	0.9483946084	-0.0010878218	0.0005345935	-0.0002108343	-0.0016224153	-0.0007454279	0.0000011834	0.0000002858	0.0000000445	0.0000026322	0.0000005557	0.0000015136	0.0000031879	0.0000047015
0.5533333333	0.8260254038	0.8936317540	0.8943721471	0.8485533495	0.9991721644	0.9487698742	-0.0002023991	0.0006257793	0.0002759584	-0.0008281785	-0.0003498209	0.0000000410	0.0000003916	0.0000000762	0.0000006859	0.0000001224	0.0000005087	0.0000008083	0.0000013170
0.5533333333	0.8326920705	0.8944237386	0.8944523838	0.8489654721	0.9999679746	0.9491455191	0.0006834622	0.0007154881	0.0007615172	-0.0000320259	0.0000460291	0.0000004671	0.0000005119	0.0000005799	0.0000000010	0.0000000021	0.0000015590	0.0000000031	0.0000015621
0.5533333333	0.8393587371	0.8952167002	0.8945312547	0.8493765670	1.0007662622	0.9495213974	0.0015696309	0.0008036621	0.0012456304	0.0007659688	0.0004419683	0.0000024637	0.0000006459	0.0000015516	0.0000005867	0.0000001953	0.0000046612	0.0000007820	0.0000054433
0.5533333333	0.8460254038	0.8960105289	0.8946087103	0.8497864610	1.0015669628	0.9498973699	0.0024559827	0.0008902463	0.0017280963	0.0015657364	0.0008378500	0.0000060319	0.0000007925	0.0000029863	0.0000024515	0.0000007020	0.0000098107	0.0000031535	0.0000129642
0.5533333333	0.8526920705	0.8968051200	0.8946847031	0.8501949888	1.0023700159	0.9502733040	0.0033423998	0.0009751880	0.0022087225	0.0023672118	0.0012335345	0.0000111716	0.0000009510	0.0000048785	0.0000056037	0.0000015216	0.0000170011	0.0000071253	0.0000241264
0.5533333333	0.8593587371	0.8976003747	0.8947591877	0.8506019921	1.0031753650	0.9506490728	0.0042287710	0.0010584369	0.0026873255	0.0031703342	0.0016288887	0.0000178825	0.0000011203	0.0000072217	0.0000100510	0.0000026533	0.0000262245	0.0000127043	0.0000389288
0.5533333333	0.8660254038	0.8983961990	0.8948321208	0.8510073200	1.0039829573	0.9510245556	0.0051149913	0.0011399450	0.0031637309	0.0039750464	0.0020237859	0.0000261631	0.0000012995	0.0000100092	0.0000158010	0.0000040957	0.0000374718	0.0000198967	0.0000573685
0.5533333333	0.8726920705	0.8991925039	0.8949034610	0.8514108283	1.0047927437	0.9513996374	0.0060009615	0.0012196664	0.0036377722	0.0047812950	0.0024181057	0.0000360115	0.0000014876	0.0000132334	0.0000228608	0.0000058472	0.0000507325	0.0000287080	0.0000794405
0.5533333333	0.8793587371	0.8999892053	0.8949731686	0.8518123792	1.0056046782	0.9517742085	0.0068865879	0.0012975575	0.0041092910	0.0055890305	0.0028117336	0.0000474251	0.0000016837	0.0000168863	0.0000312373	0.0000079058	0.0000659950	0.0000391431	0.0001051381
0.5533333333	0.8860254038	0.9007862236	0.8950412060	0.8522118414	1.0064187186	0.9521481645	0.0077717826	0.0013735762	0.0045781367	0.0063982063	0.0032045605	0.0000604006	0.0000018867	0.0000209593	0.0000409370	0.0000102692	0.0000832467	0.0000512063	0.0001344529
0.5533333333	0.8926920705	0.9015834837	0.8951075369	0.8526090896	1.0072348254	0.9525214060	0.0086564625	0.0014476828	0.0050441659	0.0072087796	0.0035964831	0.0000749343	0.0000020958	0.0000254436	0.0000519665	0.0000129347	0.0001024737	0.0000649012	0.0001673749
0.5533333333	0.8993587371	0.9023809145	0.8951721268	0.8530040042	1.0080529626	0.9528938386	0.0095405496	0.0015198391	0.0055072424	0.0080207105	0.0039874033	0.0000910221	0.0000023099	0.0000303297	0.0000643318	0.0000158994	0.0001236617	0.0000802312	0.0002038929
0.5533333333	0.9060254038	0.9031784491	0.8952349429	0.8533964712	1.0088730968	0.9532653724	0.0104239708	0.0015900086	0.0059672365	0.0088339622	0.0043772278	0.0001086592	0.0000025281	0.0000356079	0.0000780389	0.0000191601	0.0001467952	0.0000971990	0.0002439942
0.5533333333	0.9126920705	0.9039760246	0.8952959534	0.8537863821	1.0096951976	0.9536359221	0.0113066574	0.0016581566	0.0064240251	0.0096485007	0.0047658685	0.0001278405	0.0000027495	0.0000412681	0.0000930936	0.0000227135	0.0001718581	0.0001158071	0.0002876652
0.5533333333	0.9193587371	0.9047735814	0.8953551284	0.8541736334	1.0105192372	0.9540054066	0.0121885450	0.0017242499	0.0068774916	0.0104642950	0.0051532416	0.0001485606	0.0000029730	0.0000472999	0.0001095015	0.0000265559	0.0001988336	0.0001360574	0.0003348909
0.5533333333	0.9260254038	0.9055710640	0.8954124392	0.8545581264	1.0113451906	0.9543737490	0.0130695734	0.0017882568	0.0073275248	0.0112813166	0.0055392680	0.0001708137	0.0000031979	0.0000536926	0.0001272681	0.0000306835	0.0002277042	0.0001579516	0.0003856558
0.5533333333	0.9326920705	0.9063684197	0.8954678581	0.8549397675	1.0121730350	0.9547408762	0.0139496865	0.0018501470	0.0077740198	0.0120995395	0.0059238728	0.0001945938	0.0000034230	0.0000604354	0.0001463989	0.0000350923	0.0002584522	0.0001814911	0.0004399433
0.5533333333	0.9393587371	0.9071655996	0.8955213591	0.8553184673	1.0130027503	0.9551067193	0.0148288318	0.0019098916	0.0082168766	0.0129189402	0.0063069850	0.0002198943	0.0000036477	0.0000675171	0.0001668990	0.0000397781	0.0002910590	0.0002066771	0.0004977361
0.5533333333	0.9460254038	0.9079625577	0.8955729169	0.8556941408	1.0138343183	0.9554712125	0.0157069606	0.0019674630	0.0086560009	0.0137394976	0.0066885379	0.0002467086	0.0000038709	0.0000749264	0.0001887738	0.0000447365	0.0003255059	0.0002335103	0.0005590162
0.5533333333	0.9526920705	0.9087592509	0.8956225078	0.8560667075	1.0146677232	0.9558342940	0.0165840274	0.0020228348	0.0090913031	0.0145611926	0.0070684683	0.0002750300	0.0000040919	0.0000826518	0.0002120283	0.0000499632	0.0003617736	0.0002619916	0.0006237652
0.5533333333	0.9593587371	0.9095556391	0.8956701089	0.8564360905	1.0155029514	0.9561959052	0.0174599904	0.0020759820	0.0095226986	0.0153840084	0.0074467167	0.0003048513	0.0000043097	0.0000906818	0.0002366677	0.0000554536	0.0003998428	0.0002921213	0.0006919641
0.5533333333	0.9660254038	0.9103516849	0.8957156983	0.8568022170	1.0163399912	0.9565559906	0.0183348106	0.0021268804	0.0099501074	0.0162079301	0.0078232270	0.0003361653	0.0000045236	0.0000990046	0.0002626970	0.0000612029	0.0004396935	0.0003238999	0.0007635934
0.5533333333	0.9726920705	0.9111473534	0.8957592552	0.8571650179	1.0171788326	0.9569144979	0.0192084521	0.0021755073	0.0103734537	0.0170329448	0.0081979464	0.0003689646	0.0000047328	0.0001076085	0.0002901212	0.0000672063	0.0004813060	0.0003573275	0.0008386335
0.5533333333	0.9793587371	0.9119426125	0.8958007597	0.8575244275	1.0180194676	0.9572713778	0.0200808820	0.0022218407	0.0107926662	0.0178590414	0.0085708255	0.0004032418	0.0000049366	0.0001164816	0.0003189454	0.0000734591	0.0005246600	0.0003924044	0.0009170645
0.5533333333	0.9860254038	0.9127374322	0.8958401929	0.8578803837	1.0188618901	0.9576265839	0.0209520701	0.0022658597	0.0112076775	0.0186862103	0.0089418177	0.0004389892	0.0000051341	0.0001256120	0.0003491745	0.0000799561	0.0005697354	0.0004291306	0.0009988660
0.5533333333	0.9926920705	0.9135317848	0.8958775366	0.8582328274	1.0197060954	0.9579800725	0.0218219886	0.0023075445	0.0116184240	0.0195144440	0.0093108794	0.0004761992	0.0000053248	0.0001349878	0.0003808135	0.0000866925	0.0006165117	0.0004675060	0.0010840177
0.5533333333	0.9993587371	0.9143256450	0.8959127736	0.8585817030	1.0205520805	0.9583318023	0.0226906123	0.0023468761	0.0120248459	0.0203437362	0.0096779698	0.0005148639	0.0000055078	0.0001445969	0.0004138676	0.0000936631	0.0006649686	0.0005075307	0.0011724993
0.5533333333	1.0060254038	0.9151189893	0.8959458873	0.8589269575	1.0213998437	0.9586817348	0.0235579186	0.0023838364	0.0124268871	0.0211740822	0.0100430507	0.0005549755	0.0000056827	0.0001544275	0.0004483418	0.0001008629	0.0007150857	0.0005492046	0.0012642904
0.5533333333	1.0126920705	0.9159117965	0.8959768622	0.8592685412	1.0222493852	0.9590298338	0.0244238868	0.0024184080	0.0128244945	0.0220054788	0.0104060865	0.0005965262	0.0000058487	0.0001644677	0.0004842411	0.0001082866	0.0007668426	0.0005925277	0.0013593703
0.5533333333	1.0193587371	0.9167040470	0.8960056831	0.8596064068	1.0231007060	0.9593760654	0.0252884985	0.0024505745	0.0132176187	0.0228379240	0.0107670442	0.0006395082	0.0000060053	0.0001747054	0.0005215708	0.0001159292	0.0008202189	0.0006375000	0.0014577189
0.5533333333	1.0260254038	0.9174957232	0.8960323359	0.8599405100	1.0239538089	0.9597203980	0.0261517374	0.0024803203	0.0136062131	0.0236714171	0.0111258928	0.0006839134	0.0000061520	0.0001851290	0.0005603360	0.0001237855	0.0008751944	0.0006841215	0.0015593159
0.5533333333	1.0326920705	0.9182868092	0.8960568069	0.8602708087	1.0248086976	0.9600628019	0.0270135890	0.0025076303	0.0139902341	0.0245059587	0.0114826038	0.0007297340	0.0000062882	0.0001957267	0.0006005420	0.0001318502	0.0009317489	0.0007323922	0.0016641411
0.5533333333	1.0393587371	0.9190772907	0.8960790831	0.8605972634	1.0256653771	0.9604032496	0.0278740407	0.0025324903	0.0143696412	0.0253415503	0.0118371509	0.0007769621	0.0000064135	0.0002064866	0.0006421942	0.0001401181	0.0009898622	0.0007823123	0.0017721746
0.5533333333	1.0460254038	0.9198671549	0.8960991524	0.8609198370	1.0265238534	0.9607417157	0.0287330816	0.0025548868	0.0147443963	0.0261781948	0.0121895095	0.0008255900	0.0000065274	0.0002173972	0.0006852979	0.0001485841	0.0010495146	0.0008338820	0.0018833967
0.5533333333	1.0526920705	0.9206563907	0.8961170028	0.8612384947	1.0273841338	0.9610781762	0.0295907027	0.0025748068	0.0151144641	0.0270158959	0.0125396573	0.0008756097	0.0000066296	0.0002284470	0.0007298586	0.0001572430	0.0011106863	0.0008871016	0.0019977880
0.5533333333	1.0593587371	0.9214449883	0.8961326233	0.8615532037	1.0282462264	0.9614126093	0.0304468961	0.0025922379	0.0154798118	0.0278546582	0.0128875738	0.0009270135	0.0000067197	0.0002396246	0.0007758820	0.0001660896	0.0011733578	0.0009419715	0.0021153293
0.5533333333	1.0660254038	0.9222329391	0.8961460033	0.8618639332	1.0291101403	0.9617449948	0.0313016560	0.0026071686	0.0158404088	0.0286944874	0.0132332402	0.0009797937	0.0000067973	0.0002509186	0.0008233736	0.0001751186	0.0012375095	0.0009984923	0.0022360018
0.5560000000	0.6660254038	0.8756335246	0.8922582694	0.8391346471	0.9813677884	0.9404616083	-0.0205485287	-0.0017405508	-0.0108858205	-0.0188079779	-0.0091452697	0.0004222420	0.0000030295	0.0001185011	0.0003537400	0.0000836360	0.0005437726	0.0004373760	0.0009811486
0.5560000000	0.6726920705	0.8763470934	0.8923490983	0.8394927239	0.9820675508	0.9407671566	-0.0197339434	-0.0016387594	-0.0104591901	-0.0180951840	-0.0088204307	0.0003894285	0.0000026855	0.0001093947	0.0003274357	0.0000778000	0.0005015087	0.0004052357	0.0009067444
0.5560000000	0.6793587371	0.8770666660	0.8924407332	0.8398571612	0.9827730104	0.9410789198	-0.0189131758	-0.0015360751	-0.0100251681	-0.0173771007	-0.0084890930	0.0003577082	0.0000023595	0.0001005040	0.0003019636	0.0000720647	0.0004605717	0.0003740283	0.0008346001
0.5560000000	0.6860254038	0.8777919150	0.8925330290	0.8402274846	0.9834839568	0.9413965168	-0.0180866145	-0.0014326609	-0.0095843291	-0.0166539536	-0.0081516682	0.0003271256	0.0000020525	0.0000918594	0.0002773542	0.0000664497	0.0004210375	0.0003438039	0.0007648414
0.5560000000	0.6926920705	0.8785225259	0.8926258466	0.8406032376	0.9842001878	0.9417195802	-0.0172546326	-0.0013286728	-0.0091372253	-0.0159259598	-0.0078085525	0.0002977223	0.0000017654	0.0000834889	0.0002536362	0.0000609735	0.0003829766	0.0003146097	0.0006975863
0.5560000000	0.6993587371	0.8792581966	0.8927190530	0.8409839814	0.9849215087	0.9420477568	-0.0164175876	-0.0012242601	-0.0086843867	-0.0151933276	-0.0074601266	0.0002695372	0.0000014988	0.0000754186	0.0002308372	0.0000556535	0.0003464546	0.0002864907	0.0006329453
0.5560000000	0.7060254038	0.8799986371	0.8928125208	0.8413692944	0.9856477329	0.9423807068	-0.0155758225	-0.0011195654	-0.0082263223	-0.0144562571	-0.0071067569	0.0002426062	0.0000012534	0.0000676724	0.0002089834	0.0000505060	0.0003115321	0.0002594894	0.0005710214
0.5560000000	0.7126920705	0.8807435691	0.8929061282	0.8417587716	0.9863786811	0.9427181033	-0.0147296656	-0.0010147254	-0.0077635207	-0.0137149402	-0.0067487952	0.0002169630	0.0000010297	0.0000602723	0.0001880996	0.0000455462	0.0002782650	0.0002336458	0.0005119108
0.5560000000	0.7193587371	0.8814927257	0.8929997586	0.8421520240	0.9871141814	0.9430596323	-0.0138794316	-0.0009098706	-0.0072964503	-0.0129695609	-0.0063865797	0.0001926386	0.0000008279	0.0000532382	0.0001682095	0.0000407884	0.0002467047	0.0002089979	0.0004557026
0.5560000000	0.7260254038	0.8822458511	0.8930933006	0.8425486781	0.9878540691	0.9434049920	-0.0130254213	-0.0008051258	-0.0068255607	-0.0122202955	-0.0060204348	0.0001696616	0.0000006482	0.0000465883	0.0001493356	0.0000362456	0.0002168981	0.0001855813	0.0004024794
0.5560000000	0.7326920705	0.8830027001	0.8931866475	0.8429483752	0.9885981866	0.9437538924	-0.0121679228	-0.0007006104	-0.0063512825	-0.0114673124	-0.0056506722	0.0001480583	0.0000004909	0.0000403388	0.0001314993	0.0000319301	0.0001888880	0.0001634293	0.0003523173
0.5560000000	0.7393587371	0.8837630379	0.8932796975	0.8433507714	0.9893463832	0.9441060552	-0.0113072112	-0.0005964382	-0.0058740289	-0.0107107729	-0.0052775907	0.0001278530	0.0000003557	0.0000345042	0.0001147207	0.0000278530	0.0001627130	0.0001425736	0.0003052866
0.5560000000	0.7460254038	0.8845266398	0.8933723532	0.8437555366	0.9900985146	0.9444612133	-0.0104435495	-0.0004927184	-0.0053941953	-0.0099508311	-0.0049014769	0.0001090677	0.0000002428	0.0000290973	0.0000990190	0.0000240245	0.0001384078	0.0001230435	0.0002614514
0.5560000000	0.7526920705	0.8852932908	0.8934645213	0.8441623541	0.9908544433	0.9448191103	-0.0095771890	-0.0003895549	-0.0049121606	-0.0091876341	-0.0045226057	0.0000917225	0.0000001518	0.0000241293	0.0000844126	0.0000204540	0.0001160036	0.0001048666	0.0002208702
0.5560000000	0.7593587371	0.8860627853	0.8935561129	0.8445709202	0.9916140380	0.9451795003	-0.0087083694	-0.0002870473	-0.0044282876	-0.0084213220	-0.0041412403	0.0000758357	0.0000000824	0.0000196097	0.0000709187	0.0000171499	0.0000955278	0.0000880685	0.0001835964
0.5560000000	0.7660254038	0.8868349265	0.8936470429	0.8449809440	0.9923771735	0.9455421475	-0.0078373193	-0.0001852906	-0.0039429236	-0.0076520287	-0.0037576330	0.0000614236	0.0000000343	0.0000155466	0.0000585535	0.0000141198	0.0000770046	0.0000726733	0.0001496779
0.5560000000	0.7726920705	0.8876095269	0.8937372299	0.8453921465	0.9931437308	0.9459068261	-0.0069642569	-0.0000843754	-0.0034564009	-0.0068798814	-0.0033720254	0.0000485009	0.0000000071	0.0000119467	0.0000473328	0.0000113706	0.0000604547	0.0000587033	0.0001191580
0.5560000000	0.7793587371	0.8883864069	0.8938265964	0.8458042603	0.9939135963	0.9462733194	-0.0060893899	0.0000156114	-0.0029690372	-0.0061050014	-0.0029846487	0.0000370807	0.0000000002	0.0000088152	0.0000372710	0.0000089081	0.0000458961	0.0000461792	0.0000920753
0.5560000000	0.7860254038	0.8891653954	0.8939150680	0.8462170294	0.9946866623	0.9466414201	-0.0052129164	0.0001145873	-0.0024811367	-0.0053275037	-0.0025957239	0.0000271745	0.0000000131	0.0000061560	0.0000283823	0.0000067378	0.0000333437	0.0000351201	0.0000684637
0.5560000000	0.7926920705	0.8899463291	0.8940025738	0.8466302084	0.9954628265	0.9470109295	-0.0043350247	0.0002124730	-0.0019929898	-0.0045474977	-0.0022054628	0.0000187924	0.0000000451	0.0000039720	0.0000206797	0.0000048641	0.0000228096	0.0000255438	0.0000483534
0.5560000000	0.7993587371	0.8907290522	0.8940890461	0.8470435626	0.9962419918	0.9473816577	-0.0034558940	0.0003091932	-0.0015048743	-0.0037650872	-0.0018140675	0.0000119432	0.0000000956	0.0000022646	0.0000141759	0.0000032908	0.0000143035	0.0000174667	0.0000317702
0.5560000000	0.8060254038	0.8915134163	0.8941744201	0.8474568671	0.9970240663	0.9477534227	-0.0025756949	0.0004046757	-0.0010170557	-0.0029803706	-0.0014217314	0.0000066342	0.0000001638	0.0000010344	0.0000088826	0.0000020213	0.0000078324	0.0000109039	0.0000187363
0.5560000000	0.8126920705	0.8922992801	0.8942586338	0.8478699066	0.9978089630	0.9481260505	-0.0016945891	0.0004988518	-0.0005297873	-0.0021934409	-0.0010286391	0.0000028716	0.0000002489	0.0000002807	0.0000048112	0.0000010581	0.0000034012	0.0000058693	0.0000092704
0.5560000000	0.8193587371	0.8930865089	0.8943416284	0.8482824754	0.9985965995	0.9484993748	-0.0008127305	0.0005916556	-0.0000433112	-0.0014043862	-0.0006349669	0.0000006605	0.0000003501	0.0000000019	0.0000019723	0.0000004032	0.0000010125	0.0000023755	0.0000033879
0.5560000000	0.8260254038	0.8938749747	0.8944233472	0.8486943764	0.9993868983	0.9488732367	0.0000697349	0.0006830246	0.0004421415	-0.0006132898	-0.0002408831	0.0000000049	0.0000004665	0.0000001955	0.0000003761	0.0000000580	0.0000006669	0.0000004341	0.0000011010
0.5560000000	0.8326920705	0.8946645557	0.8945037364	0.8491054213	1.0001797861	0.9492474841	0.0009526687	0.0007728988	0.0009263504	0.0001797699	0.0001534516	0.0000009076	0.0000005974	0.0000008581	0.0000000323	0.0000000235	0.0000023631	0.0000000559	0.0000024189
0.5560000000	0.8393587371	0.8954551361	0.8945827444	0.8495154300	1.0009751940	0.9496219721	0.0018359398	0.0008612210	0.0014091052	0.0009747188	0.0005478842	0.0000033707	0.0000007417	0.0000019856	0.0000009501	0.0000003002	0.0000060980	0.0000012503	0.0000073482
0.5560000000	0.8460254038	0.8962466061	0.8946603220	0.8499242302	1.0017730573	0.9499965621	0.0027194239	0.0009479366	0.0018902053	0.0017714873	0.0009422687	0.0000073953	0.0000008986	0.0000035729	0.0000031382	0.0000008879	0.0000118667	0.0000040260	0.0000158928
0.5560000000	0.8526920705	0.8970388612	0.8947364223	0.8503316575	1.0025733153	0.9503711219	0.0036030035	0.0010329935	0.0023694594	0.0025700100	0.0013364659	0.0000129816	0.0000010671	0.0000056143	0.0000066050	0.0000017861	0.0000196630	0.0000083911	0.0000280541
0.5560000000	0.8593587371	0.8978318026	0.8948110004	0.8507375547	1.0033759109	0.9507455255	0.0044865674	0.0011163420	0.0028466854	0.0033702253	0.0017303433	0.0000201293	0.0000012462	0.0000081036	0.0000113584	0.0000029941	0.0000294791	0.0000143525	0.0000438316
0.5560000000	0.8660254038	0.8986253364	0.8948840132	0.8511417716	1.0041807911	0.9511196524	0.0053700104	0.0011979346	0.0033217095	0.0041720759	0.0021237750	0.0000288370	0.0000014350	0.0000110338	0.0000174062	0.0000045104	0.0000413058	0.0000219166	0.0000632225
0.5560000000	0.8726920705	0.8994193736	0.8949554200	0.8515441649	1.0049879061	0.9514933883	0.0062532335	0.0012777258	0.0037943666	0.0049755077	0.0025166408	0.0000391029	0.0000016326	0.0000143972	0.0000247557	0.0000063335	0.0000551327	0.0000310892	0.0000862219
0.5560000000	0.8793587371	0.9002138303	0.8950251815	0.8519445977	1.0057972098	0.9518666237	0.0071361431	0.0013556725	0.0042644992	0.0057804707	0.0029088267	0.0000509245	0.0000018378	0.0000181860	0.0000334138	0.0000084613	0.0000709483	0.0000418751	0.0001128235
0.5560000000	0.8860254038	0.9010086268	0.8950932604	0.8523429394	1.0066086593	0.9522392549	0.0080186511	0.0014317332	0.0047319575	0.0065869178	0.0033002243	0.0000642988	0.0000020499	0.0000223914	0.0000433875	0.0000108915	0.0000887400	0.0000542790	0.0001430190
0.5560000000	0.8926920705	0.9018036880	0.8951596210	0.8527390654	1.0074222148	0.9526111828	0.0089006744	0.0015058687	0.0051965991	0.0073948057	0.0036907304	0.0000792220	0.0000022676	0.0000270046	0.0000546832	0.0000136215	0.0001084943	0.0000683046	0.0001767989
0.5560000000	0.8993587371	0.9025989429	0.8952242291	0.8531328568	1.0082378397	0.9529823133	0.0097821350	0.0015780411	0.0056582885	0.0082040939	0.0040802474	0.0000956902	0.0000024902	0.0000320162	0.0000673072	0.0000166484	0.0001301966	0.0000839556	0.0002141522
0.5560000000	0.9060254038	0.9033943245	0.8952870523	0.8535242004	1.0090555003	0.9533525568	0.0106629596	0.0016482145	0.0061168969	0.0090147451	0.0044686823	0.0001136987	0.0000027166	0.0000374164	0.0000812656	0.0000199691	0.0001538317	0.0001012348	0.0002550665
0.5560000000	0.9126920705	0.9041897698	0.8953480594	0.8539129882	1.0098751656	0.9537218283	0.0115430795	0.0017163547	0.0065723020	0.0098267248	0.0048559472	0.0001332427	0.0000029459	0.0000431952	0.0000965645	0.0000235802	0.0001793837	0.0001201447	0.0002995285
0.5560000000	0.9193587371	0.9049852193	0.8954072208	0.8542991174	1.0106968073	0.9540900470	0.0124224301	0.0017824289	0.0070243877	0.0106400012	0.0052419588	0.0001543168	0.0000031771	0.0000493420	0.0001132096	0.0000274781	0.0002068358	0.0001406878	0.0003475236
0.5560000000	0.9260254038	0.9057806172	0.8954645080	0.8546824899	1.0115203999	0.9544571362	0.0133009512	0.0018464058	0.0074730438	0.0114545454	0.0056266380	0.0001769153	0.0000034092	0.0000558464	0.0001312066	0.0000316591	0.0002361709	0.0001628657	0.0003990366
0.5560000000	0.9326920705	0.9065759111	0.8955198939	0.8550630125	1.0123459202	0.9548230232	0.0141785864	0.0019082555	0.0079181657	0.0122703308	0.0060099102	0.0002010323	0.0000036414	0.0000626973	0.0001505610	0.0000361190	0.0002673711	0.0001866800	0.0004540511
0.5560000000	0.9393587371	0.9073710517	0.8955733528	0.8554405964	1.0131733474	0.9551876390	0.0150552831	0.0019679497	0.0083596543	0.0130873334	0.0063917047	0.0002266615	0.0000038728	0.0000698838	0.0001712783	0.0000408539	0.0003004182	0.0002121322	0.0005125504
0.5560000000	0.9460254038	0.9081659930	0.8956248599	0.8558151573	1.0140026630	0.9555509182	0.0159309924	0.0020254610	0.0087974157	0.0139055314	0.0067719547	0.0002537965	0.0000041025	0.0000773945	0.0001933638	0.0000458594	0.0003352935	0.0002392232	0.0005745167
0.5560000000	0.9526920705	0.9089606919	0.8956743917	0.8561866148	1.0148338507	0.9559127990	0.0168056688	0.0020807636	0.0092313610	0.0147249052	0.0071505974	0.0002824305	0.0000043296	0.0000852180	0.0002168228	0.0000511310	0.0003719781	0.0002679539	0.0006399320
0.5560000000	0.9593587371	0.9097551080	0.8957219255	0.8565548927	1.0156668963	0.9562732230	0.0176792701	0.0021338327	0.0096614059	0.0155454374	0.0075275732	0.0003125566	0.0000045532	0.0000933428	0.0002416606	0.0000566644	0.0004104526	0.0002983250	0.0007087776
0.5560000000	0.9660254038	0.9105492040	0.8957674401	0.8569199185	1.0165017874	0.9566321348	0.0185517571	0.0021846446	0.0100874710	0.0163671125	0.0079028263	0.0003441677	0.0000047727	0.0001017571	0.0002678824	0.0000624547	0.0004506974	0.0003303370	0.0007810345
0.5560000000	0.9726920705	0.9113429447	0.8958109148	0.8572816236	1.0173385138	0.9569894823	0.0194230939	0.0022331769	0.0105094809	0.0171899170	0.0082763040	0.0003772566	0.0000049871	0.0001104492	0.0002954932	0.0000684972	0.0004926928	0.0003639905	0.0008566833
0.5560000000	0.9793587371	0.9121362979	0.8958523300	0.8576399426	1.0181770670	0.9573452162	0.0202932472	0.0022794080	0.0109273648	0.0180138392	0.0086479568	0.0004118159	0.0000051957	0.0001194073	0.0003244984	0.0000747872	0.0005364189	0.0003992856	0.0009357044
0.5560000000	0.9860254038	0.9129292334	0.8958916672	0.8579948137	1.0190174402	0.9576992901	0.0211621865	0.0023233174	0.0113410556	0.0188388691	0.0090177382	0.0004478381	0.0000053978	0.0001286195	0.0003549030	0.0000813196	0.0005818555	0.0004362226	0.0010180781
0.5560000000	0.9926920705	0.9137217236	0.8959289085	0.8583461784	1.0198596282	0.9580516603	0.0220298839	0.0023648855	0.0117504901	0.0196649984	0.0093856046	0.0004853158	0.0000055927	0.0001380740	0.0003867122	0.0000880896	0.0006289825	0.0004748017	0.0011037842
0.5560000000	0.9993587371	0.9145137427	0.8959640370	0.8586939810	1.0207036276	0.9584022858	0.0228963141	0.0024040937	0.0121556089	0.0204922204	0.0097515152	0.0005242412	0.0000057797	0.0001477588	0.0004199311	0.0000950920	0.0006777797	0.0005150231	0.0011928028
0.5560000000	1.0060254038	0.9153052673	0.8959970363	0.8590381692	1.0215494362	0.9587511279	0.0237614540	0.0024409241	0.0125563561	0.0213205298	0.0101154320	0.0005646067	0.0000059581	0.0001576621	0.0004545650	0.0001023220	0.0007282269	0.0005568870	0.0012851138
0.5560000000	1.0126920705	0.9160962759	0.8960278912	0.8593786932	1.0223970536	0.9590981504	0.0246252827	0.0024753599	0.0129526791	0.0221499228	0.0104773192	0.0006064045	0.0000061274	0.0001677719	0.0004906191	0.0001097742	0.0007803038	0.0006003933	0.0013806971
0.5560000000	1.0193587371	0.9168867488	0.8960565869	0.8597155062	1.0232464804	0.9594433196	0.0254877816	0.0025073848	0.0133445285	0.0229803968	0.0108371437	0.0006496270	0.0000062870	0.0001780764	0.0005280986	0.0001174437	0.0008339904	0.0006455423	0.0014795328
0.5560000000	1.0260254038	0.9176766682	0.8960831093	0.8600485640	1.0240977189	0.9597866036	0.0263489341	0.0025369834	0.0137318581	0.0238119507	0.0111948747	0.0006942663	0.0000064363	0.0001885639	0.0005670090	0.0001253252	0.0008892665	0.0006923342	0.0015816008
0.5560000000	1.0326920705	0.9184660179	0.8961074451	0.8603778248	1.0249507723	0.9601279729	0.0272087254	0.0025641411	0.0141146246	0.0246445844	0.0115504836	0.0007403147	0.0000065748	0.0001992226	0.0006073555	0.0001334137	0.0009461122	0.0007407692	0.0016868814
0.5560000000	1.0393587371	0.9192547836	0.8961295817	0.8607032493	1.0258056450	0.9604673999	0.0280671428	0.0025888438	0.0144927876	0.0254782990	0.0119039438	0.0007877645	0.0000067021	0.0002100409	0.0006491437	0.0001417039	0.0010045075	0.0007908476	0.0017953551
0.5560000000	1.0460254038	0.9200429522	0.8961495069	0.8610248006	1.0266623428	0.9608048591	0.0289241750	0.0026110782	0.0148663092	0.0263130968	0.0122552309	0.0008366079	0.0000068177	0.0002210071	0.0006923791	0.0001501907	0.0010644328	0.0008425697	0.0019070025
0.5560000000	1.0526920705	0.9208305125	0.8961672091	0.8613424440	1.0275208723	0.9611403265	0.0297798126	0.0026308317	0.0152351543	0.0271489809	0.0126043225	0.0008868372	0.0000069213	0.0002321099	0.0007370672	0.0001588689	0.0011258684	0.0008959361	0.0020218045
0.5560000000	1.0593587371	0.9216174543	0.8961826776	0.8616561468	1.0283812412	0.9614737803	0.0306340477	0.0026480922	0.0155992902	0.0279859555	0.0129511979	0.0009384449	0.0000070124	0.0002433379	0.0007832137	0.0001677335	0.0011887951	0.0009509472	0.0021397424
0.5560000000	1.0660254038	0.9224037692	0.8961959018	0.8619658786	1.0292434582	0.9618052001	0.0314868740	0.0026628483	0.0159586866	0.0288240257	0.0132958383	0.0009914232	0.0000070908	0.0002546797	0.0008308245	0.0001767793	0.0012531937	0.0010076038	0.0022607974
0.5586666667	0.6660254038	0.8759390815	0.8922996156	0.8392937551	0.9816647527	0.9405963428	-0.0201996343	-0.0016942131	-0.0106962289	-0.0185054213	-0.0090020158	0.0004080252	0.0000028704	0.0001144093	0.0003424506	0.0000810363	0.0005253049	0.0004234869	0.0009487918
0.5586666667	0.6726920705	0.8766498764	0.8923911154	0.8396514639	0.9823606054	0.9409007433	-0.0193884972	-0.0015916745	-0.0102701176	-0.0177968227	-0.0086784431	0.0003759138	0.0000025334	0.0001054753	0.0003167269	0.0000753154	0.0004839226	0.0003920423	0.0008759648
0.5586666667	0.6793587371	0.8773666856	0.8924833980	0.8400154864	0.9830621920	0.9412113304	-0.0185711626	-0.0014882693	-0.0098366714	-0.0170828933	-0.0083484021	0.0003448881	0.0000022149	0.0000967601	0.0002918252	0.0000696958	0.0004438631	0.0003615211	0.0008053842
0.5586666667	0.6860254038	0.8780891824	0.8925763179	0.8403853499	0.9837693032	0.9415277248	-0.0177480183	-0.0013841609	-0.0093964628	-0.0163638574	-0.0080123020	0.0003149922	0.0000019159	0.0000882935	0.0002677758	0.0000641970	0.0004052016	0.0003319728	0.0007371744
0.5586666667	0.6926920705	0.8788170527	0.8926697360	0.8407605996	0.9844817375	0.9418495617	-0.0169194363	-0.0012795052	-0.0089500415	-0.0156399311	-0.0076705363	0.0002862673	0.0000016371	0.0000801032	0.0002446074	0.0000588371	0.0003680077	0.0003034446	0.0006714523
0.5586666667	0.6993587371	0.8795499953	0.8927635192	0.8411407986	0.9851993013	0.9421764897	-0.0160857735	-0.0011744515	-0.0084979353	-0.0149113219	-0.0073234838	0.0002587521	0.0000013793	0.0000722149	0.0002223475	0.0000536334	0.0003323463	0.0002759809	0.0006083273
0.5586666667	0.7060254038	0.8802877206	0.8928575400	0.8415255271	0.9859218085	0.9425081710	-0.0152473719	-0.0010691427	-0.0080406510	-0.0141782292	-0.0069715083	0.0002324823	0.0000011431	0.0000646521	0.0002010222	0.0000486019	0.0002982775	0.0002496241	0.0005479016
0.5586666667	0.7126920705	0.8810299510	0.8929516769	0.8419143817	0.9866490805	0.9428442809	-0.0144045592	-0.0009637149	-0.0075786747	-0.0134408443	-0.0066149598	0.0002074913	0.0000009287	0.0000574363	0.0001806563	0.0000437577	0.0002658564	0.0002244140	0.0004902704
0.5586666667	0.7193587371	0.8817764202	0.8930458134	0.8423069752	0.9873809461	0.9431845069	-0.0135576491	-0.0008582988	-0.0071124729	-0.0126993504	-0.0062541741	0.0001838099	0.0000007367	0.0000505873	0.0001612735	0.0000391147	0.0002351338	0.0002003882	0.0004355220
0.5586666667	0.7260254038	0.8825268729	0.8931398383	0.8427029358	0.9881172410	0.9435285492	-0.0127069420	-0.0007530187	-0.0066424927	-0.0119539233	-0.0058894740	0.0001614664	0.0000005670	0.0000441227	0.0001428963	0.0000346859	0.0002061561	0.0001775822	0.0003837383
0.5586666667	0.7326920705	0.8832810645	0.8932336452	0.8431019068	0.9888578081	0.9438761194	-0.0118527249	-0.0006479938	-0.0061691628	-0.0112047311	-0.0055211690	0.0001404871	0.0000004199	0.0000380586	0.0001255460	0.0000304833	0.0001789656	0.0001560293	0.0003349949
0.5586666667	0.7393587371	0.8840387608	0.8933271325	0.8435035455	0.9896024969	0.9442269410	-0.0109952725	-0.0005433376	-0.0056928940	-0.0104519348	-0.0051495563	0.0001208960	0.0000002952	0.0000324090	0.0001092429	0.0000265179	0.0001536003	0.0001357609	0.0002893611
0.5586666667	0.7460254038	0.8847997375	0.8934202030	0.8439075238	0.9903511635	0.9445807482	-0.0101348470	-0.0004391589	-0.0052140797	-0.0096956881	-0.0047749208	0.0001027151	0.0000001929	0.0000271866	0.0000940064	0.0000227999	0.0001300946	0.0001168062	0.0002469008
0.5586666667	0.7526920705	0.8855637802	0.8935127640	0.8443135264	0.9911036707	0.9449372862	-0.0092716992	-0.0003355613	-0.0047330969	-0.0089361379	-0.0043975356	0.0000859644	0.0000001126	0.0000224022	0.0000798546	0.0000193383	0.0001084792	0.0000991929	0.0002076721
0.5586666667	0.7593587371	0.8863306837	0.8936047269	0.8447212515	0.9918598873	0.9452963106	-0.0084060681	-0.0002326437	-0.0042503063	-0.0081734243	-0.0040176626	0.0000706620	0.0000000541	0.0000180651	0.0000668049	0.0000161416	0.0000887812	0.0000829465	0.0001717277
0.5586666667	0.7660254038	0.8871002518	0.8936960069	0.8451304094	0.9926196882	0.9456575870	-0.0075381818	-0.0001305008	-0.0037660532	-0.0074076810	-0.0036355524	0.0000568242	0.0000000170	0.0000141832	0.0000548737	0.0000132172	0.0000710244	0.0000680910	0.0001391154
0.5586666667	0.7726920705	0.8878722972	0.8937865233	0.8455407228	0.9933829545	0.9460208906	-0.0066682580	-0.0000292228	-0.0032806680	-0.0066390352	-0.0032514452	0.0000444657	0.0000000009	0.0000107628	0.0000440768	0.0000105719	0.0000552293	0.0000546487	0.0001098780
0.5586666667	0.7793587371	0.8886466408	0.8938761986	0.8459519257	0.9941495726	0.9463860062	-0.0057965040	0.0000711041	-0.0027944668	-0.0058676082	-0.0028655709	0.0000335995	0.0000000051	0.0000078090	0.0000344288	0.0000082115	0.0000414136	0.0000426403	0.0000840539
0.5586666667	0.7860254038	0.8894231120	0.8939649592	0.8463637635	0.9949194348	0.9467527276	-0.0049231174	0.0001703978	-0.0023077516	-0.0050935151	-0.0024781494	0.0000242371	0.0000000290	0.0000053257	0.0000259439	0.0000061412	0.0000295918	0.0000320851	0.0000616770
0.5586666667	0.7926920705	0.8902015478	0.8940527346	0.8467759924	0.9956924388	0.9471208572	-0.0040482859	0.0002685795	-0.0018208114	-0.0043168655	-0.0020893910	0.0000163886	0.0000000721	0.0000033154	0.0000186353	0.0000043656	0.0000197761	0.0000230009	0.0000427770
0.5586666667	0.7993587371	0.8909817926	0.8941394575	0.8471883788	0.9964684873	0.9474902060	-0.0031721887	0.0003655745	-0.0013339223	-0.0035377632	-0.0016994969	0.0000100628	0.0000001336	0.0000017793	0.0000125158	0.0000028883	0.0000119758	0.0000154041	0.0000273798
0.5586666667	0.8060254038	0.8917636985	0.8942250635	0.8476006992	0.9972474882	0.9478605932	-0.0022949957	0.0004613112	-0.0008473480	-0.0027563069	-0.0013086593	0.0000052670	0.0000002128	0.0000007180	0.0000075972	0.0000017126	0.0000061978	0.0000093098	0.0000155076
0.5586666667	0.8126920705	0.8925471243	0.8943094914	0.8480127397	0.9980293543	0.9482318457	-0.0014168685	0.0005557214	-0.0003613404	-0.0019725899	-0.0009170618	0.0000020075	0.0000003088	0.0000001306	0.0000038911	0.0000008410	0.0000024469	0.0000047321	0.0000071790
0.5586666667	0.8193587371	0.8933319358	0.8943926826	0.8484242956	0.9988140032	0.9486037980	-0.0005379608	0.0006487398	0.0001238599	-0.0011867006	-0.0005248799	0.0000002894	0.0000004209	0.0000000153	0.0000014083	0.0000002755	0.0000007256	0.0000016838	0.0000024094
0.5586666667	0.8260254038	0.8941180050	0.8944745810	0.8488351711	0.9996013570	0.9489762920	0.0003415819	0.0007403044	0.0006080234	-0.0003987225	-0.0001322809	0.0000001167	0.0000005481	0.0000003697	0.0000001590	0.0000000175	0.0000010344	0.0000001765	0.0000012109
0.5586666667	0.8326920705	0.8949052104	0.8945551333	0.8492451791	1.0003913422	0.9493491765	0.0012216213	0.0008303557	0.0010909311	0.0003912656	0.0002605753	0.0000014924	0.0000006895	0.0000011901	0.0000001531	0.0000000679	0.0000033720	0.0000002210	0.0000035930
0.5586666667	0.8393587371	0.8956934365	0.8946342883	0.8496541405	1.0011838895	0.9497223073	0.0021020265	0.0009188372	0.0015723738	0.0011831893	0.0006535366	0.0000044185	0.0000008443	0.0000024724	0.0000013999	0.0000004271	0.0000077351	0.0000018270	0.0000095622
0.5586666667	0.8460254038	0.8964825735	0.8947119975	0.8500618841	1.0019789340	0.9500955464	0.0029826733	0.0010056948	0.0020521524	0.0019769785	0.0010464576	0.0000088963	0.0000010114	0.0000042113	0.0000039084	0.0000010951	0.0000141191	0.0000050035	0.0000191226
0.5586666667	0.8526920705	0.8972725173	0.8947882143	0.8504682466	1.0027764145	0.9504687624	0.0038634444	0.0010908770	0.0025300768	0.0027725674	0.0014391998	0.0000149262	0.0000011900	0.0000064013	0.0000076871	0.0000020713	0.0000225175	0.0000097584	0.0000322759
0.5586666667	0.8593587371	0.8980631689	0.8948628942	0.8508730716	1.0035762738	0.9508418296	0.0047442286	0.0011743345	0.0030059660	0.0035698941	0.0018316316	0.0000225077	0.0000013791	0.0000090358	0.0000127441	0.0000033549	0.0000329226	0.0000160990	0.0000490216
0.5586666667	0.8660254038	0.8988544347	0.8949359948	0.8512762099	1.0043784582	0.9512146286	0.0056249210	0.0012560204	0.0034796476	0.0043689006	0.0022236272	0.0000316397	0.0000015776	0.0000121079	0.0000190873	0.0000049445	0.0000453253	0.0000240318	0.0000693571
0.5586666667	0.8726920705	0.8996462258	0.8950074758	0.8516775192	1.0051829177	0.9515870451	0.0065054225	0.0013358899	0.0039509573	0.0051695326	0.0026150674	0.0000423205	0.0000017846	0.0000156101	0.0000267241	0.0000068386	0.0000597152	0.0000335626	0.0000932778
0.5586666667	0.8793587371	0.9004384584	0.8950772983	0.8520768634	1.0059896057	0.9519589705	0.0073856395	0.0014139001	0.0044197387	0.0059717394	0.0030058385	0.0000545477	0.0000019991	0.0000195341	0.0000356617	0.0000090351	0.0000760809	0.0000446967	0.0001207776
0.5586666667	0.8860254038	0.9012310528	0.8951454254	0.8524741127	1.0067984790	0.9523303013	0.0082654839	0.0014900104	0.0048858430	0.0067754735	0.0033958326	0.0000683182	0.0000022201	0.0000238715	0.0000459070	0.0000115317	0.0000944098	0.0000574387	0.0001518485
0.5586666667	0.8926920705	0.9020239339	0.8952118221	0.8528691433	1.0076094972	0.9527009388	0.0091448728	0.0015641818	0.0053491288	0.0075806910	0.0037849470	0.0000836287	0.0000024467	0.0000286132	0.0000574669	0.0000143258	0.0001146885	0.0000717927	0.0001864812
0.5586666667	0.8993587371	0.9028170308	0.8952764544	0.8532618372	1.0084226234	0.9530707894	0.0100237280	0.0016363770	0.0058094614	0.0083873510	0.0041730844	0.0001004751	0.0000026777	0.0000337498	0.0000703477	0.0000174146	0.0001369027	0.0000877623	0.0002246650
0.5586666667	0.9060254038	0.9036102766	0.8953392904	0.8536520817	1.0092378233	0.9534397640	0.0109019763	0.0017065607	0.0062667130	0.0091954155	0.0045601523	0.0001188531	0.0000029123	0.0000392717	0.0000845557	0.0000207950	0.0001610371	0.0001053507	0.0002663878
0.5586666667	0.9126920705	0.9044036081	0.8954002994	0.8540397697	1.0100550655	0.9538077776	0.0117795487	0.0017746990	0.0067207621	0.0100048496	0.0049460631	0.0001387578	0.0000031496	0.0000451686	0.0001000970	0.0000244635	0.0001870760	0.0001245606	0.0003116365
0.5586666667	0.9193587371	0.9051969659	0.8954594521	0.8544247988	1.0108743213	0.9541747500	0.0126563807	0.0018407597	0.0071714933	0.0108156210	0.0053307336	0.0001601840	0.0000033884	0.0000514303	0.0001169777	0.0000284167	0.0002150027	0.0001453944	0.0003603971
0.5586666667	0.9260254038	0.9059902941	0.8955167205	0.8548070717	1.0116955646	0.9545406045	0.0135324119	0.0019047118	0.0076187971	0.0116277001	0.0057140852	0.0001831262	0.0000036279	0.0000580461	0.0001352034	0.0000326508	0.0002448002	0.0001678542	0.0004126543
0.5586666667	0.9326920705	0.9067835403	0.8955720779	0.8551864958	1.0125187718	0.9549052689	0.0144075859	0.0019665261	0.0080625696	0.0124410599	0.0060960435	0.0002075785	0.0000038672	0.0000650050	0.0001547800	0.0000371617	0.0002764508	0.0001919417	0.0004683925
0.5586666667	0.9393587371	0.9075766552	0.8956254988	0.8555629829	1.0133439216	0.9552686742	0.0152818500	0.0020261744	0.0085027124	0.0132556756	0.0064765381	0.0002335349	0.0000041054	0.0000722961	0.0001757129	0.0000419455	0.0003099364	0.0002176585	0.0005275949
0.5586666667	0.9460254038	0.9083695927	0.8956769590	0.8559364490	1.0141709949	0.9556307555	0.0161551550	0.0020836300	0.0089391323	0.0140715250	0.0068555023	0.0002609890	0.0000043415	0.0000799081	0.0001980078	0.0000469979	0.0003452386	0.0002450057	0.0005902444
0.5586666667	0.9526920705	0.9091623095	0.8957264353	0.8563068145	1.0149999751	0.9559914509	0.0170274554	0.0021388674	0.0093717408	0.0148885880	0.0072328734	0.0002899342	0.0000045748	0.0000878295	0.0002216701	0.0000523145	0.0003823385	0.0002739845	0.0006563230
0.5586666667	0.9593587371	0.9099547653	0.8957739054	0.8566740035	1.0158308473	0.9563507023	0.0178987086	0.0021918622	0.0098004543	0.0157068464	0.0076085921	0.0003203638	0.0000048043	0.0000960489	0.0002467050	0.0000578907	0.0004212169	0.0003045957	0.0007258126
0.5586666667	0.9660254038	0.9107469225	0.8958193482	0.8570379441	1.0166635988	0.9567084545	0.0187688756	0.0022425912	0.0102251938	0.0165262844	0.0079826026	0.0003522707	0.0000050292	0.0001045546	0.0002731181	0.0000637219	0.0004618545	0.0003368400	0.0007986945
0.5586666667	0.9726920705	0.9115387460	0.8958627437	0.8573985680	1.0174982188	0.9570646553	0.0196379200	0.0022910322	0.0106458847	0.0173468878	0.0083548524	0.0003856479	0.0000052488	0.0001133349	0.0003009145	0.0000698036	0.0005042316	0.0003707181	0.0008749497
0.5586666667	0.9793587371	0.9123302034	0.8959040725	0.8577558102	1.0183346983	0.9574192557	0.0205058085	0.0023371641	0.0110624562	0.0181686444	0.0087252921	0.0004204882	0.0000054623	0.0001223779	0.0003300996	0.0000761307	0.0005483285	0.0004062304	0.0009545588
0.5586666667	0.9860254038	0.9131212643	0.8959433163	0.8581096094	1.0191730300	0.9577722093	0.0213725103	0.0023809667	0.0114748419	0.0189915436	0.0090938752	0.0004567842	0.0000056690	0.0001316720	0.0003606787	0.0000826986	0.0005941252	0.0004433773	0.0010375025
0.5586666667	0.9926920705	0.9139119011	0.8959804576	0.8584599073	1.0200132083	0.9581234725	0.0222379973	0.0024224208	0.0118829791	0.0198155765	0.0094605582	0.0004945285	0.0000058681	0.0001412052	0.0003926571	0.0000895022	0.0006416018	0.0004821592	0.0011237611
0.5586666667	0.9993587371	0.9147020878	0.8960154797	0.8588066487	1.0208552291	0.9584730043	0.0231022440	0.0024615081	0.0122868085	0.0206407359	0.0098253005	0.0005337137	0.0000060590	0.0001509657	0.0004260400	0.0000965365	0.0006907384	0.0005225765	0.0012133149
0.5586666667	1.0060254038	0.9154918008	0.8960483667	0.8591497815	1.0216990900	0.9588207662	0.0239652270	0.0024982110	0.0126862748	0.0214670159	0.0101880637	0.0005743321	0.0000062411	0.0001609416	0.0004608328	0.0001037966	0.0007415147	0.0005646294	0.0013061441
0.5586666667	1.0126920705	0.9162810186	0.8960791035	0.8594892563	1.0225447898	0.9591667219	0.0248269253	0.0025325131	0.0130813255	0.0222944122	0.0105488124	0.0006163762	0.0000064136	0.0001711211	0.0004970408	0.0001112774	0.0007939109	0.0006083183	0.0014022292
0.5586666667	1.0193587371	0.9170697211	0.8961076756	0.8598250265	1.0233923290	0.9595108377	0.0256873200	0.0025643983	0.0134719117	0.0231229217	0.0109075134	0.0006598384	0.0000065761	0.0001814924	0.0005346695	0.0001189738	0.0008479070	0.0006536434	0.0015015503
0.5586666667	1.0260254038	0.9178578906	0.8961340693	0.8601570481	1.0242417090	0.9598530818	0.0265463942	0.0025938515	0.0138579874	0.0239525427	0.0112641359	0.0007047110	0.0000067281	0.0001920438	0.0005737243	0.0001268808	0.0009034829	0.0007006051	0.0016040880
0.5586666667	1.0326920705	0.9186455107	0.8961582715	0.8604852797	1.0250929327	0.9601934247	0.0274041330	0.0026208584	0.0142395095	0.0247832745	0.0116186511	0.0007509865	0.0000068689	0.0002027636	0.0006142107	0.0001349931	0.0009606190	0.0007492038	0.0017098228
0.5586666667	1.0393587371	0.9194325667	0.8961802696	0.8608096822	1.0259460042	0.9605318387	0.0282605232	0.0026454053	0.0146164379	0.0256151179	0.0119710326	0.0007986572	0.0000069982	0.0002136403	0.0006561343	0.0001433056	0.0010192956	0.0007994399	0.0018187355
0.5586666667	1.0460254038	0.9202190456	0.8962000520	0.8611302188	1.0268009286	0.9608682982	0.0291155536	0.0026674792	0.0149887350	0.0264480744	0.0123212559	0.0008477155	0.0000071154	0.0002246622	0.0006995006	0.0001518133	0.0010794931	0.0008513140	0.0019308071
0.5586666667	1.0526920705	0.9210049358	0.8962176072	0.8614468550	1.0276577122	0.9612027794	0.0299692142	0.0026870675	0.0153563658	0.0272821468	0.0126692984	0.0008981538	0.0000072203	0.0002358180	0.0007443155	0.0001605111	0.0011411921	0.0009048267	0.0020460188
0.5586666667	1.0593587371	0.9217902271	0.8962329245	0.8617595584	1.0285163621	0.9615352603	0.0308214971	0.0027041585	0.0157192979	0.0281173387	0.0130151394	0.0009499647	0.0000073125	0.0002470963	0.0007905847	0.0001693939	0.0012043735	0.0009599786	0.0021643521
0.5586666667	1.0660254038	0.9225749108	0.8962459939	0.8620682986	1.0293768865	0.9618657204	0.0316723955	0.0027187409	0.0160775009	0.0289536546	0.0133587600	0.0010031406	0.0000073916	0.0002584860	0.0008383141	0.0001784565	0.0012690182	0.0010167706	0.0022857888
0.5613333333	0.6660254038	0.8762432903	0.8923404920	0.8394508980	0.9819606958	0.9407293578	-0.0198524001	-0.0016484040	-0.0105090141	-0.0182039961	-0.0088606101	0.0003941178	0.0000027172	0.0001104394	0.0003313855	0.0000785104	0.0005072744	0.0004098959	0.0009171703
0.5613333333	0.6726920705	0.8769513830	0.8924326971	0.8398083489	0.9826526816	0.9410326981	-0.0190446260	-0.0015450797	-0.0100832896	-0.0174995462	-0.0085382099	0.0003626978	0.0000023873	0.0001016727	0.0003062341	0.0000729010	0.0004667578	0.0003791351	0.0008458929
0.5613333333	0.6793587371	0.8776654979	0.8925256602	0.8401720626	0.9833504369	0.9413421934	-0.0182306420	-0.0014409170	-0.0096502920	-0.0167897250	-0.0082093749	0.0003323563	0.0000020762	0.0000931281	0.0002818949	0.0000673938	0.0004275607	0.0003492887	0.0007768494
0.5613333333	0.6860254038	0.8783853091	0.8926192356	0.8405415682	0.9840537534	0.9416574669	-0.0174108352	-0.0013360792	-0.0092105912	-0.0160747560	-0.0078745120	0.0003031372	0.0000017851	0.0000848350	0.0002583978	0.0000620079	0.0003897573	0.0003204057	0.0007101630
0.5613333333	0.6926920705	0.8791105033	0.8927132840	0.8409164129	0.9847624305	0.9419781557	-0.0165855766	-0.0012307224	-0.0087647345	-0.0153548543	-0.0075340121	0.0002750814	0.0000015147	0.0000768206	0.0002357715	0.0000567613	0.0003534166	0.0002925329	0.0006459495
0.5613333333	0.6993587371	0.8798407798	0.8928076725	0.8412961615	0.9854762754	0.9423039109	-0.0157552222	-0.0011249958	-0.0083132473	-0.0146302264	-0.0071882516	0.0002482270	0.0000012656	0.0000691101	0.0002140435	0.0000516710	0.0003186027	0.0002657145	0.0005843172
0.5613333333	0.7060254038	0.8805758497	0.8929022738	0.8416803962	0.9861951028	0.9426343966	-0.0149201130	-0.0010190421	-0.0078566341	-0.0139010709	-0.0068375921	0.0002226098	0.0000010384	0.0000617267	0.0001932398	0.0000467527	0.0002853749	0.0002399924	0.0005253674
0.5613333333	0.7126920705	0.8813154362	0.8929969663	0.8420687155	0.9869187348	0.9429692902	-0.0140805760	-0.0009129975	-0.0073953786	-0.0131675785	-0.0064823811	0.0001982626	0.0000008336	0.0000546916	0.0001733851	0.0000420213	0.0002537878	0.0002154064	0.0004691942
0.5613333333	0.7193587371	0.8820592735	0.8930916338	0.8424607340	0.9876470007	0.9433082811	-0.0132369239	-0.0008069921	-0.0069299448	-0.0124299318	-0.0061229527	0.0001752162	0.0000006512	0.0000480241	0.0001545032	0.0000374905	0.0002238915	0.0001919938	0.0004158853
0.5613333333	0.7260254038	0.8828071070	0.8931861653	0.8428560817	0.9883797368	0.9436510712	-0.0123894563	-0.0007011502	-0.0064607775	-0.0116883061	-0.0057596273	0.0001534986	0.0000004916	0.0000417416	0.0001366165	0.0000331733	0.0001957319	0.0001697898	0.0003655217
0.5613333333	0.7326920705	0.8835586927	0.8932804548	0.8432544037	0.9891167863	0.9439973742	-0.0115384596	-0.0005955905	-0.0059883031	-0.0109428691	-0.0053927126	0.0001331361	0.0000003547	0.0000358598	0.0001197464	0.0000290813	0.0001693506	0.0001488277	0.0003181783
0.5613333333	0.7393587371	0.8843137970	0.8933744008	0.8436553593	0.9898579992	0.9443469149	-0.0106842076	-0.0004904263	-0.0055129302	-0.0101937813	-0.0050225039	0.0001141523	0.0000002405	0.0000303924	0.0001039132	0.0000252255	0.0001447852	0.0001291387	0.0002739239
0.5613333333	0.7460254038	0.8850721962	0.8934679068	0.8440586219	0.9906032320	0.9446994295	-0.0098269619	-0.0003857657	-0.0050350500	-0.0094411961	-0.0046492842	0.0000965692	0.0000001488	0.0000253517	0.0000891362	0.0000216158	0.0001220697	0.0001107520	0.0002328218
0.5613333333	0.7526920705	0.8858336764	0.8935608803	0.8444638781	0.9913523476	0.9450546646	-0.0089669723	-0.0002817120	-0.0045550372	-0.0086852603	-0.0042733251	0.0000804066	0.0000000794	0.0000207484	0.0000754337	0.0000182613	0.0001012343	0.0000936951	0.0001949294
0.5613333333	0.7593587371	0.8865980330	0.8936532331	0.8448708276	0.9921052150	0.9454123773	-0.0081044775	-0.0001783637	-0.0040732504	-0.0079261138	-0.0038948867	0.0000656826	0.0000000318	0.0000165914	0.0000628233	0.0000151701	0.0000823057	0.0000779934	0.0001602992
0.5613333333	0.7660254038	0.8873650702	0.8937448809	0.8452791825	0.9928617094	0.9457723346	-0.0072397049	-0.0000758149	-0.0035900331	-0.0071638901	-0.0035142182	0.0000524133	0.0000000057	0.0000128883	0.0000513213	0.0000123497	0.0000653074	0.0000636711	0.0001289785
0.5613333333	0.7726920705	0.8881346013	0.8938357433	0.8456886670	0.9936217118	0.9461343131	-0.0063728716	0.0000258448	-0.0031057134	-0.0063987164	-0.0031315582	0.0000406135	0.0000000007	0.0000096455	0.0000409436	0.0000098067	0.0000502596	0.0000507502	0.0001010098
0.5613333333	0.7793587371	0.8889064477	0.8939257436	0.8460990168	0.9943851087	0.9464980988	-0.0055041843	0.0001265297	-0.0026206055	-0.0056307140	-0.0027471351	0.0000302960	0.0000000160	0.0000068676	0.0000317049	0.0000075468	0.0000371796	0.0000392517	0.0000764313
0.5613333333	0.7860254038	0.8896804391	0.8940148084	0.8465099787	0.9951517925	0.9468634868	-0.0046338401	0.0002261581	-0.0021350096	-0.0048599982	-0.0023611677	0.0000214725	0.0000000511	0.0000045583	0.0000236196	0.0000055751	0.0000260819	0.0000291947	0.0000552766
0.5613333333	0.7926920705	0.8904564129	0.8941028678	0.8469213104	0.9959216607	0.9472302807	-0.0037620264	0.0003246520	-0.0016492129	-0.0040866784	-0.0019738649	0.0000141528	0.0000001054	0.0000027199	0.0000167009	0.0000038961	0.0000169781	0.0000205971	0.0000375752
0.5613333333	0.7993587371	0.8912342141	0.8941898550	0.8473327798	0.9966946160	0.9475982926	-0.0028889217	0.0004219372	-0.0011634895	-0.0033108589	-0.0015854267	0.0000083459	0.0000001780	0.0000013537	0.0000109618	0.0000025136	0.0000098776	0.0000134754	0.0000233530
0.5613333333	0.8060254038	0.8920136949	0.8942757062	0.8477441647	0.9974705661	0.9479673426	-0.0020146957	0.0005179426	-0.0006781016	-0.0025326383	-0.0011960442	0.0000040590	0.0000002683	0.0000004598	0.0000064143	0.0000014305	0.0000047871	0.0000078448	0.0000126319
0.5613333333	0.8126920705	0.8927947146	0.8943603606	0.8481552527	0.9982494238	0.9483372587	-0.0011395096	0.0006126007	-0.0001932993	-0.0017521103	-0.0008059000	0.0000012985	0.0000003753	0.0000000374	0.0000030699	0.0000006495	0.0000017111	0.0000037194	0.0000054305
0.5613333333	0.8193587371	0.8935771391	0.8944437601	0.8485658402	0.9990311063	0.9487078765	-0.0002635166	0.0007058467	0.0002906783	-0.0009693634	-0.0004151684	0.0000000694	0.0000004982	0.0000000845	0.0000009397	0.0000001724	0.0000006522	0.0000011120	0.0000017642
0.5613333333	0.8260254038	0.8943608410	0.8945258492	0.8489757328	0.9998155356	0.9490790385	0.0006131378	0.0007976193	0.0007736034	-0.0001844814	-0.0000240159	0.0000003759	0.0000006362	0.0000005985	0.0000000340	0.0000000006	0.0000016106	0.0000000346	0.0000016452
0.5613333333	0.8326920705	0.8951456989	0.8946065751	0.8493847446	1.0006026379	0.9494505945	0.0014903159	0.0008878595	0.0012552582	0.0006024564	0.0003673986	0.0000022210	0.0000007883	0.0000015757	0.0000003630	0.0000001350	0.0000045850	0.0000004979	0.0000050829
0.5613333333	0.8393587371	0.8959315974	0.8946858872	0.8497926975	1.0013923437	0.9498224010	0.0023678867	0.0009765114	0.0017354352	0.0013913753	0.0007589237	0.0000056069	0.0000009536	0.0000030117	0.0000019359	0.0000005760	0.0000095722	0.0000025119	0.0000120841
0.5613333333	0.8460254038	0.8967184272	0.8947637373	0.8501994218	1.0021845877	0.9501943209	0.0032457266	0.0010635216	0.0022139365	0.0021822050	0.0011504149	0.0000105347	0.0000011311	0.0000049015	0.0000047620	0.0000013235	0.0000165673	0.0000060855	0.0000226528
0.5613333333	0.8526920705	0.8975060841	0.8948400795	0.8506047548	1.0029793085	0.9505662233	0.0041237181	0.0011488390	0.0026905734	0.0029748791	0.0015417345	0.0000170051	0.0000013198	0.0000072392	0.0000088499	0.0000023769	0.0000255641	0.0000112269	0.0000367909
0.5613333333	0.8593587371	0.8982944695	0.8949148697	0.8510085415	1.0037764483	0.9509379834	0.0050017504	0.0012324149	0.0031651663	0.0037693355	0.0019327513	0.0000250175	0.0000015188	0.0000100183	0.0000142079	0.0000037355	0.0000365546	0.0000179434	0.0000544980
0.5613333333	0.8660254038	0.8990834898	0.8949880662	0.8514106337	1.0045759534	0.9513094821	0.0058797187	0.0013142031	0.0036375437	0.0045655155	0.0023233406	0.0000345711	0.0000017271	0.0000132317	0.0000208439	0.0000053979	0.0000495299	0.0000262418	0.0000757718
0.5613333333	0.8726920705	0.8998730565	0.8950596288	0.8518108899	1.0053777732	0.9516806059	0.0067575239	0.0013941592	0.0041075426	0.0053633646	0.0027133834	0.0000456641	0.0000019437	0.0000168719	0.0000287657	0.0000073624	0.0000644797	0.0000361281	0.0001006078
0.5613333333	0.8793587371	0.9006630855	0.8951295194	0.8522091749	1.0061818608	0.9520512467	0.0076350725	0.0014722411	0.0045750078	0.0061628315	0.0031027668	0.0000582943	0.0000021675	0.0000209307	0.0000379805	0.0000096272	0.0000813925	0.0000476077	0.0001290002
0.5613333333	0.8860254038	0.9014534975	0.8951977016	0.8526053599	1.0069881724	0.9524213013	0.0085122767	0.0015484084	0.0050397916	0.0069638683	0.0034913832	0.0000724589	0.0000023976	0.0000253995	0.0000484955	0.0000121898	0.0001002559	0.0000606852	0.0001609411
0.5613333333	0.8926920705	0.9022442174	0.8952641406	0.8529993220	1.0077966674	0.9527906718	0.0093890532	0.0016226228	0.0055017533	0.0077664305	0.0038791306	0.0000881543	0.0000026329	0.0000302693	0.0000603174	0.0000150477	0.0001210565	0.0000753651	0.0001964216
0.5613333333	0.8993587371	0.9030351743	0.8953288032	0.8533909438	1.0086073084	0.9531592648	0.0102653242	0.0016948475	0.0059607595	0.0085704767	0.0042659120	0.0001053769	0.0000028725	0.0000355307	0.0000734531	0.0000181980	0.0001437800	0.0000916511	0.0002354311
0.5613333333	0.9060254038	0.9038263013	0.8953916577	0.8537801136	1.0094200606	0.9535269916	0.0111410162	0.0017650478	0.0064166831	0.0093759685	0.0046516354	0.0001241222	0.0000031154	0.0000411738	0.0000879088	0.0000216377	0.0001684115	0.0001095465	0.0002779580
0.5613333333	0.9126920705	0.9046175354	0.8954526739	0.8541667249	1.0102348922	0.9538937677	0.0120160604	0.0018331901	0.0068694036	0.0101828703	0.0050362135	0.0001443857	0.0000033606	0.0000471887	0.0001036908	0.0000253634	0.0001949350	0.0001290543	0.0003239893
0.5613333333	0.9193587371	0.9054088172	0.8955118228	0.8545506760	1.0110517741	0.9542595130	0.0128903922	0.0018992427	0.0073188063	0.0109911495	0.0054195636	0.0001661622	0.0000036071	0.0000535649	0.0001208054	0.0000293717	0.0002233343	0.0001501770	0.0003735113
0.5613333333	0.9260254038	0.9062000907	0.8955690771	0.8549318703	1.0118706796	0.9546241515	0.0137639511	0.0019631754	0.0077647826	0.0118007758	0.0058016072	0.0001894464	0.0000038541	0.0000602918	0.0001392583	0.0000336586	0.0002535923	0.0001729170	0.0004265092
0.5613333333	0.9326920705	0.9069913035	0.8956244103	0.8553102158	1.0126915848	0.9549876108	0.0146366807	0.0020249590	0.0082072293	0.0126117216	0.0061822703	0.0002142324	0.0000041005	0.0000673586	0.0001590555	0.0000382205	0.0002856915	0.0001972760	0.0004829675
0.5613333333	0.9393587371	0.9077824062	0.8956777975	0.8556856250	1.0135144677	0.9553498226	0.0155085280	0.0020845661	0.0086460488	0.0134239618	0.0065614827	0.0002405144	0.0000043454	0.0000747542	0.0001802028	0.0000430531	0.0003196140	0.0002232558	0.0005428698
0.5613333333	0.9460254038	0.9085733527	0.8957292147	0.8560580144	1.0143393091	0.9557107219	0.0163794439	0.0021419704	0.0090811484	0.0142374735	0.0069391780	0.0002682862	0.0000045880	0.0000824673	0.0002027057	0.0000481522	0.0003553415	0.0002508578	0.0006061993
0.5613333333	0.9526920705	0.9093640998	0.8957786390	0.8564273050	1.0151660915	0.9560702473	0.0172493826	0.0021971466	0.0095124403	0.0150522360	0.0073152937	0.0002975412	0.0000048275	0.0000904865	0.0002265698	0.0000535135	0.0003928552	0.0002800833	0.0006729385
0.5613333333	0.9593587371	0.9101546070	0.8958260488	0.8567934213	1.0159947997	0.9564283406	0.0181183017	0.0022500710	0.0099398416	0.0158682307	0.0076897706	0.0003282729	0.0000050628	0.0000988005	0.0002518007	0.0000591326	0.0004321361	0.0003109333	0.0007430694
0.5613333333	0.9660254038	0.9109448366	0.8958714231	0.8571562920	1.0168254206	0.9567849469	0.0189861617	0.0023007205	0.0103632738	0.0166854412	0.0080625532	0.0003604743	0.0000052933	0.0001073974	0.0002784039	0.0000650048	0.0004731651	0.0003434087	0.0008165738
0.5613333333	0.9726920705	0.9117347535	0.8959147423	0.8575158492	1.0176579428	0.9571400143	0.0198529262	0.0023490736	0.0107826626	0.0175038526	0.0084335891	0.0003941387	0.0000055181	0.0001162658	0.0003063849	0.0000711254	0.0005159226	0.0003775103	0.0008934329
0.5613333333	0.9793587371	0.9125243251	0.8959559873	0.8578720285	1.0184923568	0.9574934937	0.0207185616	0.0023951093	0.0111979381	0.0183234523	0.0088028288	0.0004292588	0.0000057365	0.0001253938	0.0003357489	0.0000774898	0.0005603892	0.0004132387	0.0009736279
0.5613333333	0.9860254038	0.9133135211	0.8959951403	0.8582247688	1.0193286549	0.9578453389	0.0215830371	0.0024388080	0.0116090342	0.0191442291	0.0091702262	0.0004658275	0.0000059478	0.0001347697	0.0003665015	0.0000840930	0.0006065449	0.0004505946	0.0010571395
0.5613333333	0.9926920705	0.9141023135	0.8960321839	0.8585740123	1.0201668309	0.9581955065	0.0224463244	0.0024801507	0.0120158885	0.0199661737	0.0095357378	0.0005038375	0.0000061511	0.0001443816	0.0003986481	0.0000909303	0.0006543702	0.0004895784	0.0011439486
0.5613333333	0.9993587371	0.9148906764	0.8960671019	0.8589197042	1.0210068805	0.9585439554	0.0233083977	0.0025191195	0.0124184424	0.0207892781	0.0098993228	0.0005432814	0.0000063460	0.0001542177	0.0004321941	0.0000979966	0.0007038451	0.0005301907	0.0012340358
0.5613333333	1.0060254038	0.9156785861	0.8960998787	0.8592617926	1.0218488005	0.9588906472	0.0241692334	0.0025556973	0.0128166406	0.0216135361	0.0102609433	0.0005841518	0.0000065316	0.0001642663	0.0004671449	0.0001052870	0.0007549497	0.0005724319	0.0013273816
0.5613333333	1.0126920705	0.9164660207	0.8961304992	0.8596002285	1.0226925894	0.9592355458	0.0250288104	0.0025898677	0.0132104313	0.0224389427	0.0106205637	0.0006264413	0.0000067074	0.0001745155	0.0005035062	0.0001127964	0.0008076643	0.0006163025	0.0014239668
0.5613333333	1.0193587371	0.9172529604	0.8961589495	0.8599349657	1.0235382471	0.9595786174	0.0258871095	0.0026216151	0.0135997658	0.0232654944	0.0109781507	0.0006701424	0.0000068729	0.0001849536	0.0005412832	0.0001205198	0.0008619689	0.0006618030	0.0015237720
0.5613333333	1.0260254038	0.9180393869	0.8961852161	0.8602659605	1.0243857747	0.9599198302	0.0267441136	0.0026509248	0.0139845985	0.0240931888	0.0113336737	0.0007152476	0.0000070274	0.0001955690	0.0005804817	0.0001284522	0.0009178440	0.0007089339	0.0016267779
0.5613333333	1.0326920705	0.9188252838	0.8962092860	0.8605931715	1.0252351746	0.9602591548	0.0275998076	0.0026777827	0.0143648865	0.0249220249	0.0116871038	0.0007617494	0.0000071705	0.0002063500	0.0006211073	0.0001365884	0.0009752699	0.0007576957	0.0017329656
0.5613333333	1.0393587371	0.9196106364	0.8962311471	0.8609165600	1.0260864503	0.9605965635	0.0284541780	0.0027021752	0.0147405899	0.0257520028	0.0120384147	0.0008096402	0.0000073018	0.0002172850	0.0006631656	0.0001449234	0.0010342270	0.0008080891	0.0018423161
0.5613333333	1.0460254038	0.9203954315	0.8962507878	0.8612360896	1.0269396066	0.9609320307	0.0293072133	0.0027240898	0.0151116714	0.0265831236	0.0123875817	0.0008589128	0.0000074207	0.0002283626	0.0007066625	0.0001534522	0.0010946960	0.0008601146	0.0019548107
0.5613333333	1.0526920705	0.9211796572	0.8962681971	0.8615517258	1.0277946492	0.9612655325	0.0301589036	0.0027435141	0.0154780964	0.0274153895	0.0127345822	0.0009095595	0.0000075269	0.0002395715	0.0007516036	0.0001621696	0.0011566578	0.0009137732	0.0020704310
0.5613333333	1.0593587371	0.9219633032	0.8962833644	0.8618634364	1.0286515848	0.9615970469	0.0310092403	0.0027604367	0.0158398324	0.0282488036	0.0130793957	0.0009615730	0.0000076200	0.0002509003	0.0007979949	0.0001710706	0.0012200933	0.0009690655	0.0021891588
0.5613333333	1.0660254038	0.9227463606	0.8962962798	0.8621711913	1.0295104213	0.9619265535	0.0318582167	0.0027748465	0.0161968495	0.0290833701	0.0134220029	0.0010149460	0.0000076998	0.0002623379	0.0008458424	0.0001801502	0.0012849837	0.0010259926	0.0023109763
0.5640000000	0.6660254038	0.8765461486	0.8923808968	0.8396060769	0.9822556172	0.9408606570	-0.0195068273	-0.0016031254	-0.0103241736	-0.0179037019	-0.0087210482	0.0003805163	0.0000025700	0.0001065886	0.0003205425	0.0000760567	0.0004896749	0.0003965992	0.0008862741
0.5640000000	0.6726920705	0.8772516104	0.8924738419	0.8399633801	0.9829437786	0.9411630242	-0.0187023310	-0.0014989768	-0.0098987036	-0.0172033542	-0.0083997268	0.0003497772	0.0000022469	0.0000979843	0.0002959554	0.0000705554	0.0004500084	0.0003665108	0.0008165193
0.5640000000	0.6793587371	0.8779631001	0.8925675184	0.8403268910	0.9836377439	0.9414715119	-0.0178916156	-0.0013940195	-0.0094660272	-0.0164975962	-0.0080720077	0.0003201099	0.0000019433	0.0000896057	0.0002721707	0.0000651573	0.0004116589	0.0003373280	0.0007489869
0.5640000000	0.6860254038	0.8786802924	0.8926617809	0.8406961407	0.9843373058	0.9417857455	-0.0170750670	-0.0012884169	-0.0090267117	-0.0157866502	-0.0077382949	0.0002915579	0.0000016600	0.0000814815	0.0002492183	0.0000598812	0.0003746995	0.0003090995	0.0006837990
0.5640000000	0.6926920705	0.8794028748	0.8927564899	0.8410706785	0.9850422648	0.9421053646	-0.0162530554	-0.0011823251	-0.0085813019	-0.0150707303	-0.0073989768	0.0002641618	0.0000013979	0.0000736387	0.0002271269	0.0000547449	0.0003391984	0.0002818718	0.0006210702
0.5640000000	0.6993587371	0.8801305472	0.8928515126	0.8414500711	0.9857524289	0.9424300225	-0.0154259356	-0.0010758934	-0.0081303207	-0.0143500423	-0.0070544273	0.0002379595	0.0000011575	0.0000661021	0.0002059237	0.0000497649	0.0003052192	0.0002556887	0.0005609078
0.5640000000	0.7060254038	0.8808630216	0.8929467218	0.8418339027	0.9864676134	0.9427593854	-0.0145940479	-0.0009692641	-0.0076742697	-0.0136247839	-0.0067050057	0.0002129862	0.0000009395	0.0000588944	0.0001856347	0.0000449571	0.0002728201	0.0002305918	0.0005034120
0.5640000000	0.7126920705	0.8816000217	0.8930419962	0.8422217738	0.9871876412	0.9430931327	-0.0137577182	-0.0008625732	-0.0072136304	-0.0128951450	-0.0063510572	0.0001892748	0.0000007440	0.0000520365	0.0001662848	0.0000403359	0.0002420553	0.0002066207	0.0004486760
0.5640000000	0.7193587371	0.8823412826	0.8931372197	0.8426133011	0.9879123422	0.9434309561	-0.0129172583	-0.0007559507	-0.0067488642	-0.0121613077	-0.0059929135	0.0001668556	0.0000005715	0.0000455472	0.0001478974	0.0000359150	0.0002129742	0.0001838124	0.0003967866
0.5640000000	0.7260254038	0.8830865503	0.8932322816	0.8430081164	0.9886415532	0.9437725592	-0.0120729670	-0.0006495203	-0.0062804134	-0.0114234467	-0.0056308931	0.0001457565	0.0000004219	0.0000394436	0.0001304951	0.0000317070	0.0001856220	0.0001622021	0.0003478241
0.5640000000	0.7326920705	0.8838355815	0.8933270764	0.8434058667	0.9893751179	0.9441176575	-0.0112251296	-0.0005434004	-0.0058087020	-0.0106817292	-0.0052653016	0.0001260035	0.0000002953	0.0000337410	0.0001140993	0.0000277234	0.0001600398	0.0001418227	0.0003018626
0.5640000000	0.7393587371	0.8845881432	0.8934215029	0.8438062133	0.9901128867	0.9444659778	-0.0103740194	-0.0004377039	-0.0053341362	-0.0099363154	-0.0048964322	0.0001076203	0.0000001916	0.0000284530	0.0000987304	0.0000239750	0.0001362649	0.0001227054	0.0002589703
0.5640000000	0.7460254038	0.8853440126	0.8935154649	0.8442088313	0.9908547164	0.9448172578	-0.0095198969	-0.0003325385	-0.0048571048	-0.0091873585	-0.0045245663	0.0000906284	0.0000001106	0.0000235915	0.0000844076	0.0000204717	0.0001143305	0.0001048793	0.0002192097
0.5640000000	0.7526920705	0.8861029760	0.8936088705	0.8446134093	0.9916004701	0.9451712458	-0.0086630115	-0.0002280068	-0.0043779804	-0.0084350047	-0.0041499736	0.0000750478	0.0000000520	0.0000191667	0.0000711493	0.0000172223	0.0000942665	0.0000883716	0.0001826381
0.5640000000	0.7593587371	0.8868648297	0.8937016318	0.8450196488	0.9923500172	0.9455277004	-0.0078036009	-0.0001242069	-0.0038971193	-0.0076793940	-0.0037729123	0.0000608962	0.0000000154	0.0000151875	0.0000589731	0.0000142349	0.0000760992	0.0000732080	0.0001493071
0.5640000000	0.7660254038	0.8876293784	0.8937936651	0.8454272635	0.9931032329	0.9458863902	-0.0069418920	-0.0000212323	-0.0034148625	-0.0069206597	-0.0033936302	0.0000481899	0.0000000005	0.0000116613	0.0000478955	0.0000115167	0.0000598516	0.0000594123	0.0001192639
0.5640000000	0.7726920705	0.8883964358	0.8938848905	0.8458359793	0.9938599984	0.9462470932	-0.0060781011	0.0000808279	-0.0029315364	-0.0061589290	-0.0030123643	0.0000369433	0.0000000065	0.0000085939	0.0000379324	0.0000090743	0.0000455438	0.0000470067	0.0000925505
0.5640000000	0.7793587371	0.8891658240	0.8939752318	0.8462455336	0.9946202002	0.9466095967	-0.0052124344	0.0001818886	-0.0024474530	-0.0053943230	-0.0026293416	0.0000271695	0.0000000331	0.0000059900	0.0000290987	0.0000069134	0.0000331926	0.0000360122	0.0000692047
0.5640000000	0.7860254038	0.8899373731	0.8940646160	0.8466556749	0.9953837308	0.9469736971	-0.0043450883	0.0002818688	-0.0019629104	-0.0046269571	-0.0022447793	0.0000188798	0.0000000795	0.0000038530	0.0000214087	0.0000050390	0.0000228123	0.0000264478	0.0000492600
0.5640000000	0.7926920705	0.8907109209	0.8941529739	0.8470661624	0.9961504875	0.9473391993	-0.0034762498	0.0003806911	-0.0014781939	-0.0038569409	-0.0018588851	0.0000120843	0.0000001449	0.0000021851	0.0000148760	0.0000034555	0.0000144143	0.0000183314	0.0000327457
0.5640000000	0.7993587371	0.8914863129	0.8942402392	0.8474767654	0.9969203731	0.9477059165	-0.0026060969	0.0004782818	-0.0009935759	-0.0030843787	-0.0014718577	0.0000067917	0.0000002288	0.0000009872	0.0000095134	0.0000021664	0.0000080077	0.0000116798	0.0000196874
0.5640000000	0.8060254038	0.8922634018	0.8943263486	0.8478872634	0.9976932952	0.9480736699	-0.0017347987	0.0005745706	-0.0005093165	-0.0023093693	-0.0010838870	0.0000030095	0.0000003301	0.0000002594	0.0000053332	0.0000011748	0.0000035991	0.0000065080	0.0000101071
0.5640000000	0.8126920705	0.8930420471	0.8944112419	0.8482974452	0.9984691664	0.9484422886	-0.0008625162	0.0006694903	-0.0000256642	-0.0015320065	-0.0006951545	0.0000007439	0.0000004482	0.0000000007	0.0000023470	0.0000004832	0.0000011928	0.0000028303	0.0000040231
0.5640000000	0.8193587371	0.8938221152	0.8944948614	0.8487071087	0.9992479037	0.9488116090	0.0000105979	0.0007629771	0.0004571437	-0.0007523792	-0.0003058335	0.0000000001	0.0000005821	0.0000002090	0.0000005661	0.0000000935	0.0000007912	0.0000006596	0.0000014508
0.5640000000	0.8260254038	0.8946034789	0.8945771524	0.8491160609	1.0000294290	0.9491814749	0.0008843986	0.0008549700	0.0009388808	0.0000294285	0.0000839107	0.0000007822	0.0000007310	0.0000008815	0.0000000009	0.0000000070	0.0000023946	0.0000000079	0.0000024025
0.5640000000	0.8326920705	0.8953860172	0.8946580624	0.8495241170	1.0008136681	0.9495517368	0.0017587482	0.0009454110	0.0014193311	0.0008133373	0.0004739201	0.0000030932	0.0000008938	0.0000020145	0.0000006615	0.0000002246	0.0000060015	0.0000008861	0.0000068876
0.5640000000	0.8393587371	0.8961696150	0.8947375416	0.8499311004	1.0016005514	0.9499222520	0.0026335164	0.0010342445	0.0018982885	0.0015992719	0.0008640441	0.0000069354	0.0000010697	0.0000036035	0.0000025577	0.0000007466	0.0000116086	0.0000033042	0.0000149128
0.5640000000	0.8460254038	0.8969541632	0.8948155421	0.8503368423	1.0023900133	0.9502928841	0.0035085794	0.0011214177	0.0023755567	0.0023871618	0.0012541390	0.0000123101	0.0000012576	0.0000056433	0.0000056985	0.0000015729	0.0000192110	0.0000072714	0.0000264824
0.5640000000	0.8526920705	0.8977395578	0.8948920186	0.8507411814	1.0031819920	0.9506635032	0.0043838204	0.0012068802	0.0028509483	0.0031769402	0.0016440681	0.0000192179	0.0000014566	0.0000081279	0.0000100929	0.0000027030	0.0000288023	0.0000127959	0.0000415983
0.5640000000	0.8593587371	0.8985257006	0.8949669277	0.8511439637	1.0039764295	0.9510339850	0.0052591285	0.0012905841	0.0033242849	0.0039685444	0.0020337009	0.0000276584	0.0000016656	0.0000110509	0.0000157493	0.0000041359	0.0000403749	0.0000198853	0.0000602602
0.5640000000	0.8660254038	0.8993124980	0.8950402279	0.8515450420	1.0047732716	0.9514042112	0.0061343991	0.0013724834	0.0037953966	0.0047619157	0.0024229131	0.0000376309	0.0000018837	0.0000144050	0.0000226758	0.0000058705	0.0000539196	0.0000285463	0.0000824659
0.5640000000	0.8726920705	0.9000998616	0.8951118798	0.8519442758	1.0055724675	0.9517740688	0.0070095334	0.0014525346	0.0042641214	0.0055569987	0.0028115868	0.0000491336	0.0000021099	0.0000181827	0.0000308802	0.0000079050	0.0000694261	0.0000387853	0.0001082114
0.5640000000	0.8793587371	0.9008877077	0.8951818457	0.8523415311	1.0063739698	0.9521434502	0.0078844380	0.0015306960	0.0047303053	0.0063537420	0.0031996093	0.0000621644	0.0000023430	0.0000223758	0.0000403700	0.0000102375	0.0000868832	0.0000506075	0.0001374907
0.5640000000	0.8860254038	0.9016759570	0.8952500896	0.8527366799	1.0071777344	0.9525122531	0.0087590249	0.0016069278	0.0051938017	0.0071520971	0.0035868739	0.0000767205	0.0000025822	0.0000269756	0.0000511525	0.0000128657	0.0001062783	0.0000640182	0.0001702965
0.5640000000	0.8926920705	0.9024645345	0.8953165773	0.8531296002	1.0079837203	0.9528803797	0.0096332113	0.0016811923	0.0056544712	0.0079520190	0.0039732789	0.0000927988	0.0000028264	0.0000319730	0.0000632346	0.0000157869	0.0001275982	0.0000790216	0.0002066198
0.5640000000	0.8993587371	0.9032533694	0.8953812761	0.8535201754	1.0087918896	0.9532477373	0.0105069192	0.0017534532	0.0061121811	0.0087534660	0.0043587279	0.0001103954	0.0000030746	0.0000373588	0.0000766232	0.0000189985	0.0001508287	0.0000956217	0.0002464504
0.5640000000	0.9060254038	0.9040423949	0.8954441547	0.8539082947	1.0096022071	0.9536142375	0.0113800751	0.0018236762	0.0065668055	0.0095563989	0.0047431293	0.0001295061	0.0000033258	0.0000431229	0.0000913248	0.0000224973	0.0001759548	0.0001138220	0.0002897769
0.5640000000	0.9126920705	0.9048315480	0.8955051833	0.8542938523	1.0104146407	0.9539797963	0.0122526104	0.0018918285	0.0070182247	0.0103607819	0.0051263962	0.0001501265	0.0000035790	0.0000492555	0.0001073458	0.0000262799	0.0002029610	0.0001336257	0.0003365867
0.5640000000	0.9193587371	0.9056207693	0.8955643336	0.8546767474	1.0112291607	0.9543443340	0.0131244604	0.0019578787	0.0074663250	0.0111665817	0.0055084463	0.0001722515	0.0000038333	0.0000557460	0.0001246925	0.0000303430	0.0002318308	0.0001550355	0.0003868663
0.5640000000	0.9260254038	0.9064100031	0.8956215784	0.8550568841	1.0120457400	0.9547077748	0.0139955645	0.0020217970	0.0079109985	0.0119737675	0.0058892015	0.0001958758	0.0000040877	0.0000625839	0.0001433711	0.0000346827	0.0002625474	0.0001780538	0.0004406012
0.5640000000	0.9326920705	0.9071991966	0.8956768918	0.8554341710	1.0128643542	0.9550700468	0.0148658663	0.0020835550	0.0083521430	0.0127823113	0.0062685881	0.0002209940	0.0000043412	0.0000697583	0.0001633875	0.0000392952	0.0002950935	0.0002026827	0.0004977762
0.5640000000	0.9393587371	0.9079883008	0.8957302493	0.8558085211	1.0136849810	0.9554310818	0.0157353128	0.0021431255	0.0087896615	0.0135921873	0.0066465360	0.0002476001	0.0000045930	0.0000772581	0.0001847476	0.0000441764	0.0003294512	0.0002289240	0.0005583752
0.5640000000	0.9460254038	0.9087772693	0.8957816273	0.8561798518	1.0145076005	0.9557908152	0.0166038548	0.0022004826	0.0092234620	0.0144033721	0.0070229794	0.0002756880	0.0000048421	0.0000850723	0.0002074571	0.0000493222	0.0003656024	0.0002567794	0.0006223817
0.5640000000	0.9526920705	0.9095660590	0.8958310034	0.8565480845	1.0153321950	0.9561491857	0.0174714464	0.0022556017	0.0096534575	0.0152158446	0.0073978558	0.0003052514	0.0000050877	0.0000931892	0.0002315219	0.0000547283	0.0004035284	0.0002862502	0.0006897786
0.5640000000	0.9593587371	0.9103546293	0.8958783561	0.8569131444	1.0161587486	0.9565061356	0.0183380450	0.0023084593	0.0100795657	0.0160295856	0.0077711063	0.0003362839	0.0000053290	0.0001015976	0.0002569476	0.0000603901	0.0004432105	0.0003173377	0.0007605482
0.5640000000	0.9660254038	0.9111429425	0.8959236651	0.8572749606	1.0169872479	0.9568616099	0.0192036110	0.0023590330	0.0105017086	0.0168445780	0.0081426756	0.0003687787	0.0000055650	0.0001102859	0.0002837398	0.0000663032	0.0004846296	0.0003500430	0.0008346726
0.5640000000	0.9726920705	0.9119309634	0.8959669109	0.8576334656	1.0178176809	0.9572155570	0.0200681081	0.0024073013	0.0109198127	0.0176608067	0.0085125113	0.0004027290	0.0000057951	0.0001192423	0.0003119041	0.0000724628	0.0005277664	0.0003843669	0.0009121333
0.5640000000	0.9793587371	0.9127186594	0.8960080750	0.8579885957	1.0186500378	0.9575679279	0.0209315023	0.0024532440	0.0113338084	0.0184782583	0.0088805644	0.0004381278	0.0000060184	0.0001284552	0.0003414460	0.0000788644	0.0005726014	0.0004203105	0.0009929119
0.5640000000	0.9860254038	0.9135060000	0.8960471396	0.8583402902	1.0194843102	0.9579186767	0.0217937628	0.0024968416	0.0117436302	0.0192969212	0.0092467886	0.0004749681	0.0000062342	0.0001379128	0.0003723712	0.0000855031	0.0006191152	0.0004578743	0.0010769894
0.5640000000	0.9926920705	0.9142929572	0.8960840880	0.8586884916	1.0203204916	0.9582677598	0.0226548610	0.0025380756	0.0121492162	0.0201167854	0.0096111406	0.0005132427	0.0000064418	0.0001476035	0.0004046851	0.0000923740	0.0006672880	0.0004970591	0.0011643471
0.5640000000	0.9993587371	0.9150795050	0.8961189040	0.8590331456	1.0211585771	0.9586151366	0.0235147710	0.0025769284	0.0125505082	0.0209378426	0.0099735798	0.0005529445	0.0000066406	0.0001575153	0.0004383933	0.0000994723	0.0007171003	0.0005378655	0.0012549658
0.5640000000	1.0060254038	0.9158656195	0.8961515725	0.8593742006	1.0219985632	0.9589607685	0.0243734692	0.0026133832	0.0129474514	0.0217600860	0.0103340682	0.0005940660	0.0000068298	0.0001676365	0.0004735013	0.0001067930	0.0007685323	0.0005802943	0.0013488266
0.5640000000	1.0126920705	0.9166512788	0.8961820787	0.8597116081	1.0228404479	0.9593046196	0.0252309339	0.0026474240	0.0133399943	0.0225835099	0.0106925703	0.0006366000	0.0000070089	0.0001779554	0.0005100149	0.0001143311	0.0008215643	0.0006243460	0.0014459103
0.5640000000	1.0193587371	0.9174364629	0.8962104089	0.8600453221	1.0236842306	0.9596466561	0.0260871461	0.0026790356	0.0137280886	0.0234081105	0.0110490530	0.0006805392	0.0000071772	0.0001884604	0.0005479396	0.0001220816	0.0008761768	0.0006700212	0.0015461980
0.5640000000	1.0260254038	0.9182211534	0.8962365499	0.8603752991	1.0245299118	0.9599868463	0.0269420883	0.0027082035	0.0141116890	0.0242338848	0.0114034855	0.0007258761	0.0000073344	0.0001991398	0.0005872812	0.0001300395	0.0009323503	0.0007173207	0.0016496709
0.5640000000	1.0326920705	0.9190053339	0.8962604890	0.8607014983	1.0253774936	0.9603251608	0.0277957452	0.0027349139	0.0144907531	0.0250608313	0.0117558392	0.0007726034	0.0000074798	0.0002099819	0.0006280453	0.0001381998	0.0009900651	0.0007662450	0.0017563101
0.5640000000	1.0393587371	0.9197889893	0.8962822144	0.8610238810	1.0262269791	0.9606615720	0.0286481031	0.0027591536	0.0148652411	0.0258889495	0.0121060875	0.0008207138	0.0000076129	0.0002209754	0.0006702377	0.0001465574	0.0010493021	0.0008167951	0.0018660972
0.5640000000	1.0460254038	0.9205721064	0.8963017147	0.8613424111	1.0270783725	0.9609960541	0.0294991504	0.0027809102	0.0152351161	0.0267182401	0.0124542058	0.0008701999	0.0000077335	0.0002321088	0.0007138644	0.0001551072	0.0011100421	0.0008689716	0.0019790137
0.5640000000	1.0526920705	0.9213546732	0.8963189790	0.8616570544	1.0279316792	0.9613285835	0.0303488767	0.0028001718	0.0156003435	0.0275487049	0.0128001717	0.0009210543	0.0000078410	0.0002433707	0.0007589311	0.0001638444	0.0011722660	0.0009227755	0.0020950415
0.5640000000	1.0593587371	0.9221366792	0.8963339972	0.8619677790	1.0287869054	0.9616591379	0.0311972735	0.0028169271	0.0159608913	0.0283803464	0.0131439642	0.0009732699	0.0000079351	0.0002547501	0.0008054441	0.0001727638	0.0012359550	0.0009782079	0.0022141629
0.5640000000	1.0660254038	0.9229181153	0.8963467595	0.8622745549	1.0296440585	0.9619876970	0.0320443335	0.0028311653	0.0163167298	0.0292131682	0.0134855645	0.0010268393	0.0000080155	0.0002662357	0.0008534092	0.0001818604	0.0013010905	0.0010352696	0.0023363601
0.5666666667	0.6660254038	0.8768476540	0.8924208286	0.8397592934	0.9825495168	0.9409902441	-0.0191629166	-0.0015583789	-0.0101417040	-0.0176045377	-0.0085833252	0.0003672174	0.0000024285	0.0001028542	0.0003099197	0.0000736735	0.0004725001	0.0003835932	0.0008560933
0.5666666667	0.6726920705	0.8775505565	0.8925145485	0.8401165590	0.9832338958	0.9412917251	-0.0183616132	-0.0014533669	-0.0097163564	-0.0169082464	-0.0082629895	0.0003371488	0.0000021123	0.0000944076	0.0002858888	0.0000682770	0.0004336687	0.0003541658	0.0007878345
0.5666666667	0.6793587371	0.8782594900	0.8926089718	0.8404799732	0.9839241120	0.9415992889	-0.0175540845	-0.0013475777	-0.0092838740	-0.0162065068	-0.0079362964	0.0003081459	0.0000018160	0.0000861903	0.0002626509	0.0000629848	0.0003961522	0.0003256357	0.0007217878
0.5666666667	0.6860254038	0.8789741300	0.8927039531	0.8408490690	0.9846199593	0.9419125636	-0.0167407151	-0.0012411747	-0.0088448216	-0.0154995404	-0.0076036468	0.0002802515	0.0000015405	0.0000782309	0.0002402358	0.0000578154	0.0003600229	0.0002980512	0.0006580741
0.5666666667	0.6926920705	0.8796941648	0.8927993532	0.8412233979	0.9853212389	0.9422311910	-0.0159218742	-0.0011343141	-0.0083997410	-0.0147875601	-0.0072654269	0.0002535061	0.0000012867	0.0000705556	0.0002186719	0.0000527864	0.0003253484	0.0002714584	0.0005968068
0.5666666667	0.6993587371	0.8804192950	0.8928950390	0.8416025288	0.9860277597	0.9425548268	-0.0150979156	-0.0010271447	-0.0079491525	-0.0140707709	-0.0069220078	0.0002279471	0.0000010550	0.0000631890	0.0001979866	0.0000479142	0.0002921911	0.0002459008	0.0005380919
0.5666666667	0.7060254038	0.8811492335	0.8929908838	0.8419860480	0.9867393380	0.9428831395	-0.0142691785	-0.0009198089	-0.0074935552	-0.0133493696	-0.0065737464	0.0002036095	0.0000008460	0.0000561534	0.0001782057	0.0000432141	0.0002606089	0.0002214198	0.0004820287
0.5666666667	0.7126920705	0.8818837048	0.8930867663	0.8423735581	0.9874557972	0.9432158105	-0.0134359878	-0.0008124423	-0.0070334277	-0.0126235455	-0.0062209854	0.0001805258	0.0000006601	0.0000494691	0.0001593539	0.0000387007	0.0002306549	0.0001980546	0.0004287095
0.5666666667	0.7193587371	0.8826224446	0.8931825710	0.8427646778	0.9881769678	0.9435525336	-0.0125986545	-0.0007051744	-0.0065692288	-0.0118934801	-0.0058640544	0.0001587261	0.0000004973	0.0000431548	0.0001414549	0.0000343871	0.0002023781	0.0001758420	0.0003782201
0.5666666667	0.7260254038	0.8833651999	0.8932781874	0.8431590411	0.9889026872	0.9438930145	-0.0117574762	-0.0005981288	-0.0061013983	-0.0111593473	-0.0055032695	0.0001382382	0.0000003578	0.0000372271	0.0001245310	0.0000302860	0.0001758231	0.0001548170	0.0003306401
0.5666666667	0.7326920705	0.8841117280	0.8933735102	0.8435562969	0.9896327996	0.9442369706	-0.0109127374	-0.0004914233	-0.0056303576	-0.0104213141	-0.0051389343	0.0001190878	0.0000002415	0.0000317009	0.0001086038	0.0000264086	0.0001510303	0.0001350124	0.0002860427
0.5666666667	0.7393587371	0.8848617966	0.8934684389	0.8439561085	0.9903671558	0.9445841305	-0.0100647104	-0.0003851702	-0.0051565102	-0.0096795402	-0.0047713400	0.0001012984	0.0000001484	0.0000265896	0.0000936935	0.0000227657	0.0001280363	0.0001164592	0.0002444955
0.5666666667	0.7460254038	0.8856151835	0.8935628777	0.8443581531	0.9911056129	0.9449342337	-0.0092136550	-0.0002794767	-0.0046802428	-0.0089341783	-0.0044007660	0.0000848914	0.0000000781	0.0000219047	0.0000798195	0.0000193667	0.0001068742	0.0000991863	0.0002060605
0.5666666667	0.7526920705	0.8863716760	0.8936567350	0.8447621211	0.9918480344	0.9452870302	-0.0083598196	-0.0001744451	-0.0042019251	-0.0081853745	-0.0040274800	0.0000698866	0.0000000304	0.0000176562	0.0000670004	0.0000162206	0.0000875732	0.0000832210	0.0001707941
0.5666666667	0.7593587371	0.8871310707	0.8937499236	0.8451677158	0.9925942898	0.9456422803	-0.0075034413	-0.0000701727	-0.0037219115	-0.0074332686	-0.0036517388	0.0000563016	0.0000000049	0.0000138526	0.0000552535	0.0000133352	0.0000701592	0.0000685887	0.0001387479
0.5666666667	0.7660254038	0.8878931731	0.8938423602	0.8455746529	0.9933442546	0.9459997540	-0.0066447460	0.0000332476	-0.0032405405	-0.0066779937	-0.0032737881	0.0000441526	0.0000000011	0.0000105011	0.0000445956	0.0000107177	0.0000546549	0.0000553133	0.0001099681
0.5666666667	0.7726920705	0.8886577974	0.8939339656	0.8459826602	0.9940978100	0.9463592309	-0.0057839495	0.0001357273	-0.0027581362	-0.0059196768	-0.0028938634	0.0000334541	0.0000000184	0.0000076073	0.0000350426	0.0000083744	0.0000410798	0.0000434170	0.0000844968
0.5666666667	0.7793587371	0.8894247664	0.8940246639	0.8463914766	0.9948548427	0.9467204998	-0.0049212574	0.0002371818	-0.0022750085	-0.0051584392	-0.0025121903	0.0000242188	0.0000000563	0.0000051757	0.0000266095	0.0000063111	0.0000294507	0.0000329206	0.0000623713
0.5666666667	0.7860254038	0.8901939105	0.8941143829	0.8468008524	0.9956152451	0.9470833583	-0.0040568652	0.0003375309	-0.0017914534	-0.0043943961	-0.0021289843	0.0000164582	0.0000001139	0.0000032093	0.0000193107	0.0000045326	0.0000197814	0.0000238433	0.0000436247
0.5666666667	0.7926920705	0.8909650683	0.8942030538	0.8472105484	0.9963789147	0.9474476125	-0.0031909595	0.0004366977	-0.0013077542	-0.0036276573	-0.0017444519	0.0000101822	0.0000001907	0.0000017102	0.0000131599	0.0000030431	0.0000120831	0.0000162030	0.0000282862
0.5666666667	0.7993587371	0.8917380856	0.8942906109	0.8476203357	0.9971457541	0.9478130771	-0.0023237177	0.0005346093	-0.0008241811	-0.0028583270	-0.0013587904	0.0000053997	0.0000002858	0.0000006793	0.0000081700	0.0000018463	0.0000063647	0.0000100163	0.0000163811
0.5666666667	0.8060254038	0.8925128156	0.8943769916	0.8480299951	0.9979156709	0.9481795743	-0.0014553085	0.0006311959	-0.0003409926	-0.0020865044	-0.0009721885	0.0000021179	0.0000003984	0.0000001163	0.0000043535	0.0000009452	0.0000026326	0.0000052987	0.0000079313
0.5666666667	0.8126920705	0.8932891182	0.8944621361	0.8484393170	0.9986885774	0.9485469343	-0.0005858921	0.0007263912	0.0001415649	-0.0013122833	-0.0005848263	0.0000003433	0.0000005276	0.0000000200	0.0000017221	0.0000003420	0.0000008910	0.0000020641	0.0000029551
0.5666666667	0.8193587371	0.8940668603	0.8945459875	0.8488481010	0.9994643907	0.9489149947	0.0002843790	0.0008201318	0.0006232557	-0.0005357528	-0.0001968761	0.0000000809	0.0000006726	0.0000003884	0.0000002870	0.0000000388	0.0000011419	0.0000003258	0.0000014677
0.5666666667	0.8260254038	0.8948459150	0.8946284914	0.8492561551	1.0002430323	0.9492836001	0.0011553603	0.0009123575	0.0011038554	0.0002430028	0.0001914978	0.0000013349	0.0000008324	0.0000012185	0.0000000591	0.0000000367	0.0000033858	0.0000000957	0.0000034815
0.5666666667	0.8326920705	0.8956261617	0.8947095962	0.8496632960	1.0010244280	0.9496526020	0.0020269145	0.0010030109	0.0015831494	0.0010239036	0.0005801385	0.0000041084	0.0000010060	0.0000025064	0.0000010484	0.0000003366	0.0000076208	0.0000013849	0.0000090057
0.5666666667	0.8393587371	0.8964074856	0.8947892523	0.8500693486	1.0018085078	0.9500218587	0.0028989115	0.0010920371	0.0020609334	0.0018068744	0.0009688963	0.0000084037	0.0000011925	0.0000042474	0.0000032648	0.0000009388	0.0000138437	0.0000042036	0.0000180472
0.5666666667	0.8460254038	0.8971897778	0.8948674127	0.8504741451	1.0025952058	0.9503912345	0.0037712280	0.0011793839	0.0025370124	0.0025918441	0.0013576285	0.0000142222	0.0000013909	0.0000064364	0.0000067177	0.0000018432	0.0000220495	0.0000085608	0.0000306103
0.5666666667	0.8526920705	0.8979729348	0.8949440324	0.8508775256	1.0033844601	0.9507606004	0.0046437472	0.0012650016	0.0030112007	0.0033787457	0.0017461991	0.0000215644	0.0000016002	0.0000090673	0.0000114159	0.0000030492	0.0000322319	0.0000144651	0.0000466971
0.5666666667	0.8593587371	0.8987568583	0.8950190687	0.8512793372	1.0041762123	0.9511298328	0.0055163588	0.0013488427	0.0034833212	0.0041675161	0.0021344785	0.0000304302	0.0000018194	0.0000121335	0.0000173682	0.0000045560	0.0000443831	0.0000219242	0.0000663073
0.5666666667	0.8660254038	0.8995414553	0.8950924807	0.8516794338	1.0049704078	0.9514988140	0.0063889583	0.0014308622	0.0039532053	0.0049580961	0.0025223432	0.0000408188	0.0000020474	0.0000156278	0.0000245827	0.0000063622	0.0000584940	0.0000309449	0.0000894389
0.5666666667	0.8726920705	0.9003266375	0.8951642294	0.8520776761	1.0057669956	0.9518674319	0.0072614469	0.0015110168	0.0044206925	0.0057504301	0.0029096757	0.0000527286	0.0000022832	0.0000195425	0.0000330674	0.0000084662	0.0000745543	0.0000415337	0.0001160880
0.5666666667	0.8793587371	0.9011123213	0.8952342776	0.8524739311	1.0065659278	0.9522355794	0.0081337316	0.0015892656	0.0048856300	0.0065444660	0.0032963644	0.0000661576	0.0000025258	0.0000238694	0.0000428300	0.0000108660	0.0000925527	0.0000536961	0.0001462488
0.5666666667	0.8860254038	0.9018984275	0.8953025900	0.8528680716	1.0073671600	0.9526031546	0.0090057245	0.0016655694	0.0053478722	0.0073401551	0.0036823028	0.0000811031	0.0000027741	0.0000285997	0.0000538779	0.0000135594	0.0001124769	0.0000674372	0.0001799142
0.5666666667	0.8926920705	0.9026848814	0.8953691328	0.8532599767	1.0081706509	0.9529700606	0.0098773428	0.0017398909	0.0058072810	0.0081374518	0.0040673900	0.0000975619	0.0000030272	0.0000337245	0.0000662181	0.0000165437	0.0001343136	0.0000827618	0.0002170754
0.5666666667	0.8993587371	0.9034716123	0.8954338737	0.8536495308	1.0089763620	0.9533362048	0.0107485087	0.0018121947	0.0062637248	0.0089363140	0.0044515301	0.0001155304	0.0000032840	0.0000392342	0.0000798577	0.0000198161	0.0001580487	0.0000996738	0.0002577226
0.5666666667	0.9060254038	0.9042585535	0.8954967819	0.8540366238	1.0097842580	0.9537014996	0.0116191488	0.0018824467	0.0067170786	0.0097367020	0.0048346319	0.0001350046	0.0000035436	0.0000451191	0.0000948034	0.0000233737	0.0001836674	0.0001181770	0.0003018444
0.5666666667	0.9126920705	0.9050456420	0.8955578283	0.8544211509	1.0105943060	0.9540658614	0.0124891944	0.0019506148	0.0071672238	0.0105385796	0.0052166090	0.0001559800	0.0000038049	0.0000513691	0.0001110617	0.0000272130	0.0002111540	0.0001382747	0.0003494286
0.5666666667	0.9193587371	0.9058328185	0.8956169848	0.8548030119	1.0114064761	0.9544292107	0.0133585808	0.0020166681	0.0076140477	0.0113419127	0.0055973796	0.0001784517	0.0000040670	0.0000579737	0.0001286390	0.0000313307	0.0002404924	0.0001599696	0.0004004620
0.5666666667	0.9260254038	0.9066200274	0.8956742248	0.8551821118	1.0122207408	0.9547914723	0.0142272477	0.0020805773	0.0080574432	0.0121466704	0.0059768659	0.0002024146	0.0000043288	0.0000649224	0.0001475416	0.0000357229	0.0002716658	0.0001832645	0.0004549303
0.5666666667	0.9326920705	0.9074072160	0.8957295229	0.8555583598	1.0130370752	0.9551525745	0.0150951384	0.0021423145	0.0084973089	0.0129528240	0.0063549945	0.0002278632	0.0000045895	0.0000722043	0.0001677756	0.0000403860	0.0003046570	0.0002081616	0.0005128186
0.5666666667	0.9393587371	0.9081943352	0.8957828548	0.8559316698	1.0138554565	0.9555124495	0.0159622001	0.0022018529	0.0089335487	0.0137603472	0.0067316958	0.0002547918	0.0000048482	0.0000798083	0.0001893472	0.0000453157	0.0003394483	0.0002346629	0.0005741112
0.5666666667	0.9460254038	0.9089813387	0.8958341975	0.8563019597	1.0146758644	0.9558710330	0.0168283833	0.0022591672	0.0093660713	0.0145692161	0.0071069041	0.0002831945	0.0000051038	0.0000877233	0.0002122621	0.0000505081	0.0003760216	0.0002627701	0.0006387918
0.5666666667	0.9526920705	0.9097681833	0.8958835288	0.8566691515	1.0154982808	0.9562282640	0.0176936423	0.0023142332	0.0097947905	0.0153794090	0.0074805573	0.0003130650	0.0000053557	0.0000959379	0.0002365262	0.0000559587	0.0004143586	0.0002924850	0.0007068435
0.5666666667	0.9593587371	0.9105548285	0.8959308279	0.8570331711	1.0163226893	0.9565840849	0.0185579342	0.0023670278	0.0102196246	0.0161909064	0.0078525968	0.0003443969	0.0000056028	0.0001044407	0.0002621454	0.0000616633	0.0004544405	0.0003238087	0.0007782492
0.5666666667	0.9660254038	0.9113412365	0.8959760747	0.8573939481	1.0171490760	0.9569384410	0.0194212195	0.0024175290	0.0106404964	0.0170036904	0.0082229673	0.0003771838	0.0000058444	0.0001132202	0.0002891255	0.0000676172	0.0004962484	0.0003567427	0.0008529911
0.5666666667	0.9726920705	0.9121273721	0.8960192500	0.8577514156	1.0179774286	0.9572912809	0.0202834615	0.0024657159	0.0110573328	0.0178177456	0.0085916168	0.0004114188	0.0000060798	0.0001222646	0.0003174721	0.0000738159	0.0005397632	0.0003912879	0.0009310511
0.5666666667	0.9793587371	0.9129132025	0.8960603358	0.8581055102	1.0188077366	0.9576425559	0.0211446265	0.0025115686	0.0114700649	0.0186330579	0.0089584963	0.0004470952	0.0000063080	0.0001315624	0.0003471908	0.0000802547	0.0005849656	0.0004274455	0.0010124111
0.5666666667	0.9860254038	0.9136986974	0.8960993146	0.8584561719	1.0196399913	0.9579922201	0.0220046832	0.0025550679	0.0118786277	0.0194496153	0.0093235599	0.0004842061	0.0000065284	0.0001411018	0.0003782875	0.0000869288	0.0006318362	0.0004652163	0.0010970526
0.5666666667	0.9926920705	0.9144838285	0.8961361701	0.8588033435	1.0204741858	0.9583402302	0.0228636031	0.0025961958	0.0122829599	0.0202674073	0.0096867642	0.0005227443	0.0000067402	0.0001508711	0.0004107678	0.0000938334	0.0006803557	0.0005046012	0.0011849569
0.5666666667	0.9993587371	0.9152685698	0.8961708863	0.8591469712	1.0213103146	0.9586865455	0.0237213600	0.0026349350	0.0126830038	0.0210864250	0.0100480688	0.0005627029	0.0000069429	0.0001608586	0.0004446373	0.0001009637	0.0007305044	0.0005456010	0.0012761054
0.5666666667	1.0060254038	0.9160528974	0.8962034485	0.8594870039	1.0221483738	0.9590311278	0.0245779301	0.0026712691	0.0130787049	0.0219066611	0.0104074358	0.0006040746	0.0000071357	0.0001710525	0.0004799018	0.0001083147	0.0007822628	0.0005882165	0.0013704794
0.5666666667	1.0126920705	0.9168367893	0.8962338422	0.8598233933	1.0229883609	0.9593739410	0.0254332919	0.0027051824	0.0134700122	0.0227281095	0.0107648299	0.0006468523	0.0000073180	0.0001814412	0.0005165670	0.0001158816	0.0008356116	0.0006324485	0.0014680601
0.5666666667	1.0193587371	0.9176202252	0.8962620540	0.8601560938	1.0238302749	0.9597149516	0.0262874258	0.0027366601	0.0138568779	0.0235507657	0.0111202178	0.0006910288	0.0000074893	0.0001920131	0.0005546386	0.0001236592	0.0008905311	0.0006782978	0.0015688289
0.5666666667	1.0260254038	0.9184031867	0.8962880710	0.8604850623	1.0246741159	0.9600541279	0.0271403143	0.0027656879	0.0142392569	0.0243746264	0.0114735690	0.0007365967	0.0000076490	0.0002027564	0.0005941224	0.0001316428	0.0009470021	0.0007257652	0.0016727673
0.5666666667	1.0326920705	0.9191856573	0.8963118807	0.8608102582	1.0255198856	0.9603914405	0.0279919418	0.0027922524	0.0146171071	0.0251996894	0.0118248547	0.0007835488	0.0000077967	0.0002136598	0.0006350243	0.0001398272	0.0010050053	0.0007748515	0.0017798568
0.5666666667	1.0393587371	0.9199676219	0.8963334717	0.8611316433	1.0263675864	0.9607268618	0.0288422947	0.0028163407	0.0149903893	0.0260259539	0.0121740485	0.0008318780	0.0000079318	0.0002247118	0.0006773503	0.0001482075	0.0010645215	0.0008255577	0.0018900792
0.5666666667	1.0460254038	0.9207490669	0.8963528327	0.8614491816	1.0272172223	0.9610603662	0.0296913608	0.0028379407	0.0153590666	0.0268534200	0.0125211259	0.0008815769	0.0000080539	0.0002359009	0.0007211062	0.0001567786	0.0011255317	0.0008778848	0.0020034165
0.5666666667	1.0526920705	0.9215299804	0.8963699532	0.8617628392	1.0280687981	0.9613919299	0.0305391297	0.0028570408	0.0157231050	0.0276820890	0.0128660642	0.0009326384	0.0000081627	0.0002472160	0.0007662980	0.0001655356	0.0011880172	0.0009318337	0.0021198508
0.5666666667	1.0593587371	0.9223103516	0.8963848232	0.8620725844	1.0289223197	0.9617215309	0.0313855927	0.0028736298	0.0160824725	0.0285119629	0.0132088427	0.0009850554	0.0000082577	0.0002586459	0.0008129320	0.0001744735	0.0012519591	0.0009874056	0.0022393647
0.5666666667	1.0660254038	0.9230901714	0.8963974332	0.8623783875	1.0297777940	0.9620491486	0.0322307424	0.0028876973	0.0164371396	0.0293430450	0.0135494423	0.0010388208	0.0000083388	0.0002701796	0.0008610143	0.0001835874	0.0013173391	0.0010446017	0.0023619408
0.5693333333	0.6660254038	0.8771478047	0.8924602862	0.8399105498	0.9828423944	0.9411181234	-0.0188206686	-0.0015141657	-0.0099616015	-0.0173065029	-0.0084474358	0.0003542176	0.0000022927	0.0000992335	0.0002995150	0.0000713592	0.0004557438	0.0003708742	0.0008266180
0.5693333333	0.6726920705	0.8778482193	0.8925548159	0.8402678879	0.9835230327	0.9414188047	-0.0180224734	-0.0014082511	-0.0095362442	-0.0166142224	-0.0081279931	0.0003248095	0.0000019832	0.0000909400	0.0002760324	0.0000660643	0.0004177327	0.0003420967	0.0007598293
0.5693333333	0.6793587371	0.8785546656	0.8926500196	0.8406313112	0.9842095404	0.9417255282	-0.0172180495	-0.0013015924	-0.0091038288	-0.0159164570	-0.0078022363	0.0002964612	0.0000016941	0.0000828797	0.0002533336	0.0000608749	0.0003810351	0.0003142085	0.0006952436
0.5693333333	0.6860254038	0.8792668198	0.8927457518	0.8410003551	0.9849017125	0.9420379245	-0.0164077803	-0.0011943533	-0.0086649171	-0.0152134271	-0.0074705638	0.0002692153	0.0000014265	0.0000750808	0.0002314484	0.0000558093	0.0003457225	0.0002872577	0.0006329802
0.5693333333	0.6926920705	0.8799843710	0.8928418733	0.8413745732	0.9855993512	0.9423556381	-0.0155920341	-0.0010866895	-0.0082200483	-0.0145053445	-0.0071333587	0.0002431115	0.0000011809	0.0000675692	0.0002104050	0.0000508848	0.0003118616	0.0002612898	0.0005731514
0.5693333333	0.6993587371	0.8807070210	0.8929382515	0.8417535367	0.9863022662	0.9426783267	-0.0147711634	-0.0009787500	-0.0077697397	-0.0137924134	-0.0067909897	0.0002181873	0.0000009580	0.0000603689	0.0001902307	0.0000461175	0.0002795141	0.0002363482	0.0005158623
0.5693333333	0.7060254038	0.8814344832	0.8930347596	0.8421368341	0.9870102745	0.9430056613	-0.0139455063	-0.0008706765	-0.0073144875	-0.0130748298	-0.0064438110	0.0001944771	0.0000007581	0.0000535017	0.0001709512	0.0000415227	0.0002487370	0.0002124739	0.0004612108
0.5693333333	0.7126920705	0.8821664831	0.8931312768	0.8425240702	0.9877232003	0.9433373257	-0.0131153866	-0.0007626046	-0.0068547676	-0.0123527821	-0.0060921630	0.0001720134	0.0000005816	0.0000469878	0.0001525912	0.0000371145	0.0002195828	0.0001897057	0.0004092884
0.5693333333	0.7193587371	0.8829027573	0.8932276879	0.8429148658	0.9884408748	0.9436730156	-0.0122811143	-0.0006546631	-0.0063910359	-0.0116264512	-0.0057363728	0.0001508258	0.0000004286	0.0000408453	0.0001351744	0.0000329060	0.0001920997	0.0001680803	0.0003601800
0.5693333333	0.7260254038	0.8836430533	0.8933238828	0.8433088573	0.9891631359	0.9440124389	-0.0114429859	-0.0005469753	-0.0059237296	-0.0108960106	-0.0053767543	0.0001309419	0.0000002992	0.0000350906	0.0001187230	0.0000289095	0.0001663317	0.0001476325	0.0003139642
0.5693333333	0.7326920705	0.8843871295	0.8934197566	0.8437056957	0.9898898283	0.9443553150	-0.0106012851	-0.0004396585	-0.0054532674	-0.0101616265	-0.0050136088	0.0001123872	0.0000001933	0.0000297381	0.0001032587	0.0000251363	0.0001423187	0.0001283949	0.0002707136
0.5693333333	0.7393587371	0.8851347544	0.8935152094	0.8441050463	0.9906208032	0.9447013743	-0.0097562829	-0.0003328245	-0.0049800501	-0.0094234584	-0.0046472256	0.0000951851	0.0000001108	0.0000248009	0.0000888016	0.0000215967	0.0001200967	0.0001103983	0.0002304950
0.5693333333	0.7460254038	0.8858857064	0.8936101456	0.8445065883	0.9913559181	0.9450503583	-0.0089082385	-0.0002265798	-0.0045044616	-0.0086816587	-0.0042778818	0.0000793567	0.0000000513	0.0000202902	0.0000753712	0.0000183003	0.0000996982	0.0000936715	0.0001933697
0.5693333333	0.7526920705	0.8866397735	0.8937044745	0.8449100144	0.9920950368	0.9454020188	-0.0080573992	-0.0001210261	-0.0040268695	-0.0079363731	-0.0039058434	0.0000649217	0.0000000146	0.0000162157	0.0000629860	0.0000152556	0.0000811520	0.0000782416	0.0001593936
0.5693333333	0.7593587371	0.8873967530	0.8937981091	0.8453150296	0.9928380290	0.9457561176	-0.0072040012	-0.0000162602	-0.0035476253	-0.0071877410	-0.0035313651	0.0000518976	0.0000000003	0.0000125856	0.0000516636	0.0000124705	0.0000644835	0.0000641342	0.0001286177
0.5693333333	0.7660254038	0.8881564512	0.8938909670	0.8457213518	0.9935847704	0.9461124265	-0.0063482699	0.0000876257	-0.0030670654	-0.0064358956	-0.0031546911	0.0000403005	0.0000000077	0.0000094069	0.0000414208	0.0000099521	0.0000497151	0.0000513728	0.0001010879
0.5693333333	0.7726920705	0.8889186830	0.8939829692	0.8461287104	0.9943351424	0.9464707266	-0.0054904200	0.0001905437	-0.0025855113	-0.0056809637	-0.0027760550	0.0000301447	0.0000000363	0.0000066849	0.0000322733	0.0000077065	0.0000368659	0.0000399798	0.0000768457
0.5693333333	0.7793587371	0.8896832716	0.8940740406	0.8465368464	0.9950890319	0.9468308081	-0.0046306564	0.0002924101	-0.0021032708	-0.0049230665	-0.0023956809	0.0000214430	0.0000000855	0.0000044237	0.0000242366	0.0000057393	0.0000259522	0.0000299759	0.0000559281
0.5693333333	0.7860254038	0.8904500482	0.8941641097	0.8469455117	0.9958463312	0.9471924701	-0.0037691741	0.0003931451	-0.0016206376	-0.0041623192	-0.0020137827	0.0000142067	0.0000001546	0.0000026265	0.0000173249	0.0000040553	0.0000169877	0.0000213802	0.0000383679
0.5693333333	0.7926920705	0.8912188518	0.8942531082	0.8473544690	0.9966069379	0.9475555201	-0.0029061590	0.0004926727	-0.0011378928	-0.0033988316	-0.0016305655	0.0000084458	0.0000002427	0.0000012948	0.0000115521	0.0000026587	0.0000099833	0.0000142108	0.0000241941
0.5693333333	0.7993587371	0.8919895288	0.8943409709	0.8477634910	0.9973707544	0.9479197739	-0.0020417876	0.0005909205	-0.0006553046	-0.0026327081	-0.0012462251	0.0000041689	0.0000003492	0.0000004294	0.0000069312	0.0000015531	0.0000049475	0.0000084842	0.0000134317
0.5693333333	0.8060254038	0.8927619329	0.8944276359	0.8481723601	0.9981376884	0.9482850552	-0.0011762283	0.0006878196	-0.0001731293	-0.0018640478	-0.0008609489	0.0000013835	0.0000004731	0.0000000300	0.0000034747	0.0000007412	0.0000018866	0.0000042159	0.0000061025
0.5693333333	0.8126920705	0.8935359246	0.8945130440	0.8485808684	0.9989076521	0.9486511953	-0.0003096407	0.0007833042	0.0003083883	-0.0010929449	-0.0004749159	0.0000000959	0.0000006136	0.0000000951	0.0000011945	0.0000002255	0.0000008045	0.0000014201	0.0000022246
0.5693333333	0.8193587371	0.8943113711	0.8945971390	0.8489888169	0.9996805625	0.9490180326	0.0005578232	0.0008773117	0.0007890148	-0.0003194886	-0.0000882970	0.0000003112	0.0000007697	0.0000006225	0.0000001021	0.0000000078	0.0000017034	0.0000001099	0.0000018133
0.5693333333	0.8260254038	0.8950881459	0.8946798671	0.8493960152	1.0004563407	0.9493854131	0.0014260193	0.0009697827	0.0012685272	0.0004562366	0.0002987445	0.0000020335	0.0000009405	0.0000016092	0.0000002082	0.0000000892	0.0000045832	0.0000002974	0.0000048806
0.5693333333	0.8326920705	0.8958661289	0.8947611770	0.8498022815	1.0012349126	0.9497531892	0.0022948109	0.0010606602	0.0017467131	0.0012341507	0.0006860529	0.0000052662	0.0000011250	0.0000030510	0.0000015231	0.0000004707	0.0000094422	0.0000019938	0.0000114360
0.5693333333	0.8393587371	0.8966452056	0.8948410201	0.8502074417	1.0020162078	0.9501212200	0.0031640682	0.0011498902	0.0022233695	0.0020141780	0.0010734793	0.0000100113	0.0000013222	0.0000049434	0.0000040569	0.0000011524	0.0000162769	0.0000052093	0.0000214862
0.5693333333	0.8460254038	0.8974252675	0.8949193498	0.8506113298	1.0028001603	0.9504893709	0.0040336683	0.0012374211	0.0026983032	0.0027962472	0.0014608821	0.0000162705	0.0000015312	0.0000072808	0.0000078190	0.0000021342	0.0000250825	0.0000099532	0.0000350357
0.5693333333	0.8526920705	0.8982062113	0.8949961218	0.8510137870	1.0035867078	0.9508575136	0.0049034947	0.0013232039	0.0031713301	0.0035802909	0.0018481262	0.0000240443	0.0000017509	0.0000100573	0.0000128185	0.0000034156	0.0000358525	0.0000162341	0.0000520865
0.5693333333	0.8593587371	0.8989879392	0.8950712937	0.8514146616	1.0043757916	0.9512255253	0.0057734374	0.0014071917	0.0036422745	0.0043662457	0.0022350828	0.0000333326	0.0000019802	0.0000132662	0.0000190641	0.0000049956	0.0000485789	0.0000240597	0.0000726386
0.5693333333	0.8660254038	0.8997703582	0.8951448254	0.8518138087	1.0051673570	0.9515932892	0.0066433921	0.0014893401	0.0041109693	0.0051540520	0.0026216292	0.0000441347	0.0000022181	0.0000169001	0.0000265643	0.0000068729	0.0000632529	0.0000334372	0.0000966901
0.5693333333	0.8726920705	0.9005533805	0.8952166784	0.8522110902	1.0059613524	0.9519606937	0.0075132604	0.0015696066	0.0045772552	0.0059436538	0.0030076487	0.0000564491	0.0000024637	0.0000209513	0.0000353270	0.0000090460	0.0000798640	0.0000443730	0.0001242370
0.5693333333	0.8793587371	0.9013369225	0.8952868161	0.8526063739	1.0067577298	0.9523276325	0.0083829493	0.0016479507	0.0050409809	0.0067349987	0.0033930302	0.0000702738	0.0000027157	0.0000254115	0.0000453602	0.0000115127	0.0000984011	0.0000568729	0.0001552739
0.5693333333	0.8860254038	0.9021209053	0.8953552036	0.8529995341	1.0075564443	0.9526940042	0.0092523713	0.0017243339	0.0055020020	0.0075280374	0.0037776681	0.0000856064	0.0000029733	0.0000302720	0.0000566713	0.0000142708	0.0001188517	0.0000709421	0.0001897939
0.5693333333	0.8926920705	0.9029052544	0.8954218077	0.8533904507	1.0083574542	0.9530597126	0.0101214436	0.0017987196	0.0059601816	0.0083227240	0.0041614620	0.0001024436	0.0000032354	0.0000355238	0.0000692677	0.0000173178	0.0001412028	0.0000865855	0.0002277883
0.5693333333	0.8993587371	0.9036898993	0.8954865966	0.8537790090	1.0091607207	0.9534246656	0.0109900886	0.0018710728	0.0064153893	0.0091190158	0.0045443166	0.0001207820	0.0000035009	0.0000411572	0.0000831565	0.0000206508	0.0001654402	0.0001038073	0.0002692474
0.5693333333	0.9060254038	0.9044747733	0.8955495402	0.8541650999	1.0099662081	0.9537887761	0.0118582330	0.0019413601	0.0068675012	0.0099168730	0.0049261412	0.0001406177	0.0000037689	0.0000471626	0.0000983444	0.0000242669	0.0001915491	0.0001226112	0.0003141604
0.5693333333	0.9126920705	0.9052598136	0.8956106095	0.8545486194	1.0107738831	0.9541519610	0.0127258082	0.0020095498	0.0073163997	0.0107162584	0.0053068499	0.0001619462	0.0000040383	0.0000535297	0.0001148382	0.0000281627	0.0002195142	0.0001430008	0.0003625150
0.5693333333	0.9193587371	0.9060449611	0.8956697772	0.8549294683	1.0115837155	0.9545141413	0.0135927495	0.0020756117	0.0077619729	0.0115171379	0.0056863613	0.0001847628	0.0000043082	0.0000602482	0.0001326445	0.0000323347	0.0002493192	0.0001649792	0.0004142984
0.5693333333	0.9260254038	0.9068301600	0.8957270170	0.8553075522	1.0123956772	0.9548752420	0.0144589967	0.0021395169	0.0082041151	0.0123194798	0.0060645982	0.0002090626	0.0000045775	0.0000673075	0.0001517696	0.0000367794	0.0002809476	0.0001885489	0.0004694966
0.5693333333	0.9326920705	0.9076153579	0.8957823041	0.8556827812	1.0132097428	0.9552351920	0.0153244931	0.0022012381	0.0086427254	0.0131232550	0.0064414874	0.0002348401	0.0000048454	0.0000746967	0.0001722198	0.0000414928	0.0003143822	0.0002137126	0.0005280948
0.5693333333	0.9393587371	0.9084005057	0.8958356145	0.8560550699	1.0140258894	0.9555939238	0.0161891858	0.0022607490	0.0090777087	0.0139284368	0.0068169597	0.0002620897	0.0000051110	0.0000824048	0.0001940014	0.0000464709	0.0003496055	0.0002404723	0.0005900778
0.5693333333	0.9460254038	0.9091855572	0.8958869256	0.8564243368	1.0148440961	0.9559513733	0.0170530255	0.0023180247	0.0095089746	0.0147350008	0.0071909499	0.0002908057	0.0000053732	0.0000904206	0.0002171202	0.0000517098	0.0003865995	0.0002688300	0.0006554295
0.5693333333	0.9526920705	0.9099704690	0.8959362158	0.8567905047	1.0156643442	0.9563074799	0.0179159662	0.0023730416	0.0099364375	0.0155429246	0.0075633960	0.0003209818	0.0000056313	0.0000987328	0.0002415825	0.0000572050	0.0004253460	0.0002987875	0.0007241334
0.5693333333	0.9593587371	0.9107552009	0.8959834646	0.8571535001	1.0164866171	0.9566621863	0.0187779652	0.0024257769	0.0103600166	0.0163521883	0.0079342397	0.0003526120	0.0000058844	0.0001073299	0.0002673941	0.0000629522	0.0004658263	0.0003303462	0.0007961725
0.5693333333	0.9660254038	0.9115397148	0.8960286522	0.8575132531	1.0173109003	0.9570154381	0.0196389829	0.0024762092	0.0107796352	0.0171627737	0.0083034260	0.0003856896	0.0000061316	0.0001162005	0.0002945608	0.0000689469	0.0005080218	0.0003635077	0.0008715295
0.5693333333	0.9726920705	0.9123239758	0.8960717600	0.8578696976	1.0181371811	0.9573671841	0.0204989824	0.0025243178	0.0111952210	0.0179746646	0.0086709031	0.0004202083	0.0000063722	0.0001253330	0.0003230886	0.0000751846	0.0005519134	0.0003982731	0.0009501866
0.5693333333	0.9793587371	0.9131079508	0.8961127701	0.8582227705	1.0189654486	0.9577173756	0.0213579299	0.0025700834	0.0116067057	0.0187878465	0.0090366223	0.0004561612	0.0000066053	0.0001347156	0.0003529832	0.0000816605	0.0005974821	0.0004346437	0.0010321258
0.5693333333	0.9860254038	0.9138916096	0.8961516657	0.8585724123	1.0197956937	0.9580659671	0.0222157942	0.0026134872	0.0120140249	0.0196023069	0.0094005377	0.0004935415	0.0000068303	0.0001443368	0.0003842504	0.0000883701	0.0006447086	0.0004726205	0.0011173292
0.5693333333	0.9926920705	0.9146749238	0.8961884305	0.8589185665	1.0206279089	0.9584129154	0.0230725464	0.0026545116	0.0124171178	0.0204180349	0.0097626062	0.0005323424	0.0000070464	0.0001541848	0.0004168961	0.0000953085	0.0006935736	0.0005122046	0.0012057783
0.5693333333	0.9993587371	0.9154578674	0.8962230491	0.8592611795	1.0214620884	0.9587581800	0.0239281605	0.0026931396	0.0128159271	0.0212350209	0.0101227875	0.0005725569	0.0000072530	0.0001642480	0.0004509261	0.0001024708	0.0007440579	0.0005533969	0.0012974548
0.5693333333	1.0060254038	0.9162404163	0.8962555070	0.8596002008	1.0222982277	0.9591017228	0.0247826123	0.0027293552	0.0132103990	0.0220532571	0.0104810439	0.0006141779	0.0000074494	0.0001745146	0.0004863462	0.0001098523	0.0007961419	0.0005961984	0.0013923403
0.5693333333	1.0126920705	0.9170225485	0.8962857901	0.8599355824	1.0231363240	0.9594435078	0.0256358802	0.0027631431	0.0136004830	0.0228727371	0.0108373399	0.0006571984	0.0000076350	0.0001849731	0.0005231621	0.0001174479	0.0008498065	0.0006406100	0.0014904165
0.5693333333	1.0193587371	0.9178042437	0.8963138851	0.8602672792	1.0239763758	0.9597835016	0.0264879445	0.0027944887	0.0139861314	0.0236934558	0.0111916427	0.0007016112	0.0000078092	0.0001956119	0.0005613798	0.0001252529	0.0009050322	0.0006866327	0.0015916650
0.5693333333	1.0260254038	0.9185854833	0.8963397796	0.8605952484	1.0248183828	0.9601216726	0.0273387876	0.0028233782	0.0143672998	0.0245154094	0.0115439216	0.0007474093	0.0000079715	0.0002064193	0.0006010053	0.0001332621	0.0009618001	0.0007342674	0.0016960675
0.5693333333	1.0326920705	0.9193662507	0.8963634614	0.8609194497	1.0256623461	0.9604579914	0.0281883936	0.0028497984	0.0147439464	0.0253385952	0.0118941480	0.0007945855	0.0000081214	0.0002173840	0.0006420444	0.0001414708	0.0010200908	0.0007835152	0.0018036060
0.5693333333	1.0393587371	0.9201465307	0.8963849191	0.8612398452	1.0265082679	0.9607924306	0.0290367487	0.0028737368	0.0151160322	0.0261630119	0.0122422954	0.0008431328	0.0000082584	0.0002284944	0.0006845032	0.0001498738	0.0010798856	0.0008343770	0.0019142626
0.5693333333	1.0460254038	0.9209263097	0.8964041420	0.8615563993	1.0273561516	0.9611249646	0.0298838407	0.0028951815	0.0154835209	0.0269886592	0.0125883394	0.0008930439	0.0000083821	0.0002397394	0.0007283877	0.0001584663	0.0011411654	0.0008868540	0.0020280194
0.5693333333	1.0526920705	0.9217055754	0.8964211198	0.8618690783	1.0282060017	0.9614555696	0.0307296589	0.0029141211	0.0158463785	0.0278155377	0.0129322574	0.0009443119	0.0000084921	0.0002511077	0.0007737041	0.0001672433	0.0012039117	0.0009409474	0.0021448592
0.5693333333	1.0593587371	0.9224843172	0.8964358426	0.8621778508	1.0290578237	0.9617842236	0.0315741943	0.0029305450	0.0162045736	0.0286436493	0.0132740286	0.0009969297	0.0000085881	0.0002625882	0.0008204586	0.0001761998	0.0012681060	0.0009966585	0.0022647645
0.5693333333	1.0660254038	0.9232625256	0.8964483012	0.8624826873	1.0299116239	0.9621109061	0.0324174394	0.0029444428	0.0165580767	0.0294729965	0.0136136339	0.0010508904	0.0000086697	0.0002741699	0.0008686575	0.0001853310	0.0013337300	0.0010539886	0.0023877186
0.5720000000	0.6660254038	0.8774465990	0.8924992685	0.8400598488	0.9831342501	0.9412442994	-0.0184800835	-0.0014704871	-0.0097838615	-0.0170095964	-0.0083133744	0.0003415135	0.0000021623	0.0000957239	0.0002893264	0.0000691122	0.0004393998	0.0003584386	0.0007978383
0.5720000000	0.6726920705	0.8781445972	0.8925946434	0.8404173695	0.9838111888	0.9415442673	-0.0176849118	-0.0013636301	-0.0093583624	-0.0163212817	-0.0079947323	0.0003127561	0.0000018595	0.0000875789	0.0002663842	0.0000639157	0.0004021945	0.0003303000	0.0007324945
0.5720000000	0.6793587371	0.8788486250	0.8926906612	0.8407809079	0.9844940282	0.9418502337	-0.0168835110	-0.0012560643	-0.0089258871	-0.0156274467	-0.0076698227	0.0002850529	0.0000015777	0.0000796715	0.0002442171	0.0000588262	0.0003663021	0.0003030433	0.0006693454
0.5720000000	0.6860254038	0.8795583598	0.8927871765	0.8411500018	0.9851825642	0.9421618320	-0.0160762635	-0.0011479529	-0.0084869941	-0.0149283106	-0.0073390411	0.0002584462	0.0000013178	0.0000720291	0.0002228545	0.0000538615	0.0003317931	0.0002767160	0.0006085091
0.5720000000	0.6926920705	0.8802734917	0.8928840502	0.8415242070	0.9858766001	0.9424787090	-0.0152635360	-0.0010394517	-0.0080422196	-0.0142240843	-0.0070027680	0.0002329755	0.0000010805	0.0000646773	0.0002023246	0.0000490388	0.0002987333	0.0002513633	0.0005500966
0.5720000000	0.6993587371	0.8809937231	0.8929811500	0.8419030972	0.9865759463	0.9428005252	-0.0144456800	-0.0009307091	-0.0075920782	-0.0135149709	-0.0066613690	0.0002086777	0.0000008662	0.0000576397	0.0001826544	0.0000443738	0.0002671835	0.0002270283	0.0004942118
0.5720000000	0.7060254038	0.8817187686	0.8930783495	0.8422862632	0.9872804208	0.9431269538	-0.0136230324	-0.0008218668	-0.0071370628	-0.0128011656	-0.0063151960	0.0001855870	0.0000006755	0.0000509377	0.0001638698	0.0000398817	0.0002372001	0.0002037515	0.0004409517
0.5720000000	0.7126920705	0.8824483545	0.8931755280	0.8426733122	0.9879898483	0.9434576808	-0.0127959159	-0.0007130596	-0.0066776464	-0.0120828563	-0.0059645868	0.0001637355	0.0000005085	0.0000445910	0.0001459954	0.0000355763	0.0002088349	0.0001815717	0.0003904066
0.5720000000	0.7193587371	0.8831822182	0.8932725709	0.8430638674	0.9887040607	0.9437924043	-0.0119646393	-0.0006044163	-0.0062142822	-0.0113602230	-0.0056098659	0.0001431526	0.0000003653	0.0000386173	0.0001290547	0.0000314706	0.0001821352	0.0001605253	0.0003426605
0.5720000000	0.7260254038	0.8839201082	0.8933693684	0.8434575672	0.9894228966	0.9441308343	-0.0111294979	-0.0004960593	-0.0057474042	-0.0106334386	-0.0052513449	0.0001238657	0.0000002461	0.0000330327	0.0001130700	0.0000275766	0.0001571445	0.0001406466	0.0002977911
0.5720000000	0.7326920705	0.8846617838	0.8934658163	0.8438540650	0.9901462010	0.9444726923	-0.0102907745	-0.0003881055	-0.0052774284	-0.0099026690	-0.0048893229	0.0001059000	0.0000001506	0.0000278513	0.0000980629	0.0000239055	0.0001339019	0.0001219683	0.0002558702
0.5720000000	0.7393587371	0.8854070141	0.8935618150	0.8442530284	0.9908738257	0.9448177108	-0.0094487390	-0.0002806660	-0.0048047529	-0.0091680729	-0.0045240869	0.0000892787	0.0000000788	0.0000230857	0.0000840536	0.0000204674	0.0001124431	0.0001045209	0.0002169640
0.5720000000	0.7460254038	0.8861555785	0.8936572695	0.8446541388	0.9916056286	0.9451656330	-0.0086036495	-0.0001738469	-0.0043297589	-0.0084298026	-0.0041559120	0.0000740228	0.0000000302	0.0000187468	0.0000710616	0.0000172716	0.0000927998	0.0000883332	0.0001811330
0.5720000000	0.7526920705	0.8869072657	0.8937520897	0.8450570908	0.9923414736	0.9455162126	-0.0077557525	-0.0000677491	-0.0038528112	-0.0076880035	-0.0037850621	0.0000601517	0.0000000046	0.0000148442	0.0000591054	0.0000143267	0.0000750004	0.0000734321	0.0001484325
0.5720000000	0.7593587371	0.8876618740	0.8938461892	0.8454615917	0.9930812310	0.9458692132	-0.0069052833	0.0000375314	-0.0033742587	-0.0069428146	-0.0034117901	0.0000476829	0.0000000014	0.0000113856	0.0000482027	0.0000116403	0.0000590700	0.0000598430	0.0001189130
0.5720000000	0.7660254038	0.8884192101	0.8939394862	0.8458673614	0.9938247766	0.9462244083	-0.0060524661	0.0001419029	-0.0028944353	-0.0061943690	-0.0030363381	0.0000366323	0.0000000201	0.0000083778	0.0000383702	0.0000092193	0.0000450302	0.0000475896	0.0000926198
0.5720000000	0.7726920705	0.8891790898	0.8940319023	0.8462741311	0.9945719918	0.9465815806	-0.0051975152	0.0002452782	-0.0024136601	-0.0054427934	-0.0026589383	0.0000270142	0.0000000602	0.0000058258	0.0000296240	0.0000070700	0.0000329001	0.0000366940	0.0000695940
0.5720000000	0.7793587371	0.8899413368	0.8941233630	0.8466816440	0.9953227637	0.9469405219	-0.0043406343	0.0003475744	-0.0019322384	-0.0046882088	-0.0022798128	0.0000188411	0.0000001208	0.0000037335	0.0000219793	0.0000051975	0.0000226955	0.0000271768	0.0000498723
0.5720000000	0.7860254038	0.8907057832	0.8942137975	0.8470896538	0.9960769848	0.9473010327	-0.0034820179	0.0004487125	-0.0014504616	-0.0039307304	-0.0018991741	0.0000121244	0.0000002013	0.0000021038	0.0000154506	0.0000036069	0.0000144296	0.0000190575	0.0000334871
0.5720000000	0.7926920705	0.8914722684	0.8943031380	0.8474979249	0.9968345525	0.9476629220	-0.0026218510	0.0005486170	-0.0009686085	-0.0031704681	-0.0015172256	0.0000068741	0.0000003010	0.0000009382	0.0000100519	0.0000023020	0.0000081133	0.0000123538	0.0000204671
0.5720000000	0.7993587371	0.8922406395	0.8943913201	0.8479062319	0.9975953696	0.9480260069	-0.0017603097	0.0006472165	-0.0004869453	-0.0024075262	-0.0011341618	0.0000030987	0.0000004189	0.0000002371	0.0000057962	0.0000012863	0.0000037547	0.0000070825	0.0000108372
0.5720000000	0.8060254038	0.8930107507	0.8944782825	0.8483143589	0.9983593433	0.9483901124	-0.0008975615	0.0007444426	-0.0000057259	-0.0016420041	-0.0007501685	0.0000008056	0.0000005542	0.0000000000	0.0000026962	0.0000005628	0.0000013598	0.0000032589	0.0000046188
0.5720000000	0.8126920705	0.8937824631	0.8945639667	0.8487220997	0.9991263860	0.9487550709	-0.0000337655	0.0008402304	0.0004748068	-0.0008739959	-0.0003654236	0.0000000011	0.0000007060	0.0000002254	0.0000007639	0.0000001335	0.0000009326	0.0000008974	0.0000018300
0.5720000000	0.8193587371	0.8945556443	0.8946483170	0.8491292568	0.9998964143	0.9491207222	0.0008309269	0.0009345180	0.0009544213	-0.0001035910	0.0000199033	0.0000006904	0.0000008733	0.0000009109	0.0000000107	0.0000000004	0.0000024747	0.0000000111	0.0000024858
0.5720000000	0.8260254038	0.8953301683	0.8947312803	0.8495356415	1.0006693496	0.9494869132	0.0016963722	0.0010272465	0.0014328967	0.0006691257	0.0004056502	0.0000028777	0.0000010552	0.0000020532	0.0000004477	0.0000001646	0.0000059861	0.0000006123	0.0000065984
0.5720000000	0.8326920705	0.8961059154	0.8948128060	0.8499410733	1.0014451172	0.9498534974	0.0025624340	0.0011183599	0.0019100223	0.0014440740	0.0007916624	0.0000065661	0.0000012507	0.0000036482	0.0000020853	0.0000006267	0.0000114650	0.0000027121	0.0000141771
0.5720000000	0.8393587371	0.8968827716	0.8948928460	0.8503453799	1.0022236468	0.9502203350	0.0034289830	0.0012078048	0.0023855969	0.0022211782	0.0011777921	0.0000117579	0.0000014588	0.0000056911	0.0000049336	0.0000013872	0.0000189078	0.0000063208	0.0000252286
0.5720000000	0.8460254038	0.8976606288	0.8949713544	0.8507483964	1.0030048720	0.9505872922	0.0042958967	0.0012955303	0.0028594292	0.0030003664	0.0015638988	0.0000184547	0.0000016784	0.0000081763	0.0000090022	0.0000024458	0.0000283095	0.0000114480	0.0000397574
0.5720000000	0.8526920705	0.8984393839	0.8950482874	0.8511499654	1.0037887302	0.9509542416	0.0051630592	0.0013814881	0.0033313363	0.0037815711	0.0019498482	0.0000266572	0.0000019085	0.0000110978	0.0000143003	0.0000038019	0.0000396635	0.0000181022	0.0000577657
0.5720000000	0.8593587371	0.8992189396	0.8951236035	0.8515499365	1.0045751627	0.9513210614	0.0060303605	0.0014656320	0.0038011444	0.0045647285	0.0023355124	0.0000363652	0.0000021481	0.0000144487	0.0000208367	0.0000054546	0.0000529620	0.0000262914	0.0000792534
0.5720000000	0.8660254038	0.8999992032	0.8951972628	0.8519481662	1.0053641143	0.9516876353	0.0068976968	0.0015479182	0.0042686879	0.0053497786	0.0027207697	0.0000475782	0.0000023961	0.0000182217	0.0000286201	0.0000074026	0.0000681960	0.0000360227	0.0001042187
0.5720000000	0.8726920705	0.9007800869	0.8952692276	0.8523445173	1.0061555331	0.9520538527	0.0077649700	0.0016283048	0.0047338089	0.0061366652	0.0031055041	0.0000602948	0.0000026514	0.0000224089	0.0000376587	0.0000096442	0.0000853551	0.0000473028	0.0001326579
0.5720000000	0.8793587371	0.9015615077	0.8953394618	0.8527388592	1.0069493708	0.9524196079	0.0086320873	0.0017067521	0.0051963573	0.0069253352	0.0034896052	0.0000745129	0.0000029130	0.0000270021	0.0000479603	0.0000121773	0.0001044281	0.0000601376	0.0001645657
0.5720000000	0.8860254038	0.9023433869	0.8954079311	0.8531310669	1.0077455822	0.9527848003	0.0094989614	0.0017832222	0.0056561904	0.0077157392	0.0038729681	0.0000902303	0.0000031799	0.0000319925	0.0000595326	0.0000149999	0.0001254026	0.0000745325	0.0001999352
0.5720000000	0.8926920705	0.9031256500	0.8954746028	0.8535210214	1.0085441253	0.9531493341	0.0103655099	0.0018576790	0.0061131722	0.0085078308	0.0042554932	0.0001074438	0.0000034510	0.0000373709	0.0000723832	0.0000181092	0.0001482656	0.0000904924	0.0002387580
0.5720000000	0.8993587371	0.9039082268	0.8955394457	0.8539086092	1.0093449608	0.9535131180	0.0112316550	0.0019300882	0.0065671737	0.0093015668	0.0046370855	0.0001261501	0.0000037252	0.0000431278	0.0000865191	0.0000215026	0.0001730031	0.0001080217	0.0002810248
0.5720000000	0.9060254038	0.9046910507	0.8956024301	0.8542937221	1.0101480527	0.9538760652	0.0120973239	0.0020004169	0.0070180722	0.0100969069	0.0050176552	0.0001463452	0.0000040017	0.0000492533	0.0001019475	0.0000251769	0.0001996002	0.0001271244	0.0003267246
0.5720000000	0.9126920705	0.9054740593	0.8956635277	0.8546762569	1.0109533673	0.9542380933	0.0129624478	0.0020686341	0.0074657510	0.0108938137	0.0053971169	0.0001680251	0.0000042792	0.0000557374	0.0001186752	0.0000291289	0.0002280417	0.0001478040	0.0003758458
0.5720000000	0.9193587371	0.9062571933	0.8957227114	0.8550561154	1.0117608739	0.9545991237	0.0138269624	0.0021347101	0.0079100995	0.0116922524	0.0057753895	0.0001911849	0.0000045570	0.0000625697	0.0001367088	0.0000333551	0.0002583116	0.0001700639	0.0004283754
0.5720000000	0.9260254038	0.9070403973	0.8957799557	0.8554332041	1.0125705442	0.9549590819	0.0146908074	0.0021986165	0.0083510128	0.0124921909	0.0061523963	0.0002158198	0.0000048339	0.0000697394	0.0001560548	0.0000378520	0.0002903931	0.0001939068	0.0004843000
0.5720000000	0.9326920705	0.9078236188	0.8958352360	0.8558074339	1.0133823524	0.9553178972	0.0155539261	0.0022603264	0.0087883911	0.0132935997	0.0065280646	0.0002419246	0.0000051091	0.0000772358	0.0001767198	0.0000426156	0.0003242695	0.0002193354	0.0005436049
0.5720000000	0.9393587371	0.9086068088	0.8958885289	0.8561787200	1.0141962750	0.9556755025	0.0164162658	0.0023198143	0.0092221401	0.0140964515	0.0069023257	0.0002694938	0.0000053815	0.0000850479	0.0001987099	0.0000476421	0.0003599232	0.0002463520	0.0006062752
0.5720000000	0.9460254038	0.9093899211	0.8959398123	0.8565469819	1.0150122907	0.9560318340	0.0172777772	0.0023770557	0.0096521703	0.0149007214	0.0072751145	0.0002985216	0.0000056504	0.0000931644	0.0002220315	0.0000529273	0.0003973364	0.0002749588	0.0006722952
0.5720000000	0.9526920705	0.9101729126	0.8959890649	0.8569121428	1.0158303804	0.9563868315	0.0181384142	0.0024320274	0.0100783969	0.0157063868	0.0076463695	0.0003290021	0.0000059148	0.0001015741	0.0002466906	0.0000584670	0.0004364909	0.0003051576	0.0007416485
0.5720000000	0.9593587371	0.9109557429	0.8960362666	0.8572741301	1.0166505272	0.9567404379	0.0189981341	0.0024847071	0.0105007399	0.0165134270	0.0080160328	0.0003609291	0.0000061738	0.0001102655	0.0002726933	0.0000642568	0.0004773684	0.0003369501	0.0008143185
0.5720000000	0.9660254038	0.9117383741	0.8960813982	0.8576328744	1.0174727161	0.9570925991	0.0198568972	0.0025350738	0.0109191233	0.0173218233	0.0083840494	0.0003942964	0.0000064266	0.0001192273	0.0003000456	0.0000702923	0.0005199502	0.0003703378	0.0008902881
0.5720000000	0.9726920705	0.9125207710	0.8961244413	0.8579883102	1.0182969339	0.9574432642	0.0207146667	0.0025831075	0.0113334756	0.0181315592	0.0087503680	0.0004290974	0.0000066724	0.0001284477	0.0003287534	0.0000765689	0.0005642175	0.0004053224	0.0009695399
0.5720000000	0.9793587371	0.9133029008	0.8961653785	0.8583403750	1.0191231693	0.9577923848	0.0215714087	0.0026287890	0.0117437290	0.0189426197	0.0091149400	0.0004653257	0.0000069105	0.0001379152	0.0003588228	0.0000830821	0.0006101514	0.0004419050	0.0010520563
0.5720000000	0.9860254038	0.9140847331	0.8962041933	0.8586890100	1.0199514128	0.9581399154	0.0224270918	0.0026721001	0.0121498198	0.0197549917	0.0094777197	0.0005029744	0.0000071401	0.0001476181	0.0003902597	0.0000898272	0.0006577327	0.0004800869	0.0011378196
0.5720000000	0.9926920705	0.9148662396	0.8962408697	0.8590341589	1.0207816565	0.9584858133	0.0232816872	0.0027130235	0.0125516878	0.0205686637	0.0098386643	0.0005420370	0.0000073605	0.0001575449	0.0004230699	0.0000967993	0.0007069423	0.0005198692	0.0012268116
0.5720000000	0.9993587371	0.9156473942	0.8962753929	0.8593757689	1.0216138940	0.9588300379	0.0241351686	0.0027515427	0.0129492762	0.0213836259	0.0101977336	0.0005825064	0.0000075710	0.0001676838	0.0004572595	0.0001039938	0.0007577611	0.0005612532	0.0013190143
0.5720000000	1.0060254038	0.9164281728	0.8963077483	0.8597137897	1.0224481206	0.9591725513	0.0249875118	0.0027876420	0.0133425319	0.0221998698	0.0105548899	0.0006243757	0.0000077709	0.0001780232	0.0004928342	0.0001114057	0.0008101699	0.0006042399	0.0014144098
0.5720000000	1.0126920705	0.9172085531	0.8963379226	0.8600481739	1.0232843329	0.9595133178	0.0258386950	0.0028213064	0.0137314045	0.0230173886	0.0109100981	0.0006676382	0.0000079598	0.0001885515	0.0005298002	0.0001190302	0.0008641494	0.0006488304	0.0015129798
0.5720000000	1.0193587371	0.9179885150	0.8963659026	0.8603788767	1.0241225289	0.9598523039	0.0266886985	0.0028525218	0.0141158472	0.0238361766	0.0112633254	0.0007122866	0.0000081369	0.0001992571	0.0005681633	0.0001268625	0.0009196806	0.0006950258	0.0016147065
0.5720000000	1.0260254038	0.9187680398	0.8963916760	0.8607058557	1.0249627081	0.9601894782	0.0275375043	0.0028812747	0.0144958157	0.0246562296	0.0116145410	0.0007583141	0.0000083017	0.0002101287	0.0006079297	0.0001348976	0.0009767446	0.0007428272	0.0017195718
0.5720000000	1.0326920705	0.9195471107	0.8964152312	0.8610290711	1.0258048711	0.9605248115	0.0283850967	0.0029075522	0.0148712688	0.0254775445	0.0119637167	0.0008057137	0.0000084539	0.0002211546	0.0006491053	0.0001431305	0.0010353222	0.0007922358	0.0018275580
0.5720000000	1.0393587371	0.9203257124	0.8964365571	0.8613484851	1.0266490195	0.9608582764	0.0292314615	0.0029313420	0.0152421679	0.0263001194	0.0123108258	0.0008544783	0.0000085928	0.0002323237	0.0006916963	0.0001515564	0.0010953948	0.0008432527	0.0019386475
0.5720000000	1.0460254038	0.9211038313	0.8964556430	0.8616640626	1.0274951566	0.9611898473	0.0300765863	0.0029526327	0.0156084768	0.0271239536	0.0126558441	0.0009046010	0.0000087180	0.0002436245	0.0007357089	0.0001601704	0.0011569436	0.0008958792	0.0020528229
0.5720000000	1.0526920705	0.9218814550	0.8964724790	0.8619757702	1.0283432861	0.9615195005	0.0309204603	0.0029714131	0.0159701621	0.0279490472	0.0129987490	0.0009560749	0.0000088293	0.0002550461	0.0007811492	0.0001689675	0.0012199502	0.0009501167	0.0021700670
0.5720000000	1.0593587371	0.9226585726	0.8964870555	0.8622835766	1.0291934133	0.9618472139	0.0317630744	0.0029876728	0.0163271925	0.0287754016	0.0133395196	0.0010088929	0.0000089262	0.0002665772	0.0008280237	0.0001779428	0.0012843963	0.0010059665	0.0022903628
0.5720000000	1.0660254038	0.9234351748	0.8964993635	0.8625874527	1.0300455442	0.9621729673	0.0326044209	0.0030014019	0.0166795389	0.0296030190	0.0136781370	0.0010630483	0.0000090084	0.0002782070	0.0008763387	0.0001870914	0.0013502637	0.0010634302	0.0024136939
0.5746666667	0.6660254038	0.8777440359	0.8925377748	0.8402071937	0.9834250837	0.9413687773	-0.0181411610	-0.0014273438	-0.0096084787	-0.0167138172	-0.0081811350	0.0003291017	0.0000020373	0.0000923229	0.0002793517	0.0000669310	0.0004234619	0.0003462827	0.0007697445
0.5746666667	0.6726920705	0.8784396887	0.8926340304	0.8405650071	0.9840983637	0.9416681176	-0.0173489285	-0.0013195047	-0.0091827061	-0.0160294238	-0.0078632014	0.0003009853	0.0000017411	0.0000843221	0.0002569424	0.0000618299	0.0003870485	0.0003187724	0.0007058209
0.5746666667	0.6793587371	0.8791413669	0.8927308963	0.8409287665	0.9847775747	0.9419734099	-0.0165504694	-0.0012109936	-0.0087500439	-0.0153394758	-0.0075390503	0.0002739180	0.0000014665	0.0000765633	0.0002352995	0.0000568373	0.0003519478	0.0002921368	0.0006440846
0.5746666667	0.6860254038	0.8798487487	0.8928282270	0.8412980120	0.9854625135	0.9422842900	-0.0157461649	-0.0011019737	-0.0083110477	-0.0146441912	-0.0072090740	0.0002479417	0.0000012143	0.0000690735	0.0002144523	0.0000519707	0.0003182296	0.0002664231	0.0005846527
0.5746666667	0.6926920705	0.8805615252	0.8929258840	0.8416723023	0.9861529843	0.9426004077	-0.0149363804	-0.0009926004	-0.0078662505	-0.0139437800	-0.0068736501	0.0002230955	0.0000009853	0.0000618779	0.0001944290	0.0000472471	0.0002859586	0.0002416761	0.0005276347
0.5746666667	0.6993587371	0.8812793998	0.8930237348	0.8420512133	0.9868487985	0.9429214257	-0.0141214662	-0.0008830219	-0.0074161636	-0.0132384443	-0.0065331417	0.0001994158	0.0000007797	0.0000549995	0.0001752564	0.0000426819	0.0002551950	0.0002179383	0.0004731334
0.5746666667	0.7060254038	0.8820020880	0.8931216537	0.8424343383	0.9875497748	0.9432470200	-0.0133017578	-0.0007733793	-0.0069612769	-0.0125283786	-0.0061878976	0.0001769368	0.0000005981	0.0000484594	0.0001569603	0.0000382901	0.0002259943	0.0001952503	0.0004212446
0.5746666667	0.7126920705	0.8827293170	0.8932195204	0.8428212870	0.9882557388	0.9435768787	-0.0124775768	-0.0006638070	-0.0065020602	-0.0118137698	-0.0058382532	0.0001556899	0.0000004406	0.0000422768	0.0001395652	0.0000340852	0.0001984073	0.0001736504	0.0003720577
0.5746666667	0.7193587371	0.8834608254	0.8933172205	0.8432116850	0.9889665229	0.9439107024	-0.0116492306	-0.0005544333	-0.0060389637	-0.0110947973	-0.0054845304	0.0001357046	0.0000003074	0.0000364691	0.0001230945	0.0000300801	0.0001724811	0.0001531746	0.0003256557
0.5746666667	0.7260254038	0.8841963626	0.8934146449	0.8436051732	0.9896819663	0.9442482032	-0.0108170136	-0.0004453800	-0.0055724184	-0.0103716336	-0.0051270384	0.0001170078	0.0000001984	0.0000310518	0.0001075708	0.0000262865	0.0001482580	0.0001338573	0.0002821153
0.5746666667	0.7326920705	0.8849356885	0.8935116899	0.8440014073	0.9904019147	0.9445891048	-0.0099812072	-0.0003367634	-0.0051028373	-0.0096444438	-0.0047660739	0.0000996245	0.0000001134	0.0000260389	0.0000930153	0.0000227155	0.0001257769	0.0001157308	0.0002415076
0.5746666667	0.7393587371	0.8856785734	0.8936082564	0.8444000572	0.9911262201	0.9449331417	-0.0091420803	-0.0002286940	-0.0046306156	-0.0089133864	-0.0044019216	0.0000835776	0.0000000523	0.0000214426	0.0000794485	0.0000193769	0.0001050725	0.0000988254	0.0002038979
0.5746666667	0.7460254038	0.8864247975	0.8937042502	0.8448008066	0.9918547409	0.9452800593	-0.0082998900	-0.0001212770	-0.0041561316	-0.0081786130	-0.0040348545	0.0000688882	0.0000000147	0.0000172734	0.0000668897	0.0000162801	0.0000861763	0.0000831698	0.0001693461
0.5746666667	0.7526920705	0.8871741504	0.8937995815	0.8452033523	0.9925873415	0.9456296129	-0.0074548817	-0.0000146129	-0.0036797473	-0.0074402688	-0.0036651344	0.0000555753	0.0000000002	0.0000135405	0.0000553576	0.0000134332	0.0000691160	0.0000687908	0.0001379068
0.5746666667	0.7593587371	0.8879264310	0.8938941649	0.8456074039	0.9933238922	0.9459815682	-0.0066072895	0.0000912032	-0.0032018090	-0.0066984927	-0.0032930122	0.0000436563	0.0000000083	0.0000102516	0.0000448698	0.0000108439	0.0000539162	0.0000557137	0.0001096299
0.5746666667	0.7660254038	0.8886814471	0.8939879188	0.8460126833	0.9940642691	0.9463357004	-0.0057573371	0.0001960803	-0.0027226478	-0.0059534173	-0.0029187281	0.0000331469	0.0000000384	0.0000074128	0.0000354432	0.0000085190	0.0000405982	0.0000439622	0.0000845603
0.5746666667	0.7726920705	0.8894390150	0.8940807658	0.8464189239	0.9948083540	0.9466917937	-0.0049052374	0.0002999320	-0.0022425803	-0.0052051694	-0.0025425123	0.0000240614	0.0000000900	0.0000050292	0.0000270938	0.0000064644	0.0000291805	0.0000335582	0.0000627386
0.5746666667	0.7793587371	0.8901989593	0.8941726320	0.8468258708	0.9955560341	0.9470496418	-0.0040511937	0.0004026760	-0.0017619092	-0.0044538697	-0.0021645853	0.0000164122	0.0000001621	0.0000031043	0.0000198370	0.0000046854	0.0000196786	0.0000245224	0.0000442010
0.5746666667	0.7860254038	0.8909611126	0.8942634472	0.8472332798	0.9963072017	0.9474090465	-0.0031953993	0.0005042342	-0.0012809237	-0.0036996335	-0.0017851579	0.0000102106	0.0000002543	0.0000016408	0.0000136873	0.0000031868	0.0000121056	0.0000168741	0.0000289797
0.5746666667	0.7926920705	0.8917253152	0.8943531443	0.8476409172	0.9970617545	0.9477698185	-0.0023380386	0.0006045320	-0.0007998999	-0.0029425706	-0.0014044319	0.0000054664	0.0000003655	0.0000006398	0.0000086587	0.0000019724	0.0000064717	0.0000106312	0.0000171029
0.5746666667	0.7993587371	0.8924914147	0.8944416596	0.8480485594	0.9978195952	0.9481317761	-0.0014792869	0.0007034985	-0.0003191017	-0.0021827854	-0.0010226002	0.0000021883	0.0000004949	0.0000001018	0.0000047646	0.0000010457	0.0000027850	0.0000058103	0.0000085953
0.5746666667	0.8060254038	0.8932592660	0.8945289325	0.8484559924	0.9985806311	0.9484947457	-0.0006193110	0.0008010662	0.0001612188	-0.0014203772	-0.0006398474	0.0000003835	0.0000006417	0.0000000260	0.0000020175	0.0000004094	0.0000010512	0.0000024269	0.0000034781
0.5746666667	0.8126920705	0.8940287305	0.8946149052	0.8488630116	0.9993447744	0.9488585610	0.0002417305	0.0008971709	0.0006408213	-0.0006554404	-0.0002563496	0.0000000584	0.0000008049	0.0000004107	0.0000004296	0.0000000657	0.0000012740	0.0000004953	0.0000017693
0.5746666667	0.8193587371	0.8947996767	0.8946995225	0.8492694213	1.0001119417	0.9492230631	0.0011036871	0.0009917517	0.0011194762	0.0001119355	0.0001277245	0.0000012181	0.0000009836	0.0000012532	0.0000000125	0.0000000163	0.0000034549	0.0000000288	0.0000034838
0.5746666667	0.8260254038	0.8955719790	0.8947827321	0.8496750344	1.0008820542	0.9495880999	0.0019664156	0.0010847502	0.0015969646	0.0008816654	0.0005122144	0.0000038668	0.0000011767	0.0000025503	0.0000007773	0.0000002624	0.0000075938	0.0000010397	0.0000086335
0.5746666667	0.8326920705	0.8963455180	0.8948644841	0.8500796720	1.0016550372	0.9499535261	0.0028297803	0.0011761112	0.0020730776	0.0016536691	0.0008969664	0.0000080077	0.0000013832	0.0000042977	0.0000027346	0.0000008045	0.0000136885	0.0000035392	0.0000172277
0.5746666667	0.8393587371	0.8971201805	0.8949447309	0.8504831633	1.0024308200	0.9503192029	0.0036936524	0.0012657821	0.0025476161	0.0024278703	0.0012818340	0.0000136431	0.0000016022	0.0000064903	0.0000058946	0.0000016431	0.0000217356	0.0000075377	0.0000292733
0.5746666667	0.8460254038	0.8978958584	0.8950234274	0.8508853449	1.0032093361	0.9506849975	0.0045579098	0.0013537127	0.0030203903	0.0032041971	0.0016666777	0.0000207745	0.0000018325	0.0000091228	0.0000102669	0.0000027778	0.0000317298	0.0000130447	0.0000447745
0.5746666667	0.8526920705	0.8986724494	0.8951005304	0.8512860608	1.0039905227	0.9510507835	0.0054224370	0.0014398553	0.0034912194	0.0039825817	0.0020513641	0.0000294028	0.0000020732	0.0000121886	0.0000158610	0.0000042081	0.0000436646	0.0000200691	0.0000637337
0.5746666667	0.8593587371	0.8994498563	0.8951759989	0.8516851619	1.0047743208	0.9514164398	0.0062871244	0.0015241646	0.0039599309	0.0047629598	0.0024357663	0.0000395279	0.0000023231	0.0000156811	0.0000226858	0.0000059330	0.0000575321	0.0000286187	0.0000861508
0.5746666667	0.8660254038	0.9002279868	0.8952497938	0.8520825061	1.0055606748	0.9517818512	0.0071518687	0.0016065974	0.0044263609	0.0055452713	0.0028197635	0.0000511492	0.0000025812	0.0000195927	0.0000307500	0.0000079511	0.0000733231	0.0000387011	0.0001120242
0.5746666667	0.8726920705	0.9010067535	0.8953218779	0.8524779574	1.0063495328	0.9521469077	0.0080165720	0.0016871125	0.0048903531	0.0063294595	0.0032032406	0.0000642654	0.0000028463	0.0000239156	0.0000400621	0.0000102608	0.0000910273	0.0000503228	0.0001413501
0.5746666667	0.8793587371	0.9017860736	0.8953922157	0.8528713864	1.0071408461	0.9525115044	0.0088811418	0.0017656709	0.0053517588	0.0071154710	0.0035860879	0.0000788747	0.0000031176	0.0000286413	0.0000506299	0.0000128600	0.0001106336	0.0000634900	0.0001741236
0.5746666667	0.8860254038	0.9025658688	0.8954607734	0.8532626693	1.0079345691	0.9528755414	0.0097454911	0.0018422352	0.0058104366	0.0079032559	0.0039682014	0.0000949746	0.0000033938	0.0000337612	0.0000624615	0.0000157466	0.0001321296	0.0000782081	0.0002103377
0.5746666667	0.8926920705	0.9033460647	0.8955275190	0.8536516882	1.0087306593	0.9532389236	0.0106095377	0.0019167701	0.0062662521	0.0086927675	0.0043494819	0.0001125623	0.0000036740	0.0000392659	0.0000755642	0.0000189180	0.0001555022	0.0000944822	0.0002499844
0.5746666667	0.8993587371	0.9041265913	0.8955924217	0.8540383307	1.0095290775	0.9536015603	0.0114732040	0.0019892418	0.0067190772	0.0094839622	0.0047298354	0.0001316344	0.0000039571	0.0000451460	0.0000899455	0.0000223713	0.0001807375	0.0001123169	0.0002930544
0.5746666667	0.9060254038	0.9049073824	0.8956554525	0.8544224896	1.0103297869	0.9539633653	0.0123364174	0.0020596182	0.0071687906	0.0102767992	0.0051091724	0.0001521872	0.0000042420	0.0000513916	0.0001056126	0.0000261036	0.0002078208	0.0001317162	0.0003395370
0.5746666667	0.9126920705	0.9056883755	0.8957165834	0.8548040626	1.0111327537	0.9543242566	0.0131991093	0.0021278686	0.0076152768	0.0110712407	0.0054874082	0.0001742165	0.0000045278	0.0000579924	0.0001225724	0.0000301116	0.0002367368	0.0001526840	0.0003894208
0.5746666667	0.9193587371	0.9064695118	0.8957757881	0.8551829525	1.0119379467	0.9546841563	0.0140612155	0.0021939640	0.0080584263	0.0118672515	0.0058644623	0.0001977178	0.0000048135	0.0000649382	0.0001408317	0.0000343919	0.0002674695	0.0001752236	0.0004426931
0.5746666667	0.9260254038	0.9072507357	0.8958330414	0.8555590667	1.0127453373	0.9550429903	0.0149226758	0.0022578767	0.0084981351	0.0126647991	0.0062402584	0.0002226863	0.0000050980	0.0000722183	0.0001603971	0.0000389408	0.0003000026	0.0001993380	0.0004993405
0.5746666667	0.9326920705	0.9080319950	0.8958883192	0.8559323169	1.0135548991	0.9554006884	0.0157834336	0.0023195803	0.0089343047	0.0134638533	0.0066147244	0.0002491168	0.0000053805	0.0000798218	0.0001812753	0.0000437546	0.0003343190	0.0002250299	0.0005593490
0.5746666667	0.9393587371	0.9088132408	0.8959415987	0.8563026192	1.0143666084	0.9557571838	0.0166434363	0.0023790497	0.0093668414	0.0142643866	0.0069877918	0.0002770040	0.0000056599	0.0000877377	0.0002034727	0.0000488292	0.0003704016	0.0002523020	0.0006227035
0.5746666667	0.9460254038	0.9095944270	0.8959928581	0.8566698937	1.0151804435	0.9561124132	0.0175026344	0.0024362609	0.0097956569	0.0150663735	0.0073593960	0.0003063422	0.0000059354	0.0000959549	0.0002269956	0.0000541607	0.0004082325	0.0002811563	0.0006893888
0.5746666667	0.9526920705	0.9103755106	0.8960420766	0.8570340646	1.0159963849	0.9564663167	0.0183609822	0.0024911912	0.0102206672	0.0158697910	0.0077294760	0.0003371257	0.0000062060	0.0001044620	0.0002518503	0.0000597448	0.0004477937	0.0003115951	0.0007593888
0.5746666667	0.9593587371	0.9111564510	0.8960892346	0.8573950597	1.0168144151	0.9568188375	0.0192184368	0.0025438190	0.0106417929	0.0166746178	0.0080979739	0.0003693483	0.0000064710	0.0001132478	0.0002780429	0.0000655772	0.0004890671	0.0003436201	0.0008326871
0.5746666667	0.9660254038	0.9119372106	0.8961343132	0.8577528106	1.0176345189	0.9571699220	0.0200749585	0.0025941236	0.0110589591	0.0174808349	0.0084648355	0.0004030040	0.0000067295	0.0001223006	0.0003055796	0.0000716534	0.0005320340	0.0003772330	0.0009092670
0.5746666667	0.9726920705	0.9127177542	0.8961772944	0.8581072521	1.0184566825	0.9575195192	0.0209305105	0.0026420855	0.0114720948	0.0182884251	0.0088300093	0.0004380863	0.0000069806	0.0001316090	0.0003344665	0.0000779691	0.0005766758	0.0004124356	0.0009891114
0.5746666667	0.9793587371	0.9134980490	0.8962181614	0.8584583226	1.0192808943	0.9578675813	0.0217850589	0.0026876858	0.0118811331	0.0190973730	0.0091934472	0.0004745888	0.0000072237	0.0001411613	0.0003647097	0.0000845195	0.0006229738	0.0004492291	0.0010722029
0.5746666667	0.9860254038	0.9142780645	0.8962568978	0.8588059635	1.0201071443	0.9582140630	0.0226385721	0.0027309070	0.0122860107	0.0199076652	0.0095551037	0.0005125049	0.0000074579	0.0001509461	0.0003963151	0.0000913000	0.0006709089	0.0004876151	0.0011585240
0.5746666667	0.9926920705	0.9150577725	0.8962934882	0.8591501195	1.0209354241	0.9585589216	0.0234910214	0.0027717319	0.0126866682	0.0207192895	0.0099149362	0.0005518281	0.0000076825	0.0001609515	0.0004292890	0.0000983060	0.0007204621	0.0005275949	0.0012480571
0.5746666667	0.9993587371	0.9158371468	0.8963279179	0.8594907379	1.0217657271	0.9589021170	0.0243423803	0.0028101446	0.0130830493	0.0215322357	0.0102729047	0.0005925515	0.0000078969	0.0001711662	0.0004636372	0.0001055326	0.0007716146	0.0005691697	0.0013407843
0.5746666667	1.0060254038	0.9166161632	0.8963601729	0.8598277692	1.0225980481	0.9592436112	0.0251926247	0.0028461298	0.0134751015	0.0223464949	0.0106289717	0.0006346683	0.0000081005	0.0001815784	0.0004993658	0.0001129750	0.0008243472	0.0006123409	0.0014366880
0.5746666667	1.0126920705	0.9173947997	0.8963902401	0.8601611663	1.0234323832	0.9595833687	0.0260417324	0.0028796728	0.0138627750	0.0231620597	0.0109831022	0.0006781718	0.0000082925	0.0001921765	0.0005364810	0.0001206285	0.0008786409	0.0006571095	0.0015357504
0.5746666667	1.0193587371	0.9181730357	0.8964181066	0.8604908847	1.0242687301	0.9599213563	0.0268896838	0.0029107598	0.0142460233	0.0239789239	0.0113352635	0.0007230551	0.0000084725	0.0002029492	0.0005749888	0.0001284882	0.0009344768	0.0007034770	0.0016379538
0.5746666667	1.0260254038	0.9189508528	0.8964437606	0.8608168827	1.0251070877	0.9602575427	0.0277364607	0.0029393777	0.0146248027	0.0247970830	0.0116854250	0.0007693113	0.0000086399	0.0002138849	0.0006148953	0.0001365492	0.0009918360	0.0007514445	0.0017432805
0.5746666667	1.0326920705	0.9197282339	0.8964671906	0.8611391207	1.0259474563	0.9605918986	0.0285820472	0.0029655140	0.0149990724	0.0256165332	0.0120335584	0.0008169334	0.0000087943	0.0002249722	0.0006562068	0.0001448065	0.0010506999	0.0008010133	0.0018517132
0.5746666667	1.0393587371	0.9205051637	0.8964883858	0.8614575614	1.0267898372	0.9609243969	0.0294264291	0.0029891567	0.0153687942	0.0264372724	0.0123796375	0.0008659147	0.0000089351	0.0002361998	0.0006989294	0.0001532554	0.0011110496	0.0008521848	0.0019632344
0.5746666667	1.0460254038	0.9212816284	0.8965073359	0.8617721699	1.0276342329	0.9612550120	0.0302695938	0.0030102946	0.0157339323	0.0272592992	0.0127236377	0.0009162483	0.0000090619	0.0002475566	0.0007430694	0.0001618910	0.0011728668	0.0009049603	0.0020778272
0.5746666667	1.0526920705	0.9220576157	0.8965240311	0.8620829131	1.0284806472	0.9615837202	0.0311115304	0.0030289170	0.0160944536	0.0280826134	0.0130655366	0.0009679273	0.0000091743	0.0002590314	0.0007886332	0.0001707082	0.0012361331	0.0009593414	0.0021954745
0.5746666667	1.0593587371	0.9228331147	0.8965384622	0.8623897602	1.0293290847	0.9619104997	0.0319522295	0.0030450136	0.0164503271	0.0289072159	0.0134053135	0.0010209450	0.0000092721	0.0002706133	0.0008356271	0.0001797024	0.0013008303	0.0010153296	0.0023161599
0.5746666667	1.0660254038	0.9236081156	0.8965506204	0.8626926821	1.0301795510	0.9622353300	0.0327916831	0.0030585748	0.0168015242	0.0297331084	0.0137429494	0.0010752945	0.0000093549	0.0002822912	0.0008840577	0.0001888687	0.0013669406	0.0010729264	0.0024398670
0.5773333333	0.6660254038	0.8780401141	0.8925758044	0.8403525885	0.9837148955	0.9414915623	-0.0178039005	-0.0013847362	-0.0094354473	-0.0164191643	-0.0080507111	0.0003169789	0.0000019175	0.0000890277	0.0002695890	0.0000648139	0.0004079240	0.0003344029	0.0007423269
0.5773333333	0.6726920705	0.8787334929	0.8926729766	0.8407108046	0.9843845573	0.9417903606	-0.0170145230	-0.0012758750	-0.0090092694	-0.0157386480	-0.0077333944	0.0002894940	0.0000016279	0.0000811669	0.0002477050	0.0000598054	0.0003722888	0.0003075104	0.0006797992
0.5773333333	0.6793587371	0.8794328902	0.8927707248	0.8410748907	0.9850601793	0.9420950613	-0.0162189244	-0.0011663804	-0.0085762938	-0.0150525439	-0.0074099133	0.0002630535	0.0000013604	0.0000735528	0.0002265791	0.0000549068	0.0003379668	0.0002814859	0.0006194527
0.5773333333	0.6860254038	0.8801379853	0.8928689036	0.8414443897	0.9857415593	0.9424053031	-0.0154174845	-0.0010564155	-0.0081370726	-0.0143610690	-0.0070806571	0.0002376988	0.0000011160	0.0000662120	0.0002062403	0.0000501357	0.0003050268	0.0002563760	0.0005614028
0.5773333333	0.6926920705	0.8808484702	0.8929673748	0.8418188627	0.9864285024	0.9427207382	-0.0146105675	-0.0009461354	-0.0076921357	-0.0136644321	-0.0067460003	0.0002134687	0.0000008952	0.0000591690	0.0001867167	0.0000455085	0.0002735328	0.0002322252	0.0005057580
0.5773333333	0.6993587371	0.8815640495	0.8930660063	0.8421978884	0.9871208211	0.9430410322	-0.0137985223	-0.0008356878	-0.0072419908	-0.0129628345	-0.0064063031	0.0001903992	0.0000006984	0.0000524464	0.0001680351	0.0000410407	0.0002435440	0.0002090758	0.0004526198
0.5773333333	0.7060254038	0.8822844398	0.8931646728	0.8425810627	0.9878183348	0.9433658634	-0.0129816831	-0.0007252133	-0.0067871249	-0.0122564698	-0.0060619116	0.0001685241	0.0000005259	0.0000460651	0.0001502211	0.0000367468	0.0002151151	0.0001869678	0.0004020829
0.5773333333	0.7126920705	0.8830093692	0.8932632544	0.8429679978	0.9885208698	0.9436949226	-0.0121603700	-0.0006148460	-0.0063280043	-0.0115455240	-0.0057131584	0.0001478746	0.0000003780	0.0000400436	0.0001332991	0.0000326402	0.0001882963	0.0001659393	0.0003542356
0.5773333333	0.7193587371	0.8837385773	0.8933616374	0.8433583218	0.9892282591	0.9440279127	-0.0113348893	-0.0005047132	-0.0058650761	-0.0108301761	-0.0053603628	0.0001284797	0.0000002547	0.0000343991	0.0001172927	0.0000287335	0.0001631336	0.0001460262	0.0003091598
0.5773333333	0.7260254038	0.8844718145	0.8934597131	0.8437516783	0.9899403426	0.9443645482	-0.0105055341	-0.0003949365	-0.0053987681	-0.0101105976	-0.0050038316	0.0001103662	0.0000001560	0.0000291467	0.0001022242	0.0000250383	0.0001396689	0.0001272625	0.0002669314
0.5773333333	0.7326920705	0.8852088418	0.8935573783	0.8441477253	0.9906569665	0.9447045548	-0.0096725846	-0.0002856311	-0.0049294901	-0.0093869534	-0.0046438589	0.0000935589	0.0000000816	0.0000242999	0.0000881149	0.0000215654	0.0001179403	0.0001096803	0.0002276207
0.5773333333	0.7393587371	0.8859494304	0.8936545347	0.8445461352	0.9913779833	0.9450476693	-0.0088363084	-0.0001769072	-0.0044576343	-0.0086594013	-0.0042807272	0.0000780803	0.0000000313	0.0000198705	0.0000749852	0.0000183246	0.0000979821	0.0000933099	0.0001912920
0.5773333333	0.7460254038	0.8866933614	0.8937510887	0.8449465941	0.9921032519	0.9453936390	-0.0079969616	-0.0000688691	-0.0039835762	-0.0079280926	-0.0039147071	0.0000639514	0.0000000047	0.0000158689	0.0000628547	0.0000153249	0.0000798250	0.0000781796	0.0001580046
0.5773333333	0.7526920705	0.8874404253	0.8938469511	0.8453488012	0.9928326368	0.9457422215	-0.0071547884	0.0000383837	-0.0035076747	-0.0071931721	-0.0035460583	0.0000511910	0.0000000015	0.0000123038	0.0000517417	0.0000125745	0.0000634963	0.0000643163	0.0001278125
0.5773333333	0.7593587371	0.8881904220	0.8939420371	0.8457524683	0.9935660089	0.9460931842	-0.0063100220	0.0001447564	-0.0030302732	-0.0064547784	-0.0031750296	0.0000398164	0.0000000210	0.0000091826	0.0000416642	0.0000100808	0.0000490199	0.0000517450	0.0001007649
0.5773333333	0.7660254038	0.8889431599	0.8940362659	0.8461573195	0.9943032444	0.9464463039	-0.0054628849	0.0002501591	-0.0025517002	-0.0057130440	-0.0028018593	0.0000298431	0.0000000626	0.0000065112	0.0000326389	0.0000078504	0.0000364169	0.0000404893	0.0000769062
0.5773333333	0.7726920705	0.8896984562	0.8941295609	0.8465630906	0.9950442253	0.9468013671	-0.0046135891	0.0003545062	-0.0020722694	-0.0049680953	-0.0024267756	0.0000212852	0.0000001257	0.0000042943	0.0000246820	0.0000058892	0.0000257052	0.0000305712	0.0000562764
0.5773333333	0.7793587371	0.8904561365	0.8942218487	0.8469695286	0.9957888389	0.9471581686	-0.0037623368	0.0004577162	-0.0015922810	-0.0042200530	-0.0020499972	0.0000141552	0.0000002095	0.0000025354	0.0000178088	0.0000042025	0.0000169000	0.0000220113	0.0000389114
0.5773333333	0.7860254038	0.8912160339	0.8943130599	0.8473763914	0.9965369777	0.9475165122	-0.0029093208	0.0005597116	-0.0011120216	-0.0034690324	-0.0016717332	0.0000084641	0.0000003133	0.0000012366	0.0000120342	0.0000027947	0.0000100140	0.0000148289	0.0000248429
0.5773333333	0.7926920705	0.8919779895	0.8944031282	0.8477834473	0.9972885396	0.9478762099	-0.0020547243	0.0006604188	-0.0006317648	-0.0027151431	-0.0012921836	0.0000042219	0.0000004362	0.0000003991	0.0000073720	0.0000016697	0.0000050572	0.0000090417	0.0000140989
0.5773333333	0.7993587371	0.8927418517	0.8944919906	0.8481904748	0.9980434270	0.9482370817	-0.0011987220	0.0007597677	-0.0001517723	-0.0019584896	-0.0009115400	0.0000014369	0.0000005772	0.0000000230	0.0000038357	0.0000008309	0.0000020372	0.0000046666	0.0000067038
0.5773333333	0.8060254038	0.8935074758	0.8945795870	0.8485972616	0.9988015474	0.9485989552	-0.0003414798	0.0008576916	0.0003277065	-0.0011991713	-0.0005299851	0.0000001166	0.0000007356	0.0000001074	0.0000014380	0.0000002809	0.0000009596	0.0000017189	0.0000026785
0.5773333333	0.8126920705	0.8942747241	0.8946658605	0.8490036050	0.9995628129	0.9489616655	0.0005168444	0.0009541271	0.0008064332	-0.0004372827	-0.0001476939	0.0000002671	0.0000009104	0.0000006503	0.0000001912	0.0000000218	0.0000018278	0.0000002130	0.0000020409
0.5773333333	0.8193587371	0.8950434654	0.8947507565	0.8494093112	1.0003271401	0.9493250550	0.0013761007	0.0010490140	0.0012841806	0.0003270867	0.0002351666	0.0000018937	0.0000011004	0.0000016491	0.0000001070	0.0000000553	0.0000046432	0.0000001623	0.0000048055
0.5773333333	0.8260254038	0.8958135749	0.8948342236	0.8498141946	1.0010944501	0.9496889728	0.0022361465	0.0011422949	0.0017607317	0.0010938516	0.0006184368	0.0000050004	0.0000013048	0.0000031002	0.0000011965	0.0000003825	0.0000094054	0.0000015790	0.0000109843
0.5773333333	0.8326920705	0.8965849338	0.8949162123	0.8502180781	1.0018646678	0.9500532747	0.0030968467	0.0012339152	0.0022358797	0.0018629315	0.0010019645	0.0000095905	0.0000015225	0.0000049992	0.0000034705	0.0000010039	0.0000161122	0.0000044744	0.0000205866
0.5773333333	0.8393587371	0.8973574290	0.8949966760	0.8506207924	1.0026377227	0.9504178230	0.0039580731	0.0013238231	0.0027094276	0.0026342500	0.0013856045	0.0000156663	0.0000017525	0.0000073410	0.0000069393	0.0000019199	0.0000247598	0.0000088592	0.0000336190
0.5773333333	0.8460254038	0.8981309532	0.8950755699	0.8510221756	1.0034135478	0.9507824861	0.0048197041	0.0014119692	0.0031811872	0.0034077349	0.0017692180	0.0000232295	0.0000019937	0.0000101200	0.0000116127	0.0000031301	0.0000353432	0.0000147428	0.0000500859
0.5773333333	0.8526920705	0.8989054045	0.8951528518	0.8514220733	1.0041920804	0.9511471383	0.0056816247	0.0014983066	0.0036509796	0.0041833181	0.0021526730	0.0000322809	0.0000022449	0.0000133297	0.0000175002	0.0000046340	0.0000478554	0.0000221342	0.0000699896
0.5773333333	0.8593587371	0.8996806859	0.8952284811	0.8518203378	1.0049732610	0.9515116597	0.0065437258	0.0015827906	0.0041186342	0.0049609352	0.0025358435	0.0000428203	0.0000025052	0.0000169631	0.0000246109	0.0000064305	0.0000622887	0.0000310414	0.0000933301
0.5773333333	0.8660254038	0.9004567058	0.8953024194	0.8522168283	1.0057570339	0.9518759358	0.0074059043	0.0016653788	0.0045839885	0.0057405255	0.0029186096	0.0000548474	0.0000027735	0.0000210130	0.0000329536	0.0000085183	0.0000786339	0.0000414719	0.0001201058
0.5773333333	0.8726920705	0.9012333769	0.8953746302	0.8526114103	1.0065433468	0.9522398575	0.0082680628	0.0017460307	0.0050468878	0.0065220321	0.0033008571	0.0000683609	0.0000030486	0.0000254711	0.0000425369	0.0000108957	0.0000968806	0.0000534326	0.0001503131
0.5773333333	0.8793587371	0.9020106169	0.8954450785	0.8530039554	1.0073321508	0.9526033207	0.0091301092	0.0018247080	0.0055071852	0.0073054013	0.0036824772	0.0000833589	0.0000033296	0.0000303291	0.0000533689	0.0000135606	0.0001170175	0.0000669295	0.0001839471
0.5773333333	0.8860254038	0.9027883476	0.8955137313	0.8533943411	1.0081234000	0.9529662263	0.0099919567	0.0019013739	0.0059647405	0.0080905828	0.0040633665	0.0000998392	0.0000036152	0.0000355781	0.0000654575	0.0000165109	0.0001390325	0.0000819685	0.0002210010
0.5773333333	0.8926920705	0.9035664950	0.8955805570	0.8537824508	1.0089170516	0.9533284797	0.0108535233	0.0019759938	0.0064194206	0.0088775295	0.0044434268	0.0001177990	0.0000039046	0.0000412090	0.0000788105	0.0000197440	0.0001629125	0.0000985546	0.0002614671
0.5773333333	0.8993587371	0.9043449894	0.8956455254	0.8541681731	1.0097130659	0.9536899910	0.0117147319	0.0020485346	0.0068710991	0.0096661973	0.0048225645	0.0001372349	0.0000041965	0.0000472120	0.0000934354	0.0000232571	0.0001886434	0.0001166925	0.0003053359
0.5773333333	0.9060254038	0.9051237648	0.8957086080	0.8545514018	1.0105114060	0.9540506747	0.0125755099	0.0021189647	0.0073196557	0.0104565452	0.0052006911	0.0001581434	0.0000044900	0.0000535774	0.0001093393	0.0000270472	0.0002162108	0.0001363865	0.0003525973
0.5773333333	0.9126920705	0.9059027589	0.8957697776	0.8549320359	1.0113120375	0.9544104493	0.0134357890	0.0021872541	0.0077649763	0.0112485349	0.0055777222	0.0001805204	0.0000047841	0.0000602949	0.0001265295	0.0000311110	0.0002455994	0.0001576405	0.0004032399
0.5773333333	0.9193587371	0.9066819130	0.8958290081	0.8553099789	1.0121149291	0.9547692374	0.0142955051	0.0022533744	0.0082069524	0.0120421307	0.0059535779	0.0002043615	0.0000050777	0.0000673541	0.0001450129	0.0000354451	0.0002767932	0.0001804580	0.0004572512
0.5773333333	0.9260254038	0.9074611718	0.8958862749	0.8556851392	1.0129200516	0.9551269655	0.0151545981	0.0023172984	0.0086454811	0.0128372997	0.0063281827	0.0002296618	0.0000053699	0.0000747443	0.0001647963	0.0000400459	0.0003097761	0.0002048422	0.0005146182
0.5773333333	0.9326920705	0.9082404832	0.8959415545	0.8560574294	1.0137273783	0.9554835638	0.0160130117	0.0023790004	0.0090804650	0.0136340114	0.0067014647	0.0002564165	0.0000056596	0.0000824548	0.0001858863	0.0000449096	0.0003445310	0.0002307959	0.0005753269
0.5773333333	0.9393587371	0.9090197984	0.8959948246	0.8564267665	1.0145368852	0.9558389659	0.0168706932	0.0024384556	0.0095118116	0.0144322376	0.0070733560	0.0002846203	0.0000059461	0.0000904746	0.0002082895	0.0000500324	0.0003810409	0.0002583218	0.0006393628
0.5773333333	0.9460254038	0.9097990715	0.8960460637	0.8567930715	1.0153485500	0.9561931090	0.0177275934	0.0024956408	0.0099394333	0.0152319526	0.0074437924	0.0003142676	0.0000062282	0.0000987923	0.0002320124	0.0000554100	0.0004192881	0.0002874224	0.0007067105
0.5773333333	0.9526920705	0.9105782594	0.8960952516	0.8571562691	1.0161623530	0.9565459337	0.0185836664	0.0025505338	0.0103632470	0.0160331326	0.0078127132	0.0003453527	0.0000065052	0.0001073969	0.0002570613	0.0000610385	0.0004592548	0.0003180998	0.0007773546
0.5773333333	0.9593587371	0.9113573218	0.8961423691	0.8575162881	1.0169782762	0.9568973833	0.0194388695	0.0026031132	0.0107831744	0.0168357562	0.0081800611	0.0003778696	0.0000067762	0.0001162768	0.0002834427	0.0000669134	0.0005009227	0.0003503561	0.0008512788
0.5773333333	0.9660254038	0.9121362210	0.8961873977	0.8578730606	1.0177963040	0.9572474047	0.0202931629	0.0026533591	0.0111991412	0.0176398038	0.0085457820	0.0004118125	0.0000070403	0.0001254208	0.0003111627	0.0000730304	0.0005442735	0.0003841931	0.0009284666
0.5773333333	0.9726920705	0.9129149220	0.8962303199	0.8582265222	1.0186164223	0.9575959473	0.0211465100	0.0027012523	0.0116110772	0.0184452577	0.0089098249	0.0004471749	0.0000072968	0.0001348171	0.0003402275	0.0000793850	0.0005892888	0.0004196125	0.0010089013
0.5773333333	0.9793587371	0.9136933919	0.8962711192	0.8585766119	1.0194386189	0.9579429633	0.0219988766	0.0027467744	0.0120189163	0.0192521022	0.0092721418	0.0004839506	0.0000075448	0.0001444543	0.0003706434	0.0000859726	0.0006359497	0.0004566161	0.0010925657
0.5773333333	0.9860254038	0.9144716003	0.8963097797	0.8589232717	1.0202628835	0.9582884079	0.0228502313	0.0027899083	0.0124225959	0.0200603231	0.0096326876	0.0005221331	0.0000077836	0.0001543209	0.0004024166	0.0000927887	0.0006842375	0.0004952052	0.0011794428
0.5773333333	0.9926920705	0.9152495190	0.8963462862	0.8592664469	1.0210892074	0.9586322385	0.0237005453	0.0028306373	0.0128220572	0.0208699080	0.0099914199	0.0005617158	0.0000080125	0.0001644052	0.0004355531	0.0000998285	0.0007341335	0.0005353815	0.0012695150
0.5773333333	0.9993587371	0.9160271217	0.8963806246	0.8596060853	1.0219175834	0.9589744152	0.0245497920	0.0028689459	0.0132172447	0.0216808461	0.0103482988	0.0006026923	0.0000082309	0.0001746956	0.0004700591	0.0001070873	0.0007856187	0.0005771464	0.0013627651
0.5773333333	1.0060254038	0.9168043844	0.8964127812	0.8599421379	1.0227480059	0.9593149004	0.0253979471	0.0029048190	0.0136081061	0.0224931281	0.0107032871	0.0006450557	0.0000084380	0.0001851806	0.0005059408	0.0001145604	0.0008386742	0.0006205012	0.0014591754
0.5773333333	1.0126920705	0.9175812848	0.8964427430	0.8602745581	1.0235804707	0.9596536586	0.0262449887	0.0029382425	0.0139945925	0.0233067461	0.0110563500	0.0006887994	0.0000086333	0.0001958486	0.0005432044	0.0001222429	0.0008932813	0.0006654473	0.0015587286
0.5773333333	1.0193587371	0.9183578025	0.8964704977	0.8606033019	1.0244149751	0.9599906568	0.0270908966	0.0029692030	0.0143766579	0.0241216936	0.0114074548	0.0007339167	0.0000088162	0.0002066883	0.0005818561	0.0001301300	0.0009494211	0.0007119861	0.0016614073
0.5773333333	1.0260254038	0.9191339189	0.8964960337	0.8609283280	1.0252515174	0.9603258639	0.0279356530	0.0029976876	0.0147542589	0.0249379653	0.0117565713	0.0007804007	0.0000089861	0.0002176882	0.0006219021	0.0001382170	0.0010070750	0.0007601191	0.0017671941
0.5773333333	1.0326920705	0.9199096169	0.8965193398	0.8612495972	1.0260900977	0.9606592507	0.0287792416	0.0030236842	0.0151273553	0.0257555574	0.0121036711	0.0008282447	0.0000091427	0.0002288369	0.0006633487	0.0001464989	0.0010662243	0.0008098476	0.0018760719
0.5773333333	1.0393587371	0.9206848812	0.8965404055	0.8615670726	1.0269307167	0.9609907900	0.0296216480	0.0030471811	0.0154959092	0.0265744669	0.0124487281	0.0008774420	0.0000092853	0.0002401232	0.0007062023	0.0001549708	0.0011268505	0.0008611731	0.0019880237
0.5773333333	1.0460254038	0.9214596979	0.8965592208	0.8618807196	1.0277733768	0.9613204566	0.0304628596	0.0030681675	0.0158598854	0.0273946921	0.0127917179	0.0009279858	0.0000094137	0.0002515360	0.0007504692	0.0001636280	0.0011889354	0.0009140972	0.0021030326
0.5773333333	1.0526920705	0.9222340545	0.8965757763	0.8621905055	1.0286180810	0.9616482268	0.0313028654	0.0030866329	0.0162192510	0.0282162325	0.0131326181	0.0009798694	0.0000095273	0.0002630641	0.0007961558	0.0001724657	0.0012524608	0.0009686214	0.0022210822
0.5773333333	1.0593587371	0.9230079401	0.8965900629	0.8624963998	1.0294648338	0.9619740788	0.0321416558	0.0031025674	0.0165739755	0.0290390884	0.0134714081	0.0010330860	0.0000096259	0.0002746967	0.0008432687	0.0001814788	0.0013174086	0.0010247475	0.0023421561
0.5773333333	1.0660254038	0.9237813448	0.8966020721	0.8627983739	1.0303136403	0.9622979923	0.0329792226	0.0031159616	0.0169240305	0.0298632611	0.0138080689	0.0010876291	0.0000097092	0.0002864228	0.0008918144	0.0001906628	0.0013837612	0.0010824771	0.0024662383
0.5800000000	0.6660254038	0.8783348332	0.8926133571	0.8404960378	0.9840036856	0.9416126602	-0.0174683012	-0.0013426648	-0.0092647606	-0.0161256364	-0.0079220958	0.0003051415	0.0000018027	0.0000858358	0.0002600362	0.0000627596	0.0003927801	0.0003227958	0.0007155758
0.5800000000	0.6726920705	0.8790260091	0.8927114820	0.8408547663	0.9846697693	0.9419110018	-0.0166816946	-0.0012327410	-0.0088380459	-0.0154489536	-0.0076053049	0.0002782789	0.0000015197	0.0000781111	0.0002386702	0.0000578407	0.0003579096	0.0002965108	0.0006544205
0.5800000000	0.6793587371	0.8797231940	0.8928101468	0.8412192849	0.9853418414	0.9422151932	-0.0158888754	-0.0011222245	-0.0084046303	-0.0147666509	-0.0072824058	0.0002524564	0.0000012594	0.0000706378	0.0002180540	0.0000530334	0.0003243536	0.0002710874	0.0005954410
0.5800000000	0.6860254038	0.8804260685	0.8929092065	0.8415891389	0.9860197007	0.9425248758	-0.0150902221	-0.0010112780	-0.0079650627	-0.0140789442	-0.0069537847	0.0002277148	0.0000010227	0.0000634422	0.0001982167	0.0000483551	0.0002921797	0.0002465718	0.0005387515
0.5800000000	0.6926920705	0.8811343257	0.8930085231	0.8419638923	0.9867031534	0.9428397049	-0.0142860973	-0.0009000560	-0.0075198692	-0.0133860412	-0.0066198132	0.0002040926	0.0000008101	0.0000565484	0.0001791861	0.0000438219	0.0002614511	0.0002230080	0.0004844591
0.5800000000	0.6993587371	0.8818476712	0.8931079651	0.8423431266	0.9873920127	0.9431593486	-0.0134768484	-0.0007887060	-0.0070695543	-0.0126881424	-0.0062808483	0.0001816254	0.0000006221	0.0000499786	0.0001609890	0.0000394491	0.0002322261	0.0002004380	0.0004326641
0.5800000000	0.7060254038	0.8825658228	0.8932074075	0.8427264402	0.9880860989	0.9434834879	-0.0126628085	-0.0006773681	-0.0066146014	-0.0119854404	-0.0059372334	0.0001603467	0.0000004588	0.0000437530	0.0001436508	0.0000352507	0.0002045585	0.0001789015	0.0003834600
0.5800000000	0.7126920705	0.8832885096	0.8933067311	0.8431134482	0.9887852390	0.9438118161	-0.0118442960	-0.0005661754	-0.0061554736	-0.0112781206	-0.0055892982	0.0001402873	0.0000003206	0.0000378899	0.0001271960	0.0000312403	0.0001784978	0.0001584363	0.0003369340
0.5800000000	0.7193587371	0.8840154723	0.8934058225	0.8435037814	0.9894892669	0.9441440386	-0.0110216160	-0.0004552550	-0.0056926144	-0.0105663610	-0.0052373593	0.0001214760	0.0000002073	0.0000324059	0.0001116480	0.0000274299	0.0001540891	0.0001390779	0.0002931671
0.5800000000	0.7260254038	0.8847464625	0.8935045739	0.8438970858	0.9901980229	0.9444798722	-0.0101950603	-0.0003447275	-0.0052264484	-0.0098503328	-0.0048817209	0.0001039393	0.0000001188	0.0000273158	0.0000970291	0.0000238312	0.0001313739	0.0001208603	0.0002522341
0.5800000000	0.7326920705	0.8854812421	0.8936028826	0.8442930222	0.9909113537	0.9448190450	-0.0093649076	-0.0002347076	-0.0047573823	-0.0091302000	-0.0045226747	0.0000877015	0.0000000551	0.0000226327	0.0000833606	0.0000204546	0.0001103893	0.0001038151	0.0002142044
0.5800000000	0.7393587371	0.8862195834	0.8937006510	0.8446912655	0.9916291125	0.9451612960	-0.0085314245	-0.0001253044	-0.0042858050	-0.0084061201	-0.0041605006	0.0000727852	0.0000000157	0.0000183681	0.0000706629	0.0000173098	0.0000911690	0.0000879726	0.0001791417
0.5800000000	0.7460254038	0.8869612683	0.8937977861	0.8450915043	0.9923511584	0.9455063745	-0.0076948657	-0.0000166217	-0.0038120888	-0.0076782441	-0.0037954671	0.0000592110	0.0000000003	0.0000145320	0.0000589554	0.0000144056	0.0000737433	0.0000733610	0.0001471043
0.5800000000	0.7526920705	0.8877060885	0.8938941994	0.8454934401	0.9930773565	0.9458540403	-0.0068554743	0.0000912419	-0.0033365896	-0.0069467162	-0.0034278314	0.0000469975	0.0000000083	0.0000111328	0.0000482569	0.0000117500	0.0000581387	0.0000600069	0.0001181456
0.5800000000	0.7593587371	0.8884538447	0.8939898070	0.8458967874	0.9938075777	0.9462040627	-0.0060134824	0.0001981924	-0.0028596479	-0.0062116748	-0.0030578403	0.0000361620	0.0000000393	0.0000081776	0.0000385849	0.0000093504	0.0000443788	0.0000479353	0.0000923141
0.5800000000	0.7660254038	0.8892043462	0.8940845289	0.8463012724	0.9945416988	0.9465562205	-0.0051691113	0.0003041408	-0.0023815891	-0.0054732521	-0.0026857299	0.0000267197	0.0000000925	0.0000056720	0.0000299565	0.0000072131	0.0000324842	0.0000371696	0.0000696538
0.5800000000	0.7726920705	0.8899574113	0.8941782888	0.8467066333	0.9952796019	0.9469103018	-0.0043225721	0.0004090023	-0.0019027244	-0.0047315744	-0.0023117267	0.0000186846	0.0000001673	0.0000036204	0.0000223878	0.0000053441	0.0000224723	0.0000277319	0.0000502041
0.5800000000	0.7793587371	0.8907128661	0.8942710145	0.8471126192	0.9960211744	0.9472661034	-0.0034740660	0.0005126962	-0.0014233510	-0.0039867622	-0.0019360473	0.0000120691	0.0000002629	0.0000020259	0.0000158943	0.0000037483	0.0000143579	0.0000196426	0.0000340005
0.5800000000	0.7860254038	0.8914705447	0.8943626371	0.8475189903	0.9967663090	0.9476234306	-0.0026237846	0.0006151461	-0.0009437529	-0.0032389306	-0.0015588989	0.0000068842	0.0000003784	0.0000008907	0.0000104907	0.0000024302	0.0000081533	0.0000129208	0.0000210742
0.5800000000	0.7926920705	0.8922302889	0.8944530911	0.8479255170	0.9975149036	0.9479820970	-0.0017719105	0.0007162789	-0.0004642011	-0.0024881894	-0.0011804800	0.0000031397	0.0000005131	0.0000002155	0.0000061911	0.0000013935	0.0000038682	0.0000075846	0.0000114528
0.5800000000	0.7993587371	0.8929919478	0.8945423142	0.8483319796	0.9982668608	0.9483419242	-0.0009186173	0.0008160255	0.0000150452	-0.0017346429	-0.0008009804	0.0000008439	0.0000006659	0.0000000002	0.0000030090	0.0000006416	0.0000015100	0.0000036506	0.0000051605
0.5800000000	0.8060254038	0.8937553776	0.8946302473	0.8487381680	0.9990220880	0.9487027412	-0.0000640703	0.0009143202	0.0004937389	-0.0009783905	-0.0004205813	0.0000000041	0.0000008360	0.0000002438	0.0000009572	0.0000001769	0.0000010839	0.0000011341	0.0000022180
0.5800000000	0.8126920705	0.8945204411	0.8947168339	0.8491438813	0.9997804973	0.9490643846	0.0007915735	0.0010111003	0.0009716442	-0.0002195268	-0.0000394561	0.0000006266	0.0000010223	0.0000009441	0.0000000482	0.0000000016	0.0000025930	0.0000000497	0.0000026428
0.5800000000	0.8193587371	0.8952870078	0.8948020204	0.8495489276	1.0005420052	0.9494266980	0.0016481647	0.0011063064	0.0014485359	0.0005418584	0.0003422295	0.0000027164	0.0000012239	0.0000020983	0.0000002936	0.0000001171	0.0000060386	0.0000004107	0.0000064493
0.5800000000	0.8260254038	0.8960549534	0.8948857559	0.8499531231	1.0013065326	0.9497895317	0.0025055618	0.0011998819	0.0019241993	0.0013056799	0.0007243174	0.0000062778	0.0000014397	0.0000037025	0.0000017048	0.0000005246	0.0000114201	0.0000022294	0.0000136495
0.5800000000	0.8326920705	0.8968241597	0.8949679919	0.8503562924	1.0020740046	0.9501527429	0.0033636301	0.0012917732	0.0023984298	0.0020718569	0.0011066566	0.0000113140	0.0000016687	0.0000057525	0.0000042926	0.0000012247	0.0000187352	0.0000055173	0.0000242524
0.5800000000	0.8393587371	0.8975945143	0.8950486822	0.8507582678	1.0028443503	0.9505161950	0.0042222420	0.0013819292	0.0028710322	0.0028403128	0.0014891031	0.0000178273	0.0000019097	0.0000082428	0.0000080674	0.0000022174	0.0000279799	0.0000102848	0.0000382647
0.5800000000	0.8460254038	0.8983659102	0.8951277830	0.8511588891	1.0036175027	0.9508797574	0.0050812766	0.0014703012	0.0033418206	0.0036109753	0.0018715193	0.0000258194	0.0000021618	0.0000111678	0.0000130391	0.0000035026	0.0000391489	0.0000165417	0.0000556906
0.5800000000	0.8526920705	0.8991382461	0.8952052525	0.8515580034	1.0043933987	0.9512433054	0.0059406191	0.0015568432	0.0038106176	0.0043837759	0.0022537744	0.0000352910	0.0000024238	0.0000145208	0.0000192175	0.0000050795	0.0000522355	0.0000242970	0.0000765325
0.5800000000	0.8593587371	0.8999114255	0.8952810510	0.8519554646	1.0051719787	0.9516067202	0.0068001612	0.0016415112	0.0042772545	0.0051586500	0.0026357433	0.0000462422	0.0000026946	0.0000182949	0.0000266117	0.0000069471	0.0000672317	0.0000335588	0.0001007905
0.5800000000	0.8660254038	0.9006853571	0.8953551406	0.8523511331	1.0059531868	0.9519698882	0.0076598002	0.0017242636	0.0047415707	0.0059355366	0.0030173071	0.0000586725	0.0000029731	0.0000224825	0.0000352306	0.0000091041	0.0000841281	0.0000443347	0.0001284629
0.5800000000	0.8726920705	0.9014599540	0.8954274855	0.8527448760	1.0067369704	0.9523327011	0.0085194390	0.0018050605	0.0052034131	0.0067143785	0.0033983526	0.0000725808	0.0000032582	0.0000270755	0.0000450829	0.0000115488	0.0001029146	0.0000566317	0.0001595463
0.5800000000	0.8793587371	0.9022351343	0.8954980515	0.8531365661	1.0075232803	0.9526950558	0.0093789860	0.0018838644	0.0056626363	0.0074951216	0.0037787719	0.0000879654	0.0000035489	0.0000320654	0.0000561768	0.0000142791	0.0001235798	0.0000704560	0.0001940357
0.5800000000	0.8860254038	0.9030108201	0.8955668059	0.8535260823	1.0083120703	0.9530568537	0.0102383546	0.0019606393	0.0061191016	0.0082777153	0.0041584623	0.0001048239	0.0000038441	0.0000374434	0.0000685206	0.0000172928	0.0001461114	0.0000858134	0.0002319248
0.5800000000	0.8926920705	0.9037869379	0.8956337178	0.8539133090	1.0091032974	0.9534180012	0.0110974632	0.0020353511	0.0065726776	0.0090621121	0.0045373265	0.0001231537	0.0000041427	0.0000432001	0.0000821219	0.0000205873	0.0001704964	0.0001027092	0.0002732056
0.5800000000	0.8993587371	0.9045634180	0.8956987577	0.8542981361	1.0098969214	0.9537784090	0.0119562351	0.0021079674	0.0070232390	0.0098482677	0.0049152716	0.0001429516	0.0000044435	0.0000493259	0.0000969884	0.0000241599	0.0001967210	0.0001211483	0.0003178692
0.5800000000	0.9060254038	0.9053401948	0.8957618977	0.8546804585	1.0106929052	0.9541379922	0.0128145977	0.0021784573	0.0074706670	0.0106361404	0.0052922097	0.0001642139	0.0000047457	0.0000558109	0.0001131275	0.0000280075	0.0002247705	0.0001411350	0.0003659054
0.5800000000	0.9126920705	0.9061172062	0.8958231109	0.8550601763	1.0114912142	0.9544966700	0.0136724831	0.0022467915	0.0079148487	0.0114256917	0.0056680573	0.0001869368	0.0000050481	0.0000626448	0.0001305464	0.0000321269	0.0002546297	0.0001626733	0.0004173030
0.5800000000	0.9193587371	0.9068943937	0.8958823721	0.8554371940	1.0122918164	0.9548543655	0.0145298275	0.0023129420	0.0083556769	0.0122168854	0.0060427349	0.0002111159	0.0000053497	0.0000698173	0.0001492523	0.0000365146	0.0002862829	0.0001857669	0.0004720499
0.5800000000	0.9260254038	0.9076717023	0.8959396570	0.8558114210	1.0130946825	0.9552110059	0.0153865707	0.0023768824	0.0087930499	0.0130096883	0.0064161675	0.0002367466	0.0000056496	0.0000773177	0.0001692520	0.0000411672	0.0003197139	0.0002104192	0.0005301330
0.5800000000	0.9326920705	0.9084490801	0.8959949427	0.8561827708	1.0138997854	0.9555665216	0.0162426567	0.0024385874	0.0092268713	0.0138040693	0.0067882839	0.0002638239	0.0000059467	0.0000851352	0.0001905523	0.0000460808	0.0003549058	0.0002366331	0.0005915389
0.5800000000	0.9393587371	0.9092264783	0.8960482072	0.8565511612	1.0147071006	0.9559208471	0.0170980330	0.0024980330	0.0096570496	0.0146000000	0.0071590166	0.0002923427	0.0000062402	0.0000932586	0.0002131600	0.0000512515	0.0003918415	0.0002644115	0.0006562530
0.5800000000	0.9460254038	0.9100038511	0.8960994297	0.8569165142	1.0155166056	0.9562739198	0.0179526503	0.0025551963	0.0100834982	0.0153974540	0.0075283019	0.0003222977	0.0000065290	0.0001016769	0.0002370816	0.0000566753	0.0004305036	0.0002937569	0.0007242605
0.5800000000	0.9526920705	0.9107811557	0.8961485905	0.8572787554	1.0163282801	0.9566256806	0.0188064630	0.0026100557	0.0105061352	0.0161964073	0.0078960795	0.0003536831	0.0000068124	0.0001103789	0.0002623236	0.0000623481	0.0004708743	0.0003246717	0.0007955460
0.5800000000	0.9593587371	0.9115583519	0.8961956707	0.8576378141	1.0171421060	0.9569760736	0.0196594283	0.0026625904	0.0109248830	0.0169968379	0.0082622925	0.0003864931	0.0000070894	0.0001193531	0.0002888925	0.0000682655	0.0005129356	0.0003571580	0.0008700936
0.5800000000	0.9660254038	0.9123354020	0.8962406523	0.8579936233	1.0179580670	0.9573250455	0.0205115067	0.0027127809	0.0113396681	0.0177987258	0.0086268872	0.0004207219	0.0000073592	0.0001285881	0.0003167946	0.0000744232	0.0005566692	0.0003912178	0.0009478870
0.5800000000	0.9726920705	0.9131122711	0.8962835183	0.8583461193	1.0187761488	0.9576725464	0.0213626613	0.0027606085	0.0117504213	0.0186020528	0.0089898128	0.0004563633	0.0000076210	0.0001380724	0.0003460364	0.0000808167	0.0006020567	0.0004268531	0.0010289098
0.5800000000	0.9793587371	0.9138889263	0.8963242525	0.8586952418	1.0195963388	0.9580185289	0.0222128580	0.0028060553	0.0121570772	0.0194068027	0.0093510219	0.0004934111	0.0000078739	0.0001477945	0.0003766240	0.0000874416	0.0006490795	0.0004640656	0.0011131451
0.5800000000	0.9860254038	0.9146653373	0.8963628394	0.8590409334	1.0204186263	0.9583629481	0.0230620656	0.0028491046	0.0125595739	0.0202129610	0.0097104693	0.0005318589	0.0000081174	0.0001577429	0.0004085638	0.0000942932	0.0006977192	0.0005028570	0.0012005762
0.5800000000	0.9926920705	0.9154414758	0.8963992644	0.8593831398	1.0212430021	0.9587057620	0.0239102550	0.0028897402	0.0129578533	0.0210205148	0.0100681131	0.0005717003	0.0000083506	0.0001679060	0.0004418620	0.0001013669	0.0007479569	0.0005432289	0.0012911858
0.5800000000	0.9993587371	0.9162173158	0.8964335135	0.8597218097	1.0220694586	0.9590469307	0.0247573997	0.0029279468	0.0133518605	0.0218294529	0.0104239137	0.0006129288	0.0000085729	0.0001782722	0.0004765250	0.0001086580	0.0007997739	0.0005851830	0.0013849569
0.5800000000	1.0060254038	0.9169928330	0.8964655734	0.8600568944	1.0228979898	0.9593864170	0.0256034754	0.0029637101	0.0137415441	0.0226397653	0.0107778340	0.0006555380	0.0000087836	0.0001888300	0.0005125590	0.0001161617	0.0008531516	0.0006287207	0.0014818722
0.5800000000	1.0126920705	0.9177680053	0.8964954317	0.8603883480	1.0237285912	0.9597241855	0.0264484600	0.0029970161	0.0141268554	0.0234514439	0.0111298393	0.0006995210	0.0000089821	0.0001995680	0.0005499702	0.0001238733	0.0009080712	0.0006738435	0.0015819147
0.5800000000	1.0193587371	0.9185428122	0.8965230761	0.8607161269	1.0245612596	0.9600602035	0.0272923334	0.0030278518	0.0145077491	0.0242644816	0.0114798973	0.0007448715	0.0000091679	0.0002104748	0.0005887651	0.0001317880	0.0009645141	0.0007205531	0.0016850672
0.5800000000	1.0260254038	0.9193172350	0.8965484956	0.8610401901	1.0253959931	0.9603944398	0.0281350774	0.0030562047	0.0148841825	0.0250788727	0.0118279777	0.0007915826	0.0000093404	0.0002215389	0.0006289499	0.0001399011	0.0010224619	0.0007688509	0.0017913128
0.5800000000	1.0326920705	0.9200912566	0.8965716791	0.8613604991	1.0262327911	0.9607268656	0.0289766760	0.0030820631	0.0152561156	0.0258946129	0.0121740525	0.0008396477	0.0000094991	0.0002327491	0.0006705310	0.0001482076	0.0010818959	0.0008187385	0.0019006345
0.5800000000	1.0393587371	0.9208648618	0.8965926166	0.8616770172	1.0270716541	0.9610574538	0.0298171144	0.0031054156	0.0156235111	0.0267116988	0.0125180955	0.0008890603	0.0000096436	0.0002440941	0.0007135149	0.0001567027	0.0011427980	0.0008702176	0.0020130156
0.5800000000	1.0460254038	0.9216380364	0.8966112982	0.8619897102	1.0279125840	0.9613861792	0.0306563801	0.0031262517	0.0159863342	0.0275301284	0.0128600825	0.0009398136	0.0000097734	0.0002555629	0.0007579080	0.0001653817	0.0012051500	0.0009232897	0.0021284397
0.5800000000	1.0526920705	0.9224107681	0.8966277149	0.8622985460	1.0287555836	0.9617130183	0.0314944617	0.0031445612	0.0163445524	0.0283499006	0.0131999913	0.0009919011	0.0000098883	0.0002671444	0.0008037169	0.0001742398	0.0012689338	0.0009779566	0.0022468904
0.5800000000	1.0593587371	0.9231830457	0.8966418578	0.8626034942	1.0296006568	0.9620379493	0.0323313497	0.0031603345	0.0166981356	0.0291710152	0.0135378011	0.0010453162	0.0000099877	0.0002788277	0.0008509481	0.0001832721	0.0013341316	0.0010342202	0.0023683518
0.5800000000	1.0660254038	0.9239548593	0.8966537188	0.8629045264	1.0304478083	0.9623609520	0.0331670358	0.0031735626	0.0170470558	0.0299934731	0.0138734932	0.0011000523	0.0000100715	0.0002906021	0.0008996084	0.0001924738	0.0014007259	0.0010920822	0.0024928081
